solid OpenSCAD_Model
  facet normal 0.216521 -0.976278 0
    outer loop
      vertex 61.4892 -50.1785 18
      vertex 62.1705 -50.0274 28
      vertex 61.4892 -50.1785 28
    endloop
  endfacet
  facet normal 0.216521 -0.976278 0
    outer loop
      vertex 62.1705 -50.0274 28
      vertex 61.4892 -50.1785 18
      vertex 62.1705 -50.0274 18
    endloop
  endfacet
  facet normal -0.13038 0.991464 0
    outer loop
      vertex -60.7972 50.2695 18
      vertex -61.4892 50.1785 28
      vertex -60.7972 50.2695 28
    endloop
  endfacet
  facet normal -0.13038 0.991464 0
    outer loop
      vertex -61.4892 50.1785 28
      vertex -60.7972 50.2695 18
      vertex -61.4892 50.1785 18
    endloop
  endfacet
  facet normal 0.13038 -0.991464 0
    outer loop
      vertex 60.7972 -50.2695 18
      vertex 61.4892 -50.1785 28
      vertex 60.7972 -50.2695 28
    endloop
  endfacet
  facet normal 0.13038 -0.991464 0
    outer loop
      vertex 61.4892 -50.1785 28
      vertex 60.7972 -50.2695 18
      vertex 61.4892 -50.1785 18
    endloop
  endfacet
  facet normal 0.675556 0.737309 -0
    outer loop
      vertex 65.7569 47.9568 18
      vertex 65.2423 48.4283 28
      vertex 65.7569 47.9568 28
    endloop
  endfacet
  facet normal 0.675556 0.737309 0
    outer loop
      vertex 65.2423 48.4283 28
      vertex 65.7569 47.9568 18
      vertex 65.2423 48.4283 18
    endloop
  endfacet
  facet normal -0.999044 0.0437046 0
    outer loop
      vertex -68.1 42.3 18
      vertex -68.0695 42.9972 28
      vertex -68.0695 42.9972 18
    endloop
  endfacet
  facet normal -0.999044 0.0437046 0
    outer loop
      vertex -68.0695 42.9972 28
      vertex -68.1 42.3 18
      vertex -68.1 42.3 28
    endloop
  endfacet
  facet normal 0 0 1
    outer loop
      vertex 68.1 42.3 28
      vertex 64.081 41.7358 28
      vertex 64.1 41.3 28
    endloop
  endfacet
  facet normal 0 0 1
    outer loop
      vertex 64.6886 48.8532 28
      vertex 64.024 42.1682 28
      vertex 64.081 41.7358 28
    endloop
  endfacet
  facet normal 0 0 1
    outer loop
      vertex 64.6886 48.8532 28
      vertex 63.9296 42.5941 28
      vertex 64.024 42.1682 28
    endloop
  endfacet
  facet normal 0 0 1
    outer loop
      vertex 64.6886 48.8532 28
      vertex 63.7984 43.0101 28
      vertex 63.9296 42.5941 28
    endloop
  endfacet
  facet normal 0 0 1
    outer loop
      vertex 64.6886 48.8532 28
      vertex 63.6315 43.4131 28
      vertex 63.7984 43.0101 28
    endloop
  endfacet
  facet normal 0 0 1
    outer loop
      vertex 61.6 45.6301 28
      vertex 64.1 49.2282 28
      vertex 63.4809 49.5504 28
    endloop
  endfacet
  facet normal 0 0 1
    outer loop
      vertex 64.6886 48.8532 28
      vertex 63.4301 43.8 28
      vertex 63.6315 43.4131 28
    endloop
  endfacet
  facet normal 0 0 1
    outer loop
      vertex 64.6886 48.8532 28
      vertex 63.1958 44.1679 28
      vertex 63.4301 43.8 28
    endloop
  endfacet
  facet normal 0 0 1
    outer loop
      vertex 64.6886 48.8532 28
      vertex 62.9302 44.5139 28
      vertex 63.1958 44.1679 28
    endloop
  endfacet
  facet normal 0 0 1
    outer loop
      vertex 61.2131 45.8315 28
      vertex 63.4809 49.5504 28
      vertex 62.8362 49.8175 28
    endloop
  endfacet
  facet normal 0 0 1
    outer loop
      vertex 64.6886 48.8532 28
      vertex 62.6355 44.8355 28
      vertex 62.9302 44.5139 28
    endloop
  endfacet
  facet normal 0 0 1
    outer loop
      vertex 64.6886 48.8532 28
      vertex 62.3139 45.1302 28
      vertex 62.6355 44.8355 28
    endloop
  endfacet
  facet normal 0 0 1
    outer loop
      vertex 61.2131 45.8315 28
      vertex 62.8362 49.8175 28
      vertex 62.1705 50.0274 28
    endloop
  endfacet
  facet normal 0 0 1
    outer loop
      vertex 64.6886 48.8532 28
      vertex 61.9679 45.3958 28
      vertex 62.3139 45.1302 28
    endloop
  endfacet
  facet normal 0 0 1
    outer loop
      vertex 64.1 49.2282 28
      vertex 61.6 45.6301 28
      vertex 61.9679 45.3958 28
    endloop
  endfacet
  facet normal 0 0 1
    outer loop
      vertex 60.8101 45.9984 28
      vertex 62.1705 50.0274 28
      vertex 61.4892 50.1785 28
    endloop
  endfacet
  facet normal 0 0 1
    outer loop
      vertex 63.4809 49.5504 28
      vertex 61.2131 45.8315 28
      vertex 61.6 45.6301 28
    endloop
  endfacet
  facet normal 0 0 1
    outer loop
      vertex 62.1705 50.0274 28
      vertex 60.8101 45.9984 28
      vertex 61.2131 45.8315 28
    endloop
  endfacet
  facet normal 0 0 1
    outer loop
      vertex 60.3941 46.1296 28
      vertex 61.4892 50.1785 28
      vertex 60.7972 50.2695 28
    endloop
  endfacet
  facet normal 0 0 1
    outer loop
      vertex 61.4892 50.1785 28
      vertex 60.3941 46.1296 28
      vertex 60.8101 45.9984 28
    endloop
  endfacet
  facet normal 0 0 1
    outer loop
      vertex 59.9682 46.224 28
      vertex 60.7972 50.2695 28
      vertex 60.1 50.3 28
    endloop
  endfacet
  facet normal 0 0 1
    outer loop
      vertex 60.7972 50.2695 28
      vertex 59.9682 46.224 28
      vertex 60.3941 46.1296 28
    endloop
  endfacet
  facet normal 0 0 1
    outer loop
      vertex 60.1 50.3 28
      vertex 59.5358 46.281 28
      vertex 59.9682 46.224 28
    endloop
  endfacet
  facet normal 0 0 1
    outer loop
      vertex 60.1 50.3 28
      vertex 59.1 46.3 28
      vertex 59.5358 46.281 28
    endloop
  endfacet
  facet normal -0 0 1
    outer loop
      vertex 42 50.3 28
      vertex 59.1 46.3 28
      vertex 60.1 50.3 28
    endloop
  endfacet
  facet normal 0 0 1
    outer loop
      vertex 59.1 46.3 28
      vertex 42 50.3 28
      vertex 42 46.3 28
    endloop
  endfacet
  facet normal 0 0 1
    outer loop
      vertex 64.081 41.7358 28
      vertex 68.1 42.3 28
      vertex 68.0695 42.9972 28
    endloop
  endfacet
  facet normal 0 0 1
    outer loop
      vertex 68.1 42.3 28
      vertex 64.1 41.3 28
      vertex 68.1 -42.3 28
    endloop
  endfacet
  facet normal 0 0 1
    outer loop
      vertex 64.081 41.7358 28
      vertex 68.0695 42.9972 28
      vertex 67.9785 43.6892 28
    endloop
  endfacet
  facet normal -0 0 1
    outer loop
      vertex 64.1 -41.3 28
      vertex 68.1 -42.3 28
      vertex 64.1 41.3 28
    endloop
  endfacet
  facet normal 0 0 1
    outer loop
      vertex 64.081 41.7358 28
      vertex 67.9785 43.6892 28
      vertex 67.8274 44.3705 28
    endloop
  endfacet
  facet normal -0 0 1
    outer loop
      vertex 64.081 -41.7358 28
      vertex 68.1 -42.3 28
      vertex 64.1 -41.3 28
    endloop
  endfacet
  facet normal 0 0 1
    outer loop
      vertex 64.081 41.7358 28
      vertex 67.8274 44.3705 28
      vertex 67.6175 45.0361 28
    endloop
  endfacet
  facet normal -0 0 1
    outer loop
      vertex 64.024 -42.1682 28
      vertex 68.1 -42.3 28
      vertex 64.081 -41.7358 28
    endloop
  endfacet
  facet normal 0 0 1
    outer loop
      vertex 64.081 41.7358 28
      vertex 67.6175 45.0361 28
      vertex 67.3504 45.6809 28
    endloop
  endfacet
  facet normal 0 0 1
    outer loop
      vertex 68.1 -42.3 28
      vertex 64.024 -42.1682 28
      vertex 68.0695 -42.9972 28
    endloop
  endfacet
  facet normal 0 0 1
    outer loop
      vertex 64.081 41.7358 28
      vertex 67.3504 45.6809 28
      vertex 67.0282 46.3 28
    endloop
  endfacet
  facet normal -0 0 1
    outer loop
      vertex 63.9296 -42.5941 28
      vertex 68.0695 -42.9972 28
      vertex 64.024 -42.1682 28
    endloop
  endfacet
  facet normal 0 0 1
    outer loop
      vertex 64.081 41.7358 28
      vertex 67.0282 46.3 28
      vertex 66.6532 46.8886 28
    endloop
  endfacet
  facet normal 0 0 1
    outer loop
      vertex 68.0695 -42.9972 28
      vertex 63.9296 -42.5941 28
      vertex 67.9785 -43.6892 28
    endloop
  endfacet
  facet normal 0 0 1
    outer loop
      vertex 64.081 41.7358 28
      vertex 66.6532 46.8886 28
      vertex 66.2283 47.4423 28
    endloop
  endfacet
  facet normal -0 0 1
    outer loop
      vertex 63.7984 -43.0101 28
      vertex 67.9785 -43.6892 28
      vertex 63.9296 -42.5941 28
    endloop
  endfacet
  facet normal 0 0 1
    outer loop
      vertex 64.081 41.7358 28
      vertex 66.2283 47.4423 28
      vertex 65.7569 47.9568 28
    endloop
  endfacet
  facet normal 0 0 1
    outer loop
      vertex 67.9785 -43.6892 28
      vertex 63.7984 -43.0101 28
      vertex 67.8274 -44.3705 28
    endloop
  endfacet
  facet normal 0 0 1
    outer loop
      vertex 64.081 41.7358 28
      vertex 65.7569 47.9568 28
      vertex 65.2423 48.4283 28
    endloop
  endfacet
  facet normal -0 0 1
    outer loop
      vertex 63.6315 -43.4131 28
      vertex 67.8274 -44.3705 28
      vertex 63.7984 -43.0101 28
    endloop
  endfacet
  facet normal 0 0 1
    outer loop
      vertex 64.081 41.7358 28
      vertex 65.2423 48.4283 28
      vertex 64.6886 48.8532 28
    endloop
  endfacet
  facet normal 0 0 1
    outer loop
      vertex 67.8274 -44.3705 28
      vertex 63.6315 -43.4131 28
      vertex 67.6175 -45.0361 28
    endloop
  endfacet
  facet normal 0 0 1
    outer loop
      vertex 61.9679 45.3958 28
      vertex 64.6886 48.8532 28
      vertex 64.1 49.2282 28
    endloop
  endfacet
  facet normal 0 0 1
    outer loop
      vertex 67.6175 -45.0361 28
      vertex 63.6315 -43.4131 28
      vertex 67.3504 -45.6809 28
    endloop
  endfacet
  facet normal -0 0 1
    outer loop
      vertex 63.4301 -43.8 28
      vertex 67.3504 -45.6809 28
      vertex 63.6315 -43.4131 28
    endloop
  endfacet
  facet normal 0 0 1
    outer loop
      vertex 67.3504 -45.6809 28
      vertex 63.4301 -43.8 28
      vertex 67.0282 -46.3 28
    endloop
  endfacet
  facet normal -0 0 1
    outer loop
      vertex 63.1958 -44.1679 28
      vertex 67.0282 -46.3 28
      vertex 63.4301 -43.8 28
    endloop
  endfacet
  facet normal 0 0 1
    outer loop
      vertex 67.0282 -46.3 28
      vertex 63.1958 -44.1679 28
      vertex 66.6532 -46.8886 28
    endloop
  endfacet
  facet normal -0 0 1
    outer loop
      vertex 62.9302 -44.5139 28
      vertex 66.6532 -46.8886 28
      vertex 63.1958 -44.1679 28
    endloop
  endfacet
  facet normal 0 0 1
    outer loop
      vertex 66.6532 -46.8886 28
      vertex 62.9302 -44.5139 28
      vertex 66.2283 -47.4423 28
    endloop
  endfacet
  facet normal -0 0 1
    outer loop
      vertex 62.6355 -44.8355 28
      vertex 66.2283 -47.4423 28
      vertex 62.9302 -44.5139 28
    endloop
  endfacet
  facet normal 0 0 1
    outer loop
      vertex 66.2283 -47.4423 28
      vertex 62.6355 -44.8355 28
      vertex 65.7569 -47.9568 28
    endloop
  endfacet
  facet normal 0 0 1
    outer loop
      vertex 65.7569 -47.9568 28
      vertex 62.6355 -44.8355 28
      vertex 65.2423 -48.4283 28
    endloop
  endfacet
  facet normal -0 0 1
    outer loop
      vertex 62.3139 -45.1302 28
      vertex 65.2423 -48.4283 28
      vertex 62.6355 -44.8355 28
    endloop
  endfacet
  facet normal 0 0 1
    outer loop
      vertex 65.2423 -48.4283 28
      vertex 62.3139 -45.1302 28
      vertex 64.6886 -48.8532 28
    endloop
  endfacet
  facet normal -0 0 1
    outer loop
      vertex 61.9679 -45.3958 28
      vertex 64.6886 -48.8532 28
      vertex 62.3139 -45.1302 28
    endloop
  endfacet
  facet normal 0 0 1
    outer loop
      vertex 64.6886 -48.8532 28
      vertex 61.9679 -45.3958 28
      vertex 64.1 -49.2282 28
    endloop
  endfacet
  facet normal -0 0 1
    outer loop
      vertex 61.6 -45.6301 28
      vertex 64.1 -49.2282 28
      vertex 61.9679 -45.3958 28
    endloop
  endfacet
  facet normal 0 0 1
    outer loop
      vertex 64.1 -49.2282 28
      vertex 61.6 -45.6301 28
      vertex 63.4809 -49.5504 28
    endloop
  endfacet
  facet normal -0 0 1
    outer loop
      vertex 61.2131 -45.8315 28
      vertex 63.4809 -49.5504 28
      vertex 61.6 -45.6301 28
    endloop
  endfacet
  facet normal 0 0 1
    outer loop
      vertex 63.4809 -49.5504 28
      vertex 61.2131 -45.8315 28
      vertex 62.8362 -49.8175 28
    endloop
  endfacet
  facet normal 0 0 1
    outer loop
      vertex 62.8362 -49.8175 28
      vertex 61.2131 -45.8315 28
      vertex 62.1705 -50.0274 28
    endloop
  endfacet
  facet normal -0 0 1
    outer loop
      vertex 60.8101 -45.9984 28
      vertex 62.1705 -50.0274 28
      vertex 61.2131 -45.8315 28
    endloop
  endfacet
  facet normal 0 0 1
    outer loop
      vertex 62.1705 -50.0274 28
      vertex 60.8101 -45.9984 28
      vertex 61.4892 -50.1785 28
    endloop
  endfacet
  facet normal -0 0 1
    outer loop
      vertex 60.3941 -46.1296 28
      vertex 61.4892 -50.1785 28
      vertex 60.8101 -45.9984 28
    endloop
  endfacet
  facet normal 0 0 1
    outer loop
      vertex 61.4892 -50.1785 28
      vertex 60.3941 -46.1296 28
      vertex 60.7972 -50.2695 28
    endloop
  endfacet
  facet normal -0 0 1
    outer loop
      vertex 59.9682 -46.224 28
      vertex 60.7972 -50.2695 28
      vertex 60.3941 -46.1296 28
    endloop
  endfacet
  facet normal 0 0 1
    outer loop
      vertex 60.7972 -50.2695 28
      vertex 59.9682 -46.224 28
      vertex 60.1 -50.3 28
    endloop
  endfacet
  facet normal -0 0 1
    outer loop
      vertex 59.5358 -46.281 28
      vertex 60.1 -50.3 28
      vertex 59.9682 -46.224 28
    endloop
  endfacet
  facet normal -0 0 1
    outer loop
      vertex 59.1 -46.3 28
      vertex 60.1 -50.3 28
      vertex 59.5358 -46.281 28
    endloop
  endfacet
  facet normal -0 0 1
    outer loop
      vertex -59.1 -46.3 28
      vertex 60.1 -50.3 28
      vertex 59.1 -46.3 28
    endloop
  endfacet
  facet normal 0 0 1
    outer loop
      vertex -59.1 -46.3 28
      vertex -60.1 -50.3 28
      vertex 60.1 -50.3 28
    endloop
  endfacet
  facet normal 0 0 1
    outer loop
      vertex -59.5358 -46.281 28
      vertex -60.1 -50.3 28
      vertex -59.1 -46.3 28
    endloop
  endfacet
  facet normal 0 0 1
    outer loop
      vertex -59.9682 -46.224 28
      vertex -60.1 -50.3 28
      vertex -59.5358 -46.281 28
    endloop
  endfacet
  facet normal 0 0 1
    outer loop
      vertex -60.7972 -50.2695 28
      vertex -59.9682 -46.224 28
      vertex -60.3941 -46.1296 28
    endloop
  endfacet
  facet normal 0 0 1
    outer loop
      vertex -59.9682 -46.224 28
      vertex -60.7972 -50.2695 28
      vertex -60.1 -50.3 28
    endloop
  endfacet
  facet normal 0 0 1
    outer loop
      vertex -61.4892 -50.1785 28
      vertex -60.3941 -46.1296 28
      vertex -60.8101 -45.9984 28
    endloop
  endfacet
  facet normal 0 0 1
    outer loop
      vertex -62.1705 -50.0274 28
      vertex -60.8101 -45.9984 28
      vertex -61.2131 -45.8315 28
    endloop
  endfacet
  facet normal 0 0 1
    outer loop
      vertex -60.3941 -46.1296 28
      vertex -61.4892 -50.1785 28
      vertex -60.7972 -50.2695 28
    endloop
  endfacet
  facet normal 0 0 1
    outer loop
      vertex -63.4809 -49.5504 28
      vertex -61.2131 -45.8315 28
      vertex -61.6 -45.6301 28
    endloop
  endfacet
  facet normal 0 0 1
    outer loop
      vertex -64.1 -49.2282 28
      vertex -61.6 -45.6301 28
      vertex -61.9679 -45.3958 28
    endloop
  endfacet
  facet normal 0 0 1
    outer loop
      vertex -60.8101 -45.9984 28
      vertex -62.1705 -50.0274 28
      vertex -61.4892 -50.1785 28
    endloop
  endfacet
  facet normal 0 0 1
    outer loop
      vertex -64.6886 -48.8532 28
      vertex -61.9679 -45.3958 28
      vertex -62.3139 -45.1302 28
    endloop
  endfacet
  facet normal 0 0 1
    outer loop
      vertex -65.2423 -48.4283 28
      vertex -62.3139 -45.1302 28
      vertex -62.6355 -44.8355 28
    endloop
  endfacet
  facet normal 0 0 1
    outer loop
      vertex -61.2131 -45.8315 28
      vertex -62.8362 -49.8175 28
      vertex -62.1705 -50.0274 28
    endloop
  endfacet
  facet normal 0 0 1
    outer loop
      vertex -66.2283 -47.4423 28
      vertex -62.6355 -44.8355 28
      vertex -62.9302 -44.5139 28
    endloop
  endfacet
  facet normal 0 0 1
    outer loop
      vertex -66.6532 -46.8886 28
      vertex -62.9302 -44.5139 28
      vertex -63.1958 -44.1679 28
    endloop
  endfacet
  facet normal 0 0 1
    outer loop
      vertex -67.0282 -46.3 28
      vertex -63.1958 -44.1679 28
      vertex -63.4301 -43.8 28
    endloop
  endfacet
  facet normal 0 0 1
    outer loop
      vertex -61.2131 -45.8315 28
      vertex -63.4809 -49.5504 28
      vertex -62.8362 -49.8175 28
    endloop
  endfacet
  facet normal 0 0 1
    outer loop
      vertex -67.3504 -45.6809 28
      vertex -63.4301 -43.8 28
      vertex -63.6315 -43.4131 28
    endloop
  endfacet
  facet normal 0 0 1
    outer loop
      vertex -67.8274 -44.3705 28
      vertex -63.6315 -43.4131 28
      vertex -63.7984 -43.0101 28
    endloop
  endfacet
  facet normal 0 0 1
    outer loop
      vertex -67.9785 -43.6892 28
      vertex -63.7984 -43.0101 28
      vertex -63.9296 -42.5941 28
    endloop
  endfacet
  facet normal 0 0 1
    outer loop
      vertex -68.0695 -42.9972 28
      vertex -63.9296 -42.5941 28
      vertex -64.024 -42.1682 28
    endloop
  endfacet
  facet normal 0 0 1
    outer loop
      vertex -68.1 -42.3 28
      vertex -64.024 -42.1682 28
      vertex -64.081 -41.7358 28
    endloop
  endfacet
  facet normal 0 0 1
    outer loop
      vertex -61.6 -45.6301 28
      vertex -64.1 -49.2282 28
      vertex -63.4809 -49.5504 28
    endloop
  endfacet
  facet normal 0 0 1
    outer loop
      vertex -68.1 -42.3 28
      vertex -64.081 -41.7358 28
      vertex -64.1 -41.3 28
    endloop
  endfacet
  facet normal 0 0 1
    outer loop
      vertex -42 50.3 28
      vertex -59.1 46.3 28
      vertex -42 46.3 28
    endloop
  endfacet
  facet normal -0 0 1
    outer loop
      vertex -60.1 50.3 28
      vertex -59.1 46.3 28
      vertex -42 50.3 28
    endloop
  endfacet
  facet normal 0 0 1
    outer loop
      vertex -59.1 46.3 28
      vertex -60.1 50.3 28
      vertex -59.5358 46.281 28
    endloop
  endfacet
  facet normal 0 0 1
    outer loop
      vertex -59.5358 46.281 28
      vertex -60.1 50.3 28
      vertex -59.9682 46.224 28
    endloop
  endfacet
  facet normal -0 0 1
    outer loop
      vertex -60.7972 50.2695 28
      vertex -59.9682 46.224 28
      vertex -60.1 50.3 28
    endloop
  endfacet
  facet normal 0 0 1
    outer loop
      vertex -59.9682 46.224 28
      vertex -60.7972 50.2695 28
      vertex -60.3941 46.1296 28
    endloop
  endfacet
  facet normal -0 0 1
    outer loop
      vertex -61.4892 50.1785 28
      vertex -60.3941 46.1296 28
      vertex -60.7972 50.2695 28
    endloop
  endfacet
  facet normal 0 0 1
    outer loop
      vertex -60.3941 46.1296 28
      vertex -61.4892 50.1785 28
      vertex -60.8101 45.9984 28
    endloop
  endfacet
  facet normal -0 0 1
    outer loop
      vertex -62.1705 50.0274 28
      vertex -60.8101 45.9984 28
      vertex -61.4892 50.1785 28
    endloop
  endfacet
  facet normal 0 0 1
    outer loop
      vertex -60.8101 45.9984 28
      vertex -62.1705 50.0274 28
      vertex -61.2131 45.8315 28
    endloop
  endfacet
  facet normal -0 0 1
    outer loop
      vertex -62.8362 49.8175 28
      vertex -61.2131 45.8315 28
      vertex -62.1705 50.0274 28
    endloop
  endfacet
  facet normal -0 0 1
    outer loop
      vertex -63.4809 49.5504 28
      vertex -61.2131 45.8315 28
      vertex -62.8362 49.8175 28
    endloop
  endfacet
  facet normal 0 0 1
    outer loop
      vertex -61.2131 45.8315 28
      vertex -63.4809 49.5504 28
      vertex -61.6 45.6301 28
    endloop
  endfacet
  facet normal -0 0 1
    outer loop
      vertex -64.1 49.2282 28
      vertex -61.6 45.6301 28
      vertex -63.4809 49.5504 28
    endloop
  endfacet
  facet normal 0 0 1
    outer loop
      vertex -61.6 45.6301 28
      vertex -64.1 49.2282 28
      vertex -61.9679 45.3958 28
    endloop
  endfacet
  facet normal -0 0 1
    outer loop
      vertex -64.6886 48.8532 28
      vertex -61.9679 45.3958 28
      vertex -64.1 49.2282 28
    endloop
  endfacet
  facet normal 0 0 1
    outer loop
      vertex -61.9679 45.3958 28
      vertex -64.6886 48.8532 28
      vertex -62.3139 45.1302 28
    endloop
  endfacet
  facet normal -0 0 1
    outer loop
      vertex -65.2423 48.4283 28
      vertex -62.3139 45.1302 28
      vertex -64.6886 48.8532 28
    endloop
  endfacet
  facet normal 0 0 1
    outer loop
      vertex -62.3139 45.1302 28
      vertex -65.2423 48.4283 28
      vertex -62.6355 44.8355 28
    endloop
  endfacet
  facet normal -0 0 1
    outer loop
      vertex -65.7569 47.9568 28
      vertex -62.6355 44.8355 28
      vertex -65.2423 48.4283 28
    endloop
  endfacet
  facet normal -0 0 1
    outer loop
      vertex -66.2283 47.4423 28
      vertex -62.6355 44.8355 28
      vertex -65.7569 47.9568 28
    endloop
  endfacet
  facet normal 0 0 1
    outer loop
      vertex -62.6355 44.8355 28
      vertex -66.2283 47.4423 28
      vertex -62.9302 44.5139 28
    endloop
  endfacet
  facet normal -0 0 1
    outer loop
      vertex -66.6532 46.8886 28
      vertex -62.9302 44.5139 28
      vertex -66.2283 47.4423 28
    endloop
  endfacet
  facet normal 0 0 1
    outer loop
      vertex -62.9302 44.5139 28
      vertex -66.6532 46.8886 28
      vertex -63.1958 44.1679 28
    endloop
  endfacet
  facet normal -0 0 1
    outer loop
      vertex -67.0282 46.3 28
      vertex -63.1958 44.1679 28
      vertex -66.6532 46.8886 28
    endloop
  endfacet
  facet normal 0 0 1
    outer loop
      vertex -63.1958 44.1679 28
      vertex -67.0282 46.3 28
      vertex -63.4301 43.8 28
    endloop
  endfacet
  facet normal -0 0 1
    outer loop
      vertex -67.3504 45.6809 28
      vertex -63.4301 43.8 28
      vertex -67.0282 46.3 28
    endloop
  endfacet
  facet normal 0 0 1
    outer loop
      vertex -64.1 41.3 28
      vertex -68.1 42.3 28
      vertex -64.1 -41.3 28
    endloop
  endfacet
  facet normal 0 0 1
    outer loop
      vertex -63.4301 43.8 28
      vertex -67.3504 45.6809 28
      vertex -63.6315 43.4131 28
    endloop
  endfacet
  facet normal 0 0 1
    outer loop
      vertex -68.1 -42.3 28
      vertex -64.1 -41.3 28
      vertex -68.1 42.3 28
    endloop
  endfacet
  facet normal -0 0 1
    outer loop
      vertex -67.6175 45.0361 28
      vertex -63.6315 43.4131 28
      vertex -67.3504 45.6809 28
    endloop
  endfacet
  facet normal 0 0 1
    outer loop
      vertex -64.024 -42.1682 28
      vertex -68.1 -42.3 28
      vertex -68.0695 -42.9972 28
    endloop
  endfacet
  facet normal -0 0 1
    outer loop
      vertex -67.8274 44.3705 28
      vertex -63.6315 43.4131 28
      vertex -67.6175 45.0361 28
    endloop
  endfacet
  facet normal 0 0 1
    outer loop
      vertex -61.9679 -45.3958 28
      vertex -64.6886 -48.8532 28
      vertex -64.1 -49.2282 28
    endloop
  endfacet
  facet normal 0 0 1
    outer loop
      vertex -63.6315 43.4131 28
      vertex -67.8274 44.3705 28
      vertex -63.7984 43.0101 28
    endloop
  endfacet
  facet normal 0 0 1
    outer loop
      vertex -62.3139 -45.1302 28
      vertex -65.2423 -48.4283 28
      vertex -64.6886 -48.8532 28
    endloop
  endfacet
  facet normal -0 0 1
    outer loop
      vertex -67.9785 43.6892 28
      vertex -63.7984 43.0101 28
      vertex -67.8274 44.3705 28
    endloop
  endfacet
  facet normal 0 0 1
    outer loop
      vertex -62.6355 -44.8355 28
      vertex -65.7569 -47.9568 28
      vertex -65.2423 -48.4283 28
    endloop
  endfacet
  facet normal 0 0 1
    outer loop
      vertex -63.7984 43.0101 28
      vertex -67.9785 43.6892 28
      vertex -63.9296 42.5941 28
    endloop
  endfacet
  facet normal 0 0 1
    outer loop
      vertex -62.6355 -44.8355 28
      vertex -66.2283 -47.4423 28
      vertex -65.7569 -47.9568 28
    endloop
  endfacet
  facet normal -0 0 1
    outer loop
      vertex -68.0695 42.9972 28
      vertex -63.9296 42.5941 28
      vertex -67.9785 43.6892 28
    endloop
  endfacet
  facet normal 0 0 1
    outer loop
      vertex -62.9302 -44.5139 28
      vertex -66.6532 -46.8886 28
      vertex -66.2283 -47.4423 28
    endloop
  endfacet
  facet normal 0 0 1
    outer loop
      vertex -63.9296 42.5941 28
      vertex -68.0695 42.9972 28
      vertex -64.024 42.1682 28
    endloop
  endfacet
  facet normal 0 0 1
    outer loop
      vertex -63.1958 -44.1679 28
      vertex -67.0282 -46.3 28
      vertex -66.6532 -46.8886 28
    endloop
  endfacet
  facet normal -0 0 1
    outer loop
      vertex -68.1 42.3 28
      vertex -64.024 42.1682 28
      vertex -68.0695 42.9972 28
    endloop
  endfacet
  facet normal 0 0 1
    outer loop
      vertex -63.4301 -43.8 28
      vertex -67.3504 -45.6809 28
      vertex -67.0282 -46.3 28
    endloop
  endfacet
  facet normal 0 0 1
    outer loop
      vertex -64.024 42.1682 28
      vertex -68.1 42.3 28
      vertex -64.081 41.7358 28
    endloop
  endfacet
  facet normal 0 0 1
    outer loop
      vertex -63.6315 -43.4131 28
      vertex -67.6175 -45.0361 28
      vertex -67.3504 -45.6809 28
    endloop
  endfacet
  facet normal 0 0 1
    outer loop
      vertex -64.081 41.7358 28
      vertex -68.1 42.3 28
      vertex -64.1 41.3 28
    endloop
  endfacet
  facet normal 0 0 1
    outer loop
      vertex -63.6315 -43.4131 28
      vertex -67.8274 -44.3705 28
      vertex -67.6175 -45.0361 28
    endloop
  endfacet
  facet normal 0 0 1
    outer loop
      vertex -63.7984 -43.0101 28
      vertex -67.9785 -43.6892 28
      vertex -67.8274 -44.3705 28
    endloop
  endfacet
  facet normal 0 0 1
    outer loop
      vertex -63.9296 -42.5941 28
      vertex -68.0695 -42.9972 28
      vertex -67.9785 -43.6892 28
    endloop
  endfacet
  facet normal -1 0 0
    outer loop
      vertex -68.1 -42.3 18
      vertex -68.1 42.3 28
      vertex -68.1 42.3 18
    endloop
  endfacet
  facet normal -1 -0 0
    outer loop
      vertex -68.1 42.3 28
      vertex -68.1 -42.3 18
      vertex -68.1 -42.3 28
    endloop
  endfacet
  facet normal 0 -1 0
    outer loop
      vertex -60.1 -50.3 18
      vertex 60.1 -50.3 28
      vertex -60.1 -50.3 28
    endloop
  endfacet
  facet normal 0 -1 -0
    outer loop
      vertex 60.1 -50.3 28
      vertex -60.1 -50.3 18
      vertex 60.1 -50.3 18
    endloop
  endfacet
  facet normal 0.0437046 0.999044 -0
    outer loop
      vertex 60.7972 50.2695 18
      vertex 60.1 50.3 28
      vertex 60.7972 50.2695 28
    endloop
  endfacet
  facet normal 0.0437046 0.999044 0
    outer loop
      vertex 60.1 50.3 28
      vertex 60.7972 50.2695 18
      vertex 60.1 50.3 18
    endloop
  endfacet
  facet normal 0 1 0
    outer loop
      vertex 60.1 50.3 28
      vertex 57 50.3 20
      vertex 42 50.3 28
    endloop
  endfacet
  facet normal 0 1 -0
    outer loop
      vertex 60.1 50.3 18
      vertex 57 50.3 20
      vertex 60.1 50.3 28
    endloop
  endfacet
  facet normal 0 1 0
    outer loop
      vertex 57 50.3 20
      vertex 60.1 50.3 18
      vertex 57 50.3 18
    endloop
  endfacet
  facet normal 0 1 -0
    outer loop
      vertex 45 50.3 20
      vertex 42 50.3 28
      vertex 57 50.3 20
    endloop
  endfacet
  facet normal 0 1 0
    outer loop
      vertex 45 50.3 20
      vertex 42 50.3 19
      vertex 42 50.3 28
    endloop
  endfacet
  facet normal 0 1 -0
    outer loop
      vertex 45 50.3 18
      vertex 42 50.3 19
      vertex 45 50.3 20
    endloop
  endfacet
  facet normal 0 1 0
    outer loop
      vertex 27 50.3 18
      vertex 42 50.3 19
      vertex 45 50.3 18
    endloop
  endfacet
  facet normal 0 1 0
    outer loop
      vertex 42 50.3 19
      vertex 27 50.3 18
      vertex 27 50.3 19
    endloop
  endfacet
  facet normal 0 1 0
    outer loop
      vertex -45 50.3 20
      vertex -42 50.3 28
      vertex -42 50.3 20
    endloop
  endfacet
  facet normal 0 1 0
    outer loop
      vertex -42 50.3 28
      vertex -45 50.3 20
      vertex -60.1 50.3 28
    endloop
  endfacet
  facet normal 0 1 0
    outer loop
      vertex -60.1 50.3 18
      vertex -45 50.3 20
      vertex -45 50.3 18
    endloop
  endfacet
  facet normal 0 1 0
    outer loop
      vertex -45 50.3 20
      vertex -60.1 50.3 18
      vertex -60.1 50.3 28
    endloop
  endfacet
  facet normal 0 1 -0
    outer loop
      vertex -15 50.3 18
      vertex -33 50.3 19
      vertex -15 50.3 19
    endloop
  endfacet
  facet normal 0 1 0
    outer loop
      vertex -33 50.3 19
      vertex -15 50.3 18
      vertex -33 50.3 18
    endloop
  endfacet
  facet normal 0 1 -0
    outer loop
      vertex 15 50.3 18
      vertex -3 50.3 19
      vertex 15 50.3 19
    endloop
  endfacet
  facet normal 0 1 0
    outer loop
      vertex -3 50.3 19
      vertex 15 50.3 18
      vertex -3 50.3 18
    endloop
  endfacet
  facet normal 1 -0 0
    outer loop
      vertex 68.1 -42.3 28
      vertex 68.1 42.3 18
      vertex 68.1 42.3 28
    endloop
  endfacet
  facet normal 1 0 0
    outer loop
      vertex 68.1 42.3 18
      vertex 68.1 -42.3 28
      vertex 68.1 -42.3 18
    endloop
  endfacet
  facet normal -0.737315 0.675549 0
    outer loop
      vertex -66.2283 47.4423 18
      vertex -65.7569 47.9568 28
      vertex -65.7569 47.9568 18
    endloop
  endfacet
  facet normal -0.737315 0.675549 0
    outer loop
      vertex -65.7569 47.9568 28
      vertex -66.2283 47.4423 18
      vertex -66.2283 47.4423 28
    endloop
  endfacet
  facet normal 0.0437046 -0.999044 0
    outer loop
      vertex 60.1 -50.3 18
      vertex 60.7972 -50.2695 28
      vertex 60.1 -50.3 28
    endloop
  endfacet
  facet normal 0.0437046 -0.999044 0
    outer loop
      vertex 60.7972 -50.2695 28
      vertex 60.1 -50.3 18
      vertex 60.7972 -50.2695 18
    endloop
  endfacet
  facet normal 0.382753 0.923851 -0
    outer loop
      vertex 63.4809 49.5504 18
      vertex 62.8362 49.8175 28
      vertex 63.4809 49.5504 28
    endloop
  endfacet
  facet normal 0.382753 0.923851 0
    outer loop
      vertex 62.8362 49.8175 28
      vertex 63.4809 49.5504 18
      vertex 62.8362 49.8175 18
    endloop
  endfacet
  facet normal -0.0437046 0.999044 0
    outer loop
      vertex -60.1 50.3 18
      vertex -60.7972 50.2695 28
      vertex -60.1 50.3 28
    endloop
  endfacet
  facet normal -0.0437046 0.999044 0
    outer loop
      vertex -60.7972 50.2695 28
      vertex -60.1 50.3 18
      vertex -60.7972 50.2695 18
    endloop
  endfacet
  facet normal -0.461655 0.88706 0
    outer loop
      vertex -63.4809 49.5504 18
      vertex -64.1 49.2282 28
      vertex -63.4809 49.5504 28
    endloop
  endfacet
  facet normal -0.461655 0.88706 0
    outer loop
      vertex -64.1 49.2282 28
      vertex -63.4809 49.5504 18
      vertex -64.1 49.2282 18
    endloop
  endfacet
  facet normal -0.923872 0.382702 0
    outer loop
      vertex -67.6175 45.0361 18
      vertex -67.3504 45.6809 28
      vertex -67.3504 45.6809 18
    endloop
  endfacet
  facet normal -0.923872 0.382702 0
    outer loop
      vertex -67.3504 45.6809 28
      vertex -67.6175 45.0361 18
      vertex -67.6175 45.0361 28
    endloop
  endfacet
  facet normal -0.843378 0.53732 0
    outer loop
      vertex -67.0282 46.3 18
      vertex -66.6532 46.8886 28
      vertex -66.6532 46.8886 18
    endloop
  endfacet
  facet normal -0.843378 0.53732 0
    outer loop
      vertex -66.6532 46.8886 28
      vertex -67.0282 46.3 18
      vertex -67.0282 46.3 28
    endloop
  endfacet
  facet normal 0 0 1
    outer loop
      vertex -45 67.5 18
      vertex -60.1 50.3 18
      vertex -45 50.3 18
    endloop
  endfacet
  facet normal -0 0 1
    outer loop
      vertex -72.5 67.5 18
      vertex -60.1 50.3 18
      vertex -45 67.5 18
    endloop
  endfacet
  facet normal 0 0 1
    outer loop
      vertex -60.1 50.3 18
      vertex -72.5 67.5 18
      vertex -60.7972 50.2695 18
    endloop
  endfacet
  facet normal 0 0 1
    outer loop
      vertex -60.7972 50.2695 18
      vertex -72.5 67.5 18
      vertex -61.4892 50.1785 18
    endloop
  endfacet
  facet normal 0 0 1
    outer loop
      vertex -61.4892 50.1785 18
      vertex -72.5 67.5 18
      vertex -62.1705 50.0274 18
    endloop
  endfacet
  facet normal 0 0 1
    outer loop
      vertex -62.1705 50.0274 18
      vertex -72.5 67.5 18
      vertex -62.8362 49.8175 18
    endloop
  endfacet
  facet normal 0 0 1
    outer loop
      vertex -62.8362 49.8175 18
      vertex -72.5 67.5 18
      vertex -63.4809 49.5504 18
    endloop
  endfacet
  facet normal 0 0 1
    outer loop
      vertex -63.4809 49.5504 18
      vertex -72.5 67.5 18
      vertex -64.1 49.2282 18
    endloop
  endfacet
  facet normal 0 0 1
    outer loop
      vertex -64.1 49.2282 18
      vertex -72.5 67.5 18
      vertex -64.6886 48.8532 18
    endloop
  endfacet
  facet normal 0 0 1
    outer loop
      vertex -64.6886 48.8532 18
      vertex -72.5 67.5 18
      vertex -65.2423 48.4283 18
    endloop
  endfacet
  facet normal -0 0 1
    outer loop
      vertex -67.9061 44.6395 18
      vertex -67.8274 44.3705 18
      vertex -67.6175 45.0361 18
    endloop
  endfacet
  facet normal -0 0 1
    outer loop
      vertex -68.1144 45.3 18
      vertex -67.6175 45.0361 18
      vertex -67.3504 45.6809 18
    endloop
  endfacet
  facet normal 0 0 1
    outer loop
      vertex -67.8274 44.3705 18
      vertex -67.9061 44.6395 18
      vertex -67.9 44.5 18
    endloop
  endfacet
  facet normal -0 0 1
    outer loop
      vertex -68.4715 45.7257 18
      vertex -67.3504 45.6809 18
      vertex -67.0282 46.3 18
    endloop
  endfacet
  facet normal 0 0 1
    outer loop
      vertex -67.6175 45.0361 18
      vertex -67.9243 44.7778 18
      vertex -67.9061 44.6395 18
    endloop
  endfacet
  facet normal 0 0 1
    outer loop
      vertex -67.6175 45.0361 18
      vertex -67.9545 44.9141 18
      vertex -67.9243 44.7778 18
    endloop
  endfacet
  facet normal 0 0 1
    outer loop
      vertex -68.8238 45.9501 18
      vertex -67.0282 46.3 18
      vertex -66.6532 46.8886 18
    endloop
  endfacet
  facet normal 0 0 1
    outer loop
      vertex -67.6175 45.0361 18
      vertex -67.9965 45.0472 18
      vertex -67.9545 44.9141 18
    endloop
  endfacet
  facet normal 0 0 1
    outer loop
      vertex -67.6175 45.0361 18
      vertex -68.0499 45.1762 18
      vertex -67.9965 45.0472 18
    endloop
  endfacet
  facet normal 0 0 1
    outer loop
      vertex -69.2222 46.0757 18
      vertex -66.6532 46.8886 18
      vertex -66.2283 47.4423 18
    endloop
  endfacet
  facet normal 0 0 1
    outer loop
      vertex -67.6175 45.0361 18
      vertex -68.1144 45.3 18
      vertex -68.0499 45.1762 18
    endloop
  endfacet
  facet normal 0 0 1
    outer loop
      vertex -67.3504 45.6809 18
      vertex -68.1894 45.4177 18
      vertex -68.1144 45.3 18
    endloop
  endfacet
  facet normal 0 0 1
    outer loop
      vertex -69.5 46.1 18
      vertex -66.2283 47.4423 18
      vertex -65.7569 47.9568 18
    endloop
  endfacet
  facet normal 0 0 1
    outer loop
      vertex -67.3504 45.6809 18
      vertex -68.2743 45.5285 18
      vertex -68.1894 45.4177 18
    endloop
  endfacet
  facet normal 0 0 1
    outer loop
      vertex -67.3504 45.6809 18
      vertex -68.3686 45.6314 18
      vertex -68.2743 45.5285 18
    endloop
  endfacet
  facet normal 0 -0 1
    outer loop
      vertex -69.9141 46.0455 18
      vertex -65.2423 48.4283 18
      vertex -72.5 67.5 18
    endloop
  endfacet
  facet normal 0 0 1
    outer loop
      vertex -67.3504 45.6809 18
      vertex -68.4715 45.7257 18
      vertex -68.3686 45.6314 18
    endloop
  endfacet
  facet normal 0 0 1
    outer loop
      vertex -67.0282 46.3 18
      vertex -68.5823 45.8106 18
      vertex -68.4715 45.7257 18
    endloop
  endfacet
  facet normal 0 0 1
    outer loop
      vertex -65.2423 48.4283 18
      vertex -69.7778 46.0757 18
      vertex -65.7569 47.9568 18
    endloop
  endfacet
  facet normal 0 0 1
    outer loop
      vertex -67.0282 46.3 18
      vertex -68.7 45.8856 18
      vertex -68.5823 45.8106 18
    endloop
  endfacet
  facet normal 0 0 1
    outer loop
      vertex -67.0282 46.3 18
      vertex -68.8238 45.9501 18
      vertex -68.7 45.8856 18
    endloop
  endfacet
  facet normal 0 0 1
    outer loop
      vertex -66.6532 46.8886 18
      vertex -68.9528 46.0035 18
      vertex -68.8238 45.9501 18
    endloop
  endfacet
  facet normal 0 0 1
    outer loop
      vertex -66.6532 46.8886 18
      vertex -69.0859 46.0455 18
      vertex -68.9528 46.0035 18
    endloop
  endfacet
  facet normal 0 0 1
    outer loop
      vertex -66.6532 46.8886 18
      vertex -69.2222 46.0757 18
      vertex -69.0859 46.0455 18
    endloop
  endfacet
  facet normal 0 0 1
    outer loop
      vertex -66.2283 47.4423 18
      vertex -69.3605 46.0939 18
      vertex -69.2222 46.0757 18
    endloop
  endfacet
  facet normal 0 0 1
    outer loop
      vertex -66.2283 47.4423 18
      vertex -69.5 46.1 18
      vertex -69.3605 46.0939 18
    endloop
  endfacet
  facet normal 0 0 1
    outer loop
      vertex -65.7569 47.9568 18
      vertex -69.6395 46.0939 18
      vertex -69.5 46.1 18
    endloop
  endfacet
  facet normal 0 0 1
    outer loop
      vertex -65.7569 47.9568 18
      vertex -69.7778 46.0757 18
      vertex -69.6395 46.0939 18
    endloop
  endfacet
  facet normal 0 0 1
    outer loop
      vertex -65.2423 48.4283 18
      vertex -69.9141 46.0455 18
      vertex -69.7778 46.0757 18
    endloop
  endfacet
  facet normal -0 0 1
    outer loop
      vertex -74.2431 67.4239 18
      vertex -69.9141 46.0455 18
      vertex -72.5 67.5 18
    endloop
  endfacet
  facet normal 0 0 1
    outer loop
      vertex -69.9141 46.0455 18
      vertex -74.2431 67.4239 18
      vertex -70.0472 46.0035 18
    endloop
  endfacet
  facet normal -0 0 1
    outer loop
      vertex -75.973 67.1962 18
      vertex -70.0472 46.0035 18
      vertex -74.2431 67.4239 18
    endloop
  endfacet
  facet normal 0 0 1
    outer loop
      vertex -70.0472 46.0035 18
      vertex -75.973 67.1962 18
      vertex -70.1762 45.9501 18
    endloop
  endfacet
  facet normal -0 0 1
    outer loop
      vertex -87.8209 60.3558 18
      vertex -70.6314 45.6314 18
      vertex -86.6421 61.6421 18
    endloop
  endfacet
  facet normal -0 0 1
    outer loop
      vertex -86.6421 61.6421 18
      vertex -70.6314 45.6314 18
      vertex -85.3558 62.8209 18
    endloop
  endfacet
  facet normal 0 0 1
    outer loop
      vertex -70.5285 45.7257 18
      vertex -85.3558 62.8209 18
      vertex -70.6314 45.6314 18
    endloop
  endfacet
  facet normal -0 0 1
    outer loop
      vertex -85.3558 62.8209 18
      vertex -70.5285 45.7257 18
      vertex -83.9715 63.883 18
    endloop
  endfacet
  facet normal 0 0 1
    outer loop
      vertex -70.4177 45.8106 18
      vertex -83.9715 63.883 18
      vertex -70.5285 45.7257 18
    endloop
  endfacet
  facet normal -0 0 1
    outer loop
      vertex -83.9715 63.883 18
      vertex -70.4177 45.8106 18
      vertex -82.5 64.8205 18
    endloop
  endfacet
  facet normal -0 0 1
    outer loop
      vertex -82.5 64.8205 18
      vertex -70.4177 45.8106 18
      vertex -80.9524 65.6262 18
    endloop
  endfacet
  facet normal 0 0 1
    outer loop
      vertex -70.3 45.8856 18
      vertex -80.9524 65.6262 18
      vertex -70.4177 45.8106 18
    endloop
  endfacet
  facet normal -0 0 1
    outer loop
      vertex -80.9524 65.6262 18
      vertex -70.3 45.8856 18
      vertex -79.3404 66.2939 18
    endloop
  endfacet
  facet normal 0 0 1
    outer loop
      vertex -70.1762 45.9501 18
      vertex -79.3404 66.2939 18
      vertex -70.3 45.8856 18
    endloop
  endfacet
  facet normal -0 0 1
    outer loop
      vertex -79.3404 66.2939 18
      vertex -70.1762 45.9501 18
      vertex -77.6764 66.8185 18
    endloop
  endfacet
  facet normal -0 0 1
    outer loop
      vertex -77.6764 66.8185 18
      vertex -70.1762 45.9501 18
      vertex -75.973 67.1962 18
    endloop
  endfacet
  facet normal 0 0 1
    outer loop
      vertex -67.9061 44.3605 18
      vertex -67.8274 44.3705 18
      vertex -67.9 44.5 18
    endloop
  endfacet
  facet normal 0 0 1
    outer loop
      vertex -67.9243 44.2222 18
      vertex -67.8274 44.3705 18
      vertex -67.9061 44.3605 18
    endloop
  endfacet
  facet normal 0 0 1
    outer loop
      vertex -67.9545 44.0859 18
      vertex -67.8274 44.3705 18
      vertex -67.9243 44.2222 18
    endloop
  endfacet
  facet normal -0 0 1
    outer loop
      vertex -67.9545 44.0859 18
      vertex -67.9785 43.6892 18
      vertex -67.8274 44.3705 18
    endloop
  endfacet
  facet normal -0 0 1
    outer loop
      vertex -67.9965 43.9528 18
      vertex -67.9785 43.6892 18
      vertex -67.9545 44.0859 18
    endloop
  endfacet
  facet normal -0 0 1
    outer loop
      vertex -68.0499 43.8238 18
      vertex -67.9785 43.6892 18
      vertex -67.9965 43.9528 18
    endloop
  endfacet
  facet normal -0 0 1
    outer loop
      vertex -68.1144 43.7 18
      vertex -67.9785 43.6892 18
      vertex -68.0499 43.8238 18
    endloop
  endfacet
  facet normal 0 0 1
    outer loop
      vertex -68.1894 43.5823 18
      vertex -67.9785 43.6892 18
      vertex -68.1144 43.7 18
    endloop
  endfacet
  facet normal -0 0 1
    outer loop
      vertex -68.2743 43.4715 18
      vertex -68.0695 42.9972 18
      vertex -68.1894 43.5823 18
    endloop
  endfacet
  facet normal 0 0 1
    outer loop
      vertex -67.9785 43.6892 18
      vertex -68.1894 43.5823 18
      vertex -68.0695 42.9972 18
    endloop
  endfacet
  facet normal 0 0 1
    outer loop
      vertex -67.8274 -44.3705 18
      vertex -67.9061 -44.3605 18
      vertex -67.9 -44.5 18
    endloop
  endfacet
  facet normal 0 0 1
    outer loop
      vertex -67.8274 -44.3705 18
      vertex -67.9243 -44.2222 18
      vertex -67.9061 -44.3605 18
    endloop
  endfacet
  facet normal 0 0 1
    outer loop
      vertex -67.8274 -44.3705 18
      vertex -67.9545 -44.0859 18
      vertex -67.9243 -44.2222 18
    endloop
  endfacet
  facet normal 0 0 1
    outer loop
      vertex -67.9785 -43.6892 18
      vertex -67.9545 -44.0859 18
      vertex -67.8274 -44.3705 18
    endloop
  endfacet
  facet normal 0 0 1
    outer loop
      vertex -67.9785 -43.6892 18
      vertex -67.9965 -43.9528 18
      vertex -67.9545 -44.0859 18
    endloop
  endfacet
  facet normal 0 0 1
    outer loop
      vertex -67.9785 -43.6892 18
      vertex -68.0499 -43.8238 18
      vertex -67.9965 -43.9528 18
    endloop
  endfacet
  facet normal -0 0 1
    outer loop
      vertex -68.1894 -43.5823 18
      vertex -67.9785 -43.6892 18
      vertex -68.0695 -42.9972 18
    endloop
  endfacet
  facet normal 0 0 1
    outer loop
      vertex -68.7 -43.1144 18
      vertex -68.0695 -42.9972 18
      vertex -68.1 -42.3 18
    endloop
  endfacet
  facet normal 0 0 1
    outer loop
      vertex -67.9785 -43.6892 18
      vertex -68.1144 -43.7 18
      vertex -68.0499 -43.8238 18
    endloop
  endfacet
  facet normal -0 0 1
    outer loop
      vertex -68.3686 43.3686 18
      vertex -68.0695 42.9972 18
      vertex -68.2743 43.4715 18
    endloop
  endfacet
  facet normal -0 0 1
    outer loop
      vertex -68.4715 43.2743 18
      vertex -68.0695 42.9972 18
      vertex -68.3686 43.3686 18
    endloop
  endfacet
  facet normal 0 0 1
    outer loop
      vertex -67.9785 -43.6892 18
      vertex -68.1894 -43.5823 18
      vertex -68.1144 -43.7 18
    endloop
  endfacet
  facet normal -0 0 1
    outer loop
      vertex -68.5823 43.1894 18
      vertex -68.0695 42.9972 18
      vertex -68.4715 43.2743 18
    endloop
  endfacet
  facet normal 0 0 1
    outer loop
      vertex -68.0695 -42.9972 18
      vertex -68.2743 -43.4715 18
      vertex -68.1894 -43.5823 18
    endloop
  endfacet
  facet normal -0 0 1
    outer loop
      vertex -68.7 43.1144 18
      vertex -68.0695 42.9972 18
      vertex -68.5823 43.1894 18
    endloop
  endfacet
  facet normal 0 0 1
    outer loop
      vertex -68.0695 -42.9972 18
      vertex -68.3686 -43.3686 18
      vertex -68.2743 -43.4715 18
    endloop
  endfacet
  facet normal 0 0 1
    outer loop
      vertex -68.0695 42.9972 18
      vertex -68.7 43.1144 18
      vertex -68.1 42.3 18
    endloop
  endfacet
  facet normal 0 0 1
    outer loop
      vertex -68.0695 -42.9972 18
      vertex -68.4715 -43.2743 18
      vertex -68.3686 -43.3686 18
    endloop
  endfacet
  facet normal -0 0 1
    outer loop
      vertex -68.8238 43.0499 18
      vertex -68.1 42.3 18
      vertex -68.7 43.1144 18
    endloop
  endfacet
  facet normal 0 0 1
    outer loop
      vertex -68.0695 -42.9972 18
      vertex -68.5823 -43.1894 18
      vertex -68.4715 -43.2743 18
    endloop
  endfacet
  facet normal -0 0 1
    outer loop
      vertex -68.9528 42.9965 18
      vertex -68.1 42.3 18
      vertex -68.8238 43.0499 18
    endloop
  endfacet
  facet normal 0 0 1
    outer loop
      vertex -68.0695 -42.9972 18
      vertex -68.7 -43.1144 18
      vertex -68.5823 -43.1894 18
    endloop
  endfacet
  facet normal -0 0 1
    outer loop
      vertex -69.0859 42.9545 18
      vertex -68.1 42.3 18
      vertex -68.9528 42.9965 18
    endloop
  endfacet
  facet normal 0 0 1
    outer loop
      vertex -68.1 -42.3 18
      vertex -68.8238 -43.0499 18
      vertex -68.7 -43.1144 18
    endloop
  endfacet
  facet normal -0 0 1
    outer loop
      vertex -69.2222 42.9243 18
      vertex -68.1 42.3 18
      vertex -69.0859 42.9545 18
    endloop
  endfacet
  facet normal 0 0 1
    outer loop
      vertex -68.1 -42.3 18
      vertex -68.9528 -42.9965 18
      vertex -68.8238 -43.0499 18
    endloop
  endfacet
  facet normal -0 0 1
    outer loop
      vertex -69.3605 42.9061 18
      vertex -68.1 42.3 18
      vertex -69.2222 42.9243 18
    endloop
  endfacet
  facet normal 0 0 1
    outer loop
      vertex -68.1 -42.3 18
      vertex -69.0859 -42.9545 18
      vertex -68.9528 -42.9965 18
    endloop
  endfacet
  facet normal -0 0 1
    outer loop
      vertex -69.5 42.9 18
      vertex -68.1 42.3 18
      vertex -69.3605 42.9061 18
    endloop
  endfacet
  facet normal 0 0 1
    outer loop
      vertex -68.1 -42.3 18
      vertex -69.2222 -42.9243 18
      vertex -69.0859 -42.9545 18
    endloop
  endfacet
  facet normal 0 0 1
    outer loop
      vertex -69.6395 42.9061 18
      vertex -68.1 42.3 18
      vertex -69.5 42.9 18
    endloop
  endfacet
  facet normal 0 0 1
    outer loop
      vertex -68.1 -42.3 18
      vertex -69.3605 -42.9061 18
      vertex -69.2222 -42.9243 18
    endloop
  endfacet
  facet normal 0 0 1
    outer loop
      vertex -69.7778 42.9243 18
      vertex -68.1 42.3 18
      vertex -69.6395 42.9061 18
    endloop
  endfacet
  facet normal 0 0 1
    outer loop
      vertex -68.1 -42.3 18
      vertex -69.5 -42.9 18
      vertex -69.3605 -42.9061 18
    endloop
  endfacet
  facet normal 0 0 1
    outer loop
      vertex -69.9141 42.9545 18
      vertex -68.1 42.3 18
      vertex -69.7778 42.9243 18
    endloop
  endfacet
  facet normal 0 0 1
    outer loop
      vertex -68.1 -42.3 18
      vertex -69.6395 -42.9061 18
      vertex -69.5 -42.9 18
    endloop
  endfacet
  facet normal 0 0 1
    outer loop
      vertex -70.0472 42.9965 18
      vertex -68.1 42.3 18
      vertex -69.9141 42.9545 18
    endloop
  endfacet
  facet normal 0 0 1
    outer loop
      vertex -68.1 -42.3 18
      vertex -69.7778 -42.9243 18
      vertex -69.6395 -42.9061 18
    endloop
  endfacet
  facet normal 0 0 1
    outer loop
      vertex -68.1 42.3 18
      vertex -70.0472 42.9965 18
      vertex -68.1 -42.3 18
    endloop
  endfacet
  facet normal 0 0 1
    outer loop
      vertex -68.1 -42.3 18
      vertex -69.9141 -42.9545 18
      vertex -69.7778 -42.9243 18
    endloop
  endfacet
  facet normal 0 0 1
    outer loop
      vertex -70.0472 -42.9965 18
      vertex -68.1 -42.3 18
      vertex -70.0472 42.9965 18
    endloop
  endfacet
  facet normal 0 0 1
    outer loop
      vertex -68.1 -42.3 18
      vertex -70.0472 -42.9965 18
      vertex -69.9141 -42.9545 18
    endloop
  endfacet
  facet normal 0 0 1
    outer loop
      vertex -70.1762 43.0499 18
      vertex -70.0472 -42.9965 18
      vertex -70.0472 42.9965 18
    endloop
  endfacet
  facet normal 0 0 1
    outer loop
      vertex -70.1762 43.0499 18
      vertex -70.1762 -43.0499 18
      vertex -70.0472 -42.9965 18
    endloop
  endfacet
  facet normal 0 0 1
    outer loop
      vertex -70.3 43.1144 18
      vertex -70.1762 -43.0499 18
      vertex -70.1762 43.0499 18
    endloop
  endfacet
  facet normal 0 0 1
    outer loop
      vertex -70.3 43.1144 18
      vertex -70.3 -43.1144 18
      vertex -70.1762 -43.0499 18
    endloop
  endfacet
  facet normal 0 0 1
    outer loop
      vertex -70.4177 43.1894 18
      vertex -70.3 -43.1144 18
      vertex -70.3 43.1144 18
    endloop
  endfacet
  facet normal 0 0 1
    outer loop
      vertex -70.4177 43.1894 18
      vertex -70.4177 -43.1894 18
      vertex -70.3 -43.1144 18
    endloop
  endfacet
  facet normal 0 0 1
    outer loop
      vertex -70.5285 43.2743 18
      vertex -70.4177 -43.1894 18
      vertex -70.4177 43.1894 18
    endloop
  endfacet
  facet normal 0 0 1
    outer loop
      vertex -70.5285 43.2743 18
      vertex -70.5285 -43.2743 18
      vertex -70.4177 -43.1894 18
    endloop
  endfacet
  facet normal 0 0 1
    outer loop
      vertex -70.6314 43.3686 18
      vertex -70.5285 -43.2743 18
      vertex -70.5285 43.2743 18
    endloop
  endfacet
  facet normal 0 0 1
    outer loop
      vertex -70.6314 43.3686 18
      vertex -70.6314 -43.3686 18
      vertex -70.5285 -43.2743 18
    endloop
  endfacet
  facet normal 0 0 1
    outer loop
      vertex -70.7257 43.4715 18
      vertex -70.6314 -43.3686 18
      vertex -70.6314 43.3686 18
    endloop
  endfacet
  facet normal 0 0 1
    outer loop
      vertex -70.7257 43.4715 18
      vertex -70.7257 -43.4715 18
      vertex -70.6314 -43.3686 18
    endloop
  endfacet
  facet normal 0 0 1
    outer loop
      vertex -70.8106 43.5823 18
      vertex -70.7257 -43.4715 18
      vertex -70.7257 43.4715 18
    endloop
  endfacet
  facet normal 0 0 1
    outer loop
      vertex -70.8106 43.5823 18
      vertex -70.8106 -43.5823 18
      vertex -70.7257 -43.4715 18
    endloop
  endfacet
  facet normal 0 0 1
    outer loop
      vertex -70.8856 43.7 18
      vertex -70.8106 -43.5823 18
      vertex -70.8106 43.5823 18
    endloop
  endfacet
  facet normal 0 0 1
    outer loop
      vertex -70.8856 43.7 18
      vertex -70.8856 -43.7 18
      vertex -70.8106 -43.5823 18
    endloop
  endfacet
  facet normal 0 0 1
    outer loop
      vertex -70.9501 43.8238 18
      vertex -70.8856 -43.7 18
      vertex -70.8856 43.7 18
    endloop
  endfacet
  facet normal 0 0 1
    outer loop
      vertex -70.9501 43.8238 18
      vertex -70.9501 -43.8238 18
      vertex -70.8856 -43.7 18
    endloop
  endfacet
  facet normal 0 0 1
    outer loop
      vertex -71.0035 43.9528 18
      vertex -70.9501 -43.8238 18
      vertex -70.9501 43.8238 18
    endloop
  endfacet
  facet normal 0 0 1
    outer loop
      vertex -71.0035 43.9528 18
      vertex -71.0035 -43.9528 18
      vertex -70.9501 -43.8238 18
    endloop
  endfacet
  facet normal 0 0 1
    outer loop
      vertex -71.0455 44.0859 18
      vertex -71.0035 -43.9528 18
      vertex -71.0035 43.9528 18
    endloop
  endfacet
  facet normal 0 0 1
    outer loop
      vertex -71.0455 44.0859 18
      vertex -71.0455 -44.0859 18
      vertex -71.0035 -43.9528 18
    endloop
  endfacet
  facet normal 0 0 1
    outer loop
      vertex -71.0757 44.2222 18
      vertex -71.0455 -44.0859 18
      vertex -71.0455 44.0859 18
    endloop
  endfacet
  facet normal 0 0 1
    outer loop
      vertex -71.0757 44.2222 18
      vertex -71.0757 -44.2222 18
      vertex -71.0455 -44.0859 18
    endloop
  endfacet
  facet normal 0 0 1
    outer loop
      vertex -71.0939 44.3605 18
      vertex -71.0757 -44.2222 18
      vertex -71.0757 44.2222 18
    endloop
  endfacet
  facet normal 0 0 1
    outer loop
      vertex -71.0939 44.3605 18
      vertex -71.0939 -44.3605 18
      vertex -71.0757 -44.2222 18
    endloop
  endfacet
  facet normal 0 0 1
    outer loop
      vertex -71.1 44.5 18
      vertex -71.0939 -44.3605 18
      vertex -71.0939 44.3605 18
    endloop
  endfacet
  facet normal 0 0 1
    outer loop
      vertex -71.0939 -44.3605 18
      vertex -71.1 44.5 18
      vertex -71.1 -44.5 18
    endloop
  endfacet
  facet normal 0 0 1
    outer loop
      vertex 71.0455 44.0859 18
      vertex 92.5 47.5 18
      vertex 71.0757 44.2222 18
    endloop
  endfacet
  facet normal 0 0 1
    outer loop
      vertex 92.5 -47.5 18
      vertex 71.0939 -44.3605 18
      vertex 71.1 -44.5 18
    endloop
  endfacet
  facet normal 0 0 1
    outer loop
      vertex 71.0035 43.9528 18
      vertex 92.5 47.5 18
      vertex 71.0455 44.0859 18
    endloop
  endfacet
  facet normal 0 0 1
    outer loop
      vertex 92.5 -47.5 18
      vertex 71.0757 -44.2222 18
      vertex 71.0939 -44.3605 18
    endloop
  endfacet
  facet normal 0 0 1
    outer loop
      vertex 70.9501 43.8238 18
      vertex 92.5 47.5 18
      vertex 71.0035 43.9528 18
    endloop
  endfacet
  facet normal 0 0 1
    outer loop
      vertex 92.5 -47.5 18
      vertex 71.0455 -44.0859 18
      vertex 71.0757 -44.2222 18
    endloop
  endfacet
  facet normal 0 0 1
    outer loop
      vertex 70.8856 43.7 18
      vertex 92.5 47.5 18
      vertex 70.9501 43.8238 18
    endloop
  endfacet
  facet normal 0 0 1
    outer loop
      vertex 92.5 -47.5 18
      vertex 71.0035 -43.9528 18
      vertex 71.0455 -44.0859 18
    endloop
  endfacet
  facet normal 0 0 1
    outer loop
      vertex 70.8106 43.5823 18
      vertex 92.5 47.5 18
      vertex 70.8856 43.7 18
    endloop
  endfacet
  facet normal 0 0 1
    outer loop
      vertex 92.5 -47.5 18
      vertex 70.9501 -43.8238 18
      vertex 71.0035 -43.9528 18
    endloop
  endfacet
  facet normal 0 0 1
    outer loop
      vertex 70.7257 43.4715 18
      vertex 92.5 47.5 18
      vertex 70.8106 43.5823 18
    endloop
  endfacet
  facet normal 0 0 1
    outer loop
      vertex 92.5 -47.5 18
      vertex 70.8856 -43.7 18
      vertex 70.9501 -43.8238 18
    endloop
  endfacet
  facet normal 0 0 1
    outer loop
      vertex 70.6314 43.3686 18
      vertex 92.5 47.5 18
      vertex 70.7257 43.4715 18
    endloop
  endfacet
  facet normal 0 0 1
    outer loop
      vertex 92.5 -47.5 18
      vertex 70.8106 -43.5823 18
      vertex 70.8856 -43.7 18
    endloop
  endfacet
  facet normal 0 0 1
    outer loop
      vertex 70.5285 43.2743 18
      vertex 92.5 47.5 18
      vertex 70.6314 43.3686 18
    endloop
  endfacet
  facet normal 0 0 1
    outer loop
      vertex 92.5 -47.5 18
      vertex 70.7257 -43.4715 18
      vertex 70.8106 -43.5823 18
    endloop
  endfacet
  facet normal 0 0 1
    outer loop
      vertex 70.4177 43.1894 18
      vertex 92.5 47.5 18
      vertex 70.5285 43.2743 18
    endloop
  endfacet
  facet normal 0 0 1
    outer loop
      vertex 92.5 -47.5 18
      vertex 70.6314 -43.3686 18
      vertex 70.7257 -43.4715 18
    endloop
  endfacet
  facet normal 0 0 1
    outer loop
      vertex 70.3 43.1144 18
      vertex 92.5 47.5 18
      vertex 70.4177 43.1894 18
    endloop
  endfacet
  facet normal 0 0 1
    outer loop
      vertex 92.5 -47.5 18
      vertex 70.5285 -43.2743 18
      vertex 70.6314 -43.3686 18
    endloop
  endfacet
  facet normal 0 0 1
    outer loop
      vertex 70.1762 43.0499 18
      vertex 92.5 47.5 18
      vertex 70.3 43.1144 18
    endloop
  endfacet
  facet normal 0 0 1
    outer loop
      vertex 92.5 -47.5 18
      vertex 70.4177 -43.1894 18
      vertex 70.5285 -43.2743 18
    endloop
  endfacet
  facet normal 0 0 1
    outer loop
      vertex 92.5 47.5 18
      vertex 70.1762 43.0499 18
      vertex 92.5 -47.5 18
    endloop
  endfacet
  facet normal 0 0 1
    outer loop
      vertex 92.5 -47.5 18
      vertex 70.3 -43.1144 18
      vertex 70.4177 -43.1894 18
    endloop
  endfacet
  facet normal -0 0 1
    outer loop
      vertex 70.1762 -43.0499 18
      vertex 92.5 -47.5 18
      vertex 70.1762 43.0499 18
    endloop
  endfacet
  facet normal 0 0 1
    outer loop
      vertex 92.5 -47.5 18
      vertex 70.1762 -43.0499 18
      vertex 70.3 -43.1144 18
    endloop
  endfacet
  facet normal -0 0 1
    outer loop
      vertex 70.0472 42.9965 18
      vertex 70.1762 -43.0499 18
      vertex 70.1762 43.0499 18
    endloop
  endfacet
  facet normal 0 0 1
    outer loop
      vertex 70.0472 42.9965 18
      vertex 70.0472 -42.9965 18
      vertex 70.1762 -43.0499 18
    endloop
  endfacet
  facet normal 0 0 1
    outer loop
      vertex 68.1 42.3 18
      vertex 70.0472 42.9965 18
      vertex 69.9141 42.9545 18
    endloop
  endfacet
  facet normal 0 0 1
    outer loop
      vertex 70.0472 42.9965 18
      vertex 68.1 42.3 18
      vertex 70.0472 -42.9965 18
    endloop
  endfacet
  facet normal 0 0 1
    outer loop
      vertex 68.1 42.3 18
      vertex 69.9141 42.9545 18
      vertex 69.7778 42.9243 18
    endloop
  endfacet
  facet normal -0 0 1
    outer loop
      vertex 68.1 -42.3 18
      vertex 70.0472 -42.9965 18
      vertex 68.1 42.3 18
    endloop
  endfacet
  facet normal 0 0 1
    outer loop
      vertex 68.1 42.3 18
      vertex 69.7778 42.9243 18
      vertex 69.6395 42.9061 18
    endloop
  endfacet
  facet normal 0 0 1
    outer loop
      vertex 70.0472 -42.9965 18
      vertex 68.1 -42.3 18
      vertex 69.9141 -42.9545 18
    endloop
  endfacet
  facet normal 0 0 1
    outer loop
      vertex 68.1 42.3 18
      vertex 69.6395 42.9061 18
      vertex 69.5 42.9 18
    endloop
  endfacet
  facet normal 0 0 1
    outer loop
      vertex 69.9141 -42.9545 18
      vertex 68.1 -42.3 18
      vertex 69.7778 -42.9243 18
    endloop
  endfacet
  facet normal 0 0 1
    outer loop
      vertex 68.1 42.3 18
      vertex 69.5 42.9 18
      vertex 69.3605 42.9061 18
    endloop
  endfacet
  facet normal 0 0 1
    outer loop
      vertex 69.7778 -42.9243 18
      vertex 68.1 -42.3 18
      vertex 69.6395 -42.9061 18
    endloop
  endfacet
  facet normal 0 0 1
    outer loop
      vertex 68.1 42.3 18
      vertex 69.3605 42.9061 18
      vertex 69.2222 42.9243 18
    endloop
  endfacet
  facet normal 0 0 1
    outer loop
      vertex 69.6395 -42.9061 18
      vertex 68.1 -42.3 18
      vertex 69.5 -42.9 18
    endloop
  endfacet
  facet normal 0 0 1
    outer loop
      vertex 68.1 42.3 18
      vertex 69.2222 42.9243 18
      vertex 69.0859 42.9545 18
    endloop
  endfacet
  facet normal 0 0 1
    outer loop
      vertex 69.5 -42.9 18
      vertex 68.1 -42.3 18
      vertex 69.3605 -42.9061 18
    endloop
  endfacet
  facet normal 0 0 1
    outer loop
      vertex 68.1 42.3 18
      vertex 69.0859 42.9545 18
      vertex 68.9528 42.9965 18
    endloop
  endfacet
  facet normal 0 0 1
    outer loop
      vertex 69.3605 -42.9061 18
      vertex 68.1 -42.3 18
      vertex 69.2222 -42.9243 18
    endloop
  endfacet
  facet normal 0 0 1
    outer loop
      vertex 68.1 42.3 18
      vertex 68.9528 42.9965 18
      vertex 68.8238 43.0499 18
    endloop
  endfacet
  facet normal 0 0 1
    outer loop
      vertex 69.2222 -42.9243 18
      vertex 68.1 -42.3 18
      vertex 69.0859 -42.9545 18
    endloop
  endfacet
  facet normal 0 0 1
    outer loop
      vertex 68.1 42.3 18
      vertex 68.8238 43.0499 18
      vertex 68.7 43.1144 18
    endloop
  endfacet
  facet normal 0 0 1
    outer loop
      vertex 69.0859 -42.9545 18
      vertex 68.1 -42.3 18
      vertex 68.9528 -42.9965 18
    endloop
  endfacet
  facet normal 0 0 1
    outer loop
      vertex 68.0695 42.9972 18
      vertex 68.7 43.1144 18
      vertex 68.5823 43.1894 18
    endloop
  endfacet
  facet normal 0 0 1
    outer loop
      vertex 68.9528 -42.9965 18
      vertex 68.1 -42.3 18
      vertex 68.8238 -43.0499 18
    endloop
  endfacet
  facet normal 0 0 1
    outer loop
      vertex 68.0695 42.9972 18
      vertex 68.5823 43.1894 18
      vertex 68.4715 43.2743 18
    endloop
  endfacet
  facet normal 0 0 1
    outer loop
      vertex 68.8238 -43.0499 18
      vertex 68.1 -42.3 18
      vertex 68.7 -43.1144 18
    endloop
  endfacet
  facet normal 0 0 1
    outer loop
      vertex 68.0695 42.9972 18
      vertex 68.4715 43.2743 18
      vertex 68.3686 43.3686 18
    endloop
  endfacet
  facet normal -0 0 1
    outer loop
      vertex 68.0695 -42.9972 18
      vertex 68.7 -43.1144 18
      vertex 68.1 -42.3 18
    endloop
  endfacet
  facet normal 0 0 1
    outer loop
      vertex 68.0695 42.9972 18
      vertex 68.3686 43.3686 18
      vertex 68.2743 43.4715 18
    endloop
  endfacet
  facet normal 0 0 1
    outer loop
      vertex 68.7 -43.1144 18
      vertex 68.0695 -42.9972 18
      vertex 68.5823 -43.1894 18
    endloop
  endfacet
  facet normal 0 0 1
    outer loop
      vertex 68.0695 42.9972 18
      vertex 68.2743 43.4715 18
      vertex 68.1894 43.5823 18
    endloop
  endfacet
  facet normal 0 0 1
    outer loop
      vertex 68.5823 -43.1894 18
      vertex 68.0695 -42.9972 18
      vertex 68.4715 -43.2743 18
    endloop
  endfacet
  facet normal -0 0 1
    outer loop
      vertex 67.9785 43.6892 18
      vertex 68.1894 43.5823 18
      vertex 68.1144 43.7 18
    endloop
  endfacet
  facet normal 0 0 1
    outer loop
      vertex 68.4715 -43.2743 18
      vertex 68.0695 -42.9972 18
      vertex 68.3686 -43.3686 18
    endloop
  endfacet
  facet normal 0 0 1
    outer loop
      vertex 68.3686 -43.3686 18
      vertex 68.0695 -42.9972 18
      vertex 68.2743 -43.4715 18
    endloop
  endfacet
  facet normal 0 0 1
    outer loop
      vertex 68.7 43.1144 18
      vertex 68.0695 42.9972 18
      vertex 68.1 42.3 18
    endloop
  endfacet
  facet normal 0 0 1
    outer loop
      vertex 67.9785 43.6892 18
      vertex 68.1144 43.7 18
      vertex 68.0499 43.8238 18
    endloop
  endfacet
  facet normal 0 0 1
    outer loop
      vertex 67.9785 43.6892 18
      vertex 68.0499 43.8238 18
      vertex 67.9965 43.9528 18
    endloop
  endfacet
  facet normal 0 0 1
    outer loop
      vertex 68.1894 43.5823 18
      vertex 67.9785 43.6892 18
      vertex 68.0695 42.9972 18
    endloop
  endfacet
  facet normal 0 0 1
    outer loop
      vertex 67.9545 44.0859 18
      vertex 67.9785 43.6892 18
      vertex 67.9965 43.9528 18
    endloop
  endfacet
  facet normal 0 0 1
    outer loop
      vertex 67.8274 44.3705 18
      vertex 67.9545 44.0859 18
      vertex 67.9243 44.2222 18
    endloop
  endfacet
  facet normal 0 0 1
    outer loop
      vertex 67.8274 44.3705 18
      vertex 67.9243 44.2222 18
      vertex 67.9061 44.3605 18
    endloop
  endfacet
  facet normal 0 0 1
    outer loop
      vertex 67.9545 44.0859 18
      vertex 67.8274 44.3705 18
      vertex 67.9785 43.6892 18
    endloop
  endfacet
  facet normal -0 0 1
    outer loop
      vertex 67.8274 44.3705 18
      vertex 67.9061 44.3605 18
      vertex 67.9 44.5 18
    endloop
  endfacet
  facet normal 0 0 1
    outer loop
      vertex 71.0455 44.9141 18
      vertex 92.5 47.5 18
      vertex 92.4239 49.2431 18
    endloop
  endfacet
  facet normal 0 0 1
    outer loop
      vertex 71.0939 44.3605 18
      vertex 92.5 47.5 18
      vertex 71.1 44.5 18
    endloop
  endfacet
  facet normal 0 0 1
    outer loop
      vertex 71.0035 45.0472 18
      vertex 92.4239 49.2431 18
      vertex 92.1962 50.973 18
    endloop
  endfacet
  facet normal 0 0 1
    outer loop
      vertex 71.0757 44.2222 18
      vertex 92.5 47.5 18
      vertex 71.0939 44.3605 18
    endloop
  endfacet
  facet normal 0 0 1
    outer loop
      vertex 71.0035 45.0472 18
      vertex 92.1962 50.973 18
      vertex 91.8185 52.6764 18
    endloop
  endfacet
  facet normal -0 0 1
    outer loop
      vertex 71.0939 -44.6395 18
      vertex 92.5 -47.5 18
      vertex 71.1 -44.5 18
    endloop
  endfacet
  facet normal 0 0 1
    outer loop
      vertex 70.9501 45.1762 18
      vertex 91.8185 52.6764 18
      vertex 91.2939 54.3404 18
    endloop
  endfacet
  facet normal -0 0 1
    outer loop
      vertex 71.0757 -44.7778 18
      vertex 92.5 -47.5 18
      vertex 71.0939 -44.6395 18
    endloop
  endfacet
  facet normal 0 0 1
    outer loop
      vertex 70.8856 45.3 18
      vertex 91.2939 54.3404 18
      vertex 90.6262 55.9524 18
    endloop
  endfacet
  facet normal -0 0 1
    outer loop
      vertex 71.0455 -44.9141 18
      vertex 92.5 -47.5 18
      vertex 71.0757 -44.7778 18
    endloop
  endfacet
  facet normal 0 0 1
    outer loop
      vertex 70.8106 45.4177 18
      vertex 90.6262 55.9524 18
      vertex 89.8205 57.5 18
    endloop
  endfacet
  facet normal 0 0 1
    outer loop
      vertex 92.5 -47.5 18
      vertex 71.0455 -44.9141 18
      vertex 92.4239 -49.2431 18
    endloop
  endfacet
  facet normal 0 0 1
    outer loop
      vertex 70.8106 45.4177 18
      vertex 89.8205 57.5 18
      vertex 88.883 58.9715 18
    endloop
  endfacet
  facet normal -0 0 1
    outer loop
      vertex 71.0035 -45.0472 18
      vertex 92.4239 -49.2431 18
      vertex 71.0455 -44.9141 18
    endloop
  endfacet
  facet normal 0 0 1
    outer loop
      vertex 70.7257 45.5285 18
      vertex 88.883 58.9715 18
      vertex 87.8209 60.3558 18
    endloop
  endfacet
  facet normal 0 0 1
    outer loop
      vertex 92.4239 -49.2431 18
      vertex 71.0035 -45.0472 18
      vertex 92.1962 -50.973 18
    endloop
  endfacet
  facet normal 0 0 1
    outer loop
      vertex 70.6314 45.6314 18
      vertex 87.8209 60.3558 18
      vertex 86.6421 61.6421 18
    endloop
  endfacet
  facet normal 0 0 1
    outer loop
      vertex 92.1962 -50.973 18
      vertex 71.0035 -45.0472 18
      vertex 91.8185 -52.6764 18
    endloop
  endfacet
  facet normal 0 0 1
    outer loop
      vertex 70.6314 45.6314 18
      vertex 86.6421 61.6421 18
      vertex 85.3558 62.8209 18
    endloop
  endfacet
  facet normal -0 0 1
    outer loop
      vertex 70.9501 -45.1762 18
      vertex 91.8185 -52.6764 18
      vertex 71.0035 -45.0472 18
    endloop
  endfacet
  facet normal 0 0 1
    outer loop
      vertex 70.5285 45.7257 18
      vertex 85.3558 62.8209 18
      vertex 83.9715 63.883 18
    endloop
  endfacet
  facet normal 0 0 1
    outer loop
      vertex 91.8185 -52.6764 18
      vertex 70.9501 -45.1762 18
      vertex 91.2939 -54.3404 18
    endloop
  endfacet
  facet normal 0 0 1
    outer loop
      vertex 70.4177 45.8106 18
      vertex 83.9715 63.883 18
      vertex 82.5 64.8205 18
    endloop
  endfacet
  facet normal -0 0 1
    outer loop
      vertex 70.8856 -45.3 18
      vertex 91.2939 -54.3404 18
      vertex 70.9501 -45.1762 18
    endloop
  endfacet
  facet normal 0 0 1
    outer loop
      vertex 70.4177 45.8106 18
      vertex 82.5 64.8205 18
      vertex 80.9524 65.6262 18
    endloop
  endfacet
  facet normal 0 0 1
    outer loop
      vertex 91.2939 -54.3404 18
      vertex 70.8856 -45.3 18
      vertex 90.6262 -55.9524 18
    endloop
  endfacet
  facet normal 0 0 1
    outer loop
      vertex 70.3 45.8856 18
      vertex 80.9524 65.6262 18
      vertex 79.3404 66.2939 18
    endloop
  endfacet
  facet normal -0 0 1
    outer loop
      vertex 70.8106 -45.4177 18
      vertex 90.6262 -55.9524 18
      vertex 70.8856 -45.3 18
    endloop
  endfacet
  facet normal 0 0 1
    outer loop
      vertex 70.1762 45.9501 18
      vertex 79.3404 66.2939 18
      vertex 77.6764 66.8185 18
    endloop
  endfacet
  facet normal 0 0 1
    outer loop
      vertex 90.6262 -55.9524 18
      vertex 70.8106 -45.4177 18
      vertex 89.8205 -57.5 18
    endloop
  endfacet
  facet normal 0 0 1
    outer loop
      vertex 70.1762 45.9501 18
      vertex 77.6764 66.8185 18
      vertex 75.973 67.1962 18
    endloop
  endfacet
  facet normal 0 0 1
    outer loop
      vertex 89.8205 -57.5 18
      vertex 70.8106 -45.4177 18
      vertex 88.883 -58.9715 18
    endloop
  endfacet
  facet normal 0 0 1
    outer loop
      vertex 70.0472 46.0035 18
      vertex 75.973 67.1962 18
      vertex 74.2431 67.4239 18
    endloop
  endfacet
  facet normal -0 0 1
    outer loop
      vertex 70.7257 -45.5285 18
      vertex 88.883 -58.9715 18
      vertex 70.8106 -45.4177 18
    endloop
  endfacet
  facet normal 0 0 1
    outer loop
      vertex 69.9141 46.0455 18
      vertex 74.2431 67.4239 18
      vertex 72.5 67.5 18
    endloop
  endfacet
  facet normal 0 0 1
    outer loop
      vertex 88.883 -58.9715 18
      vertex 70.7257 -45.5285 18
      vertex 87.8209 -60.3558 18
    endloop
  endfacet
  facet normal -0 0 1
    outer loop
      vertex 70.6314 -45.6314 18
      vertex 87.8209 -60.3558 18
      vertex 70.7257 -45.5285 18
    endloop
  endfacet
  facet normal 0 0 1
    outer loop
      vertex 92.5 47.5 18
      vertex 71.0939 44.6395 18
      vertex 71.1 44.5 18
    endloop
  endfacet
  facet normal 0 0 1
    outer loop
      vertex 92.5 47.5 18
      vertex 71.0757 44.7778 18
      vertex 71.0939 44.6395 18
    endloop
  endfacet
  facet normal 0 0 1
    outer loop
      vertex 92.5 47.5 18
      vertex 71.0455 44.9141 18
      vertex 71.0757 44.7778 18
    endloop
  endfacet
  facet normal 0 0 1
    outer loop
      vertex 92.4239 49.2431 18
      vertex 71.0035 45.0472 18
      vertex 71.0455 44.9141 18
    endloop
  endfacet
  facet normal 0 0 1
    outer loop
      vertex 91.8185 52.6764 18
      vertex 70.9501 45.1762 18
      vertex 71.0035 45.0472 18
    endloop
  endfacet
  facet normal 0 0 1
    outer loop
      vertex 91.2939 54.3404 18
      vertex 70.8856 45.3 18
      vertex 70.9501 45.1762 18
    endloop
  endfacet
  facet normal 0 0 1
    outer loop
      vertex 90.6262 55.9524 18
      vertex 70.8106 45.4177 18
      vertex 70.8856 45.3 18
    endloop
  endfacet
  facet normal 0 0 1
    outer loop
      vertex 88.883 58.9715 18
      vertex 70.7257 45.5285 18
      vertex 70.8106 45.4177 18
    endloop
  endfacet
  facet normal 0 0 1
    outer loop
      vertex 87.8209 60.3558 18
      vertex 70.6314 45.6314 18
      vertex 70.7257 45.5285 18
    endloop
  endfacet
  facet normal 0 0 1
    outer loop
      vertex 85.3558 62.8209 18
      vertex 70.5285 45.7257 18
      vertex 70.6314 45.6314 18
    endloop
  endfacet
  facet normal 0 0 1
    outer loop
      vertex 83.9715 63.883 18
      vertex 70.4177 45.8106 18
      vertex 70.5285 45.7257 18
    endloop
  endfacet
  facet normal 0 0 1
    outer loop
      vertex 80.9524 65.6262 18
      vertex 70.3 45.8856 18
      vertex 70.4177 45.8106 18
    endloop
  endfacet
  facet normal 0 0 1
    outer loop
      vertex 79.3404 66.2939 18
      vertex 70.1762 45.9501 18
      vertex 70.3 45.8856 18
    endloop
  endfacet
  facet normal 0 0 1
    outer loop
      vertex 75.973 67.1962 18
      vertex 70.0472 46.0035 18
      vertex 70.1762 45.9501 18
    endloop
  endfacet
  facet normal 0 0 1
    outer loop
      vertex 74.2431 67.4239 18
      vertex 69.9141 46.0455 18
      vertex 70.0472 46.0035 18
    endloop
  endfacet
  facet normal -0 0 1
    outer loop
      vertex 65.2423 48.4283 18
      vertex 69.9141 46.0455 18
      vertex 72.5 67.5 18
    endloop
  endfacet
  facet normal 0 0 1
    outer loop
      vertex 69.9141 46.0455 18
      vertex 65.2423 48.4283 18
      vertex 69.7778 46.0757 18
    endloop
  endfacet
  facet normal -0 -0 1
    outer loop
      vertex 65.7569 47.9568 18
      vertex 69.7778 46.0757 18
      vertex 65.2423 48.4283 18
    endloop
  endfacet
  facet normal 0 0 1
    outer loop
      vertex 69.7778 46.0757 18
      vertex 65.7569 47.9568 18
      vertex 69.6395 46.0939 18
    endloop
  endfacet
  facet normal 0 0 1
    outer loop
      vertex 69.6395 46.0939 18
      vertex 65.7569 47.9568 18
      vertex 69.5 46.1 18
    endloop
  endfacet
  facet normal -0 -0 1
    outer loop
      vertex 66.2283 47.4423 18
      vertex 69.5 46.1 18
      vertex 65.7569 47.9568 18
    endloop
  endfacet
  facet normal 0 0 1
    outer loop
      vertex 69.5 46.1 18
      vertex 66.2283 47.4423 18
      vertex 69.3605 46.0939 18
    endloop
  endfacet
  facet normal -0 -0 1
    outer loop
      vertex 66.6532 46.8886 18
      vertex 69.2222 46.0757 18
      vertex 66.2283 47.4423 18
    endloop
  endfacet
  facet normal 0 0 1
    outer loop
      vertex 69.2222 46.0757 18
      vertex 66.6532 46.8886 18
      vertex 69.0859 46.0455 18
    endloop
  endfacet
  facet normal 0 0 1
    outer loop
      vertex 69.0859 46.0455 18
      vertex 66.6532 46.8886 18
      vertex 68.9528 46.0035 18
    endloop
  endfacet
  facet normal 0 0 1
    outer loop
      vertex 68.9528 46.0035 18
      vertex 66.6532 46.8886 18
      vertex 68.8238 45.9501 18
    endloop
  endfacet
  facet normal -0 -0 1
    outer loop
      vertex 67.0282 46.3 18
      vertex 68.8238 45.9501 18
      vertex 66.6532 46.8886 18
    endloop
  endfacet
  facet normal 0 0 1
    outer loop
      vertex 68.7 45.8856 18
      vertex 67.0282 46.3 18
      vertex 68.5823 45.8106 18
    endloop
  endfacet
  facet normal 0 0 1
    outer loop
      vertex 68.5823 45.8106 18
      vertex 67.0282 46.3 18
      vertex 68.4715 45.7257 18
    endloop
  endfacet
  facet normal 0 -0 1
    outer loop
      vertex 67.3504 45.6809 18
      vertex 68.4715 45.7257 18
      vertex 67.0282 46.3 18
    endloop
  endfacet
  facet normal 0 0 1
    outer loop
      vertex 68.3686 45.6314 18
      vertex 67.3504 45.6809 18
      vertex 68.2743 45.5285 18
    endloop
  endfacet
  facet normal 0 0 1
    outer loop
      vertex 68.2743 45.5285 18
      vertex 67.3504 45.6809 18
      vertex 68.1894 45.4177 18
    endloop
  endfacet
  facet normal 0 0 1
    outer loop
      vertex 68.1894 45.4177 18
      vertex 67.3504 45.6809 18
      vertex 68.1144 45.3 18
    endloop
  endfacet
  facet normal 0 0 1
    outer loop
      vertex 68.1144 45.3 18
      vertex 67.6175 45.0361 18
      vertex 68.0499 45.1762 18
    endloop
  endfacet
  facet normal 0 0 1
    outer loop
      vertex 67.9061 44.6395 18
      vertex 67.8274 44.3705 18
      vertex 67.9 44.5 18
    endloop
  endfacet
  facet normal 0 0 1
    outer loop
      vertex 67.6175 45.0361 18
      vertex 67.9061 44.6395 18
      vertex 67.9243 44.7778 18
    endloop
  endfacet
  facet normal 0 0 1
    outer loop
      vertex 68.0499 45.1762 18
      vertex 67.6175 45.0361 18
      vertex 67.9965 45.0472 18
    endloop
  endfacet
  facet normal 0 0 1
    outer loop
      vertex 67.9061 44.6395 18
      vertex 67.6175 45.0361 18
      vertex 67.8274 44.3705 18
    endloop
  endfacet
  facet normal 0 0 1
    outer loop
      vertex 67.9545 44.9141 18
      vertex 67.6175 45.0361 18
      vertex 67.9243 44.7778 18
    endloop
  endfacet
  facet normal 0 0 1
    outer loop
      vertex 67.9965 45.0472 18
      vertex 67.6175 45.0361 18
      vertex 67.9545 44.9141 18
    endloop
  endfacet
  facet normal 0 -0 1
    outer loop
      vertex 67.6175 45.0361 18
      vertex 68.1144 45.3 18
      vertex 67.3504 45.6809 18
    endloop
  endfacet
  facet normal 0 0 1
    outer loop
      vertex 68.4715 45.7257 18
      vertex 67.3504 45.6809 18
      vertex 68.3686 45.6314 18
    endloop
  endfacet
  facet normal 0 0 1
    outer loop
      vertex 68.8238 45.9501 18
      vertex 67.0282 46.3 18
      vertex 68.7 45.8856 18
    endloop
  endfacet
  facet normal 0 0 1
    outer loop
      vertex 69.3605 46.0939 18
      vertex 66.2283 47.4423 18
      vertex 69.2222 46.0757 18
    endloop
  endfacet
  facet normal 0 0 1
    outer loop
      vertex 72.5 67.5 18
      vertex 64.6886 48.8532 18
      vertex 65.2423 48.4283 18
    endloop
  endfacet
  facet normal 0 0 1
    outer loop
      vertex 72.5 67.5 18
      vertex 64.1 49.2282 18
      vertex 64.6886 48.8532 18
    endloop
  endfacet
  facet normal 0 0 1
    outer loop
      vertex 72.5 67.5 18
      vertex 63.4809 49.5504 18
      vertex 64.1 49.2282 18
    endloop
  endfacet
  facet normal 0 0 1
    outer loop
      vertex 72.5 67.5 18
      vertex 62.8362 49.8175 18
      vertex 63.4809 49.5504 18
    endloop
  endfacet
  facet normal 0 0 1
    outer loop
      vertex 72.5 67.5 18
      vertex 62.1705 50.0274 18
      vertex 62.8362 49.8175 18
    endloop
  endfacet
  facet normal -0 0 1
    outer loop
      vertex 57 67.5 18
      vertex 62.1705 50.0274 18
      vertex 72.5 67.5 18
    endloop
  endfacet
  facet normal 0 0 1
    outer loop
      vertex 62.1705 50.0274 18
      vertex 57 67.5 18
      vertex 61.4892 50.1785 18
    endloop
  endfacet
  facet normal 0 0 1
    outer loop
      vertex 61.4892 50.1785 18
      vertex 57 67.5 18
      vertex 60.7972 50.2695 18
    endloop
  endfacet
  facet normal 0 0 1
    outer loop
      vertex 60.7972 50.2695 18
      vertex 57 67.5 18
      vertex 60.1 50.3 18
    endloop
  endfacet
  facet normal 0 0 1
    outer loop
      vertex 60.1 50.3 18
      vertex 57 67.5 18
      vertex 57 50.3 18
    endloop
  endfacet
  facet normal 0 0 1
    outer loop
      vertex 87.8209 -60.3558 18
      vertex 70.6314 -45.6314 18
      vertex 86.6421 -61.6421 18
    endloop
  endfacet
  facet normal 0 0 1
    outer loop
      vertex 86.6421 -61.6421 18
      vertex 70.6314 -45.6314 18
      vertex 85.3558 -62.8209 18
    endloop
  endfacet
  facet normal -0 0 1
    outer loop
      vertex 70.5285 -45.7257 18
      vertex 85.3558 -62.8209 18
      vertex 70.6314 -45.6314 18
    endloop
  endfacet
  facet normal 0 0 1
    outer loop
      vertex 85.3558 -62.8209 18
      vertex 70.5285 -45.7257 18
      vertex 83.9715 -63.883 18
    endloop
  endfacet
  facet normal -0 0 1
    outer loop
      vertex 70.4177 -45.8106 18
      vertex 83.9715 -63.883 18
      vertex 70.5285 -45.7257 18
    endloop
  endfacet
  facet normal 0 0 1
    outer loop
      vertex 83.9715 -63.883 18
      vertex 70.4177 -45.8106 18
      vertex 82.5 -64.8205 18
    endloop
  endfacet
  facet normal 0 0 1
    outer loop
      vertex 82.5 -64.8205 18
      vertex 70.4177 -45.8106 18
      vertex 80.9524 -65.6262 18
    endloop
  endfacet
  facet normal -0 0 1
    outer loop
      vertex 70.3 -45.8856 18
      vertex 80.9524 -65.6262 18
      vertex 70.4177 -45.8106 18
    endloop
  endfacet
  facet normal 0 0 1
    outer loop
      vertex 80.9524 -65.6262 18
      vertex 70.3 -45.8856 18
      vertex 79.3404 -66.2939 18
    endloop
  endfacet
  facet normal -0 0 1
    outer loop
      vertex 70.1762 -45.9501 18
      vertex 79.3404 -66.2939 18
      vertex 70.3 -45.8856 18
    endloop
  endfacet
  facet normal 0 0 1
    outer loop
      vertex 79.3404 -66.2939 18
      vertex 70.1762 -45.9501 18
      vertex 77.6764 -66.8185 18
    endloop
  endfacet
  facet normal 0 0 1
    outer loop
      vertex 77.6764 -66.8185 18
      vertex 70.1762 -45.9501 18
      vertex 75.973 -67.1962 18
    endloop
  endfacet
  facet normal -0 0 1
    outer loop
      vertex 70.0472 -46.0035 18
      vertex 75.973 -67.1962 18
      vertex 70.1762 -45.9501 18
    endloop
  endfacet
  facet normal 0 0 1
    outer loop
      vertex 75.973 -67.1962 18
      vertex 70.0472 -46.0035 18
      vertex 74.2431 -67.4239 18
    endloop
  endfacet
  facet normal -0 0 1
    outer loop
      vertex 69.9141 -46.0455 18
      vertex 74.2431 -67.4239 18
      vertex 70.0472 -46.0035 18
    endloop
  endfacet
  facet normal 0 0 1
    outer loop
      vertex 74.2431 -67.4239 18
      vertex 69.9141 -46.0455 18
      vertex 72.5 -67.5 18
    endloop
  endfacet
  facet normal 0 0 1
    outer loop
      vertex 65.2423 -48.4283 18
      vertex 69.9141 -46.0455 18
      vertex 69.7778 -46.0757 18
    endloop
  endfacet
  facet normal 0 0 1
    outer loop
      vertex 65.7569 -47.9568 18
      vertex 69.7778 -46.0757 18
      vertex 69.6395 -46.0939 18
    endloop
  endfacet
  facet normal 0 0 1
    outer loop
      vertex 65.7569 -47.9568 18
      vertex 69.6395 -46.0939 18
      vertex 69.5 -46.1 18
    endloop
  endfacet
  facet normal 0 0 1
    outer loop
      vertex 66.2283 -47.4423 18
      vertex 69.5 -46.1 18
      vertex 69.3605 -46.0939 18
    endloop
  endfacet
  facet normal 0 0 1
    outer loop
      vertex 66.2283 -47.4423 18
      vertex 69.3605 -46.0939 18
      vertex 69.2222 -46.0757 18
    endloop
  endfacet
  facet normal 0 0 1
    outer loop
      vertex 66.6532 -46.8886 18
      vertex 69.2222 -46.0757 18
      vertex 69.0859 -46.0455 18
    endloop
  endfacet
  facet normal 0 0 1
    outer loop
      vertex 66.6532 -46.8886 18
      vertex 69.0859 -46.0455 18
      vertex 68.9528 -46.0035 18
    endloop
  endfacet
  facet normal 0 0 1
    outer loop
      vertex 66.6532 -46.8886 18
      vertex 68.9528 -46.0035 18
      vertex 68.8238 -45.9501 18
    endloop
  endfacet
  facet normal 0 0 1
    outer loop
      vertex 67.0282 -46.3 18
      vertex 68.8238 -45.9501 18
      vertex 68.7 -45.8856 18
    endloop
  endfacet
  facet normal 0 0 1
    outer loop
      vertex 67.0282 -46.3 18
      vertex 68.7 -45.8856 18
      vertex 68.5823 -45.8106 18
    endloop
  endfacet
  facet normal 0 0 1
    outer loop
      vertex 67.0282 -46.3 18
      vertex 68.5823 -45.8106 18
      vertex 68.4715 -45.7257 18
    endloop
  endfacet
  facet normal -0 0 1
    outer loop
      vertex 67.3504 -45.6809 18
      vertex 68.4715 -45.7257 18
      vertex 68.3686 -45.6314 18
    endloop
  endfacet
  facet normal 0 0 1
    outer loop
      vertex 67.3504 -45.6809 18
      vertex 68.3686 -45.6314 18
      vertex 68.2743 -45.5285 18
    endloop
  endfacet
  facet normal 0 0 1
    outer loop
      vertex 67.3504 -45.6809 18
      vertex 68.2743 -45.5285 18
      vertex 68.1894 -45.4177 18
    endloop
  endfacet
  facet normal 0 0 1
    outer loop
      vertex 67.3504 -45.6809 18
      vertex 68.1894 -45.4177 18
      vertex 68.1144 -45.3 18
    endloop
  endfacet
  facet normal 0 0 1
    outer loop
      vertex 67.6175 -45.0361 18
      vertex 68.1144 -45.3 18
      vertex 68.0499 -45.1762 18
    endloop
  endfacet
  facet normal 0 0 1
    outer loop
      vertex 67.6175 -45.0361 18
      vertex 68.0499 -45.1762 18
      vertex 67.9965 -45.0472 18
    endloop
  endfacet
  facet normal -0 0 1
    outer loop
      vertex 67.6175 -45.0361 18
      vertex 67.9965 -45.0472 18
      vertex 67.9545 -44.9141 18
    endloop
  endfacet
  facet normal 0 0 1
    outer loop
      vertex 67.6175 -45.0361 18
      vertex 67.9545 -44.9141 18
      vertex 67.9243 -44.7778 18
    endloop
  endfacet
  facet normal 0 0 1
    outer loop
      vertex 67.8274 -44.3705 18
      vertex 67.9061 -44.6395 18
      vertex 67.9 -44.5 18
    endloop
  endfacet
  facet normal 0 0 1
    outer loop
      vertex 67.6175 -45.0361 18
      vertex 67.9061 -44.6395 18
      vertex 67.8274 -44.3705 18
    endloop
  endfacet
  facet normal 0 0 1
    outer loop
      vertex 67.9061 -44.6395 18
      vertex 67.6175 -45.0361 18
      vertex 67.9243 -44.7778 18
    endloop
  endfacet
  facet normal 0 0 1
    outer loop
      vertex 68.1144 -45.3 18
      vertex 67.6175 -45.0361 18
      vertex 67.3504 -45.6809 18
    endloop
  endfacet
  facet normal 0 0 1
    outer loop
      vertex 68.4715 -45.7257 18
      vertex 67.3504 -45.6809 18
      vertex 67.0282 -46.3 18
    endloop
  endfacet
  facet normal 0 0 1
    outer loop
      vertex 68.8238 -45.9501 18
      vertex 67.0282 -46.3 18
      vertex 66.6532 -46.8886 18
    endloop
  endfacet
  facet normal 0 0 1
    outer loop
      vertex 69.2222 -46.0757 18
      vertex 66.6532 -46.8886 18
      vertex 66.2283 -47.4423 18
    endloop
  endfacet
  facet normal 0 0 1
    outer loop
      vertex 69.5 -46.1 18
      vertex 66.2283 -47.4423 18
      vertex 65.7569 -47.9568 18
    endloop
  endfacet
  facet normal 0 0 1
    outer loop
      vertex 69.7778 -46.0757 18
      vertex 65.7569 -47.9568 18
      vertex 65.2423 -48.4283 18
    endloop
  endfacet
  facet normal 0 0 1
    outer loop
      vertex 69.9141 -46.0455 18
      vertex 65.2423 -48.4283 18
      vertex 72.5 -67.5 18
    endloop
  endfacet
  facet normal -0 0 1
    outer loop
      vertex 64.6886 -48.8532 18
      vertex 72.5 -67.5 18
      vertex 65.2423 -48.4283 18
    endloop
  endfacet
  facet normal -0 0 1
    outer loop
      vertex 64.1 -49.2282 18
      vertex 72.5 -67.5 18
      vertex 64.6886 -48.8532 18
    endloop
  endfacet
  facet normal -0 0 1
    outer loop
      vertex 63.4809 -49.5504 18
      vertex 72.5 -67.5 18
      vertex 64.1 -49.2282 18
    endloop
  endfacet
  facet normal -0 0 1
    outer loop
      vertex 62.8362 -49.8175 18
      vertex 72.5 -67.5 18
      vertex 63.4809 -49.5504 18
    endloop
  endfacet
  facet normal -0 0 1
    outer loop
      vertex 62.1705 -50.0274 18
      vertex 72.5 -67.5 18
      vertex 62.8362 -49.8175 18
    endloop
  endfacet
  facet normal -0 0 1
    outer loop
      vertex 61.4892 -50.1785 18
      vertex 72.5 -67.5 18
      vertex 62.1705 -50.0274 18
    endloop
  endfacet
  facet normal -0 0 1
    outer loop
      vertex 60.7972 -50.2695 18
      vertex 72.5 -67.5 18
      vertex 61.4892 -50.1785 18
    endloop
  endfacet
  facet normal -0 0 1
    outer loop
      vertex 60.1 -50.3 18
      vertex 72.5 -67.5 18
      vertex 60.7972 -50.2695 18
    endloop
  endfacet
  facet normal -0 0 1
    outer loop
      vertex -60.1 -50.3 18
      vertex 72.5 -67.5 18
      vertex 60.1 -50.3 18
    endloop
  endfacet
  facet normal 0 0 1
    outer loop
      vertex -72.5 -67.5 18
      vertex -60.1 -50.3 18
      vertex -60.7972 -50.2695 18
    endloop
  endfacet
  facet normal 0 0 1
    outer loop
      vertex -67.9061 -44.6395 18
      vertex -67.8274 -44.3705 18
      vertex -67.9 -44.5 18
    endloop
  endfacet
  facet normal 0 0 1
    outer loop
      vertex -67.8274 -44.3705 18
      vertex -67.9061 -44.6395 18
      vertex -67.6175 -45.0361 18
    endloop
  endfacet
  facet normal -0 0 1
    outer loop
      vertex -67.9243 -44.7778 18
      vertex -67.6175 -45.0361 18
      vertex -67.9061 -44.6395 18
    endloop
  endfacet
  facet normal -0 0 1
    outer loop
      vertex -67.9545 -44.9141 18
      vertex -67.6175 -45.0361 18
      vertex -67.9243 -44.7778 18
    endloop
  endfacet
  facet normal 0 0 1
    outer loop
      vertex -67.9965 -45.0472 18
      vertex -67.6175 -45.0361 18
      vertex -67.9545 -44.9141 18
    endloop
  endfacet
  facet normal 0 0 1
    outer loop
      vertex -68.0499 -45.1762 18
      vertex -67.6175 -45.0361 18
      vertex -67.9965 -45.0472 18
    endloop
  endfacet
  facet normal 0 0 1
    outer loop
      vertex -68.1144 -45.3 18
      vertex -67.6175 -45.0361 18
      vertex -68.0499 -45.1762 18
    endloop
  endfacet
  facet normal 0 0 1
    outer loop
      vertex -67.6175 -45.0361 18
      vertex -68.1144 -45.3 18
      vertex -67.3504 -45.6809 18
    endloop
  endfacet
  facet normal -0 0 1
    outer loop
      vertex -68.1894 -45.4177 18
      vertex -67.3504 -45.6809 18
      vertex -68.1144 -45.3 18
    endloop
  endfacet
  facet normal -0 0 1
    outer loop
      vertex -68.2743 -45.5285 18
      vertex -67.3504 -45.6809 18
      vertex -68.1894 -45.4177 18
    endloop
  endfacet
  facet normal -0 0 1
    outer loop
      vertex -68.3686 -45.6314 18
      vertex -67.3504 -45.6809 18
      vertex -68.2743 -45.5285 18
    endloop
  endfacet
  facet normal 0 0 1
    outer loop
      vertex -68.4715 -45.7257 18
      vertex -67.3504 -45.6809 18
      vertex -68.3686 -45.6314 18
    endloop
  endfacet
  facet normal 0 0 1
    outer loop
      vertex -67.3504 -45.6809 18
      vertex -68.4715 -45.7257 18
      vertex -67.0282 -46.3 18
    endloop
  endfacet
  facet normal -0 0 1
    outer loop
      vertex -68.5823 -45.8106 18
      vertex -67.0282 -46.3 18
      vertex -68.4715 -45.7257 18
    endloop
  endfacet
  facet normal -0 0 1
    outer loop
      vertex -68.7 -45.8856 18
      vertex -67.0282 -46.3 18
      vertex -68.5823 -45.8106 18
    endloop
  endfacet
  facet normal -0 0 1
    outer loop
      vertex -68.8238 -45.9501 18
      vertex -67.0282 -46.3 18
      vertex -68.7 -45.8856 18
    endloop
  endfacet
  facet normal 0 0 1
    outer loop
      vertex -67.0282 -46.3 18
      vertex -68.8238 -45.9501 18
      vertex -66.6532 -46.8886 18
    endloop
  endfacet
  facet normal -0 0 1
    outer loop
      vertex -68.9528 -46.0035 18
      vertex -66.6532 -46.8886 18
      vertex -68.8238 -45.9501 18
    endloop
  endfacet
  facet normal -0 0 1
    outer loop
      vertex -69.0859 -46.0455 18
      vertex -66.6532 -46.8886 18
      vertex -68.9528 -46.0035 18
    endloop
  endfacet
  facet normal -0 0 1
    outer loop
      vertex -69.2222 -46.0757 18
      vertex -66.6532 -46.8886 18
      vertex -69.0859 -46.0455 18
    endloop
  endfacet
  facet normal 0 0 1
    outer loop
      vertex -66.6532 -46.8886 18
      vertex -69.2222 -46.0757 18
      vertex -66.2283 -47.4423 18
    endloop
  endfacet
  facet normal -0 0 1
    outer loop
      vertex -69.3605 -46.0939 18
      vertex -66.2283 -47.4423 18
      vertex -69.2222 -46.0757 18
    endloop
  endfacet
  facet normal -0 0 1
    outer loop
      vertex -69.5 -46.1 18
      vertex -66.2283 -47.4423 18
      vertex -69.3605 -46.0939 18
    endloop
  endfacet
  facet normal 0 0 1
    outer loop
      vertex -66.2283 -47.4423 18
      vertex -69.5 -46.1 18
      vertex -65.7569 -47.9568 18
    endloop
  endfacet
  facet normal 0 0 1
    outer loop
      vertex -69.6395 -46.0939 18
      vertex -65.7569 -47.9568 18
      vertex -69.5 -46.1 18
    endloop
  endfacet
  facet normal 0 0 1
    outer loop
      vertex -69.7778 -46.0757 18
      vertex -65.7569 -47.9568 18
      vertex -69.6395 -46.0939 18
    endloop
  endfacet
  facet normal 0 0 1
    outer loop
      vertex -65.7569 -47.9568 18
      vertex -69.7778 -46.0757 18
      vertex -65.2423 -48.4283 18
    endloop
  endfacet
  facet normal 0 0 1
    outer loop
      vertex -69.9141 -46.0455 18
      vertex -65.2423 -48.4283 18
      vertex -69.7778 -46.0757 18
    endloop
  endfacet
  facet normal 0 0 1
    outer loop
      vertex -65.2423 -48.4283 18
      vertex -72.5 -67.5 18
      vertex -64.6886 -48.8532 18
    endloop
  endfacet
  facet normal 0 0 1
    outer loop
      vertex -65.2423 -48.4283 18
      vertex -69.9141 -46.0455 18
      vertex -72.5 -67.5 18
    endloop
  endfacet
  facet normal 0 0 1
    outer loop
      vertex -74.2431 -67.4239 18
      vertex -69.9141 -46.0455 18
      vertex -70.0472 -46.0035 18
    endloop
  endfacet
  facet normal 0 0 1
    outer loop
      vertex -75.973 -67.1962 18
      vertex -70.0472 -46.0035 18
      vertex -70.1762 -45.9501 18
    endloop
  endfacet
  facet normal 0 0 1
    outer loop
      vertex -79.3404 -66.2939 18
      vertex -70.1762 -45.9501 18
      vertex -70.3 -45.8856 18
    endloop
  endfacet
  facet normal 0 0 1
    outer loop
      vertex -60.1 -50.3 18
      vertex -72.5 -67.5 18
      vertex 72.5 -67.5 18
    endloop
  endfacet
  facet normal 0 0 1
    outer loop
      vertex -61.4892 -50.1785 18
      vertex -72.5 -67.5 18
      vertex -60.7972 -50.2695 18
    endloop
  endfacet
  facet normal 0 0 1
    outer loop
      vertex -62.1705 -50.0274 18
      vertex -72.5 -67.5 18
      vertex -61.4892 -50.1785 18
    endloop
  endfacet
  facet normal 0 0 1
    outer loop
      vertex -62.8362 -49.8175 18
      vertex -72.5 -67.5 18
      vertex -62.1705 -50.0274 18
    endloop
  endfacet
  facet normal 0 0 1
    outer loop
      vertex -63.4809 -49.5504 18
      vertex -72.5 -67.5 18
      vertex -62.8362 -49.8175 18
    endloop
  endfacet
  facet normal 0 0 1
    outer loop
      vertex -64.1 -49.2282 18
      vertex -72.5 -67.5 18
      vertex -63.4809 -49.5504 18
    endloop
  endfacet
  facet normal 0 0 1
    outer loop
      vertex -64.6886 -48.8532 18
      vertex -72.5 -67.5 18
      vertex -64.1 -49.2282 18
    endloop
  endfacet
  facet normal 0 0 1
    outer loop
      vertex -80.9524 -65.6262 18
      vertex -70.3 -45.8856 18
      vertex -70.4177 -45.8106 18
    endloop
  endfacet
  facet normal 0 0 1
    outer loop
      vertex -83.9715 -63.883 18
      vertex -70.4177 -45.8106 18
      vertex -70.5285 -45.7257 18
    endloop
  endfacet
  facet normal 0 0 1
    outer loop
      vertex -85.3558 -62.8209 18
      vertex -70.5285 -45.7257 18
      vertex -70.6314 -45.6314 18
    endloop
  endfacet
  facet normal 0 0 1
    outer loop
      vertex -87.8209 -60.3558 18
      vertex -70.6314 -45.6314 18
      vertex -70.7257 -45.5285 18
    endloop
  endfacet
  facet normal 0 0 1
    outer loop
      vertex -88.883 -58.9715 18
      vertex -70.7257 -45.5285 18
      vertex -70.8106 -45.4177 18
    endloop
  endfacet
  facet normal 0 0 1
    outer loop
      vertex -90.6262 -55.9524 18
      vertex -70.8106 -45.4177 18
      vertex -70.8856 -45.3 18
    endloop
  endfacet
  facet normal 0 0 1
    outer loop
      vertex -91.2939 -54.3404 18
      vertex -70.8856 -45.3 18
      vertex -70.9501 -45.1762 18
    endloop
  endfacet
  facet normal 0 0 1
    outer loop
      vertex -91.8185 -52.6764 18
      vertex -70.9501 -45.1762 18
      vertex -71.0035 -45.0472 18
    endloop
  endfacet
  facet normal 0 0 1
    outer loop
      vertex -92.4239 -49.2431 18
      vertex -71.0035 -45.0472 18
      vertex -71.0455 -44.9141 18
    endloop
  endfacet
  facet normal 0 0 1
    outer loop
      vertex -92.5 -47.5 18
      vertex -71.0455 -44.9141 18
      vertex -71.0757 -44.7778 18
    endloop
  endfacet
  facet normal 0 0 1
    outer loop
      vertex -92.5 -47.5 18
      vertex -71.0757 -44.7778 18
      vertex -71.0939 -44.6395 18
    endloop
  endfacet
  facet normal 0 0 1
    outer loop
      vertex -92.5 -47.5 18
      vertex -71.0939 -44.6395 18
      vertex -71.1 -44.5 18
    endloop
  endfacet
  facet normal 0 0 1
    outer loop
      vertex -71.1 44.5 18
      vertex -92.5 47.5 18
      vertex -71.1 -44.5 18
    endloop
  endfacet
  facet normal 0 0 1
    outer loop
      vertex -70.6314 45.6314 18
      vertex -87.8209 60.3558 18
      vertex -70.7257 45.5285 18
    endloop
  endfacet
  facet normal 0 0 1
    outer loop
      vertex -92.5 -47.5 18
      vertex -71.1 -44.5 18
      vertex -92.5 47.5 18
    endloop
  endfacet
  facet normal -0 0 1
    outer loop
      vertex -88.883 58.9715 18
      vertex -70.7257 45.5285 18
      vertex -87.8209 60.3558 18
    endloop
  endfacet
  facet normal 0 0 1
    outer loop
      vertex -71.0455 -44.9141 18
      vertex -92.5 -47.5 18
      vertex -92.4239 -49.2431 18
    endloop
  endfacet
  facet normal 0 0 1
    outer loop
      vertex -70.7257 45.5285 18
      vertex -88.883 58.9715 18
      vertex -70.8106 45.4177 18
    endloop
  endfacet
  facet normal 0 0 1
    outer loop
      vertex -69.9141 -46.0455 18
      vertex -74.2431 -67.4239 18
      vertex -72.5 -67.5 18
    endloop
  endfacet
  facet normal -0 0 1
    outer loop
      vertex -89.8205 57.5 18
      vertex -70.8106 45.4177 18
      vertex -88.883 58.9715 18
    endloop
  endfacet
  facet normal 0 0 1
    outer loop
      vertex -70.0472 -46.0035 18
      vertex -75.973 -67.1962 18
      vertex -74.2431 -67.4239 18
    endloop
  endfacet
  facet normal -0 0 1
    outer loop
      vertex -90.6262 55.9524 18
      vertex -70.8106 45.4177 18
      vertex -89.8205 57.5 18
    endloop
  endfacet
  facet normal 0 0 1
    outer loop
      vertex -70.1762 -45.9501 18
      vertex -77.6764 -66.8185 18
      vertex -75.973 -67.1962 18
    endloop
  endfacet
  facet normal 0 0 1
    outer loop
      vertex -70.8106 45.4177 18
      vertex -90.6262 55.9524 18
      vertex -70.8856 45.3 18
    endloop
  endfacet
  facet normal 0 0 1
    outer loop
      vertex -70.1762 -45.9501 18
      vertex -79.3404 -66.2939 18
      vertex -77.6764 -66.8185 18
    endloop
  endfacet
  facet normal -0 0 1
    outer loop
      vertex -91.2939 54.3404 18
      vertex -70.8856 45.3 18
      vertex -90.6262 55.9524 18
    endloop
  endfacet
  facet normal 0 0 1
    outer loop
      vertex -70.3 -45.8856 18
      vertex -80.9524 -65.6262 18
      vertex -79.3404 -66.2939 18
    endloop
  endfacet
  facet normal 0 0 1
    outer loop
      vertex -70.8856 45.3 18
      vertex -91.2939 54.3404 18
      vertex -70.9501 45.1762 18
    endloop
  endfacet
  facet normal 0 0 1
    outer loop
      vertex -70.4177 -45.8106 18
      vertex -82.5 -64.8205 18
      vertex -80.9524 -65.6262 18
    endloop
  endfacet
  facet normal -0 0 1
    outer loop
      vertex -91.8185 52.6764 18
      vertex -70.9501 45.1762 18
      vertex -91.2939 54.3404 18
    endloop
  endfacet
  facet normal 0 0 1
    outer loop
      vertex -70.4177 -45.8106 18
      vertex -83.9715 -63.883 18
      vertex -82.5 -64.8205 18
    endloop
  endfacet
  facet normal 0 0 1
    outer loop
      vertex -70.9501 45.1762 18
      vertex -91.8185 52.6764 18
      vertex -71.0035 45.0472 18
    endloop
  endfacet
  facet normal 0 0 1
    outer loop
      vertex -70.5285 -45.7257 18
      vertex -85.3558 -62.8209 18
      vertex -83.9715 -63.883 18
    endloop
  endfacet
  facet normal -0 0 1
    outer loop
      vertex -92.1962 50.973 18
      vertex -71.0035 45.0472 18
      vertex -91.8185 52.6764 18
    endloop
  endfacet
  facet normal 0 0 1
    outer loop
      vertex -70.6314 -45.6314 18
      vertex -86.6421 -61.6421 18
      vertex -85.3558 -62.8209 18
    endloop
  endfacet
  facet normal -0 0 1
    outer loop
      vertex -92.4239 49.2431 18
      vertex -71.0035 45.0472 18
      vertex -92.1962 50.973 18
    endloop
  endfacet
  facet normal 0 0 1
    outer loop
      vertex -70.6314 -45.6314 18
      vertex -87.8209 -60.3558 18
      vertex -86.6421 -61.6421 18
    endloop
  endfacet
  facet normal 0 0 1
    outer loop
      vertex -71.0035 45.0472 18
      vertex -92.4239 49.2431 18
      vertex -71.0455 44.9141 18
    endloop
  endfacet
  facet normal 0 0 1
    outer loop
      vertex -70.7257 -45.5285 18
      vertex -88.883 -58.9715 18
      vertex -87.8209 -60.3558 18
    endloop
  endfacet
  facet normal -0 0 1
    outer loop
      vertex -92.5 47.5 18
      vertex -71.0455 44.9141 18
      vertex -92.4239 49.2431 18
    endloop
  endfacet
  facet normal 0 0 1
    outer loop
      vertex -70.8106 -45.4177 18
      vertex -89.8205 -57.5 18
      vertex -88.883 -58.9715 18
    endloop
  endfacet
  facet normal 0 0 1
    outer loop
      vertex -71.0455 44.9141 18
      vertex -92.5 47.5 18
      vertex -71.0757 44.7778 18
    endloop
  endfacet
  facet normal 0 0 1
    outer loop
      vertex -70.8106 -45.4177 18
      vertex -90.6262 -55.9524 18
      vertex -89.8205 -57.5 18
    endloop
  endfacet
  facet normal 0 0 1
    outer loop
      vertex -71.0757 44.7778 18
      vertex -92.5 47.5 18
      vertex -71.0939 44.6395 18
    endloop
  endfacet
  facet normal 0 0 1
    outer loop
      vertex -70.8856 -45.3 18
      vertex -91.2939 -54.3404 18
      vertex -90.6262 -55.9524 18
    endloop
  endfacet
  facet normal 0 0 1
    outer loop
      vertex -71.0939 44.6395 18
      vertex -92.5 47.5 18
      vertex -71.1 44.5 18
    endloop
  endfacet
  facet normal 0 0 1
    outer loop
      vertex -70.9501 -45.1762 18
      vertex -91.8185 -52.6764 18
      vertex -91.2939 -54.3404 18
    endloop
  endfacet
  facet normal 0 0 1
    outer loop
      vertex -71.0035 -45.0472 18
      vertex -92.1962 -50.973 18
      vertex -91.8185 -52.6764 18
    endloop
  endfacet
  facet normal 0 0 1
    outer loop
      vertex -71.0035 -45.0472 18
      vertex -92.4239 -49.2431 18
      vertex -92.1962 -50.973 18
    endloop
  endfacet
  facet normal 0 0 1
    outer loop
      vertex 68.2743 -43.4715 18
      vertex 68.0695 -42.9972 18
      vertex 68.1894 -43.5823 18
    endloop
  endfacet
  facet normal 0 0 1
    outer loop
      vertex 67.9785 -43.6892 18
      vertex 68.1894 -43.5823 18
      vertex 68.0695 -42.9972 18
    endloop
  endfacet
  facet normal 0 0 1
    outer loop
      vertex 68.1894 -43.5823 18
      vertex 67.9785 -43.6892 18
      vertex 68.1144 -43.7 18
    endloop
  endfacet
  facet normal 0 0 1
    outer loop
      vertex 68.1144 -43.7 18
      vertex 67.9785 -43.6892 18
      vertex 68.0499 -43.8238 18
    endloop
  endfacet
  facet normal 0 0 1
    outer loop
      vertex 68.0499 -43.8238 18
      vertex 67.9785 -43.6892 18
      vertex 67.9965 -43.9528 18
    endloop
  endfacet
  facet normal 0 0 1
    outer loop
      vertex 67.9785 -43.6892 18
      vertex 67.9545 -44.0859 18
      vertex 67.9965 -43.9528 18
    endloop
  endfacet
  facet normal 0 0 1
    outer loop
      vertex 67.8274 -44.3705 18
      vertex 67.9545 -44.0859 18
      vertex 67.9785 -43.6892 18
    endloop
  endfacet
  facet normal 0 0 1
    outer loop
      vertex 67.9545 -44.0859 18
      vertex 67.8274 -44.3705 18
      vertex 67.9243 -44.2222 18
    endloop
  endfacet
  facet normal 0 0 1
    outer loop
      vertex 67.9061 -44.3605 18
      vertex 67.8274 -44.3705 18
      vertex 67.9 -44.5 18
    endloop
  endfacet
  facet normal 0 0 1
    outer loop
      vertex 67.9243 -44.2222 18
      vertex 67.8274 -44.3705 18
      vertex 67.9061 -44.3605 18
    endloop
  endfacet
  facet normal 0 0 1
    outer loop
      vertex -64.1 41.3 18
      vertex -45 46.3 18
      vertex -59.1 46.3 18
    endloop
  endfacet
  facet normal 0 0 1
    outer loop
      vertex -15 46.3 18
      vertex -33 46.3 18
      vertex -15 0 18
    endloop
  endfacet
  facet normal 0 0 1
    outer loop
      vertex 15 46.3 18
      vertex -3 46.3 18
      vertex 15 0 18
    endloop
  endfacet
  facet normal 0 0 1
    outer loop
      vertex 45 46.3 18
      vertex 27 46.3 18
      vertex 45 0 18
    endloop
  endfacet
  facet normal 0 0 1
    outer loop
      vertex 59.1 46.3 18
      vertex 64.1 41.3 18
      vertex 64.081 41.7358 18
    endloop
  endfacet
  facet normal 0 0 1
    outer loop
      vertex 64.1 41.3 18
      vertex 57 0 18
      vertex 64.1 -41.3 18
    endloop
  endfacet
  facet normal 0 0 1
    outer loop
      vertex 59.1 46.3 18
      vertex 64.081 41.7358 18
      vertex 64.024 42.1682 18
    endloop
  endfacet
  facet normal -0 0 1
    outer loop
      vertex 45 0 18
      vertex 64.1 -41.3 18
      vertex 57 0 18
    endloop
  endfacet
  facet normal 0 0 1
    outer loop
      vertex 59.1 46.3 18
      vertex 64.024 42.1682 18
      vertex 63.9296 42.5941 18
    endloop
  endfacet
  facet normal 0 -0 1
    outer loop
      vertex 59.1 -46.3 18
      vertex 64.1 -41.3 18
      vertex 45 0 18
    endloop
  endfacet
  facet normal 0 0 1
    outer loop
      vertex 59.1 46.3 18
      vertex 63.9296 42.5941 18
      vertex 63.7984 43.0101 18
    endloop
  endfacet
  facet normal 0 0 1
    outer loop
      vertex 64.1 -41.3 18
      vertex 59.1 -46.3 18
      vertex 64.081 -41.7358 18
    endloop
  endfacet
  facet normal 0 0 1
    outer loop
      vertex 59.1 46.3 18
      vertex 63.7984 43.0101 18
      vertex 63.6315 43.4131 18
    endloop
  endfacet
  facet normal 0 0 1
    outer loop
      vertex 64.081 -41.7358 18
      vertex 59.1 -46.3 18
      vertex 64.024 -42.1682 18
    endloop
  endfacet
  facet normal 0 0 1
    outer loop
      vertex 59.1 46.3 18
      vertex 63.6315 43.4131 18
      vertex 63.4301 43.8 18
    endloop
  endfacet
  facet normal 0 0 1
    outer loop
      vertex 64.024 -42.1682 18
      vertex 59.1 -46.3 18
      vertex 63.9296 -42.5941 18
    endloop
  endfacet
  facet normal 0 0 1
    outer loop
      vertex 59.1 46.3 18
      vertex 63.4301 43.8 18
      vertex 63.1958 44.1679 18
    endloop
  endfacet
  facet normal 0 0 1
    outer loop
      vertex 63.9296 -42.5941 18
      vertex 59.1 -46.3 18
      vertex 63.7984 -43.0101 18
    endloop
  endfacet
  facet normal 0 0 1
    outer loop
      vertex 59.1 46.3 18
      vertex 63.1958 44.1679 18
      vertex 62.9302 44.5139 18
    endloop
  endfacet
  facet normal 0 0 1
    outer loop
      vertex 63.7984 -43.0101 18
      vertex 59.1 -46.3 18
      vertex 63.6315 -43.4131 18
    endloop
  endfacet
  facet normal 0 0 1
    outer loop
      vertex 59.1 46.3 18
      vertex 62.9302 44.5139 18
      vertex 62.6355 44.8355 18
    endloop
  endfacet
  facet normal 0 0 1
    outer loop
      vertex 63.6315 -43.4131 18
      vertex 59.1 -46.3 18
      vertex 63.4301 -43.8 18
    endloop
  endfacet
  facet normal 0 0 1
    outer loop
      vertex 59.1 46.3 18
      vertex 62.6355 44.8355 18
      vertex 62.3139 45.1302 18
    endloop
  endfacet
  facet normal 0 0 1
    outer loop
      vertex 63.1958 -44.1679 18
      vertex 59.1 -46.3 18
      vertex 62.9302 -44.5139 18
    endloop
  endfacet
  facet normal 0 0 1
    outer loop
      vertex 59.1 46.3 18
      vertex 62.3139 45.1302 18
      vertex 61.9679 45.3958 18
    endloop
  endfacet
  facet normal 0 0 1
    outer loop
      vertex 62.9302 -44.5139 18
      vertex 59.1 -46.3 18
      vertex 62.6355 -44.8355 18
    endloop
  endfacet
  facet normal 0 0 1
    outer loop
      vertex 59.1 46.3 18
      vertex 61.9679 45.3958 18
      vertex 61.6 45.6301 18
    endloop
  endfacet
  facet normal 0 0 1
    outer loop
      vertex 62.6355 -44.8355 18
      vertex 59.1 -46.3 18
      vertex 62.3139 -45.1302 18
    endloop
  endfacet
  facet normal 0 0 1
    outer loop
      vertex 59.1 46.3 18
      vertex 61.6 45.6301 18
      vertex 61.2131 45.8315 18
    endloop
  endfacet
  facet normal 0 0 1
    outer loop
      vertex 62.3139 -45.1302 18
      vertex 59.1 -46.3 18
      vertex 61.9679 -45.3958 18
    endloop
  endfacet
  facet normal 0 0 1
    outer loop
      vertex 59.1 46.3 18
      vertex 61.2131 45.8315 18
      vertex 60.8101 45.9984 18
    endloop
  endfacet
  facet normal 0 0 1
    outer loop
      vertex 61.9679 -45.3958 18
      vertex 59.1 -46.3 18
      vertex 61.6 -45.6301 18
    endloop
  endfacet
  facet normal 0 0 1
    outer loop
      vertex 59.1 46.3 18
      vertex 60.8101 45.9984 18
      vertex 60.3941 46.1296 18
    endloop
  endfacet
  facet normal 0 0 1
    outer loop
      vertex 61.6 -45.6301 18
      vertex 59.1 -46.3 18
      vertex 61.2131 -45.8315 18
    endloop
  endfacet
  facet normal 0 0 1
    outer loop
      vertex 59.1 46.3 18
      vertex 60.3941 46.1296 18
      vertex 59.9682 46.224 18
    endloop
  endfacet
  facet normal 0 0 1
    outer loop
      vertex 61.2131 -45.8315 18
      vertex 59.1 -46.3 18
      vertex 60.8101 -45.9984 18
    endloop
  endfacet
  facet normal 0 0 1
    outer loop
      vertex 59.1 46.3 18
      vertex 59.9682 46.224 18
      vertex 59.5358 46.281 18
    endloop
  endfacet
  facet normal 0 0 1
    outer loop
      vertex 60.8101 -45.9984 18
      vertex 59.1 -46.3 18
      vertex 60.3941 -46.1296 18
    endloop
  endfacet
  facet normal 0 0 1
    outer loop
      vertex 64.1 41.3 18
      vertex 59.1 46.3 18
      vertex 57 46.3 18
    endloop
  endfacet
  facet normal 0 0 1
    outer loop
      vertex 60.3941 -46.1296 18
      vertex 59.1 -46.3 18
      vertex 59.9682 -46.224 18
    endloop
  endfacet
  facet normal 0 0 1
    outer loop
      vertex 64.1 41.3 18
      vertex 57 46.3 18
      vertex 57 0 18
    endloop
  endfacet
  facet normal 0 0 1
    outer loop
      vertex 59.9682 -46.224 18
      vertex 59.1 -46.3 18
      vertex 59.5358 -46.281 18
    endloop
  endfacet
  facet normal 0 0 1
    outer loop
      vertex 63.4301 -43.8 18
      vertex 59.1 -46.3 18
      vertex 63.1958 -44.1679 18
    endloop
  endfacet
  facet normal 0 0 1
    outer loop
      vertex 27 0 18
      vertex 45 0 18
      vertex 27 46.3 18
    endloop
  endfacet
  facet normal 0 0 1
    outer loop
      vertex 45 0 18
      vertex 27 0 18
      vertex 59.1 -46.3 18
    endloop
  endfacet
  facet normal -0 0 1
    outer loop
      vertex 15 0 18
      vertex 59.1 -46.3 18
      vertex 27 0 18
    endloop
  endfacet
  facet normal 0 0 1
    outer loop
      vertex -3 0 18
      vertex 15 0 18
      vertex -3 46.3 18
    endloop
  endfacet
  facet normal -0 0 1
    outer loop
      vertex -3 0 18
      vertex 59.1 -46.3 18
      vertex 15 0 18
    endloop
  endfacet
  facet normal 0 0 1
    outer loop
      vertex -59.1 -46.3 18
      vertex -3 0 18
      vertex -15 0 18
    endloop
  endfacet
  facet normal 0 0 1
    outer loop
      vertex -33 0 18
      vertex -15 0 18
      vertex -33 46.3 18
    endloop
  endfacet
  facet normal 0 0 1
    outer loop
      vertex -59.1 -46.3 18
      vertex -15 0 18
      vertex -33 0 18
    endloop
  endfacet
  facet normal 0 0 1
    outer loop
      vertex -59.1 -46.3 18
      vertex -33 0 18
      vertex -45 0 18
    endloop
  endfacet
  facet normal 0 0 1
    outer loop
      vertex -3 0 18
      vertex -59.1 -46.3 18
      vertex 59.1 -46.3 18
    endloop
  endfacet
  facet normal 0 0 1
    outer loop
      vertex -45 46.3 18
      vertex -64.1 41.3 18
      vertex -45 0 18
    endloop
  endfacet
  facet normal 0 0 1
    outer loop
      vertex -64.1 41.3 18
      vertex -59.1 46.3 18
      vertex -59.5358 46.281 18
    endloop
  endfacet
  facet normal 0 0 1
    outer loop
      vertex -64.1 -41.3 18
      vertex -45 0 18
      vertex -64.1 41.3 18
    endloop
  endfacet
  facet normal 0 0 1
    outer loop
      vertex -64.1 41.3 18
      vertex -59.5358 46.281 18
      vertex -59.9682 46.224 18
    endloop
  endfacet
  facet normal 0 0 1
    outer loop
      vertex -45 0 18
      vertex -64.1 -41.3 18
      vertex -59.1 -46.3 18
    endloop
  endfacet
  facet normal 0 0 1
    outer loop
      vertex -64.1 41.3 18
      vertex -59.9682 46.224 18
      vertex -60.3941 46.1296 18
    endloop
  endfacet
  facet normal 0 0 1
    outer loop
      vertex -59.1 -46.3 18
      vertex -64.1 -41.3 18
      vertex -59.5358 -46.281 18
    endloop
  endfacet
  facet normal 0 0 1
    outer loop
      vertex -64.1 41.3 18
      vertex -60.3941 46.1296 18
      vertex -60.8101 45.9984 18
    endloop
  endfacet
  facet normal 0 0 1
    outer loop
      vertex -59.5358 -46.281 18
      vertex -64.1 -41.3 18
      vertex -59.9682 -46.224 18
    endloop
  endfacet
  facet normal 0 0 1
    outer loop
      vertex -64.1 41.3 18
      vertex -60.8101 45.9984 18
      vertex -61.2131 45.8315 18
    endloop
  endfacet
  facet normal 0 0 1
    outer loop
      vertex -59.9682 -46.224 18
      vertex -64.1 -41.3 18
      vertex -60.3941 -46.1296 18
    endloop
  endfacet
  facet normal 0 0 1
    outer loop
      vertex -64.1 41.3 18
      vertex -61.2131 45.8315 18
      vertex -61.6 45.6301 18
    endloop
  endfacet
  facet normal 0 0 1
    outer loop
      vertex -60.3941 -46.1296 18
      vertex -64.1 -41.3 18
      vertex -60.8101 -45.9984 18
    endloop
  endfacet
  facet normal 0 0 1
    outer loop
      vertex -64.1 41.3 18
      vertex -61.6 45.6301 18
      vertex -61.9679 45.3958 18
    endloop
  endfacet
  facet normal 0 0 1
    outer loop
      vertex -60.8101 -45.9984 18
      vertex -64.1 -41.3 18
      vertex -61.2131 -45.8315 18
    endloop
  endfacet
  facet normal 0 0 1
    outer loop
      vertex -64.1 41.3 18
      vertex -61.9679 45.3958 18
      vertex -62.3139 45.1302 18
    endloop
  endfacet
  facet normal 0 0 1
    outer loop
      vertex -61.2131 -45.8315 18
      vertex -64.1 -41.3 18
      vertex -61.6 -45.6301 18
    endloop
  endfacet
  facet normal 0 0 1
    outer loop
      vertex -64.1 41.3 18
      vertex -62.3139 45.1302 18
      vertex -62.6355 44.8355 18
    endloop
  endfacet
  facet normal 0 0 1
    outer loop
      vertex -61.6 -45.6301 18
      vertex -64.1 -41.3 18
      vertex -61.9679 -45.3958 18
    endloop
  endfacet
  facet normal 0 0 1
    outer loop
      vertex -64.1 41.3 18
      vertex -62.6355 44.8355 18
      vertex -62.9302 44.5139 18
    endloop
  endfacet
  facet normal 0 0 1
    outer loop
      vertex -61.9679 -45.3958 18
      vertex -64.1 -41.3 18
      vertex -62.3139 -45.1302 18
    endloop
  endfacet
  facet normal 0 0 1
    outer loop
      vertex -64.1 41.3 18
      vertex -62.9302 44.5139 18
      vertex -63.1958 44.1679 18
    endloop
  endfacet
  facet normal 0 0 1
    outer loop
      vertex -62.3139 -45.1302 18
      vertex -64.1 -41.3 18
      vertex -62.6355 -44.8355 18
    endloop
  endfacet
  facet normal 0 0 1
    outer loop
      vertex -64.1 41.3 18
      vertex -63.1958 44.1679 18
      vertex -63.4301 43.8 18
    endloop
  endfacet
  facet normal 0 0 1
    outer loop
      vertex -62.6355 -44.8355 18
      vertex -64.1 -41.3 18
      vertex -62.9302 -44.5139 18
    endloop
  endfacet
  facet normal 0 0 1
    outer loop
      vertex -64.1 41.3 18
      vertex -63.4301 43.8 18
      vertex -63.6315 43.4131 18
    endloop
  endfacet
  facet normal 0 0 1
    outer loop
      vertex -62.9302 -44.5139 18
      vertex -64.1 -41.3 18
      vertex -63.1958 -44.1679 18
    endloop
  endfacet
  facet normal 0 0 1
    outer loop
      vertex -64.1 41.3 18
      vertex -63.6315 43.4131 18
      vertex -63.7984 43.0101 18
    endloop
  endfacet
  facet normal 0 0 1
    outer loop
      vertex -63.1958 -44.1679 18
      vertex -64.1 -41.3 18
      vertex -63.4301 -43.8 18
    endloop
  endfacet
  facet normal 0 0 1
    outer loop
      vertex -64.1 41.3 18
      vertex -63.7984 43.0101 18
      vertex -63.9296 42.5941 18
    endloop
  endfacet
  facet normal 0 0 1
    outer loop
      vertex -63.4301 -43.8 18
      vertex -64.1 -41.3 18
      vertex -63.6315 -43.4131 18
    endloop
  endfacet
  facet normal 0 0 1
    outer loop
      vertex -64.1 41.3 18
      vertex -63.9296 42.5941 18
      vertex -64.024 42.1682 18
    endloop
  endfacet
  facet normal 0 0 1
    outer loop
      vertex -63.6315 -43.4131 18
      vertex -64.1 -41.3 18
      vertex -63.7984 -43.0101 18
    endloop
  endfacet
  facet normal 0 0 1
    outer loop
      vertex -64.1 41.3 18
      vertex -64.024 42.1682 18
      vertex -64.081 41.7358 18
    endloop
  endfacet
  facet normal 0 0 1
    outer loop
      vertex -63.7984 -43.0101 18
      vertex -64.1 -41.3 18
      vertex -63.9296 -42.5941 18
    endloop
  endfacet
  facet normal 0 0 1
    outer loop
      vertex -63.9296 -42.5941 18
      vertex -64.1 -41.3 18
      vertex -64.024 -42.1682 18
    endloop
  endfacet
  facet normal 0 0 1
    outer loop
      vertex -64.024 -42.1682 18
      vertex -64.1 -41.3 18
      vertex -64.081 -41.7358 18
    endloop
  endfacet
  facet normal -0 0 1
    outer loop
      vertex -33 67.5 18
      vertex -15 50.3 18
      vertex -15 67.5 18
    endloop
  endfacet
  facet normal 0 0 1
    outer loop
      vertex -15 50.3 18
      vertex -33 67.5 18
      vertex -33 50.3 18
    endloop
  endfacet
  facet normal -0 0 1
    outer loop
      vertex -3 67.5 18
      vertex 15 50.3 18
      vertex 15 67.5 18
    endloop
  endfacet
  facet normal 0 0 1
    outer loop
      vertex 15 50.3 18
      vertex -3 67.5 18
      vertex -3 50.3 18
    endloop
  endfacet
  facet normal -0 0 1
    outer loop
      vertex 27 67.5 18
      vertex 45 50.3 18
      vertex 45 67.5 18
    endloop
  endfacet
  facet normal 0 0 1
    outer loop
      vertex 45 50.3 18
      vertex 27 67.5 18
      vertex 27 50.3 18
    endloop
  endfacet
  facet normal -0.608789 -0.793332 0
    outer loop
      vertex -65.2423 -48.4283 18
      vertex -64.6886 -48.8532 28
      vertex -65.2423 -48.4283 28
    endloop
  endfacet
  facet normal -0.608789 -0.793332 -0
    outer loop
      vertex -64.6886 -48.8532 28
      vertex -65.2423 -48.4283 18
      vertex -64.6886 -48.8532 18
    endloop
  endfacet
  facet normal -0.461655 -0.88706 0
    outer loop
      vertex -64.1 -49.2282 18
      vertex -63.4809 -49.5504 28
      vertex -64.1 -49.2282 28
    endloop
  endfacet
  facet normal -0.461655 -0.88706 -0
    outer loop
      vertex -63.4809 -49.5504 28
      vertex -64.1 -49.2282 18
      vertex -63.4809 -49.5504 18
    endloop
  endfacet
  facet normal -0.13038 -0.991464 0
    outer loop
      vertex -61.4892 -50.1785 18
      vertex -60.7972 -50.2695 28
      vertex -61.4892 -50.1785 28
    endloop
  endfacet
  facet normal -0.13038 -0.991464 -0
    outer loop
      vertex -60.7972 -50.2695 28
      vertex -61.4892 -50.1785 18
      vertex -60.7972 -50.2695 18
    endloop
  endfacet
  facet normal -0.300713 -0.953715 0
    outer loop
      vertex -62.8362 -49.8175 18
      vertex -62.1705 -50.0274 28
      vertex -62.8362 -49.8175 28
    endloop
  endfacet
  facet normal -0.300713 -0.953715 -0
    outer loop
      vertex -62.1705 -50.0274 28
      vertex -62.8362 -49.8175 18
      vertex -62.1705 -50.0274 18
    endloop
  endfacet
  facet normal 0.53732 0.843378 -0
    outer loop
      vertex 64.6886 48.8532 18
      vertex 64.1 49.2282 28
      vertex 64.6886 48.8532 28
    endloop
  endfacet
  facet normal 0.53732 0.843378 0
    outer loop
      vertex 64.1 49.2282 28
      vertex 64.6886 48.8532 18
      vertex 64.1 49.2282 18
    endloop
  endfacet
  facet normal 0.608789 0.793332 -0
    outer loop
      vertex 65.2423 48.4283 18
      vertex 64.6886 48.8532 28
      vertex 65.2423 48.4283 28
    endloop
  endfacet
  facet normal 0.608789 0.793332 0
    outer loop
      vertex 64.6886 48.8532 28
      vertex 65.2423 48.4283 18
      vertex 64.6886 48.8532 18
    endloop
  endfacet
  facet normal 0.461655 0.88706 -0
    outer loop
      vertex 64.1 49.2282 18
      vertex 63.4809 49.5504 28
      vertex 64.1 49.2282 28
    endloop
  endfacet
  facet normal 0.461655 0.88706 0
    outer loop
      vertex 63.4809 49.5504 28
      vertex 64.1 49.2282 18
      vertex 63.4809 49.5504 18
    endloop
  endfacet
  facet normal 0.216521 0.976278 -0
    outer loop
      vertex 62.1705 50.0274 18
      vertex 61.4892 50.1785 28
      vertex 62.1705 50.0274 28
    endloop
  endfacet
  facet normal 0.216521 0.976278 0
    outer loop
      vertex 61.4892 50.1785 28
      vertex 62.1705 50.0274 18
      vertex 61.4892 50.1785 18
    endloop
  endfacet
  facet normal 0.13038 0.991464 -0
    outer loop
      vertex 61.4892 50.1785 18
      vertex 60.7972 50.2695 28
      vertex 61.4892 50.1785 28
    endloop
  endfacet
  facet normal 0.13038 0.991464 0
    outer loop
      vertex 60.7972 50.2695 28
      vertex 61.4892 50.1785 18
      vertex 60.7972 50.2695 18
    endloop
  endfacet
  facet normal 0.300713 0.953715 -0
    outer loop
      vertex 62.8362 49.8175 18
      vertex 62.1705 50.0274 28
      vertex 62.8362 49.8175 28
    endloop
  endfacet
  facet normal 0.300713 0.953715 0
    outer loop
      vertex 62.1705 50.0274 28
      vertex 62.8362 49.8175 18
      vertex 62.1705 50.0274 18
    endloop
  endfacet
  facet normal 0.923872 0.382702 0
    outer loop
      vertex 67.6175 45.0361 28
      vertex 67.3504 45.6809 18
      vertex 67.3504 45.6809 28
    endloop
  endfacet
  facet normal 0.923872 0.382702 0
    outer loop
      vertex 67.3504 45.6809 18
      vertex 67.6175 45.0361 28
      vertex 67.6175 45.0361 18
    endloop
  endfacet
  facet normal 0.843378 -0.53732 0
    outer loop
      vertex 66.6532 -46.8886 28
      vertex 67.0282 -46.3 18
      vertex 67.0282 -46.3 28
    endloop
  endfacet
  facet normal 0.843378 -0.53732 0
    outer loop
      vertex 67.0282 -46.3 18
      vertex 66.6532 -46.8886 28
      vertex 66.6532 -46.8886 18
    endloop
  endfacet
  facet normal -0.300713 0.953715 0
    outer loop
      vertex -62.1705 50.0274 18
      vertex -62.8362 49.8175 28
      vertex -62.1705 50.0274 28
    endloop
  endfacet
  facet normal -0.300713 0.953715 0
    outer loop
      vertex -62.8362 49.8175 28
      vertex -62.1705 50.0274 18
      vertex -62.8362 49.8175 18
    endloop
  endfacet
  facet normal -0.216521 0.976278 0
    outer loop
      vertex -61.4892 50.1785 18
      vertex -62.1705 50.0274 28
      vertex -61.4892 50.1785 28
    endloop
  endfacet
  facet normal -0.216521 0.976278 0
    outer loop
      vertex -62.1705 50.0274 28
      vertex -61.4892 50.1785 18
      vertex -62.1705 50.0274 18
    endloop
  endfacet
  facet normal -0.382753 0.923851 0
    outer loop
      vertex -62.8362 49.8175 18
      vertex -63.4809 49.5504 28
      vertex -62.8362 49.8175 28
    endloop
  endfacet
  facet normal -0.382753 0.923851 0
    outer loop
      vertex -63.4809 49.5504 28
      vertex -62.8362 49.8175 18
      vertex -63.4809 49.5504 18
    endloop
  endfacet
  facet normal -0.608789 0.793332 0
    outer loop
      vertex -64.6886 48.8532 18
      vertex -65.2423 48.4283 28
      vertex -64.6886 48.8532 28
    endloop
  endfacet
  facet normal -0.608789 0.793332 0
    outer loop
      vertex -65.2423 48.4283 28
      vertex -64.6886 48.8532 18
      vertex -65.2423 48.4283 18
    endloop
  endfacet
  facet normal -0.675556 0.737309 0
    outer loop
      vertex -65.2423 48.4283 18
      vertex -65.7569 47.9568 28
      vertex -65.2423 48.4283 28
    endloop
  endfacet
  facet normal -0.675556 0.737309 0
    outer loop
      vertex -65.7569 47.9568 28
      vertex -65.2423 48.4283 18
      vertex -65.7569 47.9568 18
    endloop
  endfacet
  facet normal -0.53732 0.843378 0
    outer loop
      vertex -64.1 49.2282 18
      vertex -64.6886 48.8532 28
      vertex -64.1 49.2282 28
    endloop
  endfacet
  facet normal -0.53732 0.843378 0
    outer loop
      vertex -64.6886 48.8532 28
      vertex -64.1 49.2282 18
      vertex -64.6886 48.8532 18
    endloop
  endfacet
  facet normal -0.976278 0.216521 0
    outer loop
      vertex -67.9785 43.6892 18
      vertex -67.8274 44.3705 28
      vertex -67.8274 44.3705 18
    endloop
  endfacet
  facet normal -0.976278 0.216521 0
    outer loop
      vertex -67.8274 44.3705 28
      vertex -67.9785 43.6892 18
      vertex -67.9785 43.6892 28
    endloop
  endfacet
  facet normal -0.953702 0.300754 0
    outer loop
      vertex -67.8274 44.3705 18
      vertex -67.6175 45.0361 28
      vertex -67.6175 45.0361 18
    endloop
  endfacet
  facet normal -0.953702 0.300754 0
    outer loop
      vertex -67.6175 45.0361 28
      vertex -67.8274 44.3705 18
      vertex -67.8274 44.3705 28
    endloop
  endfacet
  facet normal -0.991464 0.13038 0
    outer loop
      vertex -68.0695 42.9972 18
      vertex -67.9785 43.6892 28
      vertex -67.9785 43.6892 18
    endloop
  endfacet
  facet normal -0.991464 0.13038 0
    outer loop
      vertex -67.9785 43.6892 28
      vertex -68.0695 42.9972 18
      vertex -68.0695 42.9972 28
    endloop
  endfacet
  facet normal -0.88706 0.461655 0
    outer loop
      vertex -67.3504 45.6809 18
      vertex -67.0282 46.3 28
      vertex -67.0282 46.3 18
    endloop
  endfacet
  facet normal -0.88706 0.461655 0
    outer loop
      vertex -67.0282 46.3 28
      vertex -67.3504 45.6809 18
      vertex -67.3504 45.6809 28
    endloop
  endfacet
  facet normal -0.793332 0.608789 0
    outer loop
      vertex -66.6532 46.8886 18
      vertex -66.2283 47.4423 28
      vertex -66.2283 47.4423 18
    endloop
  endfacet
  facet normal -0.793332 0.608789 0
    outer loop
      vertex -66.2283 47.4423 28
      vertex -66.6532 46.8886 18
      vertex -66.6532 46.8886 28
    endloop
  endfacet
  facet normal -0.999044 -0.0437046 0
    outer loop
      vertex -68.0695 -42.9972 18
      vertex -68.1 -42.3 28
      vertex -68.1 -42.3 18
    endloop
  endfacet
  facet normal -0.999044 -0.0437046 0
    outer loop
      vertex -68.1 -42.3 28
      vertex -68.0695 -42.9972 18
      vertex -68.0695 -42.9972 28
    endloop
  endfacet
  facet normal -0.88706 -0.461655 0
    outer loop
      vertex -67.0282 -46.3 18
      vertex -67.3504 -45.6809 28
      vertex -67.3504 -45.6809 18
    endloop
  endfacet
  facet normal -0.88706 -0.461655 0
    outer loop
      vertex -67.3504 -45.6809 28
      vertex -67.0282 -46.3 18
      vertex -67.0282 -46.3 28
    endloop
  endfacet
  facet normal -0.53732 -0.843378 0
    outer loop
      vertex -64.6886 -48.8532 18
      vertex -64.1 -49.2282 28
      vertex -64.6886 -48.8532 28
    endloop
  endfacet
  facet normal -0.53732 -0.843378 -0
    outer loop
      vertex -64.1 -49.2282 28
      vertex -64.6886 -48.8532 18
      vertex -64.1 -49.2282 18
    endloop
  endfacet
  facet normal -0.382753 -0.923851 0
    outer loop
      vertex -63.4809 -49.5504 18
      vertex -62.8362 -49.8175 28
      vertex -63.4809 -49.5504 28
    endloop
  endfacet
  facet normal -0.382753 -0.923851 -0
    outer loop
      vertex -62.8362 -49.8175 28
      vertex -63.4809 -49.5504 18
      vertex -62.8362 -49.8175 18
    endloop
  endfacet
  facet normal -0.0437046 -0.999044 0
    outer loop
      vertex -60.7972 -50.2695 18
      vertex -60.1 -50.3 28
      vertex -60.7972 -50.2695 28
    endloop
  endfacet
  facet normal -0.0437046 -0.999044 -0
    outer loop
      vertex -60.1 -50.3 28
      vertex -60.7972 -50.2695 18
      vertex -60.1 -50.3 18
    endloop
  endfacet
  facet normal -0.216521 -0.976278 0
    outer loop
      vertex -62.1705 -50.0274 18
      vertex -61.4892 -50.1785 28
      vertex -62.1705 -50.0274 28
    endloop
  endfacet
  facet normal -0.216521 -0.976278 -0
    outer loop
      vertex -61.4892 -50.1785 28
      vertex -62.1705 -50.0274 18
      vertex -61.4892 -50.1785 18
    endloop
  endfacet
  facet normal 0.843378 0.53732 0
    outer loop
      vertex 67.0282 46.3 28
      vertex 66.6532 46.8886 18
      vertex 66.6532 46.8886 28
    endloop
  endfacet
  facet normal 0.843378 0.53732 0
    outer loop
      vertex 66.6532 46.8886 18
      vertex 67.0282 46.3 28
      vertex 67.0282 46.3 18
    endloop
  endfacet
  facet normal 0.991464 0.13038 0
    outer loop
      vertex 68.0695 42.9972 28
      vertex 67.9785 43.6892 18
      vertex 67.9785 43.6892 28
    endloop
  endfacet
  facet normal 0.991464 0.13038 0
    outer loop
      vertex 67.9785 43.6892 18
      vertex 68.0695 42.9972 28
      vertex 68.0695 42.9972 18
    endloop
  endfacet
  facet normal 0.999044 0.0437046 0
    outer loop
      vertex 68.1 42.3 28
      vertex 68.0695 42.9972 18
      vertex 68.0695 42.9972 28
    endloop
  endfacet
  facet normal 0.999044 0.0437046 0
    outer loop
      vertex 68.0695 42.9972 18
      vertex 68.1 42.3 28
      vertex 68.1 42.3 18
    endloop
  endfacet
  facet normal 0.88706 0.461655 0
    outer loop
      vertex 67.3504 45.6809 28
      vertex 67.0282 46.3 18
      vertex 67.0282 46.3 28
    endloop
  endfacet
  facet normal 0.88706 0.461655 0
    outer loop
      vertex 67.0282 46.3 18
      vertex 67.3504 45.6809 28
      vertex 67.3504 45.6809 18
    endloop
  endfacet
  facet normal 0.88706 -0.461655 0
    outer loop
      vertex 67.0282 -46.3 28
      vertex 67.3504 -45.6809 18
      vertex 67.3504 -45.6809 28
    endloop
  endfacet
  facet normal 0.88706 -0.461655 0
    outer loop
      vertex 67.3504 -45.6809 18
      vertex 67.0282 -46.3 28
      vertex 67.0282 -46.3 18
    endloop
  endfacet
  facet normal 0.953702 -0.300754 0
    outer loop
      vertex 67.6175 -45.0361 28
      vertex 67.8274 -44.3705 18
      vertex 67.8274 -44.3705 28
    endloop
  endfacet
  facet normal 0.953702 -0.300754 0
    outer loop
      vertex 67.8274 -44.3705 18
      vertex 67.6175 -45.0361 28
      vertex 67.6175 -45.0361 18
    endloop
  endfacet
  facet normal 0.991464 -0.13038 0
    outer loop
      vertex 67.9785 -43.6892 28
      vertex 68.0695 -42.9972 18
      vertex 68.0695 -42.9972 28
    endloop
  endfacet
  facet normal 0.991464 -0.13038 0
    outer loop
      vertex 68.0695 -42.9972 18
      vertex 67.9785 -43.6892 28
      vertex 67.9785 -43.6892 18
    endloop
  endfacet
  facet normal 0.608789 -0.793332 0
    outer loop
      vertex 64.6886 -48.8532 18
      vertex 65.2423 -48.4283 28
      vertex 64.6886 -48.8532 28
    endloop
  endfacet
  facet normal 0.608789 -0.793332 0
    outer loop
      vertex 65.2423 -48.4283 28
      vertex 64.6886 -48.8532 18
      vertex 65.2423 -48.4283 18
    endloop
  endfacet
  facet normal 0.737315 -0.675549 0
    outer loop
      vertex 65.7569 -47.9568 28
      vertex 66.2283 -47.4423 18
      vertex 66.2283 -47.4423 28
    endloop
  endfacet
  facet normal 0.737315 -0.675549 0
    outer loop
      vertex 66.2283 -47.4423 18
      vertex 65.7569 -47.9568 28
      vertex 65.7569 -47.9568 18
    endloop
  endfacet
  facet normal 0.461655 -0.88706 0
    outer loop
      vertex 63.4809 -49.5504 18
      vertex 64.1 -49.2282 28
      vertex 63.4809 -49.5504 28
    endloop
  endfacet
  facet normal 0.461655 -0.88706 0
    outer loop
      vertex 64.1 -49.2282 28
      vertex 63.4809 -49.5504 18
      vertex 64.1 -49.2282 18
    endloop
  endfacet
  facet normal 0.300713 -0.953715 0
    outer loop
      vertex 62.1705 -50.0274 18
      vertex 62.8362 -49.8175 28
      vertex 62.1705 -50.0274 28
    endloop
  endfacet
  facet normal 0.300713 -0.953715 0
    outer loop
      vertex 62.8362 -49.8175 28
      vertex 62.1705 -50.0274 18
      vertex 62.8362 -49.8175 18
    endloop
  endfacet
  facet normal -0.991464 -0.13038 0
    outer loop
      vertex -67.9785 -43.6892 18
      vertex -68.0695 -42.9972 28
      vertex -68.0695 -42.9972 18
    endloop
  endfacet
  facet normal -0.991464 -0.13038 0
    outer loop
      vertex -68.0695 -42.9972 28
      vertex -67.9785 -43.6892 18
      vertex -67.9785 -43.6892 28
    endloop
  endfacet
  facet normal -0.923872 -0.382702 0
    outer loop
      vertex -67.3504 -45.6809 18
      vertex -67.6175 -45.0361 28
      vertex -67.6175 -45.0361 18
    endloop
  endfacet
  facet normal -0.923872 -0.382702 0
    outer loop
      vertex -67.6175 -45.0361 28
      vertex -67.3504 -45.6809 18
      vertex -67.3504 -45.6809 28
    endloop
  endfacet
  facet normal -0.976278 -0.216521 0
    outer loop
      vertex -67.8274 -44.3705 18
      vertex -67.9785 -43.6892 28
      vertex -67.9785 -43.6892 18
    endloop
  endfacet
  facet normal -0.976278 -0.216521 0
    outer loop
      vertex -67.9785 -43.6892 28
      vertex -67.8274 -44.3705 18
      vertex -67.8274 -44.3705 28
    endloop
  endfacet
  facet normal -0.843378 -0.53732 0
    outer loop
      vertex -66.6532 -46.8886 18
      vertex -67.0282 -46.3 28
      vertex -67.0282 -46.3 18
    endloop
  endfacet
  facet normal -0.843378 -0.53732 0
    outer loop
      vertex -67.0282 -46.3 28
      vertex -66.6532 -46.8886 18
      vertex -66.6532 -46.8886 28
    endloop
  endfacet
  facet normal -0.793332 -0.608789 0
    outer loop
      vertex -66.2283 -47.4423 18
      vertex -66.6532 -46.8886 28
      vertex -66.6532 -46.8886 18
    endloop
  endfacet
  facet normal -0.793332 -0.608789 0
    outer loop
      vertex -66.6532 -46.8886 28
      vertex -66.2283 -47.4423 18
      vertex -66.2283 -47.4423 28
    endloop
  endfacet
  facet normal -0.675556 -0.737309 0
    outer loop
      vertex -65.7569 -47.9568 18
      vertex -65.2423 -48.4283 28
      vertex -65.7569 -47.9568 28
    endloop
  endfacet
  facet normal -0.675556 -0.737309 -0
    outer loop
      vertex -65.2423 -48.4283 28
      vertex -65.7569 -47.9568 18
      vertex -65.2423 -48.4283 18
    endloop
  endfacet
  facet normal 0.953702 0.300754 0
    outer loop
      vertex 67.8274 44.3705 28
      vertex 67.6175 45.0361 18
      vertex 67.6175 45.0361 28
    endloop
  endfacet
  facet normal 0.953702 0.300754 0
    outer loop
      vertex 67.6175 45.0361 18
      vertex 67.8274 44.3705 28
      vertex 67.8274 44.3705 18
    endloop
  endfacet
  facet normal 0.976278 0.216521 0
    outer loop
      vertex 67.9785 43.6892 28
      vertex 67.8274 44.3705 18
      vertex 67.8274 44.3705 28
    endloop
  endfacet
  facet normal 0.976278 0.216521 0
    outer loop
      vertex 67.8274 44.3705 18
      vertex 67.9785 43.6892 28
      vertex 67.9785 43.6892 18
    endloop
  endfacet
  facet normal 0.793332 0.608789 0
    outer loop
      vertex 66.6532 46.8886 28
      vertex 66.2283 47.4423 18
      vertex 66.2283 47.4423 28
    endloop
  endfacet
  facet normal 0.793332 0.608789 0
    outer loop
      vertex 66.2283 47.4423 18
      vertex 66.6532 46.8886 28
      vertex 66.6532 46.8886 18
    endloop
  endfacet
  facet normal 0.737315 0.675549 0
    outer loop
      vertex 66.2283 47.4423 28
      vertex 65.7569 47.9568 18
      vertex 65.7569 47.9568 28
    endloop
  endfacet
  facet normal 0.737315 0.675549 0
    outer loop
      vertex 65.7569 47.9568 18
      vertex 66.2283 47.4423 28
      vertex 66.2283 47.4423 18
    endloop
  endfacet
  facet normal 0.923872 -0.382702 0
    outer loop
      vertex 67.3504 -45.6809 28
      vertex 67.6175 -45.0361 18
      vertex 67.6175 -45.0361 28
    endloop
  endfacet
  facet normal 0.923872 -0.382702 0
    outer loop
      vertex 67.6175 -45.0361 18
      vertex 67.3504 -45.6809 28
      vertex 67.3504 -45.6809 18
    endloop
  endfacet
  facet normal 0.976278 -0.216521 0
    outer loop
      vertex 67.8274 -44.3705 28
      vertex 67.9785 -43.6892 18
      vertex 67.9785 -43.6892 28
    endloop
  endfacet
  facet normal 0.976278 -0.216521 0
    outer loop
      vertex 67.9785 -43.6892 18
      vertex 67.8274 -44.3705 28
      vertex 67.8274 -44.3705 18
    endloop
  endfacet
  facet normal 0.999044 -0.0437046 0
    outer loop
      vertex 68.0695 -42.9972 28
      vertex 68.1 -42.3 18
      vertex 68.1 -42.3 28
    endloop
  endfacet
  facet normal 0.999044 -0.0437046 0
    outer loop
      vertex 68.1 -42.3 18
      vertex 68.0695 -42.9972 28
      vertex 68.0695 -42.9972 18
    endloop
  endfacet
  facet normal 0.675556 -0.737309 0
    outer loop
      vertex 65.2423 -48.4283 18
      vertex 65.7569 -47.9568 28
      vertex 65.2423 -48.4283 28
    endloop
  endfacet
  facet normal 0.675556 -0.737309 0
    outer loop
      vertex 65.7569 -47.9568 28
      vertex 65.2423 -48.4283 18
      vertex 65.7569 -47.9568 18
    endloop
  endfacet
  facet normal 0.793332 -0.608789 0
    outer loop
      vertex 66.2283 -47.4423 28
      vertex 66.6532 -46.8886 18
      vertex 66.6532 -46.8886 28
    endloop
  endfacet
  facet normal 0.793332 -0.608789 0
    outer loop
      vertex 66.6532 -46.8886 18
      vertex 66.2283 -47.4423 28
      vertex 66.2283 -47.4423 18
    endloop
  endfacet
  facet normal 0.53732 -0.843378 0
    outer loop
      vertex 64.1 -49.2282 18
      vertex 64.6886 -48.8532 28
      vertex 64.1 -49.2282 28
    endloop
  endfacet
  facet normal 0.53732 -0.843378 0
    outer loop
      vertex 64.6886 -48.8532 28
      vertex 64.1 -49.2282 18
      vertex 64.6886 -48.8532 18
    endloop
  endfacet
  facet normal 0.382753 -0.923851 0
    outer loop
      vertex 62.8362 -49.8175 18
      vertex 63.4809 -49.5504 28
      vertex 62.8362 -49.8175 28
    endloop
  endfacet
  facet normal 0.382753 -0.923851 0
    outer loop
      vertex 63.4809 -49.5504 28
      vertex 62.8362 -49.8175 18
      vertex 63.4809 -49.5504 18
    endloop
  endfacet
  facet normal -0.953702 -0.300754 0
    outer loop
      vertex -67.6175 -45.0361 18
      vertex -67.8274 -44.3705 28
      vertex -67.8274 -44.3705 18
    endloop
  endfacet
  facet normal -0.953702 -0.300754 0
    outer loop
      vertex -67.8274 -44.3705 28
      vertex -67.6175 -45.0361 18
      vertex -67.6175 -45.0361 28
    endloop
  endfacet
  facet normal -0.737315 -0.675549 0
    outer loop
      vertex -65.7569 -47.9568 18
      vertex -66.2283 -47.4423 28
      vertex -66.2283 -47.4423 18
    endloop
  endfacet
  facet normal -0.737315 -0.675549 0
    outer loop
      vertex -66.2283 -47.4423 28
      vertex -65.7569 -47.9568 18
      vertex -65.7569 -47.9568 28
    endloop
  endfacet
  facet normal -0.216396 0.976306 0
    outer loop
      vertex 60.3941 -46.1296 18
      vertex 59.9682 -46.224 28
      vertex 60.3941 -46.1296 28
    endloop
  endfacet
  facet normal -0.216396 0.976306 0
    outer loop
      vertex 59.9682 -46.224 28
      vertex 60.3941 -46.1296 18
      vertex 59.9682 -46.224 18
    endloop
  endfacet
  facet normal -0.30078 0.953693 0
    outer loop
      vertex 60.8101 -45.9984 18
      vertex 60.3941 -46.1296 28
      vertex 60.8101 -45.9984 28
    endloop
  endfacet
  facet normal -0.30078 0.953693 0
    outer loop
      vertex 60.3941 -46.1296 28
      vertex 60.8101 -45.9984 18
      vertex 60.3941 -46.1296 18
    endloop
  endfacet
  facet normal 0.537172 0.843473 -0
    outer loop
      vertex -61.6 -45.6301 18
      vertex -61.9679 -45.3958 28
      vertex -61.6 -45.6301 28
    endloop
  endfacet
  facet normal 0.537172 0.843473 0
    outer loop
      vertex -61.9679 -45.3958 28
      vertex -61.6 -45.6301 18
      vertex -61.9679 -45.3958 18
    endloop
  endfacet
  facet normal -1 0 0
    outer loop
      vertex 64.1 -41.3 18
      vertex 64.1 41.3 28
      vertex 64.1 41.3 18
    endloop
  endfacet
  facet normal -1 -0 0
    outer loop
      vertex 64.1 41.3 28
      vertex 64.1 -41.3 18
      vertex 64.1 -41.3 28
    endloop
  endfacet
  facet normal 0 1 -0
    outer loop
      vertex 59.1 -46.3 18
      vertex -59.1 -46.3 28
      vertex 59.1 -46.3 28
    endloop
  endfacet
  facet normal 0 1 0
    outer loop
      vertex -59.1 -46.3 28
      vertex 59.1 -46.3 18
      vertex -59.1 -46.3 18
    endloop
  endfacet
  facet normal -0.843473 0.537172 0
    outer loop
      vertex 63.1958 -44.1679 18
      vertex 63.4301 -43.8 28
      vertex 63.4301 -43.8 18
    endloop
  endfacet
  facet normal -0.843473 0.537172 0
    outer loop
      vertex 63.4301 -43.8 28
      vertex 63.1958 -44.1679 18
      vertex 63.1958 -44.1679 28
    endloop
  endfacet
  facet normal 0 -1 0
    outer loop
      vertex -59.1 46.3 28
      vertex -45 46.3 20
      vertex -42 46.3 28
    endloop
  endfacet
  facet normal 0 -1 0
    outer loop
      vertex -59.1 46.3 18
      vertex -45 46.3 20
      vertex -59.1 46.3 28
    endloop
  endfacet
  facet normal 0 -1 -0
    outer loop
      vertex -45 46.3 20
      vertex -59.1 46.3 18
      vertex -45 46.3 18
    endloop
  endfacet
  facet normal 0 -1 -0
    outer loop
      vertex -42 46.3 28
      vertex -45 46.3 20
      vertex -42 46.3 20
    endloop
  endfacet
  facet normal 0 -1 0
    outer loop
      vertex 27 46.3 19
      vertex 27 46.3 18
      vertex 42 46.3 19
    endloop
  endfacet
  facet normal 0 -1 0
    outer loop
      vertex 42 46.3 28
      vertex 45 46.3 20
      vertex 59.1 46.3 28
    endloop
  endfacet
  facet normal 0 -1 0
    outer loop
      vertex 42 46.3 19
      vertex 45 46.3 20
      vertex 42 46.3 28
    endloop
  endfacet
  facet normal 0 -1 0
    outer loop
      vertex 42 46.3 19
      vertex 45 46.3 18
      vertex 45 46.3 20
    endloop
  endfacet
  facet normal 0 -1 0
    outer loop
      vertex 45 46.3 18
      vertex 42 46.3 19
      vertex 27 46.3 18
    endloop
  endfacet
  facet normal 0 -1 0
    outer loop
      vertex 57 46.3 20
      vertex 59.1 46.3 28
      vertex 45 46.3 20
    endloop
  endfacet
  facet normal 0 -1 0
    outer loop
      vertex 59.1 46.3 18
      vertex 57 46.3 20
      vertex 57 46.3 18
    endloop
  endfacet
  facet normal 0 -1 0
    outer loop
      vertex 57 46.3 20
      vertex 59.1 46.3 18
      vertex 59.1 46.3 28
    endloop
  endfacet
  facet normal 0 -1 0
    outer loop
      vertex -33 46.3 18
      vertex -15 46.3 19
      vertex -33 46.3 19
    endloop
  endfacet
  facet normal 0 -1 -0
    outer loop
      vertex -15 46.3 19
      vertex -33 46.3 18
      vertex -15 46.3 18
    endloop
  endfacet
  facet normal 0 -1 0
    outer loop
      vertex -3 46.3 18
      vertex 15 46.3 19
      vertex -3 46.3 19
    endloop
  endfacet
  facet normal 0 -1 -0
    outer loop
      vertex 15 46.3 19
      vertex -3 46.3 18
      vertex 15 46.3 18
    endloop
  endfacet
  facet normal 0.216396 0.976306 -0
    outer loop
      vertex -59.9682 -46.224 18
      vertex -60.3941 -46.1296 28
      vertex -59.9682 -46.224 28
    endloop
  endfacet
  facet normal 0.216396 0.976306 0
    outer loop
      vertex -60.3941 -46.1296 28
      vertex -59.9682 -46.224 18
      vertex -60.3941 -46.1296 18
    endloop
  endfacet
  facet normal 0.130692 0.991423 -0
    outer loop
      vertex -59.5358 -46.281 18
      vertex -59.9682 -46.224 28
      vertex -59.5358 -46.281 28
    endloop
  endfacet
  facet normal 0.130692 0.991423 0
    outer loop
      vertex -59.9682 -46.224 28
      vertex -59.5358 -46.281 18
      vertex -59.9682 -46.224 18
    endloop
  endfacet
  facet normal 0.999051 -0.0435566 0
    outer loop
      vertex -64.1 41.3 28
      vertex -64.081 41.7358 18
      vertex -64.081 41.7358 28
    endloop
  endfacet
  facet normal 0.999051 -0.0435566 0
    outer loop
      vertex -64.081 41.7358 18
      vertex -64.1 41.3 28
      vertex -64.1 41.3 18
    endloop
  endfacet
  facet normal 1 -0 0
    outer loop
      vertex -64.1 -41.3 28
      vertex -64.1 41.3 18
      vertex -64.1 41.3 28
    endloop
  endfacet
  facet normal 1 0 0
    outer loop
      vertex -64.1 41.3 18
      vertex -64.1 -41.3 28
      vertex -64.1 -41.3 18
    endloop
  endfacet
  facet normal 0.887018 0.461735 0
    outer loop
      vertex -63.4301 -43.8 28
      vertex -63.6315 -43.4131 18
      vertex -63.6315 -43.4131 28
    endloop
  endfacet
  facet normal 0.887018 0.461735 0
    outer loop
      vertex -63.6315 -43.4131 18
      vertex -63.4301 -43.8 28
      vertex -63.4301 -43.8 18
    endloop
  endfacet
  facet normal 0.216396 -0.976306 0
    outer loop
      vertex -60.3941 46.1296 18
      vertex -59.9682 46.224 28
      vertex -60.3941 46.1296 28
    endloop
  endfacet
  facet normal 0.216396 -0.976306 0
    outer loop
      vertex -59.9682 46.224 28
      vertex -60.3941 46.1296 18
      vertex -59.9682 46.224 18
    endloop
  endfacet
  facet normal -0.737268 -0.6756 0
    outer loop
      vertex 62.9302 44.5139 18
      vertex 62.6355 44.8355 28
      vertex 62.6355 44.8355 18
    endloop
  endfacet
  facet normal -0.737268 -0.6756 0
    outer loop
      vertex 62.6355 44.8355 28
      vertex 62.9302 44.5139 18
      vertex 62.9302 44.5139 28
    endloop
  endfacet
  facet normal -0.0435566 0.999051 0
    outer loop
      vertex 59.5358 -46.281 18
      vertex 59.1 -46.3 28
      vertex 59.5358 -46.281 28
    endloop
  endfacet
  facet normal -0.0435566 0.999051 0
    outer loop
      vertex 59.1 -46.3 28
      vertex 59.5358 -46.281 18
      vertex 59.1 -46.3 18
    endloop
  endfacet
  facet normal -0.130692 0.991423 0
    outer loop
      vertex 59.9682 -46.224 18
      vertex 59.5358 -46.281 28
      vertex 59.9682 -46.224 28
    endloop
  endfacet
  facet normal -0.130692 0.991423 0
    outer loop
      vertex 59.5358 -46.281 28
      vertex 59.9682 -46.224 18
      vertex 59.5358 -46.281 18
    endloop
  endfacet
  facet normal -0.382629 0.923902 0
    outer loop
      vertex 61.2131 -45.8315 18
      vertex 60.8101 -45.9984 28
      vertex 61.2131 -45.8315 28
    endloop
  endfacet
  facet normal -0.382629 0.923902 0
    outer loop
      vertex 60.8101 -45.9984 28
      vertex 61.2131 -45.8315 18
      vertex 60.8101 -45.9984 18
    endloop
  endfacet
  facet normal 0.382629 0.923902 -0
    outer loop
      vertex -60.8101 -45.9984 18
      vertex -61.2131 -45.8315 28
      vertex -60.8101 -45.9984 28
    endloop
  endfacet
  facet normal 0.382629 0.923902 0
    outer loop
      vertex -61.2131 -45.8315 28
      vertex -60.8101 -45.9984 18
      vertex -61.2131 -45.8315 18
    endloop
  endfacet
  facet normal 0.30078 0.953693 -0
    outer loop
      vertex -60.3941 -46.1296 18
      vertex -60.8101 -45.9984 28
      vertex -60.3941 -46.1296 28
    endloop
  endfacet
  facet normal 0.30078 0.953693 0
    outer loop
      vertex -60.8101 -45.9984 28
      vertex -60.3941 -46.1296 18
      vertex -60.8101 -45.9984 18
    endloop
  endfacet
  facet normal 0.0435566 0.999051 -0
    outer loop
      vertex -59.1 -46.3 18
      vertex -59.5358 -46.281 28
      vertex -59.1 -46.3 28
    endloop
  endfacet
  facet normal 0.0435566 0.999051 0
    outer loop
      vertex -59.5358 -46.281 28
      vertex -59.1 -46.3 18
      vertex -59.5358 -46.281 18
    endloop
  endfacet
  facet normal 0.793237 -0.608913 0
    outer loop
      vertex -63.1958 44.1679 28
      vertex -62.9302 44.5139 18
      vertex -62.9302 44.5139 28
    endloop
  endfacet
  facet normal 0.793237 -0.608913 0
    outer loop
      vertex -62.9302 44.5139 18
      vertex -63.1958 44.1679 28
      vertex -63.1958 44.1679 18
    endloop
  endfacet
  facet normal 0.737268 0.6756 0
    outer loop
      vertex -62.6355 -44.8355 28
      vertex -62.9302 -44.5139 18
      vertex -62.9302 -44.5139 28
    endloop
  endfacet
  facet normal 0.737268 0.6756 0
    outer loop
      vertex -62.9302 -44.5139 18
      vertex -62.6355 -44.8355 28
      vertex -62.6355 -44.8355 18
    endloop
  endfacet
  facet normal -0.0435566 -0.999051 0
    outer loop
      vertex 59.1 46.3 18
      vertex 59.5358 46.281 28
      vertex 59.1 46.3 28
    endloop
  endfacet
  facet normal -0.0435566 -0.999051 -0
    outer loop
      vertex 59.5358 46.281 28
      vertex 59.1 46.3 18
      vertex 59.5358 46.281 18
    endloop
  endfacet
  facet normal -0.793237 0.608913 0
    outer loop
      vertex 62.9302 -44.5139 18
      vertex 63.1958 -44.1679 28
      vertex 63.1958 -44.1679 18
    endloop
  endfacet
  facet normal -0.793237 0.608913 0
    outer loop
      vertex 63.1958 -44.1679 28
      vertex 62.9302 -44.5139 18
      vertex 62.9302 -44.5139 28
    endloop
  endfacet
  facet normal 0.461735 0.887018 -0
    outer loop
      vertex -61.2131 -45.8315 18
      vertex -61.6 -45.6301 28
      vertex -61.2131 -45.8315 28
    endloop
  endfacet
  facet normal 0.461735 0.887018 0
    outer loop
      vertex -61.6 -45.6301 28
      vertex -61.2131 -45.8315 18
      vertex -61.6 -45.6301 18
    endloop
  endfacet
  facet normal 0.976306 -0.216396 0
    outer loop
      vertex -64.024 42.1682 28
      vertex -63.9296 42.5941 18
      vertex -63.9296 42.5941 28
    endloop
  endfacet
  facet normal 0.976306 -0.216396 0
    outer loop
      vertex -63.9296 42.5941 18
      vertex -64.024 42.1682 28
      vertex -64.024 42.1682 18
    endloop
  endfacet
  facet normal 0.953693 -0.30078 0
    outer loop
      vertex -63.9296 42.5941 28
      vertex -63.7984 43.0101 18
      vertex -63.7984 43.0101 28
    endloop
  endfacet
  facet normal 0.953693 -0.30078 0
    outer loop
      vertex -63.7984 43.0101 18
      vertex -63.9296 42.5941 28
      vertex -63.9296 42.5941 18
    endloop
  endfacet
  facet normal 0.537172 -0.843473 0
    outer loop
      vertex -61.9679 45.3958 18
      vertex -61.6 45.6301 28
      vertex -61.9679 45.3958 28
    endloop
  endfacet
  facet normal 0.537172 -0.843473 0
    outer loop
      vertex -61.6 45.6301 28
      vertex -61.9679 45.3958 18
      vertex -61.6 45.6301 18
    endloop
  endfacet
  facet normal 0.953693 0.30078 0
    outer loop
      vertex -63.7984 -43.0101 28
      vertex -63.9296 -42.5941 18
      vertex -63.9296 -42.5941 28
    endloop
  endfacet
  facet normal 0.953693 0.30078 0
    outer loop
      vertex -63.9296 -42.5941 18
      vertex -63.7984 -43.0101 28
      vertex -63.7984 -43.0101 18
    endloop
  endfacet
  facet normal 0.923902 0.382629 0
    outer loop
      vertex -63.6315 -43.4131 28
      vertex -63.7984 -43.0101 18
      vertex -63.7984 -43.0101 28
    endloop
  endfacet
  facet normal 0.923902 0.382629 0
    outer loop
      vertex -63.7984 -43.0101 18
      vertex -63.6315 -43.4131 28
      vertex -63.6315 -43.4131 18
    endloop
  endfacet
  facet normal 0.6756 0.737268 -0
    outer loop
      vertex -62.3139 -45.1302 18
      vertex -62.6355 -44.8355 28
      vertex -62.3139 -45.1302 28
    endloop
  endfacet
  facet normal 0.6756 0.737268 0
    outer loop
      vertex -62.6355 -44.8355 28
      vertex -62.3139 -45.1302 18
      vertex -62.6355 -44.8355 18
    endloop
  endfacet
  facet normal 0.130692 -0.991423 0
    outer loop
      vertex -59.9682 46.224 18
      vertex -59.5358 46.281 28
      vertex -59.9682 46.224 28
    endloop
  endfacet
  facet normal 0.130692 -0.991423 0
    outer loop
      vertex -59.5358 46.281 28
      vertex -59.9682 46.224 18
      vertex -59.5358 46.281 18
    endloop
  endfacet
  facet normal 0.0435566 -0.999051 0
    outer loop
      vertex -59.5358 46.281 18
      vertex -59.1 46.3 28
      vertex -59.5358 46.281 28
    endloop
  endfacet
  facet normal 0.0435566 -0.999051 0
    outer loop
      vertex -59.1 46.3 28
      vertex -59.5358 46.281 18
      vertex -59.1 46.3 18
    endloop
  endfacet
  facet normal -0.537172 -0.843473 0
    outer loop
      vertex 61.6 45.6301 18
      vertex 61.9679 45.3958 28
      vertex 61.6 45.6301 28
    endloop
  endfacet
  facet normal -0.537172 -0.843473 -0
    outer loop
      vertex 61.9679 45.3958 28
      vertex 61.6 45.6301 18
      vertex 61.9679 45.3958 18
    endloop
  endfacet
  facet normal -0.382629 -0.923902 0
    outer loop
      vertex 60.8101 45.9984 18
      vertex 61.2131 45.8315 28
      vertex 60.8101 45.9984 28
    endloop
  endfacet
  facet normal -0.382629 -0.923902 -0
    outer loop
      vertex 61.2131 45.8315 28
      vertex 60.8101 45.9984 18
      vertex 61.2131 45.8315 18
    endloop
  endfacet
  facet normal -0.923902 -0.382629 0
    outer loop
      vertex 63.7984 43.0101 18
      vertex 63.6315 43.4131 28
      vertex 63.6315 43.4131 18
    endloop
  endfacet
  facet normal -0.923902 -0.382629 0
    outer loop
      vertex 63.6315 43.4131 28
      vertex 63.7984 43.0101 18
      vertex 63.7984 43.0101 28
    endloop
  endfacet
  facet normal -0.999051 0.0435566 0
    outer loop
      vertex 64.081 -41.7358 18
      vertex 64.1 -41.3 28
      vertex 64.1 -41.3 18
    endloop
  endfacet
  facet normal -0.999051 0.0435566 0
    outer loop
      vertex 64.1 -41.3 28
      vertex 64.081 -41.7358 18
      vertex 64.081 -41.7358 28
    endloop
  endfacet
  facet normal -0.991423 0.130692 0
    outer loop
      vertex 64.024 -42.1682 18
      vertex 64.081 -41.7358 28
      vertex 64.081 -41.7358 18
    endloop
  endfacet
  facet normal -0.991423 0.130692 0
    outer loop
      vertex 64.081 -41.7358 28
      vertex 64.024 -42.1682 18
      vertex 64.024 -42.1682 28
    endloop
  endfacet
  facet normal -0.887018 0.461735 0
    outer loop
      vertex 63.4301 -43.8 18
      vertex 63.6315 -43.4131 28
      vertex 63.6315 -43.4131 18
    endloop
  endfacet
  facet normal -0.887018 0.461735 0
    outer loop
      vertex 63.6315 -43.4131 28
      vertex 63.4301 -43.8 18
      vertex 63.4301 -43.8 28
    endloop
  endfacet
  facet normal 0.991423 -0.130692 0
    outer loop
      vertex -64.081 41.7358 28
      vertex -64.024 42.1682 18
      vertex -64.024 42.1682 28
    endloop
  endfacet
  facet normal 0.991423 -0.130692 0
    outer loop
      vertex -64.024 42.1682 18
      vertex -64.081 41.7358 28
      vertex -64.081 41.7358 18
    endloop
  endfacet
  facet normal 0.887018 -0.461735 0
    outer loop
      vertex -63.6315 43.4131 28
      vertex -63.4301 43.8 18
      vertex -63.4301 43.8 28
    endloop
  endfacet
  facet normal 0.887018 -0.461735 0
    outer loop
      vertex -63.4301 43.8 18
      vertex -63.6315 43.4131 28
      vertex -63.6315 43.4131 18
    endloop
  endfacet
  facet normal 0.843473 -0.537172 0
    outer loop
      vertex -63.4301 43.8 28
      vertex -63.1958 44.1679 18
      vertex -63.1958 44.1679 28
    endloop
  endfacet
  facet normal 0.843473 -0.537172 0
    outer loop
      vertex -63.1958 44.1679 18
      vertex -63.4301 43.8 28
      vertex -63.4301 43.8 18
    endloop
  endfacet
  facet normal 0.923902 -0.382629 0
    outer loop
      vertex -63.7984 43.0101 28
      vertex -63.6315 43.4131 18
      vertex -63.6315 43.4131 28
    endloop
  endfacet
  facet normal 0.923902 -0.382629 0
    outer loop
      vertex -63.6315 43.4131 18
      vertex -63.7984 43.0101 28
      vertex -63.7984 43.0101 18
    endloop
  endfacet
  facet normal 0.737268 -0.6756 0
    outer loop
      vertex -62.9302 44.5139 28
      vertex -62.6355 44.8355 18
      vertex -62.6355 44.8355 28
    endloop
  endfacet
  facet normal 0.737268 -0.6756 0
    outer loop
      vertex -62.6355 44.8355 18
      vertex -62.9302 44.5139 28
      vertex -62.9302 44.5139 18
    endloop
  endfacet
  facet normal 0.6756 -0.737268 0
    outer loop
      vertex -62.6355 44.8355 18
      vertex -62.3139 45.1302 28
      vertex -62.6355 44.8355 28
    endloop
  endfacet
  facet normal 0.6756 -0.737268 0
    outer loop
      vertex -62.3139 45.1302 28
      vertex -62.6355 44.8355 18
      vertex -62.3139 45.1302 18
    endloop
  endfacet
  facet normal 0.608913 -0.793237 0
    outer loop
      vertex -62.3139 45.1302 18
      vertex -61.9679 45.3958 28
      vertex -62.3139 45.1302 28
    endloop
  endfacet
  facet normal 0.608913 -0.793237 0
    outer loop
      vertex -61.9679 45.3958 28
      vertex -62.3139 45.1302 18
      vertex -61.9679 45.3958 18
    endloop
  endfacet
  facet normal 0.461735 -0.887018 0
    outer loop
      vertex -61.6 45.6301 18
      vertex -61.2131 45.8315 28
      vertex -61.6 45.6301 28
    endloop
  endfacet
  facet normal 0.461735 -0.887018 0
    outer loop
      vertex -61.2131 45.8315 28
      vertex -61.6 45.6301 18
      vertex -61.2131 45.8315 18
    endloop
  endfacet
  facet normal 0.382629 -0.923902 0
    outer loop
      vertex -61.2131 45.8315 18
      vertex -60.8101 45.9984 28
      vertex -61.2131 45.8315 28
    endloop
  endfacet
  facet normal 0.382629 -0.923902 0
    outer loop
      vertex -60.8101 45.9984 28
      vertex -61.2131 45.8315 18
      vertex -60.8101 45.9984 18
    endloop
  endfacet
  facet normal 0.30078 -0.953693 0
    outer loop
      vertex -60.8101 45.9984 18
      vertex -60.3941 46.1296 28
      vertex -60.8101 45.9984 28
    endloop
  endfacet
  facet normal 0.30078 -0.953693 0
    outer loop
      vertex -60.3941 46.1296 28
      vertex -60.8101 45.9984 18
      vertex -60.3941 46.1296 18
    endloop
  endfacet
  facet normal 0.976306 0.216396 0
    outer loop
      vertex -63.9296 -42.5941 28
      vertex -64.024 -42.1682 18
      vertex -64.024 -42.1682 28
    endloop
  endfacet
  facet normal 0.976306 0.216396 0
    outer loop
      vertex -64.024 -42.1682 18
      vertex -63.9296 -42.5941 28
      vertex -63.9296 -42.5941 18
    endloop
  endfacet
  facet normal 0.793237 0.608913 0
    outer loop
      vertex -62.9302 -44.5139 28
      vertex -63.1958 -44.1679 18
      vertex -63.1958 -44.1679 28
    endloop
  endfacet
  facet normal 0.793237 0.608913 0
    outer loop
      vertex -63.1958 -44.1679 18
      vertex -62.9302 -44.5139 28
      vertex -62.9302 -44.5139 18
    endloop
  endfacet
  facet normal 0.608913 0.793237 -0
    outer loop
      vertex -61.9679 -45.3958 18
      vertex -62.3139 -45.1302 28
      vertex -61.9679 -45.3958 28
    endloop
  endfacet
  facet normal 0.608913 0.793237 0
    outer loop
      vertex -62.3139 -45.1302 28
      vertex -61.9679 -45.3958 18
      vertex -62.3139 -45.1302 18
    endloop
  endfacet
  facet normal -0.608913 -0.793237 0
    outer loop
      vertex 61.9679 45.3958 18
      vertex 62.3139 45.1302 28
      vertex 61.9679 45.3958 28
    endloop
  endfacet
  facet normal -0.608913 -0.793237 -0
    outer loop
      vertex 62.3139 45.1302 28
      vertex 61.9679 45.3958 18
      vertex 62.3139 45.1302 18
    endloop
  endfacet
  facet normal -0.461735 -0.887018 0
    outer loop
      vertex 61.2131 45.8315 18
      vertex 61.6 45.6301 28
      vertex 61.2131 45.8315 28
    endloop
  endfacet
  facet normal -0.461735 -0.887018 -0
    outer loop
      vertex 61.6 45.6301 28
      vertex 61.2131 45.8315 18
      vertex 61.6 45.6301 18
    endloop
  endfacet
  facet normal -0.216396 -0.976306 0
    outer loop
      vertex 59.9682 46.224 18
      vertex 60.3941 46.1296 28
      vertex 59.9682 46.224 28
    endloop
  endfacet
  facet normal -0.216396 -0.976306 -0
    outer loop
      vertex 60.3941 46.1296 28
      vertex 59.9682 46.224 18
      vertex 60.3941 46.1296 18
    endloop
  endfacet
  facet normal -0.30078 -0.953693 0
    outer loop
      vertex 60.3941 46.1296 18
      vertex 60.8101 45.9984 28
      vertex 60.3941 46.1296 28
    endloop
  endfacet
  facet normal -0.30078 -0.953693 -0
    outer loop
      vertex 60.8101 45.9984 28
      vertex 60.3941 46.1296 18
      vertex 60.8101 45.9984 18
    endloop
  endfacet
  facet normal -0.976306 -0.216396 0
    outer loop
      vertex 64.024 42.1682 18
      vertex 63.9296 42.5941 28
      vertex 63.9296 42.5941 18
    endloop
  endfacet
  facet normal -0.976306 -0.216396 0
    outer loop
      vertex 63.9296 42.5941 28
      vertex 64.024 42.1682 18
      vertex 64.024 42.1682 28
    endloop
  endfacet
  facet normal -0.6756 -0.737268 0
    outer loop
      vertex 62.3139 45.1302 18
      vertex 62.6355 44.8355 28
      vertex 62.3139 45.1302 28
    endloop
  endfacet
  facet normal -0.6756 -0.737268 -0
    outer loop
      vertex 62.6355 44.8355 28
      vertex 62.3139 45.1302 18
      vertex 62.6355 44.8355 18
    endloop
  endfacet
  facet normal -0.976306 0.216396 0
    outer loop
      vertex 63.9296 -42.5941 18
      vertex 64.024 -42.1682 28
      vertex 64.024 -42.1682 18
    endloop
  endfacet
  facet normal -0.976306 0.216396 0
    outer loop
      vertex 64.024 -42.1682 28
      vertex 63.9296 -42.5941 18
      vertex 63.9296 -42.5941 28
    endloop
  endfacet
  facet normal -0.923902 0.382629 0
    outer loop
      vertex 63.6315 -43.4131 18
      vertex 63.7984 -43.0101 28
      vertex 63.7984 -43.0101 18
    endloop
  endfacet
  facet normal -0.923902 0.382629 0
    outer loop
      vertex 63.7984 -43.0101 28
      vertex 63.6315 -43.4131 18
      vertex 63.6315 -43.4131 28
    endloop
  endfacet
  facet normal 0.991423 0.130692 0
    outer loop
      vertex -64.024 -42.1682 28
      vertex -64.081 -41.7358 18
      vertex -64.081 -41.7358 28
    endloop
  endfacet
  facet normal 0.991423 0.130692 0
    outer loop
      vertex -64.081 -41.7358 18
      vertex -64.024 -42.1682 28
      vertex -64.024 -42.1682 18
    endloop
  endfacet
  facet normal 0.999051 0.0435566 0
    outer loop
      vertex -64.081 -41.7358 28
      vertex -64.1 -41.3 18
      vertex -64.1 -41.3 28
    endloop
  endfacet
  facet normal 0.999051 0.0435566 0
    outer loop
      vertex -64.1 -41.3 18
      vertex -64.081 -41.7358 28
      vertex -64.081 -41.7358 18
    endloop
  endfacet
  facet normal 0.843473 0.537172 0
    outer loop
      vertex -63.1958 -44.1679 28
      vertex -63.4301 -43.8 18
      vertex -63.4301 -43.8 28
    endloop
  endfacet
  facet normal 0.843473 0.537172 0
    outer loop
      vertex -63.4301 -43.8 18
      vertex -63.1958 -44.1679 28
      vertex -63.1958 -44.1679 18
    endloop
  endfacet
  facet normal -0.130692 -0.991423 0
    outer loop
      vertex 59.5358 46.281 18
      vertex 59.9682 46.224 28
      vertex 59.5358 46.281 28
    endloop
  endfacet
  facet normal -0.130692 -0.991423 -0
    outer loop
      vertex 59.9682 46.224 28
      vertex 59.5358 46.281 18
      vertex 59.9682 46.224 18
    endloop
  endfacet
  facet normal -0.953693 -0.30078 0
    outer loop
      vertex 63.9296 42.5941 18
      vertex 63.7984 43.0101 28
      vertex 63.7984 43.0101 18
    endloop
  endfacet
  facet normal -0.953693 -0.30078 0
    outer loop
      vertex 63.7984 43.0101 28
      vertex 63.9296 42.5941 18
      vertex 63.9296 42.5941 28
    endloop
  endfacet
  facet normal -0.953693 0.30078 0
    outer loop
      vertex 63.7984 -43.0101 18
      vertex 63.9296 -42.5941 28
      vertex 63.9296 -42.5941 18
    endloop
  endfacet
  facet normal -0.953693 0.30078 0
    outer loop
      vertex 63.9296 -42.5941 28
      vertex 63.7984 -43.0101 18
      vertex 63.7984 -43.0101 28
    endloop
  endfacet
  facet normal -0.737268 0.6756 0
    outer loop
      vertex 62.6355 -44.8355 18
      vertex 62.9302 -44.5139 28
      vertex 62.9302 -44.5139 18
    endloop
  endfacet
  facet normal -0.737268 0.6756 0
    outer loop
      vertex 62.9302 -44.5139 28
      vertex 62.6355 -44.8355 18
      vertex 62.6355 -44.8355 28
    endloop
  endfacet
  facet normal -0.991423 -0.130692 0
    outer loop
      vertex 64.081 41.7358 18
      vertex 64.024 42.1682 28
      vertex 64.024 42.1682 18
    endloop
  endfacet
  facet normal -0.991423 -0.130692 0
    outer loop
      vertex 64.024 42.1682 28
      vertex 64.081 41.7358 18
      vertex 64.081 41.7358 28
    endloop
  endfacet
  facet normal -0.999051 -0.0435566 0
    outer loop
      vertex 64.1 41.3 18
      vertex 64.081 41.7358 28
      vertex 64.081 41.7358 18
    endloop
  endfacet
  facet normal -0.999051 -0.0435566 0
    outer loop
      vertex 64.081 41.7358 28
      vertex 64.1 41.3 18
      vertex 64.1 41.3 28
    endloop
  endfacet
  facet normal -0.793237 -0.608913 0
    outer loop
      vertex 63.1958 44.1679 18
      vertex 62.9302 44.5139 28
      vertex 62.9302 44.5139 18
    endloop
  endfacet
  facet normal -0.793237 -0.608913 0
    outer loop
      vertex 62.9302 44.5139 28
      vertex 63.1958 44.1679 18
      vertex 63.1958 44.1679 28
    endloop
  endfacet
  facet normal -0.843473 -0.537172 0
    outer loop
      vertex 63.4301 43.8 18
      vertex 63.1958 44.1679 28
      vertex 63.1958 44.1679 18
    endloop
  endfacet
  facet normal -0.843473 -0.537172 0
    outer loop
      vertex 63.1958 44.1679 28
      vertex 63.4301 43.8 18
      vertex 63.4301 43.8 28
    endloop
  endfacet
  facet normal -0.887018 -0.461735 0
    outer loop
      vertex 63.6315 43.4131 18
      vertex 63.4301 43.8 28
      vertex 63.4301 43.8 18
    endloop
  endfacet
  facet normal -0.887018 -0.461735 0
    outer loop
      vertex 63.4301 43.8 28
      vertex 63.6315 43.4131 18
      vertex 63.6315 43.4131 28
    endloop
  endfacet
  facet normal -0.6756 0.737268 0
    outer loop
      vertex 62.6355 -44.8355 18
      vertex 62.3139 -45.1302 28
      vertex 62.6355 -44.8355 28
    endloop
  endfacet
  facet normal -0.6756 0.737268 0
    outer loop
      vertex 62.3139 -45.1302 28
      vertex 62.6355 -44.8355 18
      vertex 62.3139 -45.1302 18
    endloop
  endfacet
  facet normal -0.608913 0.793237 0
    outer loop
      vertex 62.3139 -45.1302 18
      vertex 61.9679 -45.3958 28
      vertex 62.3139 -45.1302 28
    endloop
  endfacet
  facet normal -0.608913 0.793237 0
    outer loop
      vertex 61.9679 -45.3958 28
      vertex 62.3139 -45.1302 18
      vertex 61.9679 -45.3958 18
    endloop
  endfacet
  facet normal -0.537172 0.843473 0
    outer loop
      vertex 61.9679 -45.3958 18
      vertex 61.6 -45.6301 28
      vertex 61.9679 -45.3958 28
    endloop
  endfacet
  facet normal -0.537172 0.843473 0
    outer loop
      vertex 61.6 -45.6301 28
      vertex 61.9679 -45.3958 18
      vertex 61.6 -45.6301 18
    endloop
  endfacet
  facet normal -0.461735 0.887018 0
    outer loop
      vertex 61.6 -45.6301 18
      vertex 61.2131 -45.8315 28
      vertex 61.6 -45.6301 28
    endloop
  endfacet
  facet normal -0.461735 0.887018 0
    outer loop
      vertex 61.2131 -45.8315 28
      vertex 61.6 -45.6301 18
      vertex 61.2131 -45.8315 18
    endloop
  endfacet
  facet normal 1 -0 0
    outer loop
      vertex -42 46.3 28
      vertex -42 50.3 20
      vertex -42 50.3 28
    endloop
  endfacet
  facet normal 1 0 0
    outer loop
      vertex -42 50.3 20
      vertex -42 46.3 28
      vertex -42 46.3 20
    endloop
  endfacet
  facet normal -1 0 0
    outer loop
      vertex 42 46.3 19
      vertex 42 50.3 28
      vertex 42 50.3 19
    endloop
  endfacet
  facet normal -1 -0 0
    outer loop
      vertex 42 50.3 28
      vertex 42 46.3 19
      vertex 42 46.3 28
    endloop
  endfacet
  facet normal -0 0 1
    outer loop
      vertex 27 50.3 19
      vertex 42 46.3 19
      vertex 42 50.3 19
    endloop
  endfacet
  facet normal 0 0 1
    outer loop
      vertex 42 46.3 19
      vertex 27 50.3 19
      vertex 27 46.3 19
    endloop
  endfacet
  facet normal -0 0 1
    outer loop
      vertex -33 50.3 19
      vertex -15 46.3 19
      vertex -15 50.3 19
    endloop
  endfacet
  facet normal 0 0 1
    outer loop
      vertex -15 46.3 19
      vertex -33 50.3 19
      vertex -33 46.3 19
    endloop
  endfacet
  facet normal -0 0 1
    outer loop
      vertex -3 50.3 19
      vertex 15 46.3 19
      vertex 15 50.3 19
    endloop
  endfacet
  facet normal 0 0 1
    outer loop
      vertex 15 46.3 19
      vertex -3 50.3 19
      vertex -3 46.3 19
    endloop
  endfacet
  facet normal 0.216475 -0.976288 0
    outer loop
      vertex 75.973 -67.1962 0
      vertex 77.6764 -66.8185 18
      vertex 75.973 -67.1962 18
    endloop
  endfacet
  facet normal 0.216475 -0.976288 0
    outer loop
      vertex 77.6764 -66.8185 18
      vertex 75.973 -67.1962 0
      vertex 77.6764 -66.8185 0
    endloop
  endfacet
  facet normal -0.1305 0.991448 0
    outer loop
      vertex -74.2431 67.4239 0
      vertex -75.973 67.1962 18
      vertex -74.2431 67.4239 18
    endloop
  endfacet
  facet normal -0.1305 0.991448 0
    outer loop
      vertex -75.973 67.1962 18
      vertex -74.2431 67.4239 0
      vertex -75.973 67.1962 0
    endloop
  endfacet
  facet normal 0.1305 -0.991448 0
    outer loop
      vertex 74.2431 -67.4239 0
      vertex 75.973 -67.1962 18
      vertex 74.2431 -67.4239 18
    endloop
  endfacet
  facet normal 0.1305 -0.991448 0
    outer loop
      vertex 75.973 -67.1962 18
      vertex 74.2431 -67.4239 0
      vertex 75.973 -67.1962 0
    endloop
  endfacet
  facet normal 0.675629 0.737242 -0
    outer loop
      vertex 86.6421 61.6421 0
      vertex 85.3558 62.8209 18
      vertex 86.6421 61.6421 18
    endloop
  endfacet
  facet normal 0.675629 0.737242 0
    outer loop
      vertex 85.3558 62.8209 18
      vertex 86.6421 61.6421 0
      vertex 85.3558 62.8209 0
    endloop
  endfacet
  facet normal -0.991448 0.1305 0
    outer loop
      vertex -92.4239 49.2431 0
      vertex -92.1962 50.973 18
      vertex -92.1962 50.973 0
    endloop
  endfacet
  facet normal -0.991448 0.1305 0
    outer loop
      vertex -92.1962 50.973 18
      vertex -92.4239 49.2431 0
      vertex -92.4239 49.2431 18
    endloop
  endfacet
  facet normal 0 -1 0
    outer loop
      vertex -72.5 -67.5 0
      vertex 72.5 -67.5 18
      vertex -72.5 -67.5 18
    endloop
  endfacet
  facet normal 0 -1 -0
    outer loop
      vertex 72.5 -67.5 18
      vertex -72.5 -67.5 0
      vertex 72.5 -67.5 0
    endloop
  endfacet
  facet normal 0.0436163 0.999048 -0
    outer loop
      vertex 74.2431 67.4239 0
      vertex 72.5 67.5 18
      vertex 74.2431 67.4239 18
    endloop
  endfacet
  facet normal 0.0436163 0.999048 0
    outer loop
      vertex 72.5 67.5 18
      vertex 74.2431 67.4239 0
      vertex 72.5 67.5 0
    endloop
  endfacet
  facet normal 0 1 -0
    outer loop
      vertex 72.5 67.5 0
      vertex 57 67.5 18
      vertex 72.5 67.5 18
    endloop
  endfacet
  facet normal 0 1 0
    outer loop
      vertex 57 67.5 18
      vertex 72.5 67.5 0
      vertex 57 67.5 0
    endloop
  endfacet
  facet normal 0 1 -0
    outer loop
      vertex -45 67.5 0
      vertex -72.5 67.5 18
      vertex -45 67.5 18
    endloop
  endfacet
  facet normal 0 1 0
    outer loop
      vertex -72.5 67.5 18
      vertex -45 67.5 0
      vertex -72.5 67.5 0
    endloop
  endfacet
  facet normal 0 1 0
    outer loop
      vertex -15 67.5 5
      vertex -15 67.5 0
      vertex -18 67.5 5
    endloop
  endfacet
  facet normal 0 1 0
    outer loop
      vertex -18 67.5 15
      vertex -15 67.5 18
      vertex -15 67.5 15
    endloop
  endfacet
  facet normal 0 1 0
    outer loop
      vertex -15 67.5 18
      vertex -18 67.5 15
      vertex -33 67.5 18
    endloop
  endfacet
  facet normal 0 1 -0
    outer loop
      vertex -18 67.5 5
      vertex -33 67.5 18
      vertex -18 67.5 15
    endloop
  endfacet
  facet normal 0 1 0
    outer loop
      vertex -33 67.5 0
      vertex -18 67.5 5
      vertex -15 67.5 0
    endloop
  endfacet
  facet normal 0 1 0
    outer loop
      vertex -18 67.5 5
      vertex -33 67.5 0
      vertex -33 67.5 18
    endloop
  endfacet
  facet normal 0 1 -0
    outer loop
      vertex 15 67.5 0
      vertex -3 67.5 5
      vertex 15 67.5 5
    endloop
  endfacet
  facet normal 0 1 0
    outer loop
      vertex -3 67.5 5
      vertex 15 67.5 0
      vertex -3 67.5 0
    endloop
  endfacet
  facet normal 0 1 -0
    outer loop
      vertex 45 67.5 0
      vertex 27 67.5 18
      vertex 45 67.5 18
    endloop
  endfacet
  facet normal 0 1 0
    outer loop
      vertex 27 67.5 18
      vertex 45 67.5 0
      vertex 27 67.5 0
    endloop
  endfacet
  facet normal 0 1 -0
    outer loop
      vertex 15 67.5 15
      vertex -3 67.5 18
      vertex 15 67.5 18
    endloop
  endfacet
  facet normal 0 1 0
    outer loop
      vertex -3 67.5 18
      vertex 15 67.5 15
      vertex -3 67.5 15
    endloop
  endfacet
  facet normal -0.737242 0.675629 0
    outer loop
      vertex -87.8209 60.3558 0
      vertex -86.6421 61.6421 18
      vertex -86.6421 61.6421 0
    endloop
  endfacet
  facet normal -0.737242 0.675629 0
    outer loop
      vertex -86.6421 61.6421 18
      vertex -87.8209 60.3558 0
      vertex -87.8209 60.3558 18
    endloop
  endfacet
  facet normal -0.999048 0.0436163 0
    outer loop
      vertex -92.5 47.5 0
      vertex -92.4239 49.2431 18
      vertex -92.4239 49.2431 0
    endloop
  endfacet
  facet normal -0.999048 0.0436163 0
    outer loop
      vertex -92.4239 49.2431 18
      vertex -92.5 47.5 0
      vertex -92.5 47.5 18
    endloop
  endfacet
  facet normal 0.0436163 -0.999048 0
    outer loop
      vertex 72.5 -67.5 0
      vertex 74.2431 -67.4239 18
      vertex 72.5 -67.5 18
    endloop
  endfacet
  facet normal 0.0436163 -0.999048 0
    outer loop
      vertex 74.2431 -67.4239 18
      vertex 72.5 -67.5 0
      vertex 74.2431 -67.4239 0
    endloop
  endfacet
  facet normal 0.382677 0.923882 -0
    outer loop
      vertex 80.9524 65.6262 0
      vertex 79.3404 66.2939 18
      vertex 80.9524 65.6262 18
    endloop
  endfacet
  facet normal 0.382677 0.923882 0
    outer loop
      vertex 79.3404 66.2939 18
      vertex 80.9524 65.6262 0
      vertex 79.3404 66.2939 0
    endloop
  endfacet
  facet normal -0.0436163 0.999048 0
    outer loop
      vertex -72.5 67.5 0
      vertex -74.2431 67.4239 18
      vertex -72.5 67.5 18
    endloop
  endfacet
  facet normal -0.0436163 0.999048 0
    outer loop
      vertex -74.2431 67.4239 18
      vertex -72.5 67.5 0
      vertex -74.2431 67.4239 0
    endloop
  endfacet
  facet normal 0.999048 0.0436163 0
    outer loop
      vertex 92.5 47.5 18
      vertex 92.4239 49.2431 0
      vertex 92.4239 49.2431 18
    endloop
  endfacet
  facet normal 0.999048 0.0436163 0
    outer loop
      vertex 92.4239 49.2431 0
      vertex 92.5 47.5 18
      vertex 92.5 47.5 0
    endloop
  endfacet
  facet normal 0.999048 -0.0436163 0
    outer loop
      vertex 92.4239 -49.2431 18
      vertex 92.5 -47.5 0
      vertex 92.5 -47.5 18
    endloop
  endfacet
  facet normal 0.999048 -0.0436163 0
    outer loop
      vertex 92.5 -47.5 0
      vertex 92.4239 -49.2431 18
      vertex 92.4239 -49.2431 0
    endloop
  endfacet
  facet normal -0.46178 0.886994 0
    outer loop
      vertex -80.9524 65.6262 0
      vertex -82.5 64.8205 18
      vertex -80.9524 65.6262 18
    endloop
  endfacet
  facet normal -0.46178 0.886994 0
    outer loop
      vertex -82.5 64.8205 18
      vertex -80.9524 65.6262 0
      vertex -82.5 64.8205 0
    endloop
  endfacet
  facet normal -0.923882 0.382677 0
    outer loop
      vertex -91.2939 54.3404 0
      vertex -90.6262 55.9524 18
      vertex -90.6262 55.9524 0
    endloop
  endfacet
  facet normal -0.923882 0.382677 0
    outer loop
      vertex -90.6262 55.9524 18
      vertex -91.2939 54.3404 0
      vertex -91.2939 54.3404 18
    endloop
  endfacet
  facet normal -0.843378 0.53732 0
    outer loop
      vertex -89.8205 57.5 0
      vertex -88.883 58.9715 18
      vertex -88.883 58.9715 0
    endloop
  endfacet
  facet normal -0.843378 0.53732 0
    outer loop
      vertex -88.883 58.9715 18
      vertex -89.8205 57.5 0
      vertex -89.8205 57.5 18
    endloop
  endfacet
  facet normal -1 0 0
    outer loop
      vertex -92.5 -47.5 0
      vertex -92.5 47.5 18
      vertex -92.5 47.5 0
    endloop
  endfacet
  facet normal -1 -0 0
    outer loop
      vertex -92.5 47.5 18
      vertex -92.5 -47.5 0
      vertex -92.5 -47.5 18
    endloop
  endfacet
  facet normal 0 0 -1
    outer loop
      vertex -67.9545 -44.0859 0
      vertex -33 0 0
      vertex -67.9243 -44.2222 0
    endloop
  endfacet
  facet normal 0 0 -1
    outer loop
      vertex -45 0 0
      vertex -67.9061 44.3605 0
      vertex -67.9 44.5 0
    endloop
  endfacet
  facet normal 0 0 -1
    outer loop
      vertex -67.9965 -43.9528 0
      vertex -33 0 0
      vertex -67.9545 -44.0859 0
    endloop
  endfacet
  facet normal 0 0 -1
    outer loop
      vertex -45 0 0
      vertex -67.9243 44.2222 0
      vertex -67.9061 44.3605 0
    endloop
  endfacet
  facet normal 0 0 -1
    outer loop
      vertex -68.0499 -43.8238 0
      vertex -33 0 0
      vertex -67.9965 -43.9528 0
    endloop
  endfacet
  facet normal 0 0 -1
    outer loop
      vertex -45 0 0
      vertex -67.9545 44.0859 0
      vertex -67.9243 44.2222 0
    endloop
  endfacet
  facet normal -0 0 -1
    outer loop
      vertex -33 0 0
      vertex -68.0499 -43.8238 0
      vertex -45 0 0
    endloop
  endfacet
  facet normal 0 0 -1
    outer loop
      vertex -45 0 0
      vertex -67.9965 43.9528 0
      vertex -67.9545 44.0859 0
    endloop
  endfacet
  facet normal 0 0 -1
    outer loop
      vertex -68.1144 -43.7 0
      vertex -45 0 0
      vertex -68.0499 -43.8238 0
    endloop
  endfacet
  facet normal 0 0 -1
    outer loop
      vertex -45 0 0
      vertex -68.0499 43.8238 0
      vertex -67.9965 43.9528 0
    endloop
  endfacet
  facet normal 0 0 -1
    outer loop
      vertex -68.1894 -43.5823 0
      vertex -45 0 0
      vertex -68.1144 -43.7 0
    endloop
  endfacet
  facet normal 0 0 -1
    outer loop
      vertex -45 0 0
      vertex -68.1144 43.7 0
      vertex -68.0499 43.8238 0
    endloop
  endfacet
  facet normal 0 0 -1
    outer loop
      vertex -68.2743 -43.4715 0
      vertex -45 0 0
      vertex -68.1894 -43.5823 0
    endloop
  endfacet
  facet normal 0 0 -1
    outer loop
      vertex -45 0 0
      vertex -68.1894 43.5823 0
      vertex -68.1144 43.7 0
    endloop
  endfacet
  facet normal 0 0 -1
    outer loop
      vertex -68.3686 -43.3686 0
      vertex -45 0 0
      vertex -68.2743 -43.4715 0
    endloop
  endfacet
  facet normal 0 0 -1
    outer loop
      vertex -45 0 0
      vertex -68.2743 43.4715 0
      vertex -68.1894 43.5823 0
    endloop
  endfacet
  facet normal 0 0 -1
    outer loop
      vertex -68.4715 -43.2743 0
      vertex -45 0 0
      vertex -68.3686 -43.3686 0
    endloop
  endfacet
  facet normal 0 0 -1
    outer loop
      vertex -45 0 0
      vertex -68.3686 43.3686 0
      vertex -68.2743 43.4715 0
    endloop
  endfacet
  facet normal 0 0 -1
    outer loop
      vertex -68.5823 -43.1894 0
      vertex -45 0 0
      vertex -68.4715 -43.2743 0
    endloop
  endfacet
  facet normal 0 0 -1
    outer loop
      vertex -45 0 0
      vertex -68.4715 43.2743 0
      vertex -68.3686 43.3686 0
    endloop
  endfacet
  facet normal 0 0 -1
    outer loop
      vertex -68.7 -43.1144 0
      vertex -45 0 0
      vertex -68.5823 -43.1894 0
    endloop
  endfacet
  facet normal 0 0 -1
    outer loop
      vertex -45 0 0
      vertex -68.5823 43.1894 0
      vertex -68.4715 43.2743 0
    endloop
  endfacet
  facet normal 0 0 -1
    outer loop
      vertex -68.8238 -43.0499 0
      vertex -45 0 0
      vertex -68.7 -43.1144 0
    endloop
  endfacet
  facet normal 0 0 -1
    outer loop
      vertex -45 0 0
      vertex -68.7 43.1144 0
      vertex -68.5823 43.1894 0
    endloop
  endfacet
  facet normal 0 0 -1
    outer loop
      vertex -68.9528 -42.9965 0
      vertex -45 0 0
      vertex -68.8238 -43.0499 0
    endloop
  endfacet
  facet normal 0 0 -1
    outer loop
      vertex -45 0 0
      vertex -68.8238 43.0499 0
      vertex -68.7 43.1144 0
    endloop
  endfacet
  facet normal 0 0 -1
    outer loop
      vertex -69.0859 -42.9545 0
      vertex -45 0 0
      vertex -68.9528 -42.9965 0
    endloop
  endfacet
  facet normal 0 0 -1
    outer loop
      vertex -45 0 0
      vertex -68.9528 42.9965 0
      vertex -68.8238 43.0499 0
    endloop
  endfacet
  facet normal 0 0 -1
    outer loop
      vertex -69.2222 -42.9243 0
      vertex -45 0 0
      vertex -69.0859 -42.9545 0
    endloop
  endfacet
  facet normal 0 0 -1
    outer loop
      vertex -45 0 0
      vertex -69.0859 42.9545 0
      vertex -68.9528 42.9965 0
    endloop
  endfacet
  facet normal 0 0 -1
    outer loop
      vertex -69.3605 -42.9061 0
      vertex -45 0 0
      vertex -69.2222 -42.9243 0
    endloop
  endfacet
  facet normal 0 0 -1
    outer loop
      vertex -45 0 0
      vertex -69.2222 42.9243 0
      vertex -69.0859 42.9545 0
    endloop
  endfacet
  facet normal 0 0 -1
    outer loop
      vertex -69.5 -42.9 0
      vertex -45 0 0
      vertex -69.3605 -42.9061 0
    endloop
  endfacet
  facet normal 0 0 -1
    outer loop
      vertex -45 0 0
      vertex -69.3605 42.9061 0
      vertex -69.2222 42.9243 0
    endloop
  endfacet
  facet normal 0 0 -1
    outer loop
      vertex -69.6395 -42.9061 0
      vertex -45 0 0
      vertex -69.5 -42.9 0
    endloop
  endfacet
  facet normal 0 0 -1
    outer loop
      vertex -45 0 0
      vertex -69.5 42.9 0
      vertex -69.3605 42.9061 0
    endloop
  endfacet
  facet normal 0 0 -1
    outer loop
      vertex -69.7778 -42.9243 0
      vertex -45 0 0
      vertex -69.6395 -42.9061 0
    endloop
  endfacet
  facet normal 0 0 -1
    outer loop
      vertex -45 0 0
      vertex -69.6395 42.9061 0
      vertex -69.5 42.9 0
    endloop
  endfacet
  facet normal 0 0 -1
    outer loop
      vertex -69.9141 -42.9545 0
      vertex -45 0 0
      vertex -69.7778 -42.9243 0
    endloop
  endfacet
  facet normal 0 0 -1
    outer loop
      vertex -45 0 0
      vertex -69.7778 42.9243 0
      vertex -69.6395 42.9061 0
    endloop
  endfacet
  facet normal 0 0 -1
    outer loop
      vertex -70.0472 -42.9965 0
      vertex -45 0 0
      vertex -69.9141 -42.9545 0
    endloop
  endfacet
  facet normal 0 0 -1
    outer loop
      vertex -45 0 0
      vertex -69.9141 42.9545 0
      vertex -69.7778 42.9243 0
    endloop
  endfacet
  facet normal 0 0 -1
    outer loop
      vertex -70.1762 -43.0499 0
      vertex -45 0 0
      vertex -70.0472 -42.9965 0
    endloop
  endfacet
  facet normal 0 0 -1
    outer loop
      vertex -45 0 0
      vertex -70.0472 42.9965 0
      vertex -69.9141 42.9545 0
    endloop
  endfacet
  facet normal 0 0 -1
    outer loop
      vertex -92.5 -47.5 0
      vertex -45 0 0
      vertex -70.1762 -43.0499 0
    endloop
  endfacet
  facet normal 0 0 -1
    outer loop
      vertex -45 0 0
      vertex -70.1762 43.0499 0
      vertex -70.0472 42.9965 0
    endloop
  endfacet
  facet normal 0 0 -1
    outer loop
      vertex -92.5 -47.5 0
      vertex -70.1762 -43.0499 0
      vertex -70.3 -43.1144 0
    endloop
  endfacet
  facet normal 0 0 -1
    outer loop
      vertex -92.5 47.5 0
      vertex -45 0 0
      vertex -92.5 -47.5 0
    endloop
  endfacet
  facet normal 0 0 -1
    outer loop
      vertex -92.5 -47.5 0
      vertex -70.3 -43.1144 0
      vertex -70.4177 -43.1894 0
    endloop
  endfacet
  facet normal 0 0 -1
    outer loop
      vertex -45 0 0
      vertex -92.5 47.5 0
      vertex -70.1762 43.0499 0
    endloop
  endfacet
  facet normal 0 0 -1
    outer loop
      vertex -92.5 -47.5 0
      vertex -70.4177 -43.1894 0
      vertex -70.5285 -43.2743 0
    endloop
  endfacet
  facet normal 0 0 -1
    outer loop
      vertex -70.1762 43.0499 0
      vertex -92.5 47.5 0
      vertex -70.3 43.1144 0
    endloop
  endfacet
  facet normal 0 0 -1
    outer loop
      vertex -92.5 -47.5 0
      vertex -70.5285 -43.2743 0
      vertex -70.6314 -43.3686 0
    endloop
  endfacet
  facet normal 0 0 -1
    outer loop
      vertex -70.3 43.1144 0
      vertex -92.5 47.5 0
      vertex -70.4177 43.1894 0
    endloop
  endfacet
  facet normal 0 0 -1
    outer loop
      vertex -92.5 -47.5 0
      vertex -70.6314 -43.3686 0
      vertex -70.7257 -43.4715 0
    endloop
  endfacet
  facet normal 0 0 -1
    outer loop
      vertex -70.4177 43.1894 0
      vertex -92.5 47.5 0
      vertex -70.5285 43.2743 0
    endloop
  endfacet
  facet normal 0 0 -1
    outer loop
      vertex -92.5 -47.5 0
      vertex -70.7257 -43.4715 0
      vertex -70.8106 -43.5823 0
    endloop
  endfacet
  facet normal 0 0 -1
    outer loop
      vertex -70.5285 43.2743 0
      vertex -92.5 47.5 0
      vertex -70.6314 43.3686 0
    endloop
  endfacet
  facet normal 0 0 -1
    outer loop
      vertex -92.5 -47.5 0
      vertex -70.8106 -43.5823 0
      vertex -70.8856 -43.7 0
    endloop
  endfacet
  facet normal 0 0 -1
    outer loop
      vertex -70.6314 43.3686 0
      vertex -92.5 47.5 0
      vertex -70.7257 43.4715 0
    endloop
  endfacet
  facet normal 0 0 -1
    outer loop
      vertex -92.5 -47.5 0
      vertex -70.8856 -43.7 0
      vertex -70.9501 -43.8238 0
    endloop
  endfacet
  facet normal 0 0 -1
    outer loop
      vertex -70.7257 43.4715 0
      vertex -92.5 47.5 0
      vertex -70.8106 43.5823 0
    endloop
  endfacet
  facet normal 0 0 -1
    outer loop
      vertex -92.5 -47.5 0
      vertex -70.9501 -43.8238 0
      vertex -71.0035 -43.9528 0
    endloop
  endfacet
  facet normal 0 0 -1
    outer loop
      vertex -70.8106 43.5823 0
      vertex -92.5 47.5 0
      vertex -70.8856 43.7 0
    endloop
  endfacet
  facet normal 0 0 -1
    outer loop
      vertex -92.5 -47.5 0
      vertex -71.0035 -43.9528 0
      vertex -71.0455 -44.0859 0
    endloop
  endfacet
  facet normal 0 0 -1
    outer loop
      vertex -70.8856 43.7 0
      vertex -92.5 47.5 0
      vertex -70.9501 43.8238 0
    endloop
  endfacet
  facet normal 0 0 -1
    outer loop
      vertex -92.5 -47.5 0
      vertex -71.0455 -44.0859 0
      vertex -71.0757 -44.2222 0
    endloop
  endfacet
  facet normal 0 0 -1
    outer loop
      vertex -70.9501 43.8238 0
      vertex -92.5 47.5 0
      vertex -71.0035 43.9528 0
    endloop
  endfacet
  facet normal 0 0 -1
    outer loop
      vertex -92.5 -47.5 0
      vertex -71.0757 -44.2222 0
      vertex -71.0939 -44.3605 0
    endloop
  endfacet
  facet normal 0 0 -1
    outer loop
      vertex -71.0035 43.9528 0
      vertex -92.5 47.5 0
      vertex -71.0455 44.0859 0
    endloop
  endfacet
  facet normal 0 0 -1
    outer loop
      vertex -92.5 -47.5 0
      vertex -71.0939 -44.3605 0
      vertex -71.1 -44.5 0
    endloop
  endfacet
  facet normal 0 0 -1
    outer loop
      vertex -71.0455 44.0859 0
      vertex -92.5 47.5 0
      vertex -71.0757 44.2222 0
    endloop
  endfacet
  facet normal 0 0 -1
    outer loop
      vertex 71.0455 -44.0859 0
      vertex 92.5 -47.5 0
      vertex 71.0757 -44.2222 0
    endloop
  endfacet
  facet normal 0 0 -1
    outer loop
      vertex 92.5 47.5 0
      vertex 71.0939 44.3605 0
      vertex 71.1 44.5 0
    endloop
  endfacet
  facet normal 0 0 -1
    outer loop
      vertex 71.0035 -43.9528 0
      vertex 92.5 -47.5 0
      vertex 71.0455 -44.0859 0
    endloop
  endfacet
  facet normal 0 0 -1
    outer loop
      vertex 92.5 47.5 0
      vertex 71.0757 44.2222 0
      vertex 71.0939 44.3605 0
    endloop
  endfacet
  facet normal 0 0 -1
    outer loop
      vertex 70.9501 -43.8238 0
      vertex 92.5 -47.5 0
      vertex 71.0035 -43.9528 0
    endloop
  endfacet
  facet normal 0 0 -1
    outer loop
      vertex 92.5 47.5 0
      vertex 71.0455 44.0859 0
      vertex 71.0757 44.2222 0
    endloop
  endfacet
  facet normal 0 0 -1
    outer loop
      vertex 70.8856 -43.7 0
      vertex 92.5 -47.5 0
      vertex 70.9501 -43.8238 0
    endloop
  endfacet
  facet normal 0 0 -1
    outer loop
      vertex 92.5 47.5 0
      vertex 71.0035 43.9528 0
      vertex 71.0455 44.0859 0
    endloop
  endfacet
  facet normal 0 0 -1
    outer loop
      vertex 70.8106 -43.5823 0
      vertex 92.5 -47.5 0
      vertex 70.8856 -43.7 0
    endloop
  endfacet
  facet normal 0 0 -1
    outer loop
      vertex 92.5 47.5 0
      vertex 70.9501 43.8238 0
      vertex 71.0035 43.9528 0
    endloop
  endfacet
  facet normal 0 0 -1
    outer loop
      vertex 70.7257 -43.4715 0
      vertex 92.5 -47.5 0
      vertex 70.8106 -43.5823 0
    endloop
  endfacet
  facet normal 0 0 -1
    outer loop
      vertex 92.5 47.5 0
      vertex 70.8856 43.7 0
      vertex 70.9501 43.8238 0
    endloop
  endfacet
  facet normal 0 0 -1
    outer loop
      vertex 70.6314 -43.3686 0
      vertex 92.5 -47.5 0
      vertex 70.7257 -43.4715 0
    endloop
  endfacet
  facet normal 0 0 -1
    outer loop
      vertex 92.5 47.5 0
      vertex 70.8106 43.5823 0
      vertex 70.8856 43.7 0
    endloop
  endfacet
  facet normal 0 0 -1
    outer loop
      vertex 92.5 -47.5 0
      vertex 57 0 0
      vertex 92.5 47.5 0
    endloop
  endfacet
  facet normal 0 -0 -1
    outer loop
      vertex 70.3 43.1144 0
      vertex 92.5 47.5 0
      vertex 57 0 0
    endloop
  endfacet
  facet normal 0 0 -1
    outer loop
      vertex 70.5285 -43.2743 0
      vertex 92.5 -47.5 0
      vertex 70.6314 -43.3686 0
    endloop
  endfacet
  facet normal 0 0 -1
    outer loop
      vertex 92.5 47.5 0
      vertex 70.7257 43.4715 0
      vertex 70.8106 43.5823 0
    endloop
  endfacet
  facet normal 0 0 -1
    outer loop
      vertex 70.4177 -43.1894 0
      vertex 92.5 -47.5 0
      vertex 70.5285 -43.2743 0
    endloop
  endfacet
  facet normal 0 0 -1
    outer loop
      vertex 92.5 47.5 0
      vertex 70.6314 43.3686 0
      vertex 70.7257 43.4715 0
    endloop
  endfacet
  facet normal 0 0 -1
    outer loop
      vertex 70.3 -43.1144 0
      vertex 92.5 -47.5 0
      vertex 70.4177 -43.1894 0
    endloop
  endfacet
  facet normal 0 0 -1
    outer loop
      vertex 92.5 47.5 0
      vertex 70.5285 43.2743 0
      vertex 70.6314 43.3686 0
    endloop
  endfacet
  facet normal 0 0 -1
    outer loop
      vertex 92.5 -47.5 0
      vertex 70.3 -43.1144 0
      vertex 57 0 0
    endloop
  endfacet
  facet normal 0 0 -1
    outer loop
      vertex 92.5 47.5 0
      vertex 70.4177 43.1894 0
      vertex 70.5285 43.2743 0
    endloop
  endfacet
  facet normal 0 0 -1
    outer loop
      vertex 57 0 0
      vertex 70.3 -43.1144 0
      vertex 70.1762 -43.0499 0
    endloop
  endfacet
  facet normal 0 0 -1
    outer loop
      vertex 92.5 47.5 0
      vertex 70.3 43.1144 0
      vertex 70.4177 43.1894 0
    endloop
  endfacet
  facet normal 0 0 -1
    outer loop
      vertex 57 0 0
      vertex 70.1762 -43.0499 0
      vertex 70.0472 -42.9965 0
    endloop
  endfacet
  facet normal 0 0 -1
    outer loop
      vertex 70.3 43.1144 0
      vertex 57 0 0
      vertex 70.1762 43.0499 0
    endloop
  endfacet
  facet normal 0 0 -1
    outer loop
      vertex 57 0 0
      vertex 70.0472 -42.9965 0
      vertex 69.9141 -42.9545 0
    endloop
  endfacet
  facet normal 0 0 -1
    outer loop
      vertex 70.1762 43.0499 0
      vertex 57 0 0
      vertex 70.0472 42.9965 0
    endloop
  endfacet
  facet normal 0 0 -1
    outer loop
      vertex 57 0 0
      vertex 69.9141 -42.9545 0
      vertex 69.7778 -42.9243 0
    endloop
  endfacet
  facet normal 0 0 -1
    outer loop
      vertex 70.0472 42.9965 0
      vertex 57 0 0
      vertex 69.9141 42.9545 0
    endloop
  endfacet
  facet normal 0 0 -1
    outer loop
      vertex 57 0 0
      vertex 69.7778 -42.9243 0
      vertex 69.6395 -42.9061 0
    endloop
  endfacet
  facet normal 0 0 -1
    outer loop
      vertex 69.9141 42.9545 0
      vertex 57 0 0
      vertex 69.7778 42.9243 0
    endloop
  endfacet
  facet normal 0 0 -1
    outer loop
      vertex 57 0 0
      vertex 69.6395 -42.9061 0
      vertex 69.5 -42.9 0
    endloop
  endfacet
  facet normal 0 0 -1
    outer loop
      vertex 69.7778 42.9243 0
      vertex 57 0 0
      vertex 69.6395 42.9061 0
    endloop
  endfacet
  facet normal 0 0 -1
    outer loop
      vertex 57 0 0
      vertex 69.5 -42.9 0
      vertex 69.3605 -42.9061 0
    endloop
  endfacet
  facet normal 0 0 -1
    outer loop
      vertex 69.6395 42.9061 0
      vertex 57 0 0
      vertex 69.5 42.9 0
    endloop
  endfacet
  facet normal 0 0 -1
    outer loop
      vertex 57 0 0
      vertex 69.3605 -42.9061 0
      vertex 69.2222 -42.9243 0
    endloop
  endfacet
  facet normal -0 0 -1
    outer loop
      vertex 69.5 42.9 0
      vertex 57 0 0
      vertex 69.3605 42.9061 0
    endloop
  endfacet
  facet normal 0 0 -1
    outer loop
      vertex 57 0 0
      vertex 69.2222 -42.9243 0
      vertex 69.0859 -42.9545 0
    endloop
  endfacet
  facet normal -0 0 -1
    outer loop
      vertex 69.3605 42.9061 0
      vertex 57 0 0
      vertex 69.2222 42.9243 0
    endloop
  endfacet
  facet normal 0 0 -1
    outer loop
      vertex 57 0 0
      vertex 69.0859 -42.9545 0
      vertex 68.9528 -42.9965 0
    endloop
  endfacet
  facet normal -0 0 -1
    outer loop
      vertex 69.2222 42.9243 0
      vertex 57 0 0
      vertex 69.0859 42.9545 0
    endloop
  endfacet
  facet normal 0 0 -1
    outer loop
      vertex 57 0 0
      vertex 68.9528 -42.9965 0
      vertex 68.8238 -43.0499 0
    endloop
  endfacet
  facet normal -0 0 -1
    outer loop
      vertex 69.0859 42.9545 0
      vertex 57 0 0
      vertex 68.9528 42.9965 0
    endloop
  endfacet
  facet normal 0 0 -1
    outer loop
      vertex 57 0 0
      vertex 68.8238 -43.0499 0
      vertex 68.7 -43.1144 0
    endloop
  endfacet
  facet normal -0 0 -1
    outer loop
      vertex 68.9528 42.9965 0
      vertex 57 0 0
      vertex 68.8238 43.0499 0
    endloop
  endfacet
  facet normal 0 0 -1
    outer loop
      vertex 57 0 0
      vertex 68.7 -43.1144 0
      vertex 68.5823 -43.1894 0
    endloop
  endfacet
  facet normal -0 0 -1
    outer loop
      vertex 68.8238 43.0499 0
      vertex 57 0 0
      vertex 68.7 43.1144 0
    endloop
  endfacet
  facet normal 0 0 -1
    outer loop
      vertex 57 0 0
      vertex 68.5823 -43.1894 0
      vertex 68.4715 -43.2743 0
    endloop
  endfacet
  facet normal -0 0 -1
    outer loop
      vertex 68.7 43.1144 0
      vertex 57 0 0
      vertex 68.5823 43.1894 0
    endloop
  endfacet
  facet normal 0 0 -1
    outer loop
      vertex 57 0 0
      vertex 68.4715 -43.2743 0
      vertex 68.3686 -43.3686 0
    endloop
  endfacet
  facet normal -0 0 -1
    outer loop
      vertex 68.5823 43.1894 0
      vertex 57 0 0
      vertex 68.4715 43.2743 0
    endloop
  endfacet
  facet normal 0 0 -1
    outer loop
      vertex 45 0 0
      vertex 68.3686 -43.3686 0
      vertex 68.2743 -43.4715 0
    endloop
  endfacet
  facet normal -0 0 -1
    outer loop
      vertex 68.4715 43.2743 0
      vertex 57 0 0
      vertex 68.3686 43.3686 0
    endloop
  endfacet
  facet normal 0 0 -1
    outer loop
      vertex 45 0 0
      vertex 68.2743 -43.4715 0
      vertex 68.1894 -43.5823 0
    endloop
  endfacet
  facet normal -0 0 -1
    outer loop
      vertex 68.3686 43.3686 0
      vertex 57 0 0
      vertex 68.2743 43.4715 0
    endloop
  endfacet
  facet normal 0 0 -1
    outer loop
      vertex 45 0 0
      vertex 68.1894 -43.5823 0
      vertex 68.1144 -43.7 0
    endloop
  endfacet
  facet normal -0 0 -1
    outer loop
      vertex 68.2743 43.4715 0
      vertex 57 0 0
      vertex 68.1894 43.5823 0
    endloop
  endfacet
  facet normal 0 0 -1
    outer loop
      vertex 45 0 0
      vertex 68.1144 -43.7 0
      vertex 68.0499 -43.8238 0
    endloop
  endfacet
  facet normal -0 0 -1
    outer loop
      vertex 68.1894 43.5823 0
      vertex 57 0 0
      vertex 68.1144 43.7 0
    endloop
  endfacet
  facet normal 0 0 -1
    outer loop
      vertex 45 0 0
      vertex 68.0499 -43.8238 0
      vertex 67.9965 -43.9528 0
    endloop
  endfacet
  facet normal -0 0 -1
    outer loop
      vertex 68.1144 43.7 0
      vertex 57 0 0
      vertex 68.0499 43.8238 0
    endloop
  endfacet
  facet normal 0 0 -1
    outer loop
      vertex 27 0 0
      vertex 67.9965 -43.9528 0
      vertex 67.9545 -44.0859 0
    endloop
  endfacet
  facet normal -0 0 -1
    outer loop
      vertex 68.0499 43.8238 0
      vertex 57 0 0
      vertex 67.9965 43.9528 0
    endloop
  endfacet
  facet normal 0 0 -1
    outer loop
      vertex 27 0 0
      vertex 67.9545 -44.0859 0
      vertex 67.9243 -44.2222 0
    endloop
  endfacet
  facet normal -0 0 -1
    outer loop
      vertex 67.9965 43.9528 0
      vertex 57 0 0
      vertex 67.9545 44.0859 0
    endloop
  endfacet
  facet normal 0 0 -1
    outer loop
      vertex 27 0 0
      vertex 67.9243 -44.2222 0
      vertex 67.9061 -44.3605 0
    endloop
  endfacet
  facet normal -0 0 -1
    outer loop
      vertex 67.9545 44.0859 0
      vertex 57 0 0
      vertex 67.9243 44.2222 0
    endloop
  endfacet
  facet normal 0 0 -1
    outer loop
      vertex 27 0 0
      vertex 67.9061 -44.3605 0
      vertex 67.9 -44.5 0
    endloop
  endfacet
  facet normal 0 0 -1
    outer loop
      vertex 57 67.5 0
      vertex 67.9243 44.2222 0
      vertex 57 0 0
    endloop
  endfacet
  facet normal 0 0 -1
    outer loop
      vertex 71.0455 -44.9141 0
      vertex 92.5 -47.5 0
      vertex 92.4239 -49.2431 0
    endloop
  endfacet
  facet normal 0 0 -1
    outer loop
      vertex 71.0939 -44.3605 0
      vertex 92.5 -47.5 0
      vertex 71.1 -44.5 0
    endloop
  endfacet
  facet normal 0 0 -1
    outer loop
      vertex 71.0035 -45.0472 0
      vertex 92.4239 -49.2431 0
      vertex 92.1962 -50.973 0
    endloop
  endfacet
  facet normal 0 0 -1
    outer loop
      vertex 71.0757 -44.2222 0
      vertex 92.5 -47.5 0
      vertex 71.0939 -44.3605 0
    endloop
  endfacet
  facet normal 0 0 -1
    outer loop
      vertex 71.0035 -45.0472 0
      vertex 92.1962 -50.973 0
      vertex 91.8185 -52.6764 0
    endloop
  endfacet
  facet normal 0 0 -1
    outer loop
      vertex 71.0939 44.6395 0
      vertex 92.5 47.5 0
      vertex 71.1 44.5 0
    endloop
  endfacet
  facet normal 0 0 -1
    outer loop
      vertex 70.9501 -45.1762 0
      vertex 91.8185 -52.6764 0
      vertex 91.2939 -54.3404 0
    endloop
  endfacet
  facet normal 0 0 -1
    outer loop
      vertex 71.0757 44.7778 0
      vertex 92.5 47.5 0
      vertex 71.0939 44.6395 0
    endloop
  endfacet
  facet normal 0 0 -1
    outer loop
      vertex 70.8856 -45.3 0
      vertex 91.2939 -54.3404 0
      vertex 90.6262 -55.9524 0
    endloop
  endfacet
  facet normal 0 0 -1
    outer loop
      vertex 71.0455 44.9141 0
      vertex 92.5 47.5 0
      vertex 71.0757 44.7778 0
    endloop
  endfacet
  facet normal 0 0 -1
    outer loop
      vertex 70.8106 -45.4177 0
      vertex 90.6262 -55.9524 0
      vertex 89.8205 -57.5 0
    endloop
  endfacet
  facet normal -0 0 -1
    outer loop
      vertex 92.5 47.5 0
      vertex 71.0455 44.9141 0
      vertex 92.4239 49.2431 0
    endloop
  endfacet
  facet normal 0 0 -1
    outer loop
      vertex 70.8106 -45.4177 0
      vertex 89.8205 -57.5 0
      vertex 88.883 -58.9715 0
    endloop
  endfacet
  facet normal 0 0 -1
    outer loop
      vertex 71.0035 45.0472 0
      vertex 92.4239 49.2431 0
      vertex 71.0455 44.9141 0
    endloop
  endfacet
  facet normal 0 0 -1
    outer loop
      vertex 70.7257 -45.5285 0
      vertex 88.883 -58.9715 0
      vertex 87.8209 -60.3558 0
    endloop
  endfacet
  facet normal -0 0 -1
    outer loop
      vertex 92.4239 49.2431 0
      vertex 71.0035 45.0472 0
      vertex 92.1962 50.973 0
    endloop
  endfacet
  facet normal 0 0 -1
    outer loop
      vertex 70.6314 -45.6314 0
      vertex 87.8209 -60.3558 0
      vertex 86.6421 -61.6421 0
    endloop
  endfacet
  facet normal -0 0 -1
    outer loop
      vertex 92.1962 50.973 0
      vertex 71.0035 45.0472 0
      vertex 91.8185 52.6764 0
    endloop
  endfacet
  facet normal 0 0 -1
    outer loop
      vertex 70.6314 -45.6314 0
      vertex 86.6421 -61.6421 0
      vertex 85.3558 -62.8209 0
    endloop
  endfacet
  facet normal 0 0 -1
    outer loop
      vertex 70.9501 45.1762 0
      vertex 91.8185 52.6764 0
      vertex 71.0035 45.0472 0
    endloop
  endfacet
  facet normal 0 0 -1
    outer loop
      vertex 70.5285 -45.7257 0
      vertex 85.3558 -62.8209 0
      vertex 83.9715 -63.883 0
    endloop
  endfacet
  facet normal -0 0 -1
    outer loop
      vertex 91.8185 52.6764 0
      vertex 70.9501 45.1762 0
      vertex 91.2939 54.3404 0
    endloop
  endfacet
  facet normal 0 0 -1
    outer loop
      vertex 70.4177 -45.8106 0
      vertex 83.9715 -63.883 0
      vertex 82.5 -64.8205 0
    endloop
  endfacet
  facet normal 0 0 -1
    outer loop
      vertex 70.8856 45.3 0
      vertex 91.2939 54.3404 0
      vertex 70.9501 45.1762 0
    endloop
  endfacet
  facet normal 0 0 -1
    outer loop
      vertex 70.4177 -45.8106 0
      vertex 82.5 -64.8205 0
      vertex 80.9524 -65.6262 0
    endloop
  endfacet
  facet normal -0 0 -1
    outer loop
      vertex 91.2939 54.3404 0
      vertex 70.8856 45.3 0
      vertex 90.6262 55.9524 0
    endloop
  endfacet
  facet normal 0 0 -1
    outer loop
      vertex 70.3 -45.8856 0
      vertex 80.9524 -65.6262 0
      vertex 79.3404 -66.2939 0
    endloop
  endfacet
  facet normal 0 0 -1
    outer loop
      vertex 70.8106 45.4177 0
      vertex 90.6262 55.9524 0
      vertex 70.8856 45.3 0
    endloop
  endfacet
  facet normal 0 0 -1
    outer loop
      vertex 70.1762 -45.9501 0
      vertex 79.3404 -66.2939 0
      vertex 77.6764 -66.8185 0
    endloop
  endfacet
  facet normal -0 0 -1
    outer loop
      vertex 90.6262 55.9524 0
      vertex 70.8106 45.4177 0
      vertex 89.8205 57.5 0
    endloop
  endfacet
  facet normal 0 0 -1
    outer loop
      vertex 70.1762 -45.9501 0
      vertex 77.6764 -66.8185 0
      vertex 75.973 -67.1962 0
    endloop
  endfacet
  facet normal -0 0 -1
    outer loop
      vertex 89.8205 57.5 0
      vertex 70.8106 45.4177 0
      vertex 88.883 58.9715 0
    endloop
  endfacet
  facet normal 0 0 -1
    outer loop
      vertex 70.0472 -46.0035 0
      vertex 75.973 -67.1962 0
      vertex 74.2431 -67.4239 0
    endloop
  endfacet
  facet normal 0 0 -1
    outer loop
      vertex 70.7257 45.5285 0
      vertex 88.883 58.9715 0
      vertex 70.8106 45.4177 0
    endloop
  endfacet
  facet normal 0 0 -1
    outer loop
      vertex 69.9141 -46.0455 0
      vertex 74.2431 -67.4239 0
      vertex 72.5 -67.5 0
    endloop
  endfacet
  facet normal -0 0 -1
    outer loop
      vertex 88.883 58.9715 0
      vertex 70.7257 45.5285 0
      vertex 87.8209 60.3558 0
    endloop
  endfacet
  facet normal 0 0 -1
    outer loop
      vertex 70.6314 45.6314 0
      vertex 87.8209 60.3558 0
      vertex 70.7257 45.5285 0
    endloop
  endfacet
  facet normal 0 0 -1
    outer loop
      vertex 92.5 -47.5 0
      vertex 71.0939 -44.6395 0
      vertex 71.1 -44.5 0
    endloop
  endfacet
  facet normal 0 0 -1
    outer loop
      vertex 92.5 -47.5 0
      vertex 71.0757 -44.7778 0
      vertex 71.0939 -44.6395 0
    endloop
  endfacet
  facet normal 0 0 -1
    outer loop
      vertex 92.5 -47.5 0
      vertex 71.0455 -44.9141 0
      vertex 71.0757 -44.7778 0
    endloop
  endfacet
  facet normal 0 0 -1
    outer loop
      vertex 92.4239 -49.2431 0
      vertex 71.0035 -45.0472 0
      vertex 71.0455 -44.9141 0
    endloop
  endfacet
  facet normal 0 0 -1
    outer loop
      vertex 91.8185 -52.6764 0
      vertex 70.9501 -45.1762 0
      vertex 71.0035 -45.0472 0
    endloop
  endfacet
  facet normal 0 0 -1
    outer loop
      vertex 91.2939 -54.3404 0
      vertex 70.8856 -45.3 0
      vertex 70.9501 -45.1762 0
    endloop
  endfacet
  facet normal 0 0 -1
    outer loop
      vertex 90.6262 -55.9524 0
      vertex 70.8106 -45.4177 0
      vertex 70.8856 -45.3 0
    endloop
  endfacet
  facet normal 0 0 -1
    outer loop
      vertex 88.883 -58.9715 0
      vertex 70.7257 -45.5285 0
      vertex 70.8106 -45.4177 0
    endloop
  endfacet
  facet normal 0 0 -1
    outer loop
      vertex 87.8209 -60.3558 0
      vertex 70.6314 -45.6314 0
      vertex 70.7257 -45.5285 0
    endloop
  endfacet
  facet normal 0 0 -1
    outer loop
      vertex 85.3558 -62.8209 0
      vertex 70.5285 -45.7257 0
      vertex 70.6314 -45.6314 0
    endloop
  endfacet
  facet normal 0 0 -1
    outer loop
      vertex 83.9715 -63.883 0
      vertex 70.4177 -45.8106 0
      vertex 70.5285 -45.7257 0
    endloop
  endfacet
  facet normal 0 0 -1
    outer loop
      vertex 80.9524 -65.6262 0
      vertex 70.3 -45.8856 0
      vertex 70.4177 -45.8106 0
    endloop
  endfacet
  facet normal 0 0 -1
    outer loop
      vertex 79.3404 -66.2939 0
      vertex 70.1762 -45.9501 0
      vertex 70.3 -45.8856 0
    endloop
  endfacet
  facet normal 0 0 -1
    outer loop
      vertex 75.973 -67.1962 0
      vertex 70.0472 -46.0035 0
      vertex 70.1762 -45.9501 0
    endloop
  endfacet
  facet normal 0 0 -1
    outer loop
      vertex 74.2431 -67.4239 0
      vertex 69.9141 -46.0455 0
      vertex 70.0472 -46.0035 0
    endloop
  endfacet
  facet normal 0 0 -1
    outer loop
      vertex 72.5 -67.5 0
      vertex 69.7778 -46.0757 0
      vertex 69.9141 -46.0455 0
    endloop
  endfacet
  facet normal 0 0 -1
    outer loop
      vertex 72.5 -67.5 0
      vertex 69.6395 -46.0939 0
      vertex 69.7778 -46.0757 0
    endloop
  endfacet
  facet normal 0 0 -1
    outer loop
      vertex 72.5 -67.5 0
      vertex 69.5 -46.1 0
      vertex 69.6395 -46.0939 0
    endloop
  endfacet
  facet normal 0 0 -1
    outer loop
      vertex 72.5 -67.5 0
      vertex 69.3605 -46.0939 0
      vertex 69.5 -46.1 0
    endloop
  endfacet
  facet normal 0 0 -1
    outer loop
      vertex 72.5 -67.5 0
      vertex 69.2222 -46.0757 0
      vertex 69.3605 -46.0939 0
    endloop
  endfacet
  facet normal 0 0 -1
    outer loop
      vertex 72.5 -67.5 0
      vertex 69.0859 -46.0455 0
      vertex 69.2222 -46.0757 0
    endloop
  endfacet
  facet normal 0 0 -1
    outer loop
      vertex 72.5 -67.5 0
      vertex 68.9528 -46.0035 0
      vertex 69.0859 -46.0455 0
    endloop
  endfacet
  facet normal 0 0 -1
    outer loop
      vertex 72.5 -67.5 0
      vertex 68.8238 -45.9501 0
      vertex 68.9528 -46.0035 0
    endloop
  endfacet
  facet normal 0 0 -1
    outer loop
      vertex 72.5 -67.5 0
      vertex 68.7 -45.8856 0
      vertex 68.8238 -45.9501 0
    endloop
  endfacet
  facet normal 0 0 -1
    outer loop
      vertex 72.5 -67.5 0
      vertex 68.5823 -45.8106 0
      vertex 68.7 -45.8856 0
    endloop
  endfacet
  facet normal 0 0 -1
    outer loop
      vertex 72.5 -67.5 0
      vertex 68.4715 -45.7257 0
      vertex 68.5823 -45.8106 0
    endloop
  endfacet
  facet normal 0 0 -1
    outer loop
      vertex 72.5 -67.5 0
      vertex 68.3686 -45.6314 0
      vertex 68.4715 -45.7257 0
    endloop
  endfacet
  facet normal 0 0 -1
    outer loop
      vertex 72.5 -67.5 0
      vertex 68.2743 -45.5285 0
      vertex 68.3686 -45.6314 0
    endloop
  endfacet
  facet normal 0 0 -1
    outer loop
      vertex 72.5 -67.5 0
      vertex 68.1894 -45.4177 0
      vertex 68.2743 -45.5285 0
    endloop
  endfacet
  facet normal 0 0 -1
    outer loop
      vertex 72.5 -67.5 0
      vertex 68.1144 -45.3 0
      vertex 68.1894 -45.4177 0
    endloop
  endfacet
  facet normal 0 0 -1
    outer loop
      vertex 72.5 -67.5 0
      vertex 68.0499 -45.1762 0
      vertex 68.1144 -45.3 0
    endloop
  endfacet
  facet normal 0 0 -1
    outer loop
      vertex 72.5 -67.5 0
      vertex 67.9965 -45.0472 0
      vertex 68.0499 -45.1762 0
    endloop
  endfacet
  facet normal 0 0 -1
    outer loop
      vertex -3 0 0
      vertex 67.9965 -45.0472 0
      vertex 72.5 -67.5 0
    endloop
  endfacet
  facet normal 0 0 -1
    outer loop
      vertex 67.9965 -45.0472 0
      vertex -3 0 0
      vertex 67.9545 -44.9141 0
    endloop
  endfacet
  facet normal 0 0 -1
    outer loop
      vertex 67.9243 44.2222 0
      vertex 57 67.5 0
      vertex 67.9061 44.3605 0
    endloop
  endfacet
  facet normal 0 0 -1
    outer loop
      vertex 27 0 0
      vertex 67.9 -44.5 0
      vertex 67.9061 -44.6395 0
    endloop
  endfacet
  facet normal 0 0 -1
    outer loop
      vertex 15 0 0
      vertex 67.9061 -44.6395 0
      vertex 67.9243 -44.7778 0
    endloop
  endfacet
  facet normal -0 -0 -1
    outer loop
      vertex 15 0 0
      vertex 67.9545 -44.9141 0
      vertex -3 0 0
    endloop
  endfacet
  facet normal 0 0 -1
    outer loop
      vertex 68.3686 -43.3686 0
      vertex 45 0 0
      vertex 57 0 0
    endloop
  endfacet
  facet normal 0 0 -1
    outer loop
      vertex 45 0 0
      vertex 27 0 0
      vertex 45 67.5 0
    endloop
  endfacet
  facet normal 0 0 -1
    outer loop
      vertex 67.9965 -43.9528 0
      vertex 27 0 0
      vertex 45 0 0
    endloop
  endfacet
  facet normal 0 0 -1
    outer loop
      vertex 67.9061 -44.6395 0
      vertex 15 0 0
      vertex 27 0 0
    endloop
  endfacet
  facet normal 0 0 -1
    outer loop
      vertex 15 0 0
      vertex -3 0 0
      vertex 15 67.5 0
    endloop
  endfacet
  facet normal 0 0 -1
    outer loop
      vertex 67.9545 -44.9141 0
      vertex 15 0 0
      vertex 67.9243 -44.7778 0
    endloop
  endfacet
  facet normal 0 0 -1
    outer loop
      vertex -72.5 -67.5 0
      vertex -3 0 0
      vertex 72.5 -67.5 0
    endloop
  endfacet
  facet normal 0 0 -1
    outer loop
      vertex -15 0 0
      vertex -33 0 0
      vertex -15 67.5 0
    endloop
  endfacet
  facet normal 0 -0 -1
    outer loop
      vertex -67.9965 -45.0472 0
      vertex -3 0 0
      vertex -72.5 -67.5 0
    endloop
  endfacet
  facet normal 0 -0 -1
    outer loop
      vertex -67.9243 -44.7778 0
      vertex -15 0 0
      vertex -67.9545 -44.9141 0
    endloop
  endfacet
  facet normal 0 0 -1
    outer loop
      vertex -67.9243 -44.2222 0
      vertex -33 0 0
      vertex -67.9061 -44.3605 0
    endloop
  endfacet
  facet normal -0 0 -1
    outer loop
      vertex -15 0 0
      vertex -67.9 -44.5 0
      vertex -33 0 0
    endloop
  endfacet
  facet normal 0 0 -1
    outer loop
      vertex -67.9061 -44.3605 0
      vertex -33 0 0
      vertex -67.9 -44.5 0
    endloop
  endfacet
  facet normal 0 -0 -1
    outer loop
      vertex -67.9 -44.5 0
      vertex -15 0 0
      vertex -67.9061 -44.6395 0
    endloop
  endfacet
  facet normal 0 -0 -1
    outer loop
      vertex -67.9061 -44.6395 0
      vertex -15 0 0
      vertex -67.9243 -44.7778 0
    endloop
  endfacet
  facet normal -0 0 -1
    outer loop
      vertex -3 0 0
      vertex -67.9545 -44.9141 0
      vertex -15 0 0
    endloop
  endfacet
  facet normal 0 -0 -1
    outer loop
      vertex -67.9545 -44.9141 0
      vertex -3 0 0
      vertex -67.9965 -45.0472 0
    endloop
  endfacet
  facet normal 0 0 -1
    outer loop
      vertex -67.9965 -45.0472 0
      vertex -72.5 -67.5 0
      vertex -68.0499 -45.1762 0
    endloop
  endfacet
  facet normal 0 0 -1
    outer loop
      vertex -68.0499 -45.1762 0
      vertex -72.5 -67.5 0
      vertex -68.1144 -45.3 0
    endloop
  endfacet
  facet normal 0 0 -1
    outer loop
      vertex -68.1144 -45.3 0
      vertex -72.5 -67.5 0
      vertex -68.1894 -45.4177 0
    endloop
  endfacet
  facet normal 0 0 -1
    outer loop
      vertex -68.1894 -45.4177 0
      vertex -72.5 -67.5 0
      vertex -68.2743 -45.5285 0
    endloop
  endfacet
  facet normal 0 0 -1
    outer loop
      vertex -68.2743 -45.5285 0
      vertex -72.5 -67.5 0
      vertex -68.3686 -45.6314 0
    endloop
  endfacet
  facet normal 0 0 -1
    outer loop
      vertex -68.3686 -45.6314 0
      vertex -72.5 -67.5 0
      vertex -68.4715 -45.7257 0
    endloop
  endfacet
  facet normal 0 0 -1
    outer loop
      vertex -68.4715 -45.7257 0
      vertex -72.5 -67.5 0
      vertex -68.5823 -45.8106 0
    endloop
  endfacet
  facet normal 0 0 -1
    outer loop
      vertex -68.5823 -45.8106 0
      vertex -72.5 -67.5 0
      vertex -68.7 -45.8856 0
    endloop
  endfacet
  facet normal 0 0 -1
    outer loop
      vertex -68.7 -45.8856 0
      vertex -72.5 -67.5 0
      vertex -68.8238 -45.9501 0
    endloop
  endfacet
  facet normal 0 0 -1
    outer loop
      vertex -68.8238 -45.9501 0
      vertex -72.5 -67.5 0
      vertex -68.9528 -46.0035 0
    endloop
  endfacet
  facet normal 0 0 -1
    outer loop
      vertex -68.9528 -46.0035 0
      vertex -72.5 -67.5 0
      vertex -69.0859 -46.0455 0
    endloop
  endfacet
  facet normal 0 0 -1
    outer loop
      vertex -69.0859 -46.0455 0
      vertex -72.5 -67.5 0
      vertex -69.2222 -46.0757 0
    endloop
  endfacet
  facet normal 0 0 -1
    outer loop
      vertex -69.2222 -46.0757 0
      vertex -72.5 -67.5 0
      vertex -69.3605 -46.0939 0
    endloop
  endfacet
  facet normal 0 0 -1
    outer loop
      vertex -69.3605 -46.0939 0
      vertex -72.5 -67.5 0
      vertex -69.5 -46.1 0
    endloop
  endfacet
  facet normal -0 0 -1
    outer loop
      vertex -69.5 -46.1 0
      vertex -72.5 -67.5 0
      vertex -69.6395 -46.0939 0
    endloop
  endfacet
  facet normal 0 0 -1
    outer loop
      vertex -87.8209 -60.3558 0
      vertex -70.6314 -45.6314 0
      vertex -86.6421 -61.6421 0
    endloop
  endfacet
  facet normal 0 0 -1
    outer loop
      vertex -86.6421 -61.6421 0
      vertex -70.6314 -45.6314 0
      vertex -85.3558 -62.8209 0
    endloop
  endfacet
  facet normal -0 0 -1
    outer loop
      vertex -70.5285 -45.7257 0
      vertex -85.3558 -62.8209 0
      vertex -70.6314 -45.6314 0
    endloop
  endfacet
  facet normal 0 0 -1
    outer loop
      vertex -85.3558 -62.8209 0
      vertex -70.5285 -45.7257 0
      vertex -83.9715 -63.883 0
    endloop
  endfacet
  facet normal -0 0 -1
    outer loop
      vertex -70.4177 -45.8106 0
      vertex -83.9715 -63.883 0
      vertex -70.5285 -45.7257 0
    endloop
  endfacet
  facet normal 0 0 -1
    outer loop
      vertex -83.9715 -63.883 0
      vertex -70.4177 -45.8106 0
      vertex -82.5 -64.8205 0
    endloop
  endfacet
  facet normal 0 0 -1
    outer loop
      vertex -82.5 -64.8205 0
      vertex -70.4177 -45.8106 0
      vertex -80.9524 -65.6262 0
    endloop
  endfacet
  facet normal -0 0 -1
    outer loop
      vertex -70.3 -45.8856 0
      vertex -80.9524 -65.6262 0
      vertex -70.4177 -45.8106 0
    endloop
  endfacet
  facet normal 0 0 -1
    outer loop
      vertex -80.9524 -65.6262 0
      vertex -70.3 -45.8856 0
      vertex -79.3404 -66.2939 0
    endloop
  endfacet
  facet normal -0 0 -1
    outer loop
      vertex -70.1762 -45.9501 0
      vertex -79.3404 -66.2939 0
      vertex -70.3 -45.8856 0
    endloop
  endfacet
  facet normal 0 0 -1
    outer loop
      vertex -79.3404 -66.2939 0
      vertex -70.1762 -45.9501 0
      vertex -77.6764 -66.8185 0
    endloop
  endfacet
  facet normal 0 0 -1
    outer loop
      vertex -77.6764 -66.8185 0
      vertex -70.1762 -45.9501 0
      vertex -75.973 -67.1962 0
    endloop
  endfacet
  facet normal -0 0 -1
    outer loop
      vertex -70.0472 -46.0035 0
      vertex -75.973 -67.1962 0
      vertex -70.1762 -45.9501 0
    endloop
  endfacet
  facet normal 0 0 -1
    outer loop
      vertex -75.973 -67.1962 0
      vertex -70.0472 -46.0035 0
      vertex -74.2431 -67.4239 0
    endloop
  endfacet
  facet normal -0 0 -1
    outer loop
      vertex -69.9141 -46.0455 0
      vertex -74.2431 -67.4239 0
      vertex -70.0472 -46.0035 0
    endloop
  endfacet
  facet normal 0 0 -1
    outer loop
      vertex -74.2431 -67.4239 0
      vertex -69.9141 -46.0455 0
      vertex -72.5 -67.5 0
    endloop
  endfacet
  facet normal -0 0 -1
    outer loop
      vertex -69.7778 -46.0757 0
      vertex -72.5 -67.5 0
      vertex -69.9141 -46.0455 0
    endloop
  endfacet
  facet normal -0 0 -1
    outer loop
      vertex -69.6395 -46.0939 0
      vertex -72.5 -67.5 0
      vertex -69.7778 -46.0757 0
    endloop
  endfacet
  facet normal -0 0 -1
    outer loop
      vertex 87.8209 60.3558 0
      vertex 70.6314 45.6314 0
      vertex 86.6421 61.6421 0
    endloop
  endfacet
  facet normal -0 0 -1
    outer loop
      vertex 86.6421 61.6421 0
      vertex 70.6314 45.6314 0
      vertex 85.3558 62.8209 0
    endloop
  endfacet
  facet normal 0 0 -1
    outer loop
      vertex 70.5285 45.7257 0
      vertex 85.3558 62.8209 0
      vertex 70.6314 45.6314 0
    endloop
  endfacet
  facet normal -0 0 -1
    outer loop
      vertex 85.3558 62.8209 0
      vertex 70.5285 45.7257 0
      vertex 83.9715 63.883 0
    endloop
  endfacet
  facet normal 0 0 -1
    outer loop
      vertex 70.4177 45.8106 0
      vertex 83.9715 63.883 0
      vertex 70.5285 45.7257 0
    endloop
  endfacet
  facet normal -0 0 -1
    outer loop
      vertex 83.9715 63.883 0
      vertex 70.4177 45.8106 0
      vertex 82.5 64.8205 0
    endloop
  endfacet
  facet normal -0 0 -1
    outer loop
      vertex 82.5 64.8205 0
      vertex 70.4177 45.8106 0
      vertex 80.9524 65.6262 0
    endloop
  endfacet
  facet normal 0 0 -1
    outer loop
      vertex 70.3 45.8856 0
      vertex 80.9524 65.6262 0
      vertex 70.4177 45.8106 0
    endloop
  endfacet
  facet normal -0 0 -1
    outer loop
      vertex 80.9524 65.6262 0
      vertex 70.3 45.8856 0
      vertex 79.3404 66.2939 0
    endloop
  endfacet
  facet normal 0 0 -1
    outer loop
      vertex 70.1762 45.9501 0
      vertex 79.3404 66.2939 0
      vertex 70.3 45.8856 0
    endloop
  endfacet
  facet normal -0 0 -1
    outer loop
      vertex 79.3404 66.2939 0
      vertex 70.1762 45.9501 0
      vertex 77.6764 66.8185 0
    endloop
  endfacet
  facet normal -0 0 -1
    outer loop
      vertex 77.6764 66.8185 0
      vertex 70.1762 45.9501 0
      vertex 75.973 67.1962 0
    endloop
  endfacet
  facet normal 0 0 -1
    outer loop
      vertex 70.0472 46.0035 0
      vertex 75.973 67.1962 0
      vertex 70.1762 45.9501 0
    endloop
  endfacet
  facet normal -0 0 -1
    outer loop
      vertex 75.973 67.1962 0
      vertex 70.0472 46.0035 0
      vertex 74.2431 67.4239 0
    endloop
  endfacet
  facet normal 0 0 -1
    outer loop
      vertex 69.9141 46.0455 0
      vertex 74.2431 67.4239 0
      vertex 70.0472 46.0035 0
    endloop
  endfacet
  facet normal -0 0 -1
    outer loop
      vertex 74.2431 67.4239 0
      vertex 69.9141 46.0455 0
      vertex 72.5 67.5 0
    endloop
  endfacet
  facet normal 0 0 -1
    outer loop
      vertex 69.7778 46.0757 0
      vertex 72.5 67.5 0
      vertex 69.9141 46.0455 0
    endloop
  endfacet
  facet normal 0 0 -1
    outer loop
      vertex 69.6395 46.0939 0
      vertex 72.5 67.5 0
      vertex 69.7778 46.0757 0
    endloop
  endfacet
  facet normal 0 0 -1
    outer loop
      vertex 69.5 46.1 0
      vertex 72.5 67.5 0
      vertex 69.6395 46.0939 0
    endloop
  endfacet
  facet normal 0 0 -1
    outer loop
      vertex 69.3605 46.0939 0
      vertex 72.5 67.5 0
      vertex 69.5 46.1 0
    endloop
  endfacet
  facet normal 0 0 -1
    outer loop
      vertex 69.2222 46.0757 0
      vertex 72.5 67.5 0
      vertex 69.3605 46.0939 0
    endloop
  endfacet
  facet normal 0 0 -1
    outer loop
      vertex 69.0859 46.0455 0
      vertex 72.5 67.5 0
      vertex 69.2222 46.0757 0
    endloop
  endfacet
  facet normal 0 0 -1
    outer loop
      vertex 68.9528 46.0035 0
      vertex 72.5 67.5 0
      vertex 69.0859 46.0455 0
    endloop
  endfacet
  facet normal 0 0 -1
    outer loop
      vertex 57 67.5 0
      vertex 68.9528 46.0035 0
      vertex 68.8238 45.9501 0
    endloop
  endfacet
  facet normal 0 0 -1
    outer loop
      vertex 57 67.5 0
      vertex 68.8238 45.9501 0
      vertex 68.7 45.8856 0
    endloop
  endfacet
  facet normal 0 0 -1
    outer loop
      vertex 57 67.5 0
      vertex 68.7 45.8856 0
      vertex 68.5823 45.8106 0
    endloop
  endfacet
  facet normal 0 0 -1
    outer loop
      vertex 57 67.5 0
      vertex 68.5823 45.8106 0
      vertex 68.4715 45.7257 0
    endloop
  endfacet
  facet normal 0 0 -1
    outer loop
      vertex 57 67.5 0
      vertex 68.4715 45.7257 0
      vertex 68.3686 45.6314 0
    endloop
  endfacet
  facet normal 0 0 -1
    outer loop
      vertex 57 67.5 0
      vertex 68.3686 45.6314 0
      vertex 68.2743 45.5285 0
    endloop
  endfacet
  facet normal 0 0 -1
    outer loop
      vertex 57 67.5 0
      vertex 68.2743 45.5285 0
      vertex 68.1894 45.4177 0
    endloop
  endfacet
  facet normal 0 0 -1
    outer loop
      vertex 57 67.5 0
      vertex 68.1894 45.4177 0
      vertex 68.1144 45.3 0
    endloop
  endfacet
  facet normal 0 0 -1
    outer loop
      vertex 57 67.5 0
      vertex 68.1144 45.3 0
      vertex 68.0499 45.1762 0
    endloop
  endfacet
  facet normal 0 0 -1
    outer loop
      vertex 57 67.5 0
      vertex 68.0499 45.1762 0
      vertex 67.9965 45.0472 0
    endloop
  endfacet
  facet normal 0 0 -1
    outer loop
      vertex 57 67.5 0
      vertex 67.9965 45.0472 0
      vertex 67.9545 44.9141 0
    endloop
  endfacet
  facet normal 0 0 -1
    outer loop
      vertex 57 67.5 0
      vertex 67.9545 44.9141 0
      vertex 67.9243 44.7778 0
    endloop
  endfacet
  facet normal 0 0 -1
    outer loop
      vertex 67.9061 44.3605 0
      vertex 57 67.5 0
      vertex 67.9 44.5 0
    endloop
  endfacet
  facet normal 0 0 -1
    outer loop
      vertex 67.9 44.5 0
      vertex 57 67.5 0
      vertex 67.9061 44.6395 0
    endloop
  endfacet
  facet normal 0 0 -1
    outer loop
      vertex 67.9061 44.6395 0
      vertex 57 67.5 0
      vertex 67.9243 44.7778 0
    endloop
  endfacet
  facet normal 0 0 -1
    outer loop
      vertex 68.9528 46.0035 0
      vertex 57 67.5 0
      vertex 72.5 67.5 0
    endloop
  endfacet
  facet normal -0 0 -1
    outer loop
      vertex 45 67.5 0
      vertex 27 0 0
      vertex 27 67.5 0
    endloop
  endfacet
  facet normal -0 0 -1
    outer loop
      vertex 15 67.5 0
      vertex -3 0 0
      vertex -3 67.5 0
    endloop
  endfacet
  facet normal -0 0 -1
    outer loop
      vertex -15 67.5 0
      vertex -33 0 0
      vertex -33 67.5 0
    endloop
  endfacet
  facet normal 0 0 -1
    outer loop
      vertex -45 0 0
      vertex -67.9 44.5 0
      vertex -45 67.5 0
    endloop
  endfacet
  facet normal 0 0 -1
    outer loop
      vertex -67.9061 44.6395 0
      vertex -45 67.5 0
      vertex -67.9 44.5 0
    endloop
  endfacet
  facet normal 0 0 -1
    outer loop
      vertex -67.9243 44.7778 0
      vertex -45 67.5 0
      vertex -67.9061 44.6395 0
    endloop
  endfacet
  facet normal 0 0 -1
    outer loop
      vertex -67.9545 44.9141 0
      vertex -45 67.5 0
      vertex -67.9243 44.7778 0
    endloop
  endfacet
  facet normal 0 0 -1
    outer loop
      vertex -67.9965 45.0472 0
      vertex -45 67.5 0
      vertex -67.9545 44.9141 0
    endloop
  endfacet
  facet normal 0 0 -1
    outer loop
      vertex -68.0499 45.1762 0
      vertex -45 67.5 0
      vertex -67.9965 45.0472 0
    endloop
  endfacet
  facet normal 0 0 -1
    outer loop
      vertex -68.1144 45.3 0
      vertex -45 67.5 0
      vertex -68.0499 45.1762 0
    endloop
  endfacet
  facet normal 0 0 -1
    outer loop
      vertex -68.1894 45.4177 0
      vertex -45 67.5 0
      vertex -68.1144 45.3 0
    endloop
  endfacet
  facet normal 0 0 -1
    outer loop
      vertex -68.2743 45.5285 0
      vertex -45 67.5 0
      vertex -68.1894 45.4177 0
    endloop
  endfacet
  facet normal 0 0 -1
    outer loop
      vertex -68.3686 45.6314 0
      vertex -45 67.5 0
      vertex -68.2743 45.5285 0
    endloop
  endfacet
  facet normal 0 0 -1
    outer loop
      vertex -68.4715 45.7257 0
      vertex -45 67.5 0
      vertex -68.3686 45.6314 0
    endloop
  endfacet
  facet normal 0 0 -1
    outer loop
      vertex -68.5823 45.8106 0
      vertex -45 67.5 0
      vertex -68.4715 45.7257 0
    endloop
  endfacet
  facet normal 0 0 -1
    outer loop
      vertex -72.5 67.5 0
      vertex -68.5823 45.8106 0
      vertex -68.7 45.8856 0
    endloop
  endfacet
  facet normal 0 0 -1
    outer loop
      vertex -72.5 67.5 0
      vertex -68.7 45.8856 0
      vertex -68.8238 45.9501 0
    endloop
  endfacet
  facet normal 0 0 -1
    outer loop
      vertex -72.5 67.5 0
      vertex -68.8238 45.9501 0
      vertex -68.9528 46.0035 0
    endloop
  endfacet
  facet normal 0 0 -1
    outer loop
      vertex -72.5 67.5 0
      vertex -68.9528 46.0035 0
      vertex -69.0859 46.0455 0
    endloop
  endfacet
  facet normal 0 0 -1
    outer loop
      vertex -72.5 67.5 0
      vertex -69.0859 46.0455 0
      vertex -69.2222 46.0757 0
    endloop
  endfacet
  facet normal 0 0 -1
    outer loop
      vertex -72.5 67.5 0
      vertex -69.2222 46.0757 0
      vertex -69.3605 46.0939 0
    endloop
  endfacet
  facet normal 0 0 -1
    outer loop
      vertex -72.5 67.5 0
      vertex -69.3605 46.0939 0
      vertex -69.5 46.1 0
    endloop
  endfacet
  facet normal 0 0 -1
    outer loop
      vertex -72.5 67.5 0
      vertex -69.5 46.1 0
      vertex -69.6395 46.0939 0
    endloop
  endfacet
  facet normal 0 0 -1
    outer loop
      vertex -72.5 67.5 0
      vertex -69.6395 46.0939 0
      vertex -69.7778 46.0757 0
    endloop
  endfacet
  facet normal 0 0 -1
    outer loop
      vertex -72.5 67.5 0
      vertex -69.7778 46.0757 0
      vertex -69.9141 46.0455 0
    endloop
  endfacet
  facet normal 0 0 -1
    outer loop
      vertex -74.2431 67.4239 0
      vertex -69.9141 46.0455 0
      vertex -70.0472 46.0035 0
    endloop
  endfacet
  facet normal 0 0 -1
    outer loop
      vertex -75.973 67.1962 0
      vertex -70.0472 46.0035 0
      vertex -70.1762 45.9501 0
    endloop
  endfacet
  facet normal 0 0 -1
    outer loop
      vertex -79.3404 66.2939 0
      vertex -70.1762 45.9501 0
      vertex -70.3 45.8856 0
    endloop
  endfacet
  facet normal 0 0 -1
    outer loop
      vertex -80.9524 65.6262 0
      vertex -70.3 45.8856 0
      vertex -70.4177 45.8106 0
    endloop
  endfacet
  facet normal 0 0 -1
    outer loop
      vertex -83.9715 63.883 0
      vertex -70.4177 45.8106 0
      vertex -70.5285 45.7257 0
    endloop
  endfacet
  facet normal 0 0 -1
    outer loop
      vertex -68.5823 45.8106 0
      vertex -72.5 67.5 0
      vertex -45 67.5 0
    endloop
  endfacet
  facet normal 0 0 -1
    outer loop
      vertex -85.3558 62.8209 0
      vertex -70.5285 45.7257 0
      vertex -70.6314 45.6314 0
    endloop
  endfacet
  facet normal 0 0 -1
    outer loop
      vertex -87.8209 60.3558 0
      vertex -70.6314 45.6314 0
      vertex -70.7257 45.5285 0
    endloop
  endfacet
  facet normal 0 0 -1
    outer loop
      vertex -88.883 58.9715 0
      vertex -70.7257 45.5285 0
      vertex -70.8106 45.4177 0
    endloop
  endfacet
  facet normal 0 0 -1
    outer loop
      vertex -90.6262 55.9524 0
      vertex -70.8106 45.4177 0
      vertex -70.8856 45.3 0
    endloop
  endfacet
  facet normal 0 0 -1
    outer loop
      vertex -91.2939 54.3404 0
      vertex -70.8856 45.3 0
      vertex -70.9501 45.1762 0
    endloop
  endfacet
  facet normal 0 0 -1
    outer loop
      vertex -91.8185 52.6764 0
      vertex -70.9501 45.1762 0
      vertex -71.0035 45.0472 0
    endloop
  endfacet
  facet normal 0 0 -1
    outer loop
      vertex -92.4239 49.2431 0
      vertex -71.0035 45.0472 0
      vertex -71.0455 44.9141 0
    endloop
  endfacet
  facet normal 0 0 -1
    outer loop
      vertex -92.5 47.5 0
      vertex -71.0455 44.9141 0
      vertex -71.0757 44.7778 0
    endloop
  endfacet
  facet normal 0 0 -1
    outer loop
      vertex -92.5 47.5 0
      vertex -71.0757 44.7778 0
      vertex -71.0939 44.6395 0
    endloop
  endfacet
  facet normal 0 0 -1
    outer loop
      vertex -92.5 47.5 0
      vertex -71.0939 44.6395 0
      vertex -71.1 44.5 0
    endloop
  endfacet
  facet normal 0 0 -1
    outer loop
      vertex -71.0757 44.2222 0
      vertex -92.5 47.5 0
      vertex -71.0939 44.3605 0
    endloop
  endfacet
  facet normal -0 0 -1
    outer loop
      vertex -70.6314 -45.6314 0
      vertex -87.8209 -60.3558 0
      vertex -70.7257 -45.5285 0
    endloop
  endfacet
  facet normal 0 0 -1
    outer loop
      vertex -71.0939 44.3605 0
      vertex -92.5 47.5 0
      vertex -71.1 44.5 0
    endloop
  endfacet
  facet normal 0 0 -1
    outer loop
      vertex -88.883 -58.9715 0
      vertex -70.7257 -45.5285 0
      vertex -87.8209 -60.3558 0
    endloop
  endfacet
  facet normal 0 0 -1
    outer loop
      vertex -71.0455 44.9141 0
      vertex -92.5 47.5 0
      vertex -92.4239 49.2431 0
    endloop
  endfacet
  facet normal -0 0 -1
    outer loop
      vertex -70.7257 -45.5285 0
      vertex -88.883 -58.9715 0
      vertex -70.8106 -45.4177 0
    endloop
  endfacet
  facet normal 0 0 -1
    outer loop
      vertex -69.9141 46.0455 0
      vertex -74.2431 67.4239 0
      vertex -72.5 67.5 0
    endloop
  endfacet
  facet normal 0 0 -1
    outer loop
      vertex -89.8205 -57.5 0
      vertex -70.8106 -45.4177 0
      vertex -88.883 -58.9715 0
    endloop
  endfacet
  facet normal 0 0 -1
    outer loop
      vertex -70.0472 46.0035 0
      vertex -75.973 67.1962 0
      vertex -74.2431 67.4239 0
    endloop
  endfacet
  facet normal 0 0 -1
    outer loop
      vertex -90.6262 -55.9524 0
      vertex -70.8106 -45.4177 0
      vertex -89.8205 -57.5 0
    endloop
  endfacet
  facet normal 0 0 -1
    outer loop
      vertex -70.1762 45.9501 0
      vertex -77.6764 66.8185 0
      vertex -75.973 67.1962 0
    endloop
  endfacet
  facet normal -0 0 -1
    outer loop
      vertex -70.8106 -45.4177 0
      vertex -90.6262 -55.9524 0
      vertex -70.8856 -45.3 0
    endloop
  endfacet
  facet normal 0 0 -1
    outer loop
      vertex -70.1762 45.9501 0
      vertex -79.3404 66.2939 0
      vertex -77.6764 66.8185 0
    endloop
  endfacet
  facet normal 0 0 -1
    outer loop
      vertex -91.2939 -54.3404 0
      vertex -70.8856 -45.3 0
      vertex -90.6262 -55.9524 0
    endloop
  endfacet
  facet normal 0 0 -1
    outer loop
      vertex -70.3 45.8856 0
      vertex -80.9524 65.6262 0
      vertex -79.3404 66.2939 0
    endloop
  endfacet
  facet normal -0 0 -1
    outer loop
      vertex -70.8856 -45.3 0
      vertex -91.2939 -54.3404 0
      vertex -70.9501 -45.1762 0
    endloop
  endfacet
  facet normal 0 0 -1
    outer loop
      vertex -70.4177 45.8106 0
      vertex -82.5 64.8205 0
      vertex -80.9524 65.6262 0
    endloop
  endfacet
  facet normal 0 0 -1
    outer loop
      vertex -91.8185 -52.6764 0
      vertex -70.9501 -45.1762 0
      vertex -91.2939 -54.3404 0
    endloop
  endfacet
  facet normal 0 0 -1
    outer loop
      vertex -70.4177 45.8106 0
      vertex -83.9715 63.883 0
      vertex -82.5 64.8205 0
    endloop
  endfacet
  facet normal -0 0 -1
    outer loop
      vertex -70.9501 -45.1762 0
      vertex -91.8185 -52.6764 0
      vertex -71.0035 -45.0472 0
    endloop
  endfacet
  facet normal 0 0 -1
    outer loop
      vertex -70.5285 45.7257 0
      vertex -85.3558 62.8209 0
      vertex -83.9715 63.883 0
    endloop
  endfacet
  facet normal 0 0 -1
    outer loop
      vertex -92.1962 -50.973 0
      vertex -71.0035 -45.0472 0
      vertex -91.8185 -52.6764 0
    endloop
  endfacet
  facet normal 0 0 -1
    outer loop
      vertex -70.6314 45.6314 0
      vertex -86.6421 61.6421 0
      vertex -85.3558 62.8209 0
    endloop
  endfacet
  facet normal 0 0 -1
    outer loop
      vertex -92.4239 -49.2431 0
      vertex -71.0035 -45.0472 0
      vertex -92.1962 -50.973 0
    endloop
  endfacet
  facet normal 0 0 -1
    outer loop
      vertex -70.6314 45.6314 0
      vertex -87.8209 60.3558 0
      vertex -86.6421 61.6421 0
    endloop
  endfacet
  facet normal -0 0 -1
    outer loop
      vertex -71.0035 -45.0472 0
      vertex -92.4239 -49.2431 0
      vertex -71.0455 -44.9141 0
    endloop
  endfacet
  facet normal 0 0 -1
    outer loop
      vertex -70.7257 45.5285 0
      vertex -88.883 58.9715 0
      vertex -87.8209 60.3558 0
    endloop
  endfacet
  facet normal 0 0 -1
    outer loop
      vertex -92.5 -47.5 0
      vertex -71.0455 -44.9141 0
      vertex -92.4239 -49.2431 0
    endloop
  endfacet
  facet normal 0 0 -1
    outer loop
      vertex -70.8106 45.4177 0
      vertex -89.8205 57.5 0
      vertex -88.883 58.9715 0
    endloop
  endfacet
  facet normal -0 0 -1
    outer loop
      vertex -71.0455 -44.9141 0
      vertex -92.5 -47.5 0
      vertex -71.0757 -44.7778 0
    endloop
  endfacet
  facet normal 0 0 -1
    outer loop
      vertex -70.8106 45.4177 0
      vertex -90.6262 55.9524 0
      vertex -89.8205 57.5 0
    endloop
  endfacet
  facet normal -0 0 -1
    outer loop
      vertex -71.0757 -44.7778 0
      vertex -92.5 -47.5 0
      vertex -71.0939 -44.6395 0
    endloop
  endfacet
  facet normal 0 0 -1
    outer loop
      vertex -70.8856 45.3 0
      vertex -91.2939 54.3404 0
      vertex -90.6262 55.9524 0
    endloop
  endfacet
  facet normal -0 0 -1
    outer loop
      vertex -71.0939 -44.6395 0
      vertex -92.5 -47.5 0
      vertex -71.1 -44.5 0
    endloop
  endfacet
  facet normal 0 0 -1
    outer loop
      vertex -70.9501 45.1762 0
      vertex -91.8185 52.6764 0
      vertex -91.2939 54.3404 0
    endloop
  endfacet
  facet normal 0 0 -1
    outer loop
      vertex -71.0035 45.0472 0
      vertex -92.1962 50.973 0
      vertex -91.8185 52.6764 0
    endloop
  endfacet
  facet normal 0 0 -1
    outer loop
      vertex -71.0035 45.0472 0
      vertex -92.4239 49.2431 0
      vertex -92.1962 50.973 0
    endloop
  endfacet
  facet normal -0.608721 -0.793384 0
    outer loop
      vertex -85.3558 -62.8209 0
      vertex -83.9715 -63.883 18
      vertex -85.3558 -62.8209 18
    endloop
  endfacet
  facet normal -0.608721 -0.793384 -0
    outer loop
      vertex -83.9715 -63.883 18
      vertex -85.3558 -62.8209 0
      vertex -83.9715 -63.883 0
    endloop
  endfacet
  facet normal -0.46178 -0.886994 0
    outer loop
      vertex -82.5 -64.8205 0
      vertex -80.9524 -65.6262 18
      vertex -82.5 -64.8205 18
    endloop
  endfacet
  facet normal -0.46178 -0.886994 -0
    outer loop
      vertex -80.9524 -65.6262 18
      vertex -82.5 -64.8205 0
      vertex -80.9524 -65.6262 0
    endloop
  endfacet
  facet normal -0.1305 -0.991448 0
    outer loop
      vertex -75.973 -67.1962 0
      vertex -74.2431 -67.4239 18
      vertex -75.973 -67.1962 18
    endloop
  endfacet
  facet normal -0.1305 -0.991448 -0
    outer loop
      vertex -74.2431 -67.4239 18
      vertex -75.973 -67.1962 0
      vertex -74.2431 -67.4239 0
    endloop
  endfacet
  facet normal -0.300676 -0.953726 0
    outer loop
      vertex -79.3404 -66.2939 0
      vertex -77.6764 -66.8185 18
      vertex -79.3404 -66.2939 18
    endloop
  endfacet
  facet normal -0.300676 -0.953726 -0
    outer loop
      vertex -77.6764 -66.8185 18
      vertex -79.3404 -66.2939 0
      vertex -77.6764 -66.8185 0
    endloop
  endfacet
  facet normal 0.53732 0.843378 -0
    outer loop
      vertex 83.9715 63.883 0
      vertex 82.5 64.8205 18
      vertex 83.9715 63.883 18
    endloop
  endfacet
  facet normal 0.53732 0.843378 0
    outer loop
      vertex 82.5 64.8205 18
      vertex 83.9715 63.883 0
      vertex 82.5 64.8205 0
    endloop
  endfacet
  facet normal 0.608721 0.793384 -0
    outer loop
      vertex 85.3558 62.8209 0
      vertex 83.9715 63.883 18
      vertex 85.3558 62.8209 18
    endloop
  endfacet
  facet normal 0.608721 0.793384 0
    outer loop
      vertex 83.9715 63.883 18
      vertex 85.3558 62.8209 0
      vertex 83.9715 63.883 0
    endloop
  endfacet
  facet normal 0.46178 0.886994 -0
    outer loop
      vertex 82.5 64.8205 0
      vertex 80.9524 65.6262 18
      vertex 82.5 64.8205 18
    endloop
  endfacet
  facet normal 0.46178 0.886994 0
    outer loop
      vertex 80.9524 65.6262 18
      vertex 82.5 64.8205 0
      vertex 80.9524 65.6262 0
    endloop
  endfacet
  facet normal 0.216475 0.976288 -0
    outer loop
      vertex 77.6764 66.8185 0
      vertex 75.973 67.1962 18
      vertex 77.6764 66.8185 18
    endloop
  endfacet
  facet normal 0.216475 0.976288 0
    outer loop
      vertex 75.973 67.1962 18
      vertex 77.6764 66.8185 0
      vertex 75.973 67.1962 0
    endloop
  endfacet
  facet normal 0.1305 0.991448 -0
    outer loop
      vertex 75.973 67.1962 0
      vertex 74.2431 67.4239 18
      vertex 75.973 67.1962 18
    endloop
  endfacet
  facet normal 0.1305 0.991448 0
    outer loop
      vertex 74.2431 67.4239 18
      vertex 75.973 67.1962 0
      vertex 74.2431 67.4239 0
    endloop
  endfacet
  facet normal 0.300676 0.953726 -0
    outer loop
      vertex 79.3404 66.2939 0
      vertex 77.6764 66.8185 18
      vertex 79.3404 66.2939 18
    endloop
  endfacet
  facet normal 0.300676 0.953726 0
    outer loop
      vertex 77.6764 66.8185 18
      vertex 79.3404 66.2939 0
      vertex 77.6764 66.8185 0
    endloop
  endfacet
  facet normal 0.923882 0.382677 0
    outer loop
      vertex 91.2939 54.3404 18
      vertex 90.6262 55.9524 0
      vertex 90.6262 55.9524 18
    endloop
  endfacet
  facet normal 0.923882 0.382677 0
    outer loop
      vertex 90.6262 55.9524 0
      vertex 91.2939 54.3404 18
      vertex 91.2939 54.3404 0
    endloop
  endfacet
  facet normal 1 -0 0
    outer loop
      vertex 92.5 -47.5 18
      vertex 92.5 47.5 0
      vertex 92.5 47.5 18
    endloop
  endfacet
  facet normal 1 0 0
    outer loop
      vertex 92.5 47.5 0
      vertex 92.5 -47.5 18
      vertex 92.5 -47.5 0
    endloop
  endfacet
  facet normal 0.976288 0.216475 0
    outer loop
      vertex 92.1962 50.973 18
      vertex 91.8185 52.6764 0
      vertex 91.8185 52.6764 18
    endloop
  endfacet
  facet normal 0.976288 0.216475 0
    outer loop
      vertex 91.8185 52.6764 0
      vertex 92.1962 50.973 18
      vertex 92.1962 50.973 0
    endloop
  endfacet
  facet normal 0.886994 -0.46178 0
    outer loop
      vertex 89.8205 -57.5 18
      vertex 90.6262 -55.9524 0
      vertex 90.6262 -55.9524 18
    endloop
  endfacet
  facet normal 0.886994 -0.46178 0
    outer loop
      vertex 90.6262 -55.9524 0
      vertex 89.8205 -57.5 18
      vertex 89.8205 -57.5 0
    endloop
  endfacet
  facet normal 0.737242 -0.675629 0
    outer loop
      vertex 86.6421 -61.6421 18
      vertex 87.8209 -60.3558 0
      vertex 87.8209 -60.3558 18
    endloop
  endfacet
  facet normal 0.737242 -0.675629 0
    outer loop
      vertex 87.8209 -60.3558 0
      vertex 86.6421 -61.6421 18
      vertex 86.6421 -61.6421 0
    endloop
  endfacet
  facet normal 0.300676 -0.953726 0
    outer loop
      vertex 77.6764 -66.8185 0
      vertex 79.3404 -66.2939 18
      vertex 77.6764 -66.8185 18
    endloop
  endfacet
  facet normal 0.300676 -0.953726 0
    outer loop
      vertex 79.3404 -66.2939 18
      vertex 77.6764 -66.8185 0
      vertex 79.3404 -66.2939 0
    endloop
  endfacet
  facet normal -0.300676 0.953726 0
    outer loop
      vertex -77.6764 66.8185 0
      vertex -79.3404 66.2939 18
      vertex -77.6764 66.8185 18
    endloop
  endfacet
  facet normal -0.300676 0.953726 0
    outer loop
      vertex -79.3404 66.2939 18
      vertex -77.6764 66.8185 0
      vertex -79.3404 66.2939 0
    endloop
  endfacet
  facet normal -0.216475 0.976288 0
    outer loop
      vertex -75.973 67.1962 0
      vertex -77.6764 66.8185 18
      vertex -75.973 67.1962 18
    endloop
  endfacet
  facet normal -0.216475 0.976288 0
    outer loop
      vertex -77.6764 66.8185 18
      vertex -75.973 67.1962 0
      vertex -77.6764 66.8185 0
    endloop
  endfacet
  facet normal -0.382677 0.923882 0
    outer loop
      vertex -79.3404 66.2939 0
      vertex -80.9524 65.6262 18
      vertex -79.3404 66.2939 18
    endloop
  endfacet
  facet normal -0.382677 0.923882 0
    outer loop
      vertex -80.9524 65.6262 18
      vertex -79.3404 66.2939 0
      vertex -80.9524 65.6262 0
    endloop
  endfacet
  facet normal -0.608721 0.793384 0
    outer loop
      vertex -83.9715 63.883 0
      vertex -85.3558 62.8209 18
      vertex -83.9715 63.883 18
    endloop
  endfacet
  facet normal -0.608721 0.793384 0
    outer loop
      vertex -85.3558 62.8209 18
      vertex -83.9715 63.883 0
      vertex -85.3558 62.8209 0
    endloop
  endfacet
  facet normal -0.675629 0.737242 0
    outer loop
      vertex -85.3558 62.8209 0
      vertex -86.6421 61.6421 18
      vertex -85.3558 62.8209 18
    endloop
  endfacet
  facet normal -0.675629 0.737242 0
    outer loop
      vertex -86.6421 61.6421 18
      vertex -85.3558 62.8209 0
      vertex -86.6421 61.6421 0
    endloop
  endfacet
  facet normal -0.53732 0.843378 0
    outer loop
      vertex -82.5 64.8205 0
      vertex -83.9715 63.883 18
      vertex -82.5 64.8205 18
    endloop
  endfacet
  facet normal -0.53732 0.843378 0
    outer loop
      vertex -83.9715 63.883 18
      vertex -82.5 64.8205 0
      vertex -83.9715 63.883 0
    endloop
  endfacet
  facet normal -0.953726 0.300676 0
    outer loop
      vertex -91.8185 52.6764 0
      vertex -91.2939 54.3404 18
      vertex -91.2939 54.3404 0
    endloop
  endfacet
  facet normal -0.953726 0.300676 0
    outer loop
      vertex -91.2939 54.3404 18
      vertex -91.8185 52.6764 0
      vertex -91.8185 52.6764 18
    endloop
  endfacet
  facet normal -0.976288 0.216475 0
    outer loop
      vertex -92.1962 50.973 0
      vertex -91.8185 52.6764 18
      vertex -91.8185 52.6764 0
    endloop
  endfacet
  facet normal -0.976288 0.216475 0
    outer loop
      vertex -91.8185 52.6764 18
      vertex -92.1962 50.973 0
      vertex -92.1962 50.973 18
    endloop
  endfacet
  facet normal -0.886994 0.46178 0
    outer loop
      vertex -90.6262 55.9524 0
      vertex -89.8205 57.5 18
      vertex -89.8205 57.5 0
    endloop
  endfacet
  facet normal -0.886994 0.46178 0
    outer loop
      vertex -89.8205 57.5 18
      vertex -90.6262 55.9524 0
      vertex -90.6262 55.9524 18
    endloop
  endfacet
  facet normal -0.793384 0.608721 0
    outer loop
      vertex -88.883 58.9715 0
      vertex -87.8209 60.3558 18
      vertex -87.8209 60.3558 0
    endloop
  endfacet
  facet normal -0.793384 0.608721 0
    outer loop
      vertex -87.8209 60.3558 18
      vertex -88.883 58.9715 0
      vertex -88.883 58.9715 18
    endloop
  endfacet
  facet normal -0.991448 -0.1305 0
    outer loop
      vertex -92.1962 -50.973 0
      vertex -92.4239 -49.2431 18
      vertex -92.4239 -49.2431 0
    endloop
  endfacet
  facet normal -0.991448 -0.1305 0
    outer loop
      vertex -92.4239 -49.2431 18
      vertex -92.1962 -50.973 0
      vertex -92.1962 -50.973 18
    endloop
  endfacet
  facet normal -0.953726 -0.300676 0
    outer loop
      vertex -91.2939 -54.3404 0
      vertex -91.8185 -52.6764 18
      vertex -91.8185 -52.6764 0
    endloop
  endfacet
  facet normal -0.953726 -0.300676 0
    outer loop
      vertex -91.8185 -52.6764 18
      vertex -91.2939 -54.3404 0
      vertex -91.2939 -54.3404 18
    endloop
  endfacet
  facet normal -0.793384 -0.608721 0
    outer loop
      vertex -87.8209 -60.3558 0
      vertex -88.883 -58.9715 18
      vertex -88.883 -58.9715 0
    endloop
  endfacet
  facet normal -0.793384 -0.608721 0
    outer loop
      vertex -88.883 -58.9715 18
      vertex -87.8209 -60.3558 0
      vertex -87.8209 -60.3558 18
    endloop
  endfacet
  facet normal -0.886994 -0.46178 0
    outer loop
      vertex -89.8205 -57.5 0
      vertex -90.6262 -55.9524 18
      vertex -90.6262 -55.9524 0
    endloop
  endfacet
  facet normal -0.886994 -0.46178 0
    outer loop
      vertex -90.6262 -55.9524 18
      vertex -89.8205 -57.5 0
      vertex -89.8205 -57.5 18
    endloop
  endfacet
  facet normal -0.737242 -0.675629 0
    outer loop
      vertex -86.6421 -61.6421 0
      vertex -87.8209 -60.3558 18
      vertex -87.8209 -60.3558 0
    endloop
  endfacet
  facet normal -0.737242 -0.675629 0
    outer loop
      vertex -87.8209 -60.3558 18
      vertex -86.6421 -61.6421 0
      vertex -86.6421 -61.6421 18
    endloop
  endfacet
  facet normal -0.999048 -0.0436163 0
    outer loop
      vertex -92.4239 -49.2431 0
      vertex -92.5 -47.5 18
      vertex -92.5 -47.5 0
    endloop
  endfacet
  facet normal -0.999048 -0.0436163 0
    outer loop
      vertex -92.5 -47.5 18
      vertex -92.4239 -49.2431 0
      vertex -92.4239 -49.2431 18
    endloop
  endfacet
  facet normal -0.53732 -0.843378 0
    outer loop
      vertex -83.9715 -63.883 0
      vertex -82.5 -64.8205 18
      vertex -83.9715 -63.883 18
    endloop
  endfacet
  facet normal -0.53732 -0.843378 -0
    outer loop
      vertex -82.5 -64.8205 18
      vertex -83.9715 -63.883 0
      vertex -82.5 -64.8205 0
    endloop
  endfacet
  facet normal -0.382677 -0.923882 0
    outer loop
      vertex -80.9524 -65.6262 0
      vertex -79.3404 -66.2939 18
      vertex -80.9524 -65.6262 18
    endloop
  endfacet
  facet normal -0.382677 -0.923882 -0
    outer loop
      vertex -79.3404 -66.2939 18
      vertex -80.9524 -65.6262 0
      vertex -79.3404 -66.2939 0
    endloop
  endfacet
  facet normal -0.0436163 -0.999048 0
    outer loop
      vertex -74.2431 -67.4239 0
      vertex -72.5 -67.5 18
      vertex -74.2431 -67.4239 18
    endloop
  endfacet
  facet normal -0.0436163 -0.999048 -0
    outer loop
      vertex -72.5 -67.5 18
      vertex -74.2431 -67.4239 0
      vertex -72.5 -67.5 0
    endloop
  endfacet
  facet normal -0.216475 -0.976288 0
    outer loop
      vertex -77.6764 -66.8185 0
      vertex -75.973 -67.1962 18
      vertex -77.6764 -66.8185 18
    endloop
  endfacet
  facet normal -0.216475 -0.976288 -0
    outer loop
      vertex -75.973 -67.1962 18
      vertex -77.6764 -66.8185 0
      vertex -75.973 -67.1962 0
    endloop
  endfacet
  facet normal 0.953726 0.300676 0
    outer loop
      vertex 91.8185 52.6764 18
      vertex 91.2939 54.3404 0
      vertex 91.2939 54.3404 18
    endloop
  endfacet
  facet normal 0.953726 0.300676 0
    outer loop
      vertex 91.2939 54.3404 0
      vertex 91.8185 52.6764 18
      vertex 91.8185 52.6764 0
    endloop
  endfacet
  facet normal 0.793384 0.608721 0
    outer loop
      vertex 88.883 58.9715 18
      vertex 87.8209 60.3558 0
      vertex 87.8209 60.3558 18
    endloop
  endfacet
  facet normal 0.793384 0.608721 0
    outer loop
      vertex 87.8209 60.3558 0
      vertex 88.883 58.9715 18
      vertex 88.883 58.9715 0
    endloop
  endfacet
  facet normal 0.886994 0.46178 0
    outer loop
      vertex 90.6262 55.9524 18
      vertex 89.8205 57.5 0
      vertex 89.8205 57.5 18
    endloop
  endfacet
  facet normal 0.886994 0.46178 0
    outer loop
      vertex 89.8205 57.5 0
      vertex 90.6262 55.9524 18
      vertex 90.6262 55.9524 0
    endloop
  endfacet
  facet normal 0.737242 0.675629 0
    outer loop
      vertex 87.8209 60.3558 18
      vertex 86.6421 61.6421 0
      vertex 86.6421 61.6421 18
    endloop
  endfacet
  facet normal 0.737242 0.675629 0
    outer loop
      vertex 86.6421 61.6421 0
      vertex 87.8209 60.3558 18
      vertex 87.8209 60.3558 0
    endloop
  endfacet
  facet normal 0.793384 -0.608721 0
    outer loop
      vertex 87.8209 -60.3558 18
      vertex 88.883 -58.9715 0
      vertex 88.883 -58.9715 18
    endloop
  endfacet
  facet normal 0.793384 -0.608721 0
    outer loop
      vertex 88.883 -58.9715 0
      vertex 87.8209 -60.3558 18
      vertex 87.8209 -60.3558 0
    endloop
  endfacet
  facet normal 0.843378 -0.53732 0
    outer loop
      vertex 88.883 -58.9715 18
      vertex 89.8205 -57.5 0
      vertex 89.8205 -57.5 18
    endloop
  endfacet
  facet normal 0.843378 -0.53732 0
    outer loop
      vertex 89.8205 -57.5 0
      vertex 88.883 -58.9715 18
      vertex 88.883 -58.9715 0
    endloop
  endfacet
  facet normal 0.976288 -0.216475 0
    outer loop
      vertex 91.8185 -52.6764 18
      vertex 92.1962 -50.973 0
      vertex 92.1962 -50.973 18
    endloop
  endfacet
  facet normal 0.976288 -0.216475 0
    outer loop
      vertex 92.1962 -50.973 0
      vertex 91.8185 -52.6764 18
      vertex 91.8185 -52.6764 0
    endloop
  endfacet
  facet normal 0.953726 -0.300676 0
    outer loop
      vertex 91.2939 -54.3404 18
      vertex 91.8185 -52.6764 0
      vertex 91.8185 -52.6764 18
    endloop
  endfacet
  facet normal 0.953726 -0.300676 0
    outer loop
      vertex 91.8185 -52.6764 0
      vertex 91.2939 -54.3404 18
      vertex 91.2939 -54.3404 0
    endloop
  endfacet
  facet normal 0.991448 -0.1305 0
    outer loop
      vertex 92.1962 -50.973 18
      vertex 92.4239 -49.2431 0
      vertex 92.4239 -49.2431 18
    endloop
  endfacet
  facet normal 0.991448 -0.1305 0
    outer loop
      vertex 92.4239 -49.2431 0
      vertex 92.1962 -50.973 18
      vertex 92.1962 -50.973 0
    endloop
  endfacet
  facet normal 0.608721 -0.793384 0
    outer loop
      vertex 83.9715 -63.883 0
      vertex 85.3558 -62.8209 18
      vertex 83.9715 -63.883 18
    endloop
  endfacet
  facet normal 0.608721 -0.793384 0
    outer loop
      vertex 85.3558 -62.8209 18
      vertex 83.9715 -63.883 0
      vertex 85.3558 -62.8209 0
    endloop
  endfacet
  facet normal 0.53732 -0.843378 0
    outer loop
      vertex 82.5 -64.8205 0
      vertex 83.9715 -63.883 18
      vertex 82.5 -64.8205 18
    endloop
  endfacet
  facet normal 0.53732 -0.843378 0
    outer loop
      vertex 83.9715 -63.883 18
      vertex 82.5 -64.8205 0
      vertex 83.9715 -63.883 0
    endloop
  endfacet
  facet normal 0.675629 -0.737242 0
    outer loop
      vertex 85.3558 -62.8209 0
      vertex 86.6421 -61.6421 18
      vertex 85.3558 -62.8209 18
    endloop
  endfacet
  facet normal 0.675629 -0.737242 0
    outer loop
      vertex 86.6421 -61.6421 18
      vertex 85.3558 -62.8209 0
      vertex 86.6421 -61.6421 0
    endloop
  endfacet
  facet normal 0.382677 -0.923882 0
    outer loop
      vertex 79.3404 -66.2939 0
      vertex 80.9524 -65.6262 18
      vertex 79.3404 -66.2939 18
    endloop
  endfacet
  facet normal 0.382677 -0.923882 0
    outer loop
      vertex 80.9524 -65.6262 18
      vertex 79.3404 -66.2939 0
      vertex 80.9524 -65.6262 0
    endloop
  endfacet
  facet normal 0.46178 -0.886994 0
    outer loop
      vertex 80.9524 -65.6262 0
      vertex 82.5 -64.8205 18
      vertex 80.9524 -65.6262 18
    endloop
  endfacet
  facet normal 0.46178 -0.886994 0
    outer loop
      vertex 82.5 -64.8205 18
      vertex 80.9524 -65.6262 0
      vertex 82.5 -64.8205 0
    endloop
  endfacet
  facet normal -0.976288 -0.216475 0
    outer loop
      vertex -91.8185 -52.6764 0
      vertex -92.1962 -50.973 18
      vertex -92.1962 -50.973 0
    endloop
  endfacet
  facet normal -0.976288 -0.216475 0
    outer loop
      vertex -92.1962 -50.973 18
      vertex -91.8185 -52.6764 0
      vertex -91.8185 -52.6764 18
    endloop
  endfacet
  facet normal -0.923882 -0.382677 0
    outer loop
      vertex -90.6262 -55.9524 0
      vertex -91.2939 -54.3404 18
      vertex -91.2939 -54.3404 0
    endloop
  endfacet
  facet normal -0.923882 -0.382677 0
    outer loop
      vertex -91.2939 -54.3404 18
      vertex -90.6262 -55.9524 0
      vertex -90.6262 -55.9524 18
    endloop
  endfacet
  facet normal -0.843378 -0.53732 0
    outer loop
      vertex -88.883 -58.9715 0
      vertex -89.8205 -57.5 18
      vertex -89.8205 -57.5 0
    endloop
  endfacet
  facet normal -0.843378 -0.53732 0
    outer loop
      vertex -89.8205 -57.5 18
      vertex -88.883 -58.9715 0
      vertex -88.883 -58.9715 18
    endloop
  endfacet
  facet normal -0.675629 -0.737242 0
    outer loop
      vertex -86.6421 -61.6421 0
      vertex -85.3558 -62.8209 18
      vertex -86.6421 -61.6421 18
    endloop
  endfacet
  facet normal -0.675629 -0.737242 -0
    outer loop
      vertex -85.3558 -62.8209 18
      vertex -86.6421 -61.6421 0
      vertex -85.3558 -62.8209 0
    endloop
  endfacet
  facet normal 0.991448 0.1305 0
    outer loop
      vertex 92.4239 49.2431 18
      vertex 92.1962 50.973 0
      vertex 92.1962 50.973 18
    endloop
  endfacet
  facet normal 0.991448 0.1305 0
    outer loop
      vertex 92.1962 50.973 0
      vertex 92.4239 49.2431 18
      vertex 92.4239 49.2431 0
    endloop
  endfacet
  facet normal 0.843378 0.53732 0
    outer loop
      vertex 89.8205 57.5 18
      vertex 88.883 58.9715 0
      vertex 88.883 58.9715 18
    endloop
  endfacet
  facet normal 0.843378 0.53732 0
    outer loop
      vertex 88.883 58.9715 0
      vertex 89.8205 57.5 18
      vertex 89.8205 57.5 0
    endloop
  endfacet
  facet normal 0.923882 -0.382677 0
    outer loop
      vertex 90.6262 -55.9524 18
      vertex 91.2939 -54.3404 0
      vertex 91.2939 -54.3404 18
    endloop
  endfacet
  facet normal 0.923882 -0.382677 0
    outer loop
      vertex 91.2939 -54.3404 0
      vertex 90.6262 -55.9524 18
      vertex 90.6262 -55.9524 0
    endloop
  endfacet
  facet normal -0.886853 -0.462052 0
    outer loop
      vertex -68.0499 -43.8238 0
      vertex -68.1144 -43.7 18
      vertex -68.1144 -43.7 0
    endloop
  endfacet
  facet normal -0.886853 -0.462052 0
    outer loop
      vertex -68.1144 -43.7 18
      vertex -68.0499 -43.8238 0
      vertex -68.0499 -43.8238 18
    endloop
  endfacet
  facet normal -0.300926 -0.953648 0
    outer loop
      vertex -69.0859 -42.9545 0
      vertex -68.9528 -42.9965 18
      vertex -69.0859 -42.9545 18
    endloop
  endfacet
  facet normal -0.300926 -0.953648 -0
    outer loop
      vertex -68.9528 -42.9965 18
      vertex -69.0859 -42.9545 0
      vertex -68.9528 -42.9965 0
    endloop
  endfacet
  facet normal 0.382478 -0.923964 0
    outer loop
      vertex -70.1762 -43.0499 0
      vertex -70.0472 -42.9965 18
      vertex -70.1762 -43.0499 18
    endloop
  endfacet
  facet normal 0.382478 -0.923964 0
    outer loop
      vertex -70.0472 -42.9965 18
      vertex -70.1762 -43.0499 0
      vertex -70.0472 -42.9965 0
    endloop
  endfacet
  facet normal 0.886853 -0.462052 0
    outer loop
      vertex -70.9501 -43.8238 18
      vertex -70.8856 -43.7 0
      vertex -70.8856 -43.7 18
    endloop
  endfacet
  facet normal 0.886853 -0.462052 0
    outer loop
      vertex -70.8856 -43.7 0
      vertex -70.9501 -43.8238 18
      vertex -70.9501 -43.8238 0
    endloop
  endfacet
  facet normal -0.999045 0.0436859 0
    outer loop
      vertex -67.9061 -44.6395 0
      vertex -67.9 -44.5 18
      vertex -67.9 -44.5 0
    endloop
  endfacet
  facet normal -0.999045 0.0436859 0
    outer loop
      vertex -67.9 -44.5 18
      vertex -67.9061 -44.6395 0
      vertex -67.9061 -44.6395 18
    endloop
  endfacet
  facet normal -0.0436859 -0.999045 0
    outer loop
      vertex -69.5 -42.9 0
      vertex -69.3605 -42.9061 18
      vertex -69.5 -42.9 18
    endloop
  endfacet
  facet normal -0.0436859 -0.999045 -0
    outer loop
      vertex -69.3605 -42.9061 18
      vertex -69.5 -42.9 0
      vertex -69.3605 -42.9061 0
    endloop
  endfacet
  facet normal -0.462052 -0.886853 0
    outer loop
      vertex -68.8238 -43.0499 0
      vertex -68.7 -43.1144 18
      vertex -68.8238 -43.0499 18
    endloop
  endfacet
  facet normal -0.462052 -0.886853 -0
    outer loop
      vertex -68.7 -43.1144 18
      vertex -68.8238 -43.0499 0
      vertex -68.7 -43.1144 0
    endloop
  endfacet
  facet normal 0.991452 -0.130473 0
    outer loop
      vertex -71.0939 -44.3605 18
      vertex -71.0757 -44.2222 0
      vertex -71.0757 -44.2222 18
    endloop
  endfacet
  facet normal 0.991452 -0.130473 0
    outer loop
      vertex -71.0757 -44.2222 0
      vertex -71.0939 -44.3605 18
      vertex -71.0939 -44.3605 0
    endloop
  endfacet
  facet normal 0.737243 -0.675627 0
    outer loop
      vertex -70.7257 -43.4715 18
      vertex -70.6314 -43.3686 0
      vertex -70.6314 -43.3686 18
    endloop
  endfacet
  facet normal 0.737243 -0.675627 0
    outer loop
      vertex -70.6314 -43.3686 0
      vertex -70.7257 -43.4715 18
      vertex -70.7257 -43.4715 0
    endloop
  endfacet
  facet normal 0.216324 -0.976322 0
    outer loop
      vertex -69.9141 -42.9545 0
      vertex -69.7778 -42.9243 18
      vertex -69.9141 -42.9545 18
    endloop
  endfacet
  facet normal 0.216324 -0.976322 0
    outer loop
      vertex -69.7778 -42.9243 18
      vertex -69.9141 -42.9545 0
      vertex -69.7778 -42.9243 0
    endloop
  endfacet
  facet normal 0.675627 0.737243 -0
    outer loop
      vertex -70.5285 -45.7257 0
      vertex -70.6314 -45.6314 18
      vertex -70.5285 -45.7257 18
    endloop
  endfacet
  facet normal 0.675627 0.737243 0
    outer loop
      vertex -70.6314 -45.6314 18
      vertex -70.5285 -45.7257 0
      vertex -70.6314 -45.6314 0
    endloop
  endfacet
  facet normal 0.886853 0.462052 0
    outer loop
      vertex -70.8856 -45.3 18
      vertex -70.9501 -45.1762 0
      vertex -70.9501 -45.1762 18
    endloop
  endfacet
  facet normal 0.886853 0.462052 0
    outer loop
      vertex -70.9501 -45.1762 0
      vertex -70.8856 -45.3 18
      vertex -70.8856 -45.3 0
    endloop
  endfacet
  facet normal -0.991452 -0.130473 0
    outer loop
      vertex -67.9061 -44.3605 0
      vertex -67.9243 -44.2222 18
      vertex -67.9243 -44.2222 0
    endloop
  endfacet
  facet normal -0.991452 -0.130473 0
    outer loop
      vertex -67.9243 -44.2222 18
      vertex -67.9061 -44.3605 0
      vertex -67.9061 -44.3605 18
    endloop
  endfacet
  facet normal -0.843337 -0.537385 0
    outer loop
      vertex -68.1144 -43.7 0
      vertex -68.1894 -43.5823 18
      vertex -68.1894 -43.5823 0
    endloop
  endfacet
  facet normal -0.843337 -0.537385 0
    outer loop
      vertex -68.1894 -43.5823 18
      vertex -68.1144 -43.7 0
      vertex -68.1144 -43.7 18
    endloop
  endfacet
  facet normal -0.675627 -0.737243 0
    outer loop
      vertex -68.4715 -43.2743 0
      vertex -68.3686 -43.3686 18
      vertex -68.4715 -43.2743 18
    endloop
  endfacet
  facet normal -0.675627 -0.737243 -0
    outer loop
      vertex -68.3686 -43.3686 18
      vertex -68.4715 -43.2743 0
      vertex -68.3686 -43.3686 0
    endloop
  endfacet
  facet normal 0.0436859 -0.999045 0
    outer loop
      vertex -69.6395 -42.9061 0
      vertex -69.5 -42.9 18
      vertex -69.6395 -42.9061 18
    endloop
  endfacet
  facet normal 0.0436859 -0.999045 0
    outer loop
      vertex -69.5 -42.9 18
      vertex -69.6395 -42.9061 0
      vertex -69.5 -42.9 0
    endloop
  endfacet
  facet normal -0.216324 -0.976322 0
    outer loop
      vertex -69.2222 -42.9243 0
      vertex -69.0859 -42.9545 18
      vertex -69.2222 -42.9243 18
    endloop
  endfacet
  facet normal -0.216324 -0.976322 -0
    outer loop
      vertex -69.0859 -42.9545 18
      vertex -69.2222 -42.9243 0
      vertex -69.0859 -42.9545 0
    endloop
  endfacet
  facet normal -0.130473 -0.991452 0
    outer loop
      vertex -69.3605 -42.9061 0
      vertex -69.2222 -42.9243 18
      vertex -69.3605 -42.9061 18
    endloop
  endfacet
  facet normal -0.130473 -0.991452 -0
    outer loop
      vertex -69.2222 -42.9243 18
      vertex -69.3605 -42.9061 0
      vertex -69.2222 -42.9243 0
    endloop
  endfacet
  facet normal -0.382478 -0.923964 0
    outer loop
      vertex -68.9528 -42.9965 0
      vertex -68.8238 -43.0499 18
      vertex -68.9528 -42.9965 18
    endloop
  endfacet
  facet normal -0.382478 -0.923964 -0
    outer loop
      vertex -68.8238 -43.0499 18
      vertex -68.9528 -42.9965 0
      vertex -68.8238 -43.0499 0
    endloop
  endfacet
  facet normal -0.608221 -0.793768 0
    outer loop
      vertex -68.5823 -43.1894 0
      vertex -68.4715 -43.2743 18
      vertex -68.5823 -43.1894 18
    endloop
  endfacet
  facet normal -0.608221 -0.793768 -0
    outer loop
      vertex -68.4715 -43.2743 18
      vertex -68.5823 -43.1894 0
      vertex -68.4715 -43.2743 0
    endloop
  endfacet
  facet normal 0.999045 -0.0436859 0
    outer loop
      vertex -71.1 -44.5 18
      vertex -71.0939 -44.3605 0
      vertex -71.0939 -44.3605 18
    endloop
  endfacet
  facet normal 0.999045 -0.0436859 0
    outer loop
      vertex -71.0939 -44.3605 0
      vertex -71.1 -44.5 18
      vertex -71.1 -44.5 0
    endloop
  endfacet
  facet normal 0.976322 -0.216324 0
    outer loop
      vertex -71.0757 -44.2222 18
      vertex -71.0455 -44.0859 0
      vertex -71.0455 -44.0859 18
    endloop
  endfacet
  facet normal 0.976322 -0.216324 0
    outer loop
      vertex -71.0455 -44.0859 0
      vertex -71.0757 -44.2222 18
      vertex -71.0757 -44.2222 0
    endloop
  endfacet
  facet normal 0.843337 -0.537385 0
    outer loop
      vertex -70.8856 -43.7 18
      vertex -70.8106 -43.5823 0
      vertex -70.8106 -43.5823 18
    endloop
  endfacet
  facet normal 0.843337 -0.537385 0
    outer loop
      vertex -70.8106 -43.5823 0
      vertex -70.8856 -43.7 18
      vertex -70.8856 -43.7 0
    endloop
  endfacet
  facet normal 0.793768 -0.608221 0
    outer loop
      vertex -70.8106 -43.5823 18
      vertex -70.7257 -43.4715 0
      vertex -70.7257 -43.4715 18
    endloop
  endfacet
  facet normal 0.793768 -0.608221 0
    outer loop
      vertex -70.7257 -43.4715 0
      vertex -70.8106 -43.5823 18
      vertex -70.8106 -43.5823 0
    endloop
  endfacet
  facet normal 0.300926 -0.953648 0
    outer loop
      vertex -70.0472 -42.9965 0
      vertex -69.9141 -42.9545 18
      vertex -70.0472 -42.9965 18
    endloop
  endfacet
  facet normal 0.300926 -0.953648 0
    outer loop
      vertex -69.9141 -42.9545 18
      vertex -70.0472 -42.9965 0
      vertex -69.9141 -42.9545 0
    endloop
  endfacet
  facet normal 0.130473 -0.991452 0
    outer loop
      vertex -69.7778 -42.9243 0
      vertex -69.6395 -42.9061 18
      vertex -69.7778 -42.9243 18
    endloop
  endfacet
  facet normal 0.130473 -0.991452 0
    outer loop
      vertex -69.6395 -42.9061 18
      vertex -69.7778 -42.9243 0
      vertex -69.6395 -42.9061 0
    endloop
  endfacet
  facet normal 0.537385 -0.843337 0
    outer loop
      vertex -70.4177 -43.1894 0
      vertex -70.3 -43.1144 18
      vertex -70.4177 -43.1894 18
    endloop
  endfacet
  facet normal 0.537385 -0.843337 0
    outer loop
      vertex -70.3 -43.1144 18
      vertex -70.4177 -43.1894 0
      vertex -70.3 -43.1144 0
    endloop
  endfacet
  facet normal 0.608221 -0.793768 0
    outer loop
      vertex -70.5285 -43.2743 0
      vertex -70.4177 -43.1894 18
      vertex -70.5285 -43.2743 18
    endloop
  endfacet
  facet normal 0.608221 -0.793768 0
    outer loop
      vertex -70.4177 -43.1894 18
      vertex -70.5285 -43.2743 0
      vertex -70.4177 -43.1894 0
    endloop
  endfacet
  facet normal 0.462052 -0.886853 0
    outer loop
      vertex -70.3 -43.1144 0
      vertex -70.1762 -43.0499 18
      vertex -70.3 -43.1144 18
    endloop
  endfacet
  facet normal 0.462052 -0.886853 0
    outer loop
      vertex -70.1762 -43.0499 18
      vertex -70.3 -43.1144 0
      vertex -70.1762 -43.0499 0
    endloop
  endfacet
  facet normal 0.675627 -0.737243 0
    outer loop
      vertex -70.6314 -43.3686 0
      vertex -70.5285 -43.2743 18
      vertex -70.6314 -43.3686 18
    endloop
  endfacet
  facet normal 0.675627 -0.737243 0
    outer loop
      vertex -70.5285 -43.2743 18
      vertex -70.6314 -43.3686 0
      vertex -70.5285 -43.2743 0
    endloop
  endfacet
  facet normal -0.999045 -0.0436859 0
    outer loop
      vertex -67.9 -44.5 0
      vertex -67.9061 -44.3605 18
      vertex -67.9061 -44.3605 0
    endloop
  endfacet
  facet normal -0.999045 -0.0436859 0
    outer loop
      vertex -67.9061 -44.3605 18
      vertex -67.9 -44.5 0
      vertex -67.9 -44.5 18
    endloop
  endfacet
  facet normal -0.976322 0.216324 0
    outer loop
      vertex -67.9545 -44.9141 0
      vertex -67.9243 -44.7778 18
      vertex -67.9243 -44.7778 0
    endloop
  endfacet
  facet normal -0.976322 0.216324 0
    outer loop
      vertex -67.9243 -44.7778 18
      vertex -67.9545 -44.9141 0
      vertex -67.9545 -44.9141 18
    endloop
  endfacet
  facet normal -0.793768 0.608221 0
    outer loop
      vertex -68.2743 -45.5285 0
      vertex -68.1894 -45.4177 18
      vertex -68.1894 -45.4177 0
    endloop
  endfacet
  facet normal -0.793768 0.608221 0
    outer loop
      vertex -68.1894 -45.4177 18
      vertex -68.2743 -45.5285 0
      vertex -68.2743 -45.5285 18
    endloop
  endfacet
  facet normal -0.0436859 0.999045 0
    outer loop
      vertex -69.3605 -46.0939 0
      vertex -69.5 -46.1 18
      vertex -69.3605 -46.0939 18
    endloop
  endfacet
  facet normal -0.0436859 0.999045 0
    outer loop
      vertex -69.5 -46.1 18
      vertex -69.3605 -46.0939 0
      vertex -69.5 -46.1 0
    endloop
  endfacet
  facet normal 0.976322 0.216324 0
    outer loop
      vertex -71.0455 -44.9141 18
      vertex -71.0757 -44.7778 0
      vertex -71.0757 -44.7778 18
    endloop
  endfacet
  facet normal 0.976322 0.216324 0
    outer loop
      vertex -71.0757 -44.7778 0
      vertex -71.0455 -44.9141 18
      vertex -71.0455 -44.9141 0
    endloop
  endfacet
  facet normal 0.793768 0.608221 0
    outer loop
      vertex -70.7257 -45.5285 18
      vertex -70.8106 -45.4177 0
      vertex -70.8106 -45.4177 18
    endloop
  endfacet
  facet normal 0.793768 0.608221 0
    outer loop
      vertex -70.8106 -45.4177 0
      vertex -70.7257 -45.5285 18
      vertex -70.7257 -45.5285 0
    endloop
  endfacet
  facet normal -0.130473 0.991452 0
    outer loop
      vertex -69.2222 -46.0757 0
      vertex -69.3605 -46.0939 18
      vertex -69.2222 -46.0757 18
    endloop
  endfacet
  facet normal -0.130473 0.991452 0
    outer loop
      vertex -69.3605 -46.0939 18
      vertex -69.2222 -46.0757 0
      vertex -69.3605 -46.0939 0
    endloop
  endfacet
  facet normal -0.923964 -0.382478 0
    outer loop
      vertex -67.9965 -43.9528 0
      vertex -68.0499 -43.8238 18
      vertex -68.0499 -43.8238 0
    endloop
  endfacet
  facet normal -0.923964 -0.382478 0
    outer loop
      vertex -68.0499 -43.8238 18
      vertex -67.9965 -43.9528 0
      vertex -67.9965 -43.9528 18
    endloop
  endfacet
  facet normal -0.953648 -0.300926 0
    outer loop
      vertex -67.9545 -44.0859 0
      vertex -67.9965 -43.9528 18
      vertex -67.9965 -43.9528 0
    endloop
  endfacet
  facet normal -0.953648 -0.300926 0
    outer loop
      vertex -67.9965 -43.9528 18
      vertex -67.9545 -44.0859 0
      vertex -67.9545 -44.0859 18
    endloop
  endfacet
  facet normal -0.793768 -0.608221 0
    outer loop
      vertex -68.1894 -43.5823 0
      vertex -68.2743 -43.4715 18
      vertex -68.2743 -43.4715 0
    endloop
  endfacet
  facet normal -0.793768 -0.608221 0
    outer loop
      vertex -68.2743 -43.4715 18
      vertex -68.1894 -43.5823 0
      vertex -68.1894 -43.5823 18
    endloop
  endfacet
  facet normal -0.737243 -0.675627 0
    outer loop
      vertex -68.2743 -43.4715 0
      vertex -68.3686 -43.3686 18
      vertex -68.3686 -43.3686 0
    endloop
  endfacet
  facet normal -0.737243 -0.675627 0
    outer loop
      vertex -68.3686 -43.3686 18
      vertex -68.2743 -43.4715 0
      vertex -68.2743 -43.4715 18
    endloop
  endfacet
  facet normal -0.537385 -0.843337 0
    outer loop
      vertex -68.7 -43.1144 0
      vertex -68.5823 -43.1894 18
      vertex -68.7 -43.1144 18
    endloop
  endfacet
  facet normal -0.537385 -0.843337 -0
    outer loop
      vertex -68.5823 -43.1894 18
      vertex -68.7 -43.1144 0
      vertex -68.5823 -43.1894 0
    endloop
  endfacet
  facet normal 0.953648 -0.300926 0
    outer loop
      vertex -71.0455 -44.0859 18
      vertex -71.0035 -43.9528 0
      vertex -71.0035 -43.9528 18
    endloop
  endfacet
  facet normal 0.953648 -0.300926 0
    outer loop
      vertex -71.0035 -43.9528 0
      vertex -71.0455 -44.0859 18
      vertex -71.0455 -44.0859 0
    endloop
  endfacet
  facet normal 0.923964 -0.382478 0
    outer loop
      vertex -71.0035 -43.9528 18
      vertex -70.9501 -43.8238 0
      vertex -70.9501 -43.8238 18
    endloop
  endfacet
  facet normal 0.923964 -0.382478 0
    outer loop
      vertex -70.9501 -43.8238 0
      vertex -71.0035 -43.9528 18
      vertex -71.0035 -43.9528 0
    endloop
  endfacet
  facet normal -0.991452 0.130473 0
    outer loop
      vertex -67.9243 -44.7778 0
      vertex -67.9061 -44.6395 18
      vertex -67.9061 -44.6395 0
    endloop
  endfacet
  facet normal -0.991452 0.130473 0
    outer loop
      vertex -67.9061 -44.6395 18
      vertex -67.9243 -44.7778 0
      vertex -67.9243 -44.7778 18
    endloop
  endfacet
  facet normal -0.737243 0.675627 0
    outer loop
      vertex -68.3686 -45.6314 0
      vertex -68.2743 -45.5285 18
      vertex -68.2743 -45.5285 0
    endloop
  endfacet
  facet normal -0.737243 0.675627 0
    outer loop
      vertex -68.2743 -45.5285 18
      vertex -68.3686 -45.6314 0
      vertex -68.3686 -45.6314 18
    endloop
  endfacet
  facet normal -0.923964 0.382478 0
    outer loop
      vertex -68.0499 -45.1762 0
      vertex -67.9965 -45.0472 18
      vertex -67.9965 -45.0472 0
    endloop
  endfacet
  facet normal -0.923964 0.382478 0
    outer loop
      vertex -67.9965 -45.0472 18
      vertex -68.0499 -45.1762 0
      vertex -68.0499 -45.1762 18
    endloop
  endfacet
  facet normal 0.999045 0.0436859 0
    outer loop
      vertex -71.0939 -44.6395 18
      vertex -71.1 -44.5 0
      vertex -71.1 -44.5 18
    endloop
  endfacet
  facet normal 0.999045 0.0436859 0
    outer loop
      vertex -71.1 -44.5 0
      vertex -71.0939 -44.6395 18
      vertex -71.0939 -44.6395 0
    endloop
  endfacet
  facet normal 0.737243 0.675627 0
    outer loop
      vertex -70.6314 -45.6314 18
      vertex -70.7257 -45.5285 0
      vertex -70.7257 -45.5285 18
    endloop
  endfacet
  facet normal 0.737243 0.675627 0
    outer loop
      vertex -70.7257 -45.5285 0
      vertex -70.6314 -45.6314 18
      vertex -70.6314 -45.6314 0
    endloop
  endfacet
  facet normal -0.300926 0.953648 0
    outer loop
      vertex -68.9528 -46.0035 0
      vertex -69.0859 -46.0455 18
      vertex -68.9528 -46.0035 18
    endloop
  endfacet
  facet normal -0.300926 0.953648 0
    outer loop
      vertex -69.0859 -46.0455 18
      vertex -68.9528 -46.0035 0
      vertex -69.0859 -46.0455 0
    endloop
  endfacet
  facet normal -0.216324 0.976322 0
    outer loop
      vertex -69.0859 -46.0455 0
      vertex -69.2222 -46.0757 18
      vertex -69.0859 -46.0455 18
    endloop
  endfacet
  facet normal -0.216324 0.976322 0
    outer loop
      vertex -69.2222 -46.0757 18
      vertex -69.0859 -46.0455 0
      vertex -69.2222 -46.0757 0
    endloop
  endfacet
  facet normal -0.976322 -0.216324 0
    outer loop
      vertex -67.9243 -44.2222 0
      vertex -67.9545 -44.0859 18
      vertex -67.9545 -44.0859 0
    endloop
  endfacet
  facet normal -0.976322 -0.216324 0
    outer loop
      vertex -67.9545 -44.0859 18
      vertex -67.9243 -44.2222 0
      vertex -67.9243 -44.2222 18
    endloop
  endfacet
  facet normal -0.843337 0.537385 0
    outer loop
      vertex -68.1894 -45.4177 0
      vertex -68.1144 -45.3 18
      vertex -68.1144 -45.3 0
    endloop
  endfacet
  facet normal -0.843337 0.537385 0
    outer loop
      vertex -68.1144 -45.3 18
      vertex -68.1894 -45.4177 0
      vertex -68.1894 -45.4177 18
    endloop
  endfacet
  facet normal -0.953648 0.300926 0
    outer loop
      vertex -67.9965 -45.0472 0
      vertex -67.9545 -44.9141 18
      vertex -67.9545 -44.9141 0
    endloop
  endfacet
  facet normal -0.953648 0.300926 0
    outer loop
      vertex -67.9545 -44.9141 18
      vertex -67.9965 -45.0472 0
      vertex -67.9965 -45.0472 18
    endloop
  endfacet
  facet normal 0.300926 0.953648 -0
    outer loop
      vertex -69.9141 -46.0455 0
      vertex -70.0472 -46.0035 18
      vertex -69.9141 -46.0455 18
    endloop
  endfacet
  facet normal 0.300926 0.953648 0
    outer loop
      vertex -70.0472 -46.0035 18
      vertex -69.9141 -46.0455 0
      vertex -70.0472 -46.0035 0
    endloop
  endfacet
  facet normal 0.130473 0.991452 -0
    outer loop
      vertex -69.6395 -46.0939 0
      vertex -69.7778 -46.0757 18
      vertex -69.6395 -46.0939 18
    endloop
  endfacet
  facet normal 0.130473 0.991452 0
    outer loop
      vertex -69.7778 -46.0757 18
      vertex -69.6395 -46.0939 0
      vertex -69.7778 -46.0757 0
    endloop
  endfacet
  facet normal 0.953648 0.300926 0
    outer loop
      vertex -71.0035 -45.0472 18
      vertex -71.0455 -44.9141 0
      vertex -71.0455 -44.9141 18
    endloop
  endfacet
  facet normal 0.953648 0.300926 0
    outer loop
      vertex -71.0455 -44.9141 0
      vertex -71.0035 -45.0472 18
      vertex -71.0035 -45.0472 0
    endloop
  endfacet
  facet normal 0.991452 0.130473 0
    outer loop
      vertex -71.0757 -44.7778 18
      vertex -71.0939 -44.6395 0
      vertex -71.0939 -44.6395 18
    endloop
  endfacet
  facet normal 0.991452 0.130473 0
    outer loop
      vertex -71.0939 -44.6395 0
      vertex -71.0757 -44.7778 18
      vertex -71.0757 -44.7778 0
    endloop
  endfacet
  facet normal 0.843337 0.537385 0
    outer loop
      vertex -70.8106 -45.4177 18
      vertex -70.8856 -45.3 0
      vertex -70.8856 -45.3 18
    endloop
  endfacet
  facet normal 0.843337 0.537385 0
    outer loop
      vertex -70.8856 -45.3 0
      vertex -70.8106 -45.4177 18
      vertex -70.8106 -45.4177 0
    endloop
  endfacet
  facet normal -0.382478 0.923964 0
    outer loop
      vertex -68.8238 -45.9501 0
      vertex -68.9528 -46.0035 18
      vertex -68.8238 -45.9501 18
    endloop
  endfacet
  facet normal -0.382478 0.923964 0
    outer loop
      vertex -68.9528 -46.0035 18
      vertex -68.8238 -45.9501 0
      vertex -68.9528 -46.0035 0
    endloop
  endfacet
  facet normal -0.537385 0.843337 0
    outer loop
      vertex -68.5823 -45.8106 0
      vertex -68.7 -45.8856 18
      vertex -68.5823 -45.8106 18
    endloop
  endfacet
  facet normal -0.537385 0.843337 0
    outer loop
      vertex -68.7 -45.8856 18
      vertex -68.5823 -45.8106 0
      vertex -68.7 -45.8856 0
    endloop
  endfacet
  facet normal -0.462052 0.886853 0
    outer loop
      vertex -68.7 -45.8856 0
      vertex -68.8238 -45.9501 18
      vertex -68.7 -45.8856 18
    endloop
  endfacet
  facet normal -0.462052 0.886853 0
    outer loop
      vertex -68.8238 -45.9501 18
      vertex -68.7 -45.8856 0
      vertex -68.8238 -45.9501 0
    endloop
  endfacet
  facet normal -0.886853 0.462052 0
    outer loop
      vertex -68.1144 -45.3 0
      vertex -68.0499 -45.1762 18
      vertex -68.0499 -45.1762 0
    endloop
  endfacet
  facet normal -0.886853 0.462052 0
    outer loop
      vertex -68.0499 -45.1762 18
      vertex -68.1144 -45.3 0
      vertex -68.1144 -45.3 18
    endloop
  endfacet
  facet normal 0.608221 0.793768 -0
    outer loop
      vertex -70.4177 -45.8106 0
      vertex -70.5285 -45.7257 18
      vertex -70.4177 -45.8106 18
    endloop
  endfacet
  facet normal 0.608221 0.793768 0
    outer loop
      vertex -70.5285 -45.7257 18
      vertex -70.4177 -45.8106 0
      vertex -70.5285 -45.7257 0
    endloop
  endfacet
  facet normal 0.382478 0.923964 -0
    outer loop
      vertex -70.0472 -46.0035 0
      vertex -70.1762 -45.9501 18
      vertex -70.0472 -46.0035 18
    endloop
  endfacet
  facet normal 0.382478 0.923964 0
    outer loop
      vertex -70.1762 -45.9501 18
      vertex -70.0472 -46.0035 0
      vertex -70.1762 -45.9501 0
    endloop
  endfacet
  facet normal 0.537385 0.843337 -0
    outer loop
      vertex -70.3 -45.8856 0
      vertex -70.4177 -45.8106 18
      vertex -70.3 -45.8856 18
    endloop
  endfacet
  facet normal 0.537385 0.843337 0
    outer loop
      vertex -70.4177 -45.8106 18
      vertex -70.3 -45.8856 0
      vertex -70.4177 -45.8106 0
    endloop
  endfacet
  facet normal 0.216324 0.976322 -0
    outer loop
      vertex -69.7778 -46.0757 0
      vertex -69.9141 -46.0455 18
      vertex -69.7778 -46.0757 18
    endloop
  endfacet
  facet normal 0.216324 0.976322 0
    outer loop
      vertex -69.9141 -46.0455 18
      vertex -69.7778 -46.0757 0
      vertex -69.9141 -46.0455 0
    endloop
  endfacet
  facet normal 0.0436859 0.999045 -0
    outer loop
      vertex -69.5 -46.1 0
      vertex -69.6395 -46.0939 18
      vertex -69.5 -46.1 18
    endloop
  endfacet
  facet normal 0.0436859 0.999045 0
    outer loop
      vertex -69.6395 -46.0939 18
      vertex -69.5 -46.1 0
      vertex -69.6395 -46.0939 0
    endloop
  endfacet
  facet normal 0.923964 0.382478 0
    outer loop
      vertex -70.9501 -45.1762 18
      vertex -71.0035 -45.0472 0
      vertex -71.0035 -45.0472 18
    endloop
  endfacet
  facet normal 0.923964 0.382478 0
    outer loop
      vertex -71.0035 -45.0472 0
      vertex -70.9501 -45.1762 18
      vertex -70.9501 -45.1762 0
    endloop
  endfacet
  facet normal -0.675627 0.737243 0
    outer loop
      vertex -68.3686 -45.6314 0
      vertex -68.4715 -45.7257 18
      vertex -68.3686 -45.6314 18
    endloop
  endfacet
  facet normal -0.675627 0.737243 0
    outer loop
      vertex -68.4715 -45.7257 18
      vertex -68.3686 -45.6314 0
      vertex -68.4715 -45.7257 0
    endloop
  endfacet
  facet normal -0.608221 0.793768 0
    outer loop
      vertex -68.4715 -45.7257 0
      vertex -68.5823 -45.8106 18
      vertex -68.4715 -45.7257 18
    endloop
  endfacet
  facet normal -0.608221 0.793768 0
    outer loop
      vertex -68.5823 -45.8106 18
      vertex -68.4715 -45.7257 0
      vertex -68.5823 -45.8106 0
    endloop
  endfacet
  facet normal 0.462052 0.886853 -0
    outer loop
      vertex -70.1762 -45.9501 0
      vertex -70.3 -45.8856 18
      vertex -70.1762 -45.9501 18
    endloop
  endfacet
  facet normal 0.462052 0.886853 0
    outer loop
      vertex -70.3 -45.8856 18
      vertex -70.1762 -45.9501 0
      vertex -70.3 -45.8856 0
    endloop
  endfacet
  facet normal -0.999045 -0.0436859 0
    outer loop
      vertex -67.9 44.5 0
      vertex -67.9061 44.6395 18
      vertex -67.9061 44.6395 0
    endloop
  endfacet
  facet normal -0.999045 -0.0436859 0
    outer loop
      vertex -67.9061 44.6395 18
      vertex -67.9 44.5 0
      vertex -67.9 44.5 18
    endloop
  endfacet
  facet normal 0.0436859 -0.999045 0
    outer loop
      vertex -69.6395 46.0939 0
      vertex -69.5 46.1 18
      vertex -69.6395 46.0939 18
    endloop
  endfacet
  facet normal 0.0436859 -0.999045 0
    outer loop
      vertex -69.5 46.1 18
      vertex -69.6395 46.0939 0
      vertex -69.5 46.1 0
    endloop
  endfacet
  facet normal -0.675627 -0.737243 0
    outer loop
      vertex -68.4715 45.7257 0
      vertex -68.3686 45.6314 18
      vertex -68.4715 45.7257 18
    endloop
  endfacet
  facet normal -0.675627 -0.737243 -0
    outer loop
      vertex -68.3686 45.6314 18
      vertex -68.4715 45.7257 0
      vertex -68.3686 45.6314 0
    endloop
  endfacet
  facet normal 0.737243 -0.675627 0
    outer loop
      vertex -70.7257 45.5285 18
      vertex -70.6314 45.6314 0
      vertex -70.6314 45.6314 18
    endloop
  endfacet
  facet normal 0.737243 -0.675627 0
    outer loop
      vertex -70.6314 45.6314 0
      vertex -70.7257 45.5285 18
      vertex -70.7257 45.5285 0
    endloop
  endfacet
  facet normal 0.382478 -0.923964 0
    outer loop
      vertex -70.1762 45.9501 0
      vertex -70.0472 46.0035 18
      vertex -70.1762 45.9501 18
    endloop
  endfacet
  facet normal 0.382478 -0.923964 0
    outer loop
      vertex -70.0472 46.0035 18
      vertex -70.1762 45.9501 0
      vertex -70.0472 46.0035 0
    endloop
  endfacet
  facet normal -0.923964 -0.382478 0
    outer loop
      vertex -67.9965 45.0472 0
      vertex -68.0499 45.1762 18
      vertex -68.0499 45.1762 0
    endloop
  endfacet
  facet normal -0.923964 -0.382478 0
    outer loop
      vertex -68.0499 45.1762 18
      vertex -67.9965 45.0472 0
      vertex -67.9965 45.0472 18
    endloop
  endfacet
  facet normal -0.300926 -0.953648 0
    outer loop
      vertex -69.0859 46.0455 0
      vertex -68.9528 46.0035 18
      vertex -69.0859 46.0455 18
    endloop
  endfacet
  facet normal -0.300926 -0.953648 -0
    outer loop
      vertex -68.9528 46.0035 18
      vertex -69.0859 46.0455 0
      vertex -68.9528 46.0035 0
    endloop
  endfacet
  facet normal -0.462052 -0.886853 0
    outer loop
      vertex -68.8238 45.9501 0
      vertex -68.7 45.8856 18
      vertex -68.8238 45.9501 18
    endloop
  endfacet
  facet normal -0.462052 -0.886853 -0
    outer loop
      vertex -68.7 45.8856 18
      vertex -68.8238 45.9501 0
      vertex -68.7 45.8856 0
    endloop
  endfacet
  facet normal 0.953648 -0.300926 0
    outer loop
      vertex -71.0455 44.9141 18
      vertex -71.0035 45.0472 0
      vertex -71.0035 45.0472 18
    endloop
  endfacet
  facet normal 0.953648 -0.300926 0
    outer loop
      vertex -71.0035 45.0472 0
      vertex -71.0455 44.9141 18
      vertex -71.0455 44.9141 0
    endloop
  endfacet
  facet normal 0.216324 -0.976322 0
    outer loop
      vertex -69.9141 46.0455 0
      vertex -69.7778 46.0757 18
      vertex -69.9141 46.0455 18
    endloop
  endfacet
  facet normal 0.216324 -0.976322 0
    outer loop
      vertex -69.7778 46.0757 18
      vertex -69.9141 46.0455 0
      vertex -69.7778 46.0757 0
    endloop
  endfacet
  facet normal -0.976322 -0.216324 0
    outer loop
      vertex -67.9243 44.7778 0
      vertex -67.9545 44.9141 18
      vertex -67.9545 44.9141 0
    endloop
  endfacet
  facet normal -0.976322 -0.216324 0
    outer loop
      vertex -67.9545 44.9141 18
      vertex -67.9243 44.7778 0
      vertex -67.9243 44.7778 18
    endloop
  endfacet
  facet normal -0.991452 -0.130473 0
    outer loop
      vertex -67.9061 44.6395 0
      vertex -67.9243 44.7778 18
      vertex -67.9243 44.7778 0
    endloop
  endfacet
  facet normal -0.991452 -0.130473 0
    outer loop
      vertex -67.9243 44.7778 18
      vertex -67.9061 44.6395 0
      vertex -67.9061 44.6395 18
    endloop
  endfacet
  facet normal -0.953648 -0.300926 0
    outer loop
      vertex -67.9545 44.9141 0
      vertex -67.9965 45.0472 18
      vertex -67.9965 45.0472 0
    endloop
  endfacet
  facet normal -0.953648 -0.300926 0
    outer loop
      vertex -67.9965 45.0472 18
      vertex -67.9545 44.9141 0
      vertex -67.9545 44.9141 18
    endloop
  endfacet
  facet normal -0.843337 -0.537385 0
    outer loop
      vertex -68.1144 45.3 0
      vertex -68.1894 45.4177 18
      vertex -68.1894 45.4177 0
    endloop
  endfacet
  facet normal -0.843337 -0.537385 0
    outer loop
      vertex -68.1894 45.4177 18
      vertex -68.1144 45.3 0
      vertex -68.1144 45.3 18
    endloop
  endfacet
  facet normal -0.737243 -0.675627 0
    outer loop
      vertex -68.2743 45.5285 0
      vertex -68.3686 45.6314 18
      vertex -68.3686 45.6314 0
    endloop
  endfacet
  facet normal -0.737243 -0.675627 0
    outer loop
      vertex -68.3686 45.6314 18
      vertex -68.2743 45.5285 0
      vertex -68.2743 45.5285 18
    endloop
  endfacet
  facet normal -0.886853 -0.462052 0
    outer loop
      vertex -68.0499 45.1762 0
      vertex -68.1144 45.3 18
      vertex -68.1144 45.3 0
    endloop
  endfacet
  facet normal -0.886853 -0.462052 0
    outer loop
      vertex -68.1144 45.3 18
      vertex -68.0499 45.1762 0
      vertex -68.0499 45.1762 18
    endloop
  endfacet
  facet normal -0.130473 -0.991452 0
    outer loop
      vertex -69.3605 46.0939 0
      vertex -69.2222 46.0757 18
      vertex -69.3605 46.0939 18
    endloop
  endfacet
  facet normal -0.130473 -0.991452 -0
    outer loop
      vertex -69.2222 46.0757 18
      vertex -69.3605 46.0939 0
      vertex -69.2222 46.0757 0
    endloop
  endfacet
  facet normal -0.216324 -0.976322 0
    outer loop
      vertex -69.2222 46.0757 0
      vertex -69.0859 46.0455 18
      vertex -69.2222 46.0757 18
    endloop
  endfacet
  facet normal -0.216324 -0.976322 -0
    outer loop
      vertex -69.0859 46.0455 18
      vertex -69.2222 46.0757 0
      vertex -69.0859 46.0455 0
    endloop
  endfacet
  facet normal -0.0436859 -0.999045 0
    outer loop
      vertex -69.5 46.1 0
      vertex -69.3605 46.0939 18
      vertex -69.5 46.1 18
    endloop
  endfacet
  facet normal -0.0436859 -0.999045 -0
    outer loop
      vertex -69.3605 46.0939 18
      vertex -69.5 46.1 0
      vertex -69.3605 46.0939 0
    endloop
  endfacet
  facet normal -0.382478 -0.923964 0
    outer loop
      vertex -68.9528 46.0035 0
      vertex -68.8238 45.9501 18
      vertex -68.9528 46.0035 18
    endloop
  endfacet
  facet normal -0.382478 -0.923964 -0
    outer loop
      vertex -68.8238 45.9501 18
      vertex -68.9528 46.0035 0
      vertex -68.8238 45.9501 0
    endloop
  endfacet
  facet normal -0.608221 -0.793768 0
    outer loop
      vertex -68.5823 45.8106 0
      vertex -68.4715 45.7257 18
      vertex -68.5823 45.8106 18
    endloop
  endfacet
  facet normal -0.608221 -0.793768 -0
    outer loop
      vertex -68.4715 45.7257 18
      vertex -68.5823 45.8106 0
      vertex -68.4715 45.7257 0
    endloop
  endfacet
  facet normal 0.991452 -0.130473 0
    outer loop
      vertex -71.0939 44.6395 18
      vertex -71.0757 44.7778 0
      vertex -71.0757 44.7778 18
    endloop
  endfacet
  facet normal 0.991452 -0.130473 0
    outer loop
      vertex -71.0757 44.7778 0
      vertex -71.0939 44.6395 18
      vertex -71.0939 44.6395 0
    endloop
  endfacet
  facet normal 0.843337 -0.537385 0
    outer loop
      vertex -70.8856 45.3 18
      vertex -70.8106 45.4177 0
      vertex -70.8106 45.4177 18
    endloop
  endfacet
  facet normal 0.843337 -0.537385 0
    outer loop
      vertex -70.8106 45.4177 0
      vertex -70.8856 45.3 18
      vertex -70.8856 45.3 0
    endloop
  endfacet
  facet normal 0.793768 -0.608221 0
    outer loop
      vertex -70.8106 45.4177 18
      vertex -70.7257 45.5285 0
      vertex -70.7257 45.5285 18
    endloop
  endfacet
  facet normal 0.793768 -0.608221 0
    outer loop
      vertex -70.7257 45.5285 0
      vertex -70.8106 45.4177 18
      vertex -70.8106 45.4177 0
    endloop
  endfacet
  facet normal 0.923964 -0.382478 0
    outer loop
      vertex -71.0035 45.0472 18
      vertex -70.9501 45.1762 0
      vertex -70.9501 45.1762 18
    endloop
  endfacet
  facet normal 0.923964 -0.382478 0
    outer loop
      vertex -70.9501 45.1762 0
      vertex -71.0035 45.0472 18
      vertex -71.0035 45.0472 0
    endloop
  endfacet
  facet normal 0.976322 -0.216324 0
    outer loop
      vertex -71.0757 44.7778 18
      vertex -71.0455 44.9141 0
      vertex -71.0455 44.9141 18
    endloop
  endfacet
  facet normal 0.976322 -0.216324 0
    outer loop
      vertex -71.0455 44.9141 0
      vertex -71.0757 44.7778 18
      vertex -71.0757 44.7778 0
    endloop
  endfacet
  facet normal 0.999045 -0.0436859 0
    outer loop
      vertex -71.1 44.5 18
      vertex -71.0939 44.6395 0
      vertex -71.0939 44.6395 18
    endloop
  endfacet
  facet normal 0.999045 -0.0436859 0
    outer loop
      vertex -71.0939 44.6395 0
      vertex -71.1 44.5 18
      vertex -71.1 44.5 0
    endloop
  endfacet
  facet normal 0.537385 -0.843337 0
    outer loop
      vertex -70.4177 45.8106 0
      vertex -70.3 45.8856 18
      vertex -70.4177 45.8106 18
    endloop
  endfacet
  facet normal 0.537385 -0.843337 0
    outer loop
      vertex -70.3 45.8856 18
      vertex -70.4177 45.8106 0
      vertex -70.3 45.8856 0
    endloop
  endfacet
  facet normal 0.462052 -0.886853 0
    outer loop
      vertex -70.3 45.8856 0
      vertex -70.1762 45.9501 18
      vertex -70.3 45.8856 18
    endloop
  endfacet
  facet normal 0.462052 -0.886853 0
    outer loop
      vertex -70.1762 45.9501 18
      vertex -70.3 45.8856 0
      vertex -70.1762 45.9501 0
    endloop
  endfacet
  facet normal 0.675627 -0.737243 0
    outer loop
      vertex -70.6314 45.6314 0
      vertex -70.5285 45.7257 18
      vertex -70.6314 45.6314 18
    endloop
  endfacet
  facet normal 0.675627 -0.737243 0
    outer loop
      vertex -70.5285 45.7257 18
      vertex -70.6314 45.6314 0
      vertex -70.5285 45.7257 0
    endloop
  endfacet
  facet normal 0.300926 -0.953648 0
    outer loop
      vertex -70.0472 46.0035 0
      vertex -69.9141 46.0455 18
      vertex -70.0472 46.0035 18
    endloop
  endfacet
  facet normal 0.300926 -0.953648 0
    outer loop
      vertex -69.9141 46.0455 18
      vertex -70.0472 46.0035 0
      vertex -69.9141 46.0455 0
    endloop
  endfacet
  facet normal 0.130473 -0.991452 0
    outer loop
      vertex -69.7778 46.0757 0
      vertex -69.6395 46.0939 18
      vertex -69.7778 46.0757 18
    endloop
  endfacet
  facet normal 0.130473 -0.991452 0
    outer loop
      vertex -69.6395 46.0939 18
      vertex -69.7778 46.0757 0
      vertex -69.6395 46.0939 0
    endloop
  endfacet
  facet normal -0.130473 0.991452 0
    outer loop
      vertex -69.2222 42.9243 0
      vertex -69.3605 42.9061 18
      vertex -69.2222 42.9243 18
    endloop
  endfacet
  facet normal -0.130473 0.991452 0
    outer loop
      vertex -69.3605 42.9061 18
      vertex -69.2222 42.9243 0
      vertex -69.3605 42.9061 0
    endloop
  endfacet
  facet normal -0.300926 0.953648 0
    outer loop
      vertex -68.9528 42.9965 0
      vertex -69.0859 42.9545 18
      vertex -68.9528 42.9965 18
    endloop
  endfacet
  facet normal -0.300926 0.953648 0
    outer loop
      vertex -69.0859 42.9545 18
      vertex -68.9528 42.9965 0
      vertex -69.0859 42.9545 0
    endloop
  endfacet
  facet normal -0.462052 0.886853 0
    outer loop
      vertex -68.7 43.1144 0
      vertex -68.8238 43.0499 18
      vertex -68.7 43.1144 18
    endloop
  endfacet
  facet normal -0.462052 0.886853 0
    outer loop
      vertex -68.8238 43.0499 18
      vertex -68.7 43.1144 0
      vertex -68.8238 43.0499 0
    endloop
  endfacet
  facet normal -0.793768 0.608221 0
    outer loop
      vertex -68.2743 43.4715 0
      vertex -68.1894 43.5823 18
      vertex -68.1894 43.5823 0
    endloop
  endfacet
  facet normal -0.793768 0.608221 0
    outer loop
      vertex -68.1894 43.5823 18
      vertex -68.2743 43.4715 0
      vertex -68.2743 43.4715 18
    endloop
  endfacet
  facet normal 0.537385 0.843337 -0
    outer loop
      vertex -70.3 43.1144 0
      vertex -70.4177 43.1894 18
      vertex -70.3 43.1144 18
    endloop
  endfacet
  facet normal 0.537385 0.843337 0
    outer loop
      vertex -70.4177 43.1894 18
      vertex -70.3 43.1144 0
      vertex -70.4177 43.1894 0
    endloop
  endfacet
  facet normal 0.608221 0.793768 -0
    outer loop
      vertex -70.4177 43.1894 0
      vertex -70.5285 43.2743 18
      vertex -70.4177 43.1894 18
    endloop
  endfacet
  facet normal 0.608221 0.793768 0
    outer loop
      vertex -70.5285 43.2743 18
      vertex -70.4177 43.1894 0
      vertex -70.5285 43.2743 0
    endloop
  endfacet
  facet normal 0.382478 0.923964 -0
    outer loop
      vertex -70.0472 42.9965 0
      vertex -70.1762 43.0499 18
      vertex -70.0472 42.9965 18
    endloop
  endfacet
  facet normal 0.382478 0.923964 0
    outer loop
      vertex -70.1762 43.0499 18
      vertex -70.0472 42.9965 0
      vertex -70.1762 43.0499 0
    endloop
  endfacet
  facet normal 0.216324 0.976322 -0
    outer loop
      vertex -69.7778 42.9243 0
      vertex -69.9141 42.9545 18
      vertex -69.7778 42.9243 18
    endloop
  endfacet
  facet normal 0.216324 0.976322 0
    outer loop
      vertex -69.9141 42.9545 18
      vertex -69.7778 42.9243 0
      vertex -69.9141 42.9545 0
    endloop
  endfacet
  facet normal 0.0436859 0.999045 -0
    outer loop
      vertex -69.5 42.9 0
      vertex -69.6395 42.9061 18
      vertex -69.5 42.9 18
    endloop
  endfacet
  facet normal 0.0436859 0.999045 0
    outer loop
      vertex -69.6395 42.9061 18
      vertex -69.5 42.9 0
      vertex -69.6395 42.9061 0
    endloop
  endfacet
  facet normal 0.886853 0.462052 0
    outer loop
      vertex -70.8856 43.7 18
      vertex -70.9501 43.8238 0
      vertex -70.9501 43.8238 18
    endloop
  endfacet
  facet normal 0.886853 0.462052 0
    outer loop
      vertex -70.9501 43.8238 0
      vertex -70.8856 43.7 18
      vertex -70.8856 43.7 0
    endloop
  endfacet
  facet normal 0.953648 0.300926 0
    outer loop
      vertex -71.0035 43.9528 18
      vertex -71.0455 44.0859 0
      vertex -71.0455 44.0859 18
    endloop
  endfacet
  facet normal 0.953648 0.300926 0
    outer loop
      vertex -71.0455 44.0859 0
      vertex -71.0035 43.9528 18
      vertex -71.0035 43.9528 0
    endloop
  endfacet
  facet normal 0.923964 0.382478 0
    outer loop
      vertex -70.9501 43.8238 18
      vertex -71.0035 43.9528 0
      vertex -71.0035 43.9528 18
    endloop
  endfacet
  facet normal 0.923964 0.382478 0
    outer loop
      vertex -71.0035 43.9528 0
      vertex -70.9501 43.8238 18
      vertex -70.9501 43.8238 0
    endloop
  endfacet
  facet normal 0.991452 0.130473 0
    outer loop
      vertex -71.0757 44.2222 18
      vertex -71.0939 44.3605 0
      vertex -71.0939 44.3605 18
    endloop
  endfacet
  facet normal 0.991452 0.130473 0
    outer loop
      vertex -71.0939 44.3605 0
      vertex -71.0757 44.2222 18
      vertex -71.0757 44.2222 0
    endloop
  endfacet
  facet normal -0.537385 -0.843337 0
    outer loop
      vertex -68.7 45.8856 0
      vertex -68.5823 45.8106 18
      vertex -68.7 45.8856 18
    endloop
  endfacet
  facet normal -0.537385 -0.843337 -0
    outer loop
      vertex -68.5823 45.8106 18
      vertex -68.7 45.8856 0
      vertex -68.5823 45.8106 0
    endloop
  endfacet
  facet normal 0.886853 -0.462052 0
    outer loop
      vertex -70.9501 45.1762 18
      vertex -70.8856 45.3 0
      vertex -70.8856 45.3 18
    endloop
  endfacet
  facet normal 0.886853 -0.462052 0
    outer loop
      vertex -70.8856 45.3 0
      vertex -70.9501 45.1762 18
      vertex -70.9501 45.1762 0
    endloop
  endfacet
  facet normal 0.999045 0.0436859 0
    outer loop
      vertex -71.0939 44.3605 18
      vertex -71.1 44.5 0
      vertex -71.1 44.5 18
    endloop
  endfacet
  facet normal 0.999045 0.0436859 0
    outer loop
      vertex -71.1 44.5 0
      vertex -71.0939 44.3605 18
      vertex -71.0939 44.3605 0
    endloop
  endfacet
  facet normal 0.608221 -0.793768 0
    outer loop
      vertex -70.5285 45.7257 0
      vertex -70.4177 45.8106 18
      vertex -70.5285 45.7257 18
    endloop
  endfacet
  facet normal 0.608221 -0.793768 0
    outer loop
      vertex -70.4177 45.8106 18
      vertex -70.5285 45.7257 0
      vertex -70.4177 45.8106 0
    endloop
  endfacet
  facet normal -0.923964 0.382478 0
    outer loop
      vertex -68.0499 43.8238 0
      vertex -67.9965 43.9528 18
      vertex -67.9965 43.9528 0
    endloop
  endfacet
  facet normal -0.923964 0.382478 0
    outer loop
      vertex -67.9965 43.9528 18
      vertex -68.0499 43.8238 0
      vertex -68.0499 43.8238 18
    endloop
  endfacet
  facet normal -0.991452 0.130473 0
    outer loop
      vertex -67.9243 44.2222 0
      vertex -67.9061 44.3605 18
      vertex -67.9061 44.3605 0
    endloop
  endfacet
  facet normal -0.991452 0.130473 0
    outer loop
      vertex -67.9061 44.3605 18
      vertex -67.9243 44.2222 0
      vertex -67.9243 44.2222 18
    endloop
  endfacet
  facet normal -0.999045 0.0436859 0
    outer loop
      vertex -67.9061 44.3605 0
      vertex -67.9 44.5 18
      vertex -67.9 44.5 0
    endloop
  endfacet
  facet normal -0.999045 0.0436859 0
    outer loop
      vertex -67.9 44.5 18
      vertex -67.9061 44.3605 0
      vertex -67.9061 44.3605 18
    endloop
  endfacet
  facet normal -0.216324 0.976322 0
    outer loop
      vertex -69.0859 42.9545 0
      vertex -69.2222 42.9243 18
      vertex -69.0859 42.9545 18
    endloop
  endfacet
  facet normal -0.216324 0.976322 0
    outer loop
      vertex -69.2222 42.9243 18
      vertex -69.0859 42.9545 0
      vertex -69.2222 42.9243 0
    endloop
  endfacet
  facet normal -0.382478 0.923964 0
    outer loop
      vertex -68.8238 43.0499 0
      vertex -68.9528 42.9965 18
      vertex -68.8238 43.0499 18
    endloop
  endfacet
  facet normal -0.382478 0.923964 0
    outer loop
      vertex -68.9528 42.9965 18
      vertex -68.8238 43.0499 0
      vertex -68.9528 42.9965 0
    endloop
  endfacet
  facet normal -0.737243 0.675627 0
    outer loop
      vertex -68.3686 43.3686 0
      vertex -68.2743 43.4715 18
      vertex -68.2743 43.4715 0
    endloop
  endfacet
  facet normal -0.737243 0.675627 0
    outer loop
      vertex -68.2743 43.4715 18
      vertex -68.3686 43.3686 0
      vertex -68.3686 43.3686 18
    endloop
  endfacet
  facet normal -0.608221 0.793768 0
    outer loop
      vertex -68.4715 43.2743 0
      vertex -68.5823 43.1894 18
      vertex -68.4715 43.2743 18
    endloop
  endfacet
  facet normal -0.608221 0.793768 0
    outer loop
      vertex -68.5823 43.1894 18
      vertex -68.4715 43.2743 0
      vertex -68.5823 43.1894 0
    endloop
  endfacet
  facet normal -0.675627 0.737243 0
    outer loop
      vertex -68.3686 43.3686 0
      vertex -68.4715 43.2743 18
      vertex -68.3686 43.3686 18
    endloop
  endfacet
  facet normal -0.675627 0.737243 0
    outer loop
      vertex -68.4715 43.2743 18
      vertex -68.3686 43.3686 0
      vertex -68.4715 43.2743 0
    endloop
  endfacet
  facet normal -0.537385 0.843337 0
    outer loop
      vertex -68.5823 43.1894 0
      vertex -68.7 43.1144 18
      vertex -68.5823 43.1894 18
    endloop
  endfacet
  facet normal -0.537385 0.843337 0
    outer loop
      vertex -68.7 43.1144 18
      vertex -68.5823 43.1894 0
      vertex -68.7 43.1144 0
    endloop
  endfacet
  facet normal 0.300926 0.953648 -0
    outer loop
      vertex -69.9141 42.9545 0
      vertex -70.0472 42.9965 18
      vertex -69.9141 42.9545 18
    endloop
  endfacet
  facet normal 0.300926 0.953648 0
    outer loop
      vertex -70.0472 42.9965 18
      vertex -69.9141 42.9545 0
      vertex -70.0472 42.9965 0
    endloop
  endfacet
  facet normal 0.130473 0.991452 -0
    outer loop
      vertex -69.6395 42.9061 0
      vertex -69.7778 42.9243 18
      vertex -69.6395 42.9061 18
    endloop
  endfacet
  facet normal 0.130473 0.991452 0
    outer loop
      vertex -69.7778 42.9243 18
      vertex -69.6395 42.9061 0
      vertex -69.7778 42.9243 0
    endloop
  endfacet
  facet normal -0.0436859 0.999045 0
    outer loop
      vertex -69.3605 42.9061 0
      vertex -69.5 42.9 18
      vertex -69.3605 42.9061 18
    endloop
  endfacet
  facet normal -0.0436859 0.999045 0
    outer loop
      vertex -69.5 42.9 18
      vertex -69.3605 42.9061 0
      vertex -69.5 42.9 0
    endloop
  endfacet
  facet normal 0.843337 0.537385 0
    outer loop
      vertex -70.8106 43.5823 18
      vertex -70.8856 43.7 0
      vertex -70.8856 43.7 18
    endloop
  endfacet
  facet normal 0.843337 0.537385 0
    outer loop
      vertex -70.8856 43.7 0
      vertex -70.8106 43.5823 18
      vertex -70.8106 43.5823 0
    endloop
  endfacet
  facet normal 0.675627 0.737243 -0
    outer loop
      vertex -70.5285 43.2743 0
      vertex -70.6314 43.3686 18
      vertex -70.5285 43.2743 18
    endloop
  endfacet
  facet normal 0.675627 0.737243 0
    outer loop
      vertex -70.6314 43.3686 18
      vertex -70.5285 43.2743 0
      vertex -70.6314 43.3686 0
    endloop
  endfacet
  facet normal 0.793768 0.608221 0
    outer loop
      vertex -70.7257 43.4715 18
      vertex -70.8106 43.5823 0
      vertex -70.8106 43.5823 18
    endloop
  endfacet
  facet normal 0.793768 0.608221 0
    outer loop
      vertex -70.8106 43.5823 0
      vertex -70.7257 43.4715 18
      vertex -70.7257 43.4715 0
    endloop
  endfacet
  facet normal 0.737243 0.675627 0
    outer loop
      vertex -70.6314 43.3686 18
      vertex -70.7257 43.4715 0
      vertex -70.7257 43.4715 18
    endloop
  endfacet
  facet normal 0.737243 0.675627 0
    outer loop
      vertex -70.7257 43.4715 0
      vertex -70.6314 43.3686 18
      vertex -70.6314 43.3686 0
    endloop
  endfacet
  facet normal 0.976322 0.216324 0
    outer loop
      vertex -71.0455 44.0859 18
      vertex -71.0757 44.2222 0
      vertex -71.0757 44.2222 18
    endloop
  endfacet
  facet normal 0.976322 0.216324 0
    outer loop
      vertex -71.0757 44.2222 0
      vertex -71.0455 44.0859 18
      vertex -71.0455 44.0859 0
    endloop
  endfacet
  facet normal -0.793768 -0.608221 0
    outer loop
      vertex -68.1894 45.4177 0
      vertex -68.2743 45.5285 18
      vertex -68.2743 45.5285 0
    endloop
  endfacet
  facet normal -0.793768 -0.608221 0
    outer loop
      vertex -68.2743 45.5285 18
      vertex -68.1894 45.4177 0
      vertex -68.1894 45.4177 18
    endloop
  endfacet
  facet normal -0.976322 0.216324 0
    outer loop
      vertex -67.9545 44.0859 0
      vertex -67.9243 44.2222 18
      vertex -67.9243 44.2222 0
    endloop
  endfacet
  facet normal -0.976322 0.216324 0
    outer loop
      vertex -67.9243 44.2222 18
      vertex -67.9545 44.0859 0
      vertex -67.9545 44.0859 18
    endloop
  endfacet
  facet normal -0.843337 0.537385 0
    outer loop
      vertex -68.1894 43.5823 0
      vertex -68.1144 43.7 18
      vertex -68.1144 43.7 0
    endloop
  endfacet
  facet normal -0.843337 0.537385 0
    outer loop
      vertex -68.1144 43.7 18
      vertex -68.1894 43.5823 0
      vertex -68.1894 43.5823 18
    endloop
  endfacet
  facet normal 0.462052 0.886853 -0
    outer loop
      vertex -70.1762 43.0499 0
      vertex -70.3 43.1144 18
      vertex -70.1762 43.0499 18
    endloop
  endfacet
  facet normal 0.462052 0.886853 0
    outer loop
      vertex -70.3 43.1144 18
      vertex -70.1762 43.0499 0
      vertex -70.3 43.1144 0
    endloop
  endfacet
  facet normal -0.886853 0.462052 0
    outer loop
      vertex -68.1144 43.7 0
      vertex -68.0499 43.8238 18
      vertex -68.0499 43.8238 0
    endloop
  endfacet
  facet normal -0.886853 0.462052 0
    outer loop
      vertex -68.0499 43.8238 18
      vertex -68.1144 43.7 0
      vertex -68.1144 43.7 18
    endloop
  endfacet
  facet normal -0.953648 0.300926 0
    outer loop
      vertex -67.9965 43.9528 0
      vertex -67.9545 44.0859 18
      vertex -67.9545 44.0859 0
    endloop
  endfacet
  facet normal -0.953648 0.300926 0
    outer loop
      vertex -67.9545 44.0859 18
      vertex -67.9965 43.9528 0
      vertex -67.9965 43.9528 18
    endloop
  endfacet
  facet normal -0.999045 -0.0436859 0
    outer loop
      vertex 71.1 -44.5 0
      vertex 71.0939 -44.3605 18
      vertex 71.0939 -44.3605 0
    endloop
  endfacet
  facet normal -0.999045 -0.0436859 0
    outer loop
      vertex 71.0939 -44.3605 18
      vertex 71.1 -44.5 0
      vertex 71.1 -44.5 18
    endloop
  endfacet
  facet normal 0.999045 -0.0436859 0
    outer loop
      vertex 67.9 -44.5 18
      vertex 67.9061 -44.3605 0
      vertex 67.9061 -44.3605 18
    endloop
  endfacet
  facet normal 0.999045 -0.0436859 0
    outer loop
      vertex 67.9061 -44.3605 0
      vertex 67.9 -44.5 18
      vertex 67.9 -44.5 0
    endloop
  endfacet
  facet normal 0.0436859 -0.999045 0
    outer loop
      vertex 69.3605 -42.9061 0
      vertex 69.5 -42.9 18
      vertex 69.3605 -42.9061 18
    endloop
  endfacet
  facet normal 0.0436859 -0.999045 0
    outer loop
      vertex 69.5 -42.9 18
      vertex 69.3605 -42.9061 0
      vertex 69.5 -42.9 0
    endloop
  endfacet
  facet normal -0.675627 -0.737243 0
    outer loop
      vertex 70.5285 -43.2743 0
      vertex 70.6314 -43.3686 18
      vertex 70.5285 -43.2743 18
    endloop
  endfacet
  facet normal -0.675627 -0.737243 -0
    outer loop
      vertex 70.6314 -43.3686 18
      vertex 70.5285 -43.2743 0
      vertex 70.6314 -43.3686 0
    endloop
  endfacet
  facet normal 0.675627 -0.737243 0
    outer loop
      vertex 68.3686 -43.3686 0
      vertex 68.4715 -43.2743 18
      vertex 68.3686 -43.3686 18
    endloop
  endfacet
  facet normal 0.675627 -0.737243 0
    outer loop
      vertex 68.4715 -43.2743 18
      vertex 68.3686 -43.3686 0
      vertex 68.4715 -43.2743 0
    endloop
  endfacet
  facet normal 0.382478 -0.923964 0
    outer loop
      vertex 68.8238 -43.0499 0
      vertex 68.9528 -42.9965 18
      vertex 68.8238 -43.0499 18
    endloop
  endfacet
  facet normal 0.382478 -0.923964 0
    outer loop
      vertex 68.9528 -42.9965 18
      vertex 68.8238 -43.0499 0
      vertex 68.9528 -42.9965 0
    endloop
  endfacet
  facet normal -0.923964 -0.382478 0
    outer loop
      vertex 71.0035 -43.9528 0
      vertex 70.9501 -43.8238 18
      vertex 70.9501 -43.8238 0
    endloop
  endfacet
  facet normal -0.923964 -0.382478 0
    outer loop
      vertex 70.9501 -43.8238 18
      vertex 71.0035 -43.9528 0
      vertex 71.0035 -43.9528 18
    endloop
  endfacet
  facet normal -0.300926 -0.953648 0
    outer loop
      vertex 69.9141 -42.9545 0
      vertex 70.0472 -42.9965 18
      vertex 69.9141 -42.9545 18
    endloop
  endfacet
  facet normal -0.300926 -0.953648 -0
    outer loop
      vertex 70.0472 -42.9965 18
      vertex 69.9141 -42.9545 0
      vertex 70.0472 -42.9965 0
    endloop
  endfacet
  facet normal -0.462052 -0.886853 0
    outer loop
      vertex 70.1762 -43.0499 0
      vertex 70.3 -43.1144 18
      vertex 70.1762 -43.0499 18
    endloop
  endfacet
  facet normal -0.462052 -0.886853 -0
    outer loop
      vertex 70.3 -43.1144 18
      vertex 70.1762 -43.0499 0
      vertex 70.3 -43.1144 0
    endloop
  endfacet
  facet normal 0.886853 -0.462052 0
    outer loop
      vertex 68.0499 -43.8238 18
      vertex 68.1144 -43.7 0
      vertex 68.1144 -43.7 18
    endloop
  endfacet
  facet normal 0.886853 -0.462052 0
    outer loop
      vertex 68.1144 -43.7 0
      vertex 68.0499 -43.8238 18
      vertex 68.0499 -43.8238 0
    endloop
  endfacet
  facet normal 0.216324 -0.976322 0
    outer loop
      vertex 69.0859 -42.9545 0
      vertex 69.2222 -42.9243 18
      vertex 69.0859 -42.9545 18
    endloop
  endfacet
  facet normal 0.216324 -0.976322 0
    outer loop
      vertex 69.2222 -42.9243 18
      vertex 69.0859 -42.9545 0
      vertex 69.2222 -42.9243 0
    endloop
  endfacet
  facet normal -0.976322 0.216324 0
    outer loop
      vertex 71.0455 -44.9141 0
      vertex 71.0757 -44.7778 18
      vertex 71.0757 -44.7778 0
    endloop
  endfacet
  facet normal -0.976322 0.216324 0
    outer loop
      vertex 71.0757 -44.7778 18
      vertex 71.0455 -44.9141 0
      vertex 71.0455 -44.9141 18
    endloop
  endfacet
  facet normal 0.130473 0.991452 -0
    outer loop
      vertex 69.3605 -46.0939 0
      vertex 69.2222 -46.0757 18
      vertex 69.3605 -46.0939 18
    endloop
  endfacet
  facet normal 0.130473 0.991452 0
    outer loop
      vertex 69.2222 -46.0757 18
      vertex 69.3605 -46.0939 0
      vertex 69.2222 -46.0757 0
    endloop
  endfacet
  facet normal -0.130473 0.991452 0
    outer loop
      vertex 69.7778 -46.0757 0
      vertex 69.6395 -46.0939 18
      vertex 69.7778 -46.0757 18
    endloop
  endfacet
  facet normal -0.130473 0.991452 0
    outer loop
      vertex 69.6395 -46.0939 18
      vertex 69.7778 -46.0757 0
      vertex 69.6395 -46.0939 0
    endloop
  endfacet
  facet normal -0.976322 -0.216324 0
    outer loop
      vertex 71.0757 -44.2222 0
      vertex 71.0455 -44.0859 18
      vertex 71.0455 -44.0859 0
    endloop
  endfacet
  facet normal -0.976322 -0.216324 0
    outer loop
      vertex 71.0455 -44.0859 18
      vertex 71.0757 -44.2222 0
      vertex 71.0757 -44.2222 18
    endloop
  endfacet
  facet normal -0.991452 -0.130473 0
    outer loop
      vertex 71.0939 -44.3605 0
      vertex 71.0757 -44.2222 18
      vertex 71.0757 -44.2222 0
    endloop
  endfacet
  facet normal -0.991452 -0.130473 0
    outer loop
      vertex 71.0757 -44.2222 18
      vertex 71.0939 -44.3605 0
      vertex 71.0939 -44.3605 18
    endloop
  endfacet
  facet normal -0.953648 -0.300926 0
    outer loop
      vertex 71.0455 -44.0859 0
      vertex 71.0035 -43.9528 18
      vertex 71.0035 -43.9528 0
    endloop
  endfacet
  facet normal -0.953648 -0.300926 0
    outer loop
      vertex 71.0035 -43.9528 18
      vertex 71.0455 -44.0859 0
      vertex 71.0455 -44.0859 18
    endloop
  endfacet
  facet normal -0.843337 -0.537385 0
    outer loop
      vertex 70.8856 -43.7 0
      vertex 70.8106 -43.5823 18
      vertex 70.8106 -43.5823 0
    endloop
  endfacet
  facet normal -0.843337 -0.537385 0
    outer loop
      vertex 70.8106 -43.5823 18
      vertex 70.8856 -43.7 0
      vertex 70.8856 -43.7 18
    endloop
  endfacet
  facet normal -0.886853 -0.462052 0
    outer loop
      vertex 70.9501 -43.8238 0
      vertex 70.8856 -43.7 18
      vertex 70.8856 -43.7 0
    endloop
  endfacet
  facet normal -0.886853 -0.462052 0
    outer loop
      vertex 70.8856 -43.7 18
      vertex 70.9501 -43.8238 0
      vertex 70.9501 -43.8238 18
    endloop
  endfacet
  facet normal -0.130473 -0.991452 0
    outer loop
      vertex 69.6395 -42.9061 0
      vertex 69.7778 -42.9243 18
      vertex 69.6395 -42.9061 18
    endloop
  endfacet
  facet normal -0.130473 -0.991452 -0
    outer loop
      vertex 69.7778 -42.9243 18
      vertex 69.6395 -42.9061 0
      vertex 69.7778 -42.9243 0
    endloop
  endfacet
  facet normal -0.216324 -0.976322 0
    outer loop
      vertex 69.7778 -42.9243 0
      vertex 69.9141 -42.9545 18
      vertex 69.7778 -42.9243 18
    endloop
  endfacet
  facet normal -0.216324 -0.976322 -0
    outer loop
      vertex 69.9141 -42.9545 18
      vertex 69.7778 -42.9243 0
      vertex 69.9141 -42.9545 0
    endloop
  endfacet
  facet normal -0.0436859 -0.999045 0
    outer loop
      vertex 69.5 -42.9 0
      vertex 69.6395 -42.9061 18
      vertex 69.5 -42.9 18
    endloop
  endfacet
  facet normal -0.0436859 -0.999045 -0
    outer loop
      vertex 69.6395 -42.9061 18
      vertex 69.5 -42.9 0
      vertex 69.6395 -42.9061 0
    endloop
  endfacet
  facet normal -0.382478 -0.923964 0
    outer loop
      vertex 70.0472 -42.9965 0
      vertex 70.1762 -43.0499 18
      vertex 70.0472 -42.9965 18
    endloop
  endfacet
  facet normal -0.382478 -0.923964 -0
    outer loop
      vertex 70.1762 -43.0499 18
      vertex 70.0472 -42.9965 0
      vertex 70.1762 -43.0499 0
    endloop
  endfacet
  facet normal -0.608221 -0.793768 0
    outer loop
      vertex 70.4177 -43.1894 0
      vertex 70.5285 -43.2743 18
      vertex 70.4177 -43.1894 18
    endloop
  endfacet
  facet normal -0.608221 -0.793768 -0
    outer loop
      vertex 70.5285 -43.2743 18
      vertex 70.4177 -43.1894 0
      vertex 70.5285 -43.2743 0
    endloop
  endfacet
  facet normal 0.976322 -0.216324 0
    outer loop
      vertex 67.9243 -44.2222 18
      vertex 67.9545 -44.0859 0
      vertex 67.9545 -44.0859 18
    endloop
  endfacet
  facet normal 0.976322 -0.216324 0
    outer loop
      vertex 67.9545 -44.0859 0
      vertex 67.9243 -44.2222 18
      vertex 67.9243 -44.2222 0
    endloop
  endfacet
  facet normal 0.793768 -0.608221 0
    outer loop
      vertex 68.1894 -43.5823 18
      vertex 68.2743 -43.4715 0
      vertex 68.2743 -43.4715 18
    endloop
  endfacet
  facet normal 0.793768 -0.608221 0
    outer loop
      vertex 68.2743 -43.4715 0
      vertex 68.1894 -43.5823 18
      vertex 68.1894 -43.5823 0
    endloop
  endfacet
  facet normal 0.737243 -0.675627 0
    outer loop
      vertex 68.2743 -43.4715 18
      vertex 68.3686 -43.3686 0
      vertex 68.3686 -43.3686 18
    endloop
  endfacet
  facet normal 0.737243 -0.675627 0
    outer loop
      vertex 68.3686 -43.3686 0
      vertex 68.2743 -43.4715 18
      vertex 68.2743 -43.4715 0
    endloop
  endfacet
  facet normal 0.843337 -0.537385 0
    outer loop
      vertex 68.1144 -43.7 18
      vertex 68.1894 -43.5823 0
      vertex 68.1894 -43.5823 18
    endloop
  endfacet
  facet normal 0.843337 -0.537385 0
    outer loop
      vertex 68.1894 -43.5823 0
      vertex 68.1144 -43.7 18
      vertex 68.1144 -43.7 0
    endloop
  endfacet
  facet normal 0.991452 -0.130473 0
    outer loop
      vertex 67.9061 -44.3605 18
      vertex 67.9243 -44.2222 0
      vertex 67.9243 -44.2222 18
    endloop
  endfacet
  facet normal 0.991452 -0.130473 0
    outer loop
      vertex 67.9243 -44.2222 0
      vertex 67.9061 -44.3605 18
      vertex 67.9061 -44.3605 0
    endloop
  endfacet
  facet normal 0.537385 -0.843337 0
    outer loop
      vertex 68.5823 -43.1894 0
      vertex 68.7 -43.1144 18
      vertex 68.5823 -43.1894 18
    endloop
  endfacet
  facet normal 0.537385 -0.843337 0
    outer loop
      vertex 68.7 -43.1144 18
      vertex 68.5823 -43.1894 0
      vertex 68.7 -43.1144 0
    endloop
  endfacet
  facet normal 0.462052 -0.886853 0
    outer loop
      vertex 68.7 -43.1144 0
      vertex 68.8238 -43.0499 18
      vertex 68.7 -43.1144 18
    endloop
  endfacet
  facet normal 0.462052 -0.886853 0
    outer loop
      vertex 68.8238 -43.0499 18
      vertex 68.7 -43.1144 0
      vertex 68.8238 -43.0499 0
    endloop
  endfacet
  facet normal 0.608221 -0.793768 0
    outer loop
      vertex 68.4715 -43.2743 0
      vertex 68.5823 -43.1894 18
      vertex 68.4715 -43.2743 18
    endloop
  endfacet
  facet normal 0.608221 -0.793768 0
    outer loop
      vertex 68.5823 -43.1894 18
      vertex 68.4715 -43.2743 0
      vertex 68.5823 -43.1894 0
    endloop
  endfacet
  facet normal 0.300926 -0.953648 0
    outer loop
      vertex 68.9528 -42.9965 0
      vertex 69.0859 -42.9545 18
      vertex 68.9528 -42.9965 18
    endloop
  endfacet
  facet normal 0.300926 -0.953648 0
    outer loop
      vertex 69.0859 -42.9545 18
      vertex 68.9528 -42.9965 0
      vertex 69.0859 -42.9545 0
    endloop
  endfacet
  facet normal 0.130473 -0.991452 0
    outer loop
      vertex 69.2222 -42.9243 0
      vertex 69.3605 -42.9061 18
      vertex 69.2222 -42.9243 18
    endloop
  endfacet
  facet normal 0.130473 -0.991452 0
    outer loop
      vertex 69.3605 -42.9061 18
      vertex 69.2222 -42.9243 0
      vertex 69.3605 -42.9061 0
    endloop
  endfacet
  facet normal 0.886853 0.462052 0
    outer loop
      vertex 68.1144 -45.3 18
      vertex 68.0499 -45.1762 0
      vertex 68.0499 -45.1762 18
    endloop
  endfacet
  facet normal 0.886853 0.462052 0
    outer loop
      vertex 68.0499 -45.1762 0
      vertex 68.1144 -45.3 18
      vertex 68.1144 -45.3 0
    endloop
  endfacet
  facet normal -0.382478 0.923964 0
    outer loop
      vertex 70.1762 -45.9501 0
      vertex 70.0472 -46.0035 18
      vertex 70.1762 -45.9501 18
    endloop
  endfacet
  facet normal -0.382478 0.923964 0
    outer loop
      vertex 70.0472 -46.0035 18
      vertex 70.1762 -45.9501 0
      vertex 70.0472 -46.0035 0
    endloop
  endfacet
  facet normal -0.793768 -0.608221 0
    outer loop
      vertex 70.8106 -43.5823 0
      vertex 70.7257 -43.4715 18
      vertex 70.7257 -43.4715 0
    endloop
  endfacet
  facet normal -0.793768 -0.608221 0
    outer loop
      vertex 70.7257 -43.4715 18
      vertex 70.8106 -43.5823 0
      vertex 70.8106 -43.5823 18
    endloop
  endfacet
  facet normal -0.737243 -0.675627 0
    outer loop
      vertex 70.7257 -43.4715 0
      vertex 70.6314 -43.3686 18
      vertex 70.6314 -43.3686 0
    endloop
  endfacet
  facet normal -0.737243 -0.675627 0
    outer loop
      vertex 70.6314 -43.3686 18
      vertex 70.7257 -43.4715 0
      vertex 70.7257 -43.4715 18
    endloop
  endfacet
  facet normal -0.537385 -0.843337 0
    outer loop
      vertex 70.3 -43.1144 0
      vertex 70.4177 -43.1894 18
      vertex 70.3 -43.1144 18
    endloop
  endfacet
  facet normal -0.537385 -0.843337 -0
    outer loop
      vertex 70.4177 -43.1894 18
      vertex 70.3 -43.1144 0
      vertex 70.4177 -43.1894 0
    endloop
  endfacet
  facet normal 0.953648 -0.300926 0
    outer loop
      vertex 67.9545 -44.0859 18
      vertex 67.9965 -43.9528 0
      vertex 67.9965 -43.9528 18
    endloop
  endfacet
  facet normal 0.953648 -0.300926 0
    outer loop
      vertex 67.9965 -43.9528 0
      vertex 67.9545 -44.0859 18
      vertex 67.9545 -44.0859 0
    endloop
  endfacet
  facet normal 0.923964 -0.382478 0
    outer loop
      vertex 67.9965 -43.9528 18
      vertex 68.0499 -43.8238 0
      vertex 68.0499 -43.8238 18
    endloop
  endfacet
  facet normal 0.923964 -0.382478 0
    outer loop
      vertex 68.0499 -43.8238 0
      vertex 67.9965 -43.9528 18
      vertex 67.9965 -43.9528 0
    endloop
  endfacet
  facet normal -0.923964 0.382478 0
    outer loop
      vertex 70.9501 -45.1762 0
      vertex 71.0035 -45.0472 18
      vertex 71.0035 -45.0472 0
    endloop
  endfacet
  facet normal -0.923964 0.382478 0
    outer loop
      vertex 71.0035 -45.0472 18
      vertex 70.9501 -45.1762 0
      vertex 70.9501 -45.1762 18
    endloop
  endfacet
  facet normal -0.991452 0.130473 0
    outer loop
      vertex 71.0757 -44.7778 0
      vertex 71.0939 -44.6395 18
      vertex 71.0939 -44.6395 0
    endloop
  endfacet
  facet normal -0.991452 0.130473 0
    outer loop
      vertex 71.0939 -44.6395 18
      vertex 71.0757 -44.7778 0
      vertex 71.0757 -44.7778 18
    endloop
  endfacet
  facet normal -0.999045 0.0436859 0
    outer loop
      vertex 71.0939 -44.6395 0
      vertex 71.1 -44.5 18
      vertex 71.1 -44.5 0
    endloop
  endfacet
  facet normal -0.999045 0.0436859 0
    outer loop
      vertex 71.1 -44.5 18
      vertex 71.0939 -44.6395 0
      vertex 71.0939 -44.6395 18
    endloop
  endfacet
  facet normal 0.0436859 0.999045 -0
    outer loop
      vertex 69.5 -46.1 0
      vertex 69.3605 -46.0939 18
      vertex 69.5 -46.1 18
    endloop
  endfacet
  facet normal 0.0436859 0.999045 0
    outer loop
      vertex 69.3605 -46.0939 18
      vertex 69.5 -46.1 0
      vertex 69.3605 -46.0939 0
    endloop
  endfacet
  facet normal 0.953648 0.300926 0
    outer loop
      vertex 67.9965 -45.0472 18
      vertex 67.9545 -44.9141 0
      vertex 67.9545 -44.9141 18
    endloop
  endfacet
  facet normal 0.953648 0.300926 0
    outer loop
      vertex 67.9545 -44.9141 0
      vertex 67.9965 -45.0472 18
      vertex 67.9965 -45.0472 0
    endloop
  endfacet
  facet normal 0.976322 0.216324 0
    outer loop
      vertex 67.9545 -44.9141 18
      vertex 67.9243 -44.7778 0
      vertex 67.9243 -44.7778 18
    endloop
  endfacet
  facet normal 0.976322 0.216324 0
    outer loop
      vertex 67.9243 -44.7778 0
      vertex 67.9545 -44.9141 18
      vertex 67.9545 -44.9141 0
    endloop
  endfacet
  facet normal 0.999045 0.0436859 0
    outer loop
      vertex 67.9061 -44.6395 18
      vertex 67.9 -44.5 0
      vertex 67.9 -44.5 18
    endloop
  endfacet
  facet normal 0.999045 0.0436859 0
    outer loop
      vertex 67.9 -44.5 0
      vertex 67.9061 -44.6395 18
      vertex 67.9061 -44.6395 0
    endloop
  endfacet
  facet normal 0.991452 0.130473 0
    outer loop
      vertex 67.9243 -44.7778 18
      vertex 67.9061 -44.6395 0
      vertex 67.9061 -44.6395 18
    endloop
  endfacet
  facet normal 0.991452 0.130473 0
    outer loop
      vertex 67.9061 -44.6395 0
      vertex 67.9243 -44.7778 18
      vertex 67.9243 -44.7778 0
    endloop
  endfacet
  facet normal -0.300926 0.953648 0
    outer loop
      vertex 70.0472 -46.0035 0
      vertex 69.9141 -46.0455 18
      vertex 70.0472 -46.0035 18
    endloop
  endfacet
  facet normal -0.300926 0.953648 0
    outer loop
      vertex 69.9141 -46.0455 18
      vertex 70.0472 -46.0035 0
      vertex 69.9141 -46.0455 0
    endloop
  endfacet
  facet normal -0.216324 0.976322 0
    outer loop
      vertex 69.9141 -46.0455 0
      vertex 69.7778 -46.0757 18
      vertex 69.9141 -46.0455 18
    endloop
  endfacet
  facet normal -0.216324 0.976322 0
    outer loop
      vertex 69.7778 -46.0757 18
      vertex 69.9141 -46.0455 0
      vertex 69.7778 -46.0757 0
    endloop
  endfacet
  facet normal -0.793768 0.608221 0
    outer loop
      vertex 70.7257 -45.5285 0
      vertex 70.8106 -45.4177 18
      vertex 70.8106 -45.4177 0
    endloop
  endfacet
  facet normal -0.793768 0.608221 0
    outer loop
      vertex 70.8106 -45.4177 18
      vertex 70.7257 -45.5285 0
      vertex 70.7257 -45.5285 18
    endloop
  endfacet
  facet normal -0.462052 0.886853 0
    outer loop
      vertex 70.3 -45.8856 0
      vertex 70.1762 -45.9501 18
      vertex 70.3 -45.8856 18
    endloop
  endfacet
  facet normal -0.462052 0.886853 0
    outer loop
      vertex 70.1762 -45.9501 18
      vertex 70.3 -45.8856 0
      vertex 70.1762 -45.9501 0
    endloop
  endfacet
  facet normal -0.953648 0.300926 0
    outer loop
      vertex 71.0035 -45.0472 0
      vertex 71.0455 -44.9141 18
      vertex 71.0455 -44.9141 0
    endloop
  endfacet
  facet normal -0.953648 0.300926 0
    outer loop
      vertex 71.0455 -44.9141 18
      vertex 71.0035 -45.0472 0
      vertex 71.0035 -45.0472 18
    endloop
  endfacet
  facet normal 0.843337 0.537385 0
    outer loop
      vertex 68.1894 -45.4177 18
      vertex 68.1144 -45.3 0
      vertex 68.1144 -45.3 18
    endloop
  endfacet
  facet normal 0.843337 0.537385 0
    outer loop
      vertex 68.1144 -45.3 0
      vertex 68.1894 -45.4177 18
      vertex 68.1894 -45.4177 0
    endloop
  endfacet
  facet normal 0.737243 0.675627 0
    outer loop
      vertex 68.3686 -45.6314 18
      vertex 68.2743 -45.5285 0
      vertex 68.2743 -45.5285 18
    endloop
  endfacet
  facet normal 0.737243 0.675627 0
    outer loop
      vertex 68.2743 -45.5285 0
      vertex 68.3686 -45.6314 18
      vertex 68.3686 -45.6314 0
    endloop
  endfacet
  facet normal 0.793768 0.608221 0
    outer loop
      vertex 68.2743 -45.5285 18
      vertex 68.1894 -45.4177 0
      vertex 68.1894 -45.4177 18
    endloop
  endfacet
  facet normal 0.793768 0.608221 0
    outer loop
      vertex 68.1894 -45.4177 0
      vertex 68.2743 -45.5285 18
      vertex 68.2743 -45.5285 0
    endloop
  endfacet
  facet normal -0.886853 0.462052 0
    outer loop
      vertex 70.8856 -45.3 0
      vertex 70.9501 -45.1762 18
      vertex 70.9501 -45.1762 0
    endloop
  endfacet
  facet normal -0.886853 0.462052 0
    outer loop
      vertex 70.9501 -45.1762 18
      vertex 70.8856 -45.3 0
      vertex 70.8856 -45.3 18
    endloop
  endfacet
  facet normal -0.843337 0.537385 0
    outer loop
      vertex 70.8106 -45.4177 0
      vertex 70.8856 -45.3 18
      vertex 70.8856 -45.3 0
    endloop
  endfacet
  facet normal -0.843337 0.537385 0
    outer loop
      vertex 70.8856 -45.3 18
      vertex 70.8106 -45.4177 0
      vertex 70.8106 -45.4177 18
    endloop
  endfacet
  facet normal -0.608221 0.793768 0
    outer loop
      vertex 70.5285 -45.7257 0
      vertex 70.4177 -45.8106 18
      vertex 70.5285 -45.7257 18
    endloop
  endfacet
  facet normal -0.608221 0.793768 0
    outer loop
      vertex 70.4177 -45.8106 18
      vertex 70.5285 -45.7257 0
      vertex 70.4177 -45.8106 0
    endloop
  endfacet
  facet normal -0.737243 0.675627 0
    outer loop
      vertex 70.6314 -45.6314 0
      vertex 70.7257 -45.5285 18
      vertex 70.7257 -45.5285 0
    endloop
  endfacet
  facet normal -0.737243 0.675627 0
    outer loop
      vertex 70.7257 -45.5285 18
      vertex 70.6314 -45.6314 0
      vertex 70.6314 -45.6314 18
    endloop
  endfacet
  facet normal -0.675627 0.737243 0
    outer loop
      vertex 70.6314 -45.6314 0
      vertex 70.5285 -45.7257 18
      vertex 70.6314 -45.6314 18
    endloop
  endfacet
  facet normal -0.675627 0.737243 0
    outer loop
      vertex 70.5285 -45.7257 18
      vertex 70.6314 -45.6314 0
      vertex 70.5285 -45.7257 0
    endloop
  endfacet
  facet normal -0.0436859 0.999045 0
    outer loop
      vertex 69.6395 -46.0939 0
      vertex 69.5 -46.1 18
      vertex 69.6395 -46.0939 18
    endloop
  endfacet
  facet normal -0.0436859 0.999045 0
    outer loop
      vertex 69.5 -46.1 18
      vertex 69.6395 -46.0939 0
      vertex 69.5 -46.1 0
    endloop
  endfacet
  facet normal 0.216324 0.976322 -0
    outer loop
      vertex 69.2222 -46.0757 0
      vertex 69.0859 -46.0455 18
      vertex 69.2222 -46.0757 18
    endloop
  endfacet
  facet normal 0.216324 0.976322 0
    outer loop
      vertex 69.0859 -46.0455 18
      vertex 69.2222 -46.0757 0
      vertex 69.0859 -46.0455 0
    endloop
  endfacet
  facet normal 0.675627 0.737243 -0
    outer loop
      vertex 68.4715 -45.7257 0
      vertex 68.3686 -45.6314 18
      vertex 68.4715 -45.7257 18
    endloop
  endfacet
  facet normal 0.675627 0.737243 0
    outer loop
      vertex 68.3686 -45.6314 18
      vertex 68.4715 -45.7257 0
      vertex 68.3686 -45.6314 0
    endloop
  endfacet
  facet normal 0.537385 0.843337 -0
    outer loop
      vertex 68.7 -45.8856 0
      vertex 68.5823 -45.8106 18
      vertex 68.7 -45.8856 18
    endloop
  endfacet
  facet normal 0.537385 0.843337 0
    outer loop
      vertex 68.5823 -45.8106 18
      vertex 68.7 -45.8856 0
      vertex 68.5823 -45.8106 0
    endloop
  endfacet
  facet normal 0.923964 0.382478 0
    outer loop
      vertex 68.0499 -45.1762 18
      vertex 67.9965 -45.0472 0
      vertex 67.9965 -45.0472 18
    endloop
  endfacet
  facet normal 0.923964 0.382478 0
    outer loop
      vertex 67.9965 -45.0472 0
      vertex 68.0499 -45.1762 18
      vertex 68.0499 -45.1762 0
    endloop
  endfacet
  facet normal -0.537385 0.843337 0
    outer loop
      vertex 70.4177 -45.8106 0
      vertex 70.3 -45.8856 18
      vertex 70.4177 -45.8106 18
    endloop
  endfacet
  facet normal -0.537385 0.843337 0
    outer loop
      vertex 70.3 -45.8856 18
      vertex 70.4177 -45.8106 0
      vertex 70.3 -45.8856 0
    endloop
  endfacet
  facet normal 0.300926 0.953648 -0
    outer loop
      vertex 69.0859 -46.0455 0
      vertex 68.9528 -46.0035 18
      vertex 69.0859 -46.0455 18
    endloop
  endfacet
  facet normal 0.300926 0.953648 0
    outer loop
      vertex 68.9528 -46.0035 18
      vertex 69.0859 -46.0455 0
      vertex 68.9528 -46.0035 0
    endloop
  endfacet
  facet normal 0.608221 0.793768 -0
    outer loop
      vertex 68.5823 -45.8106 0
      vertex 68.4715 -45.7257 18
      vertex 68.5823 -45.8106 18
    endloop
  endfacet
  facet normal 0.608221 0.793768 0
    outer loop
      vertex 68.4715 -45.7257 18
      vertex 68.5823 -45.8106 0
      vertex 68.4715 -45.7257 0
    endloop
  endfacet
  facet normal 0.462052 0.886853 -0
    outer loop
      vertex 68.8238 -45.9501 0
      vertex 68.7 -45.8856 18
      vertex 68.8238 -45.9501 18
    endloop
  endfacet
  facet normal 0.462052 0.886853 0
    outer loop
      vertex 68.7 -45.8856 18
      vertex 68.8238 -45.9501 0
      vertex 68.7 -45.8856 0
    endloop
  endfacet
  facet normal 0.382478 0.923964 -0
    outer loop
      vertex 68.9528 -46.0035 0
      vertex 68.8238 -45.9501 18
      vertex 68.9528 -46.0035 18
    endloop
  endfacet
  facet normal 0.382478 0.923964 0
    outer loop
      vertex 68.8238 -45.9501 18
      vertex 68.9528 -46.0035 0
      vertex 68.8238 -45.9501 0
    endloop
  endfacet
  facet normal -0.976322 -0.216324 0
    outer loop
      vertex 71.0757 44.7778 0
      vertex 71.0455 44.9141 18
      vertex 71.0455 44.9141 0
    endloop
  endfacet
  facet normal -0.976322 -0.216324 0
    outer loop
      vertex 71.0455 44.9141 18
      vertex 71.0757 44.7778 0
      vertex 71.0757 44.7778 18
    endloop
  endfacet
  facet normal -0.999045 -0.0436859 0
    outer loop
      vertex 71.1 44.5 0
      vertex 71.0939 44.6395 18
      vertex 71.0939 44.6395 0
    endloop
  endfacet
  facet normal -0.999045 -0.0436859 0
    outer loop
      vertex 71.0939 44.6395 18
      vertex 71.1 44.5 0
      vertex 71.1 44.5 18
    endloop
  endfacet
  facet normal 0.0436859 -0.999045 0
    outer loop
      vertex 69.3605 46.0939 0
      vertex 69.5 46.1 18
      vertex 69.3605 46.0939 18
    endloop
  endfacet
  facet normal 0.0436859 -0.999045 0
    outer loop
      vertex 69.5 46.1 18
      vertex 69.3605 46.0939 0
      vertex 69.5 46.1 0
    endloop
  endfacet
  facet normal -0.675627 -0.737243 0
    outer loop
      vertex 70.5285 45.7257 0
      vertex 70.6314 45.6314 18
      vertex 70.5285 45.7257 18
    endloop
  endfacet
  facet normal -0.675627 -0.737243 -0
    outer loop
      vertex 70.6314 45.6314 18
      vertex 70.5285 45.7257 0
      vertex 70.6314 45.6314 0
    endloop
  endfacet
  facet normal 0.737243 -0.675627 0
    outer loop
      vertex 68.2743 45.5285 18
      vertex 68.3686 45.6314 0
      vertex 68.3686 45.6314 18
    endloop
  endfacet
  facet normal 0.737243 -0.675627 0
    outer loop
      vertex 68.3686 45.6314 0
      vertex 68.2743 45.5285 18
      vertex 68.2743 45.5285 0
    endloop
  endfacet
  facet normal 0.382478 -0.923964 0
    outer loop
      vertex 68.8238 45.9501 0
      vertex 68.9528 46.0035 18
      vertex 68.8238 45.9501 18
    endloop
  endfacet
  facet normal 0.382478 -0.923964 0
    outer loop
      vertex 68.9528 46.0035 18
      vertex 68.8238 45.9501 0
      vertex 68.9528 46.0035 0
    endloop
  endfacet
  facet normal -0.886853 0.462052 0
    outer loop
      vertex 70.8856 43.7 0
      vertex 70.9501 43.8238 18
      vertex 70.9501 43.8238 0
    endloop
  endfacet
  facet normal -0.886853 0.462052 0
    outer loop
      vertex 70.9501 43.8238 18
      vertex 70.8856 43.7 0
      vertex 70.8856 43.7 18
    endloop
  endfacet
  facet normal -0.953648 -0.300926 0
    outer loop
      vertex 71.0455 44.9141 0
      vertex 71.0035 45.0472 18
      vertex 71.0035 45.0472 0
    endloop
  endfacet
  facet normal -0.953648 -0.300926 0
    outer loop
      vertex 71.0035 45.0472 18
      vertex 71.0455 44.9141 0
      vertex 71.0455 44.9141 18
    endloop
  endfacet
  facet normal -0.300926 -0.953648 0
    outer loop
      vertex 69.9141 46.0455 0
      vertex 70.0472 46.0035 18
      vertex 69.9141 46.0455 18
    endloop
  endfacet
  facet normal -0.300926 -0.953648 -0
    outer loop
      vertex 70.0472 46.0035 18
      vertex 69.9141 46.0455 0
      vertex 70.0472 46.0035 0
    endloop
  endfacet
  facet normal 0.923964 -0.382478 0
    outer loop
      vertex 67.9965 45.0472 18
      vertex 68.0499 45.1762 0
      vertex 68.0499 45.1762 18
    endloop
  endfacet
  facet normal 0.923964 -0.382478 0
    outer loop
      vertex 68.0499 45.1762 0
      vertex 67.9965 45.0472 18
      vertex 67.9965 45.0472 0
    endloop
  endfacet
  facet normal 0.999045 0.0436859 0
    outer loop
      vertex 67.9061 44.3605 18
      vertex 67.9 44.5 0
      vertex 67.9 44.5 18
    endloop
  endfacet
  facet normal 0.999045 0.0436859 0
    outer loop
      vertex 67.9 44.5 0
      vertex 67.9061 44.3605 18
      vertex 67.9061 44.3605 0
    endloop
  endfacet
  facet normal -0.300926 0.953648 0
    outer loop
      vertex 70.0472 42.9965 0
      vertex 69.9141 42.9545 18
      vertex 70.0472 42.9965 18
    endloop
  endfacet
  facet normal -0.300926 0.953648 0
    outer loop
      vertex 69.9141 42.9545 18
      vertex 70.0472 42.9965 0
      vertex 69.9141 42.9545 0
    endloop
  endfacet
  facet normal -0.737243 0.675627 0
    outer loop
      vertex 70.6314 43.3686 0
      vertex 70.7257 43.4715 18
      vertex 70.7257 43.4715 0
    endloop
  endfacet
  facet normal -0.737243 0.675627 0
    outer loop
      vertex 70.7257 43.4715 18
      vertex 70.6314 43.3686 0
      vertex 70.6314 43.3686 18
    endloop
  endfacet
  facet normal 0.216324 0.976322 -0
    outer loop
      vertex 69.2222 42.9243 0
      vertex 69.0859 42.9545 18
      vertex 69.2222 42.9243 18
    endloop
  endfacet
  facet normal 0.216324 0.976322 0
    outer loop
      vertex 69.0859 42.9545 18
      vertex 69.2222 42.9243 0
      vertex 69.0859 42.9545 0
    endloop
  endfacet
  facet normal -0.991452 -0.130473 0
    outer loop
      vertex 71.0939 44.6395 0
      vertex 71.0757 44.7778 18
      vertex 71.0757 44.7778 0
    endloop
  endfacet
  facet normal -0.991452 -0.130473 0
    outer loop
      vertex 71.0757 44.7778 18
      vertex 71.0939 44.6395 0
      vertex 71.0939 44.6395 18
    endloop
  endfacet
  facet normal -0.923964 -0.382478 0
    outer loop
      vertex 71.0035 45.0472 0
      vertex 70.9501 45.1762 18
      vertex 70.9501 45.1762 0
    endloop
  endfacet
  facet normal -0.923964 -0.382478 0
    outer loop
      vertex 70.9501 45.1762 18
      vertex 71.0035 45.0472 0
      vertex 71.0035 45.0472 18
    endloop
  endfacet
  facet normal -0.886853 -0.462052 0
    outer loop
      vertex 70.9501 45.1762 0
      vertex 70.8856 45.3 18
      vertex 70.8856 45.3 0
    endloop
  endfacet
  facet normal -0.886853 -0.462052 0
    outer loop
      vertex 70.8856 45.3 18
      vertex 70.9501 45.1762 0
      vertex 70.9501 45.1762 18
    endloop
  endfacet
  facet normal -0.737243 -0.675627 0
    outer loop
      vertex 70.7257 45.5285 0
      vertex 70.6314 45.6314 18
      vertex 70.6314 45.6314 0
    endloop
  endfacet
  facet normal -0.737243 -0.675627 0
    outer loop
      vertex 70.6314 45.6314 18
      vertex 70.7257 45.5285 0
      vertex 70.7257 45.5285 18
    endloop
  endfacet
  facet normal -0.843337 -0.537385 0
    outer loop
      vertex 70.8856 45.3 0
      vertex 70.8106 45.4177 18
      vertex 70.8106 45.4177 0
    endloop
  endfacet
  facet normal -0.843337 -0.537385 0
    outer loop
      vertex 70.8106 45.4177 18
      vertex 70.8856 45.3 0
      vertex 70.8856 45.3 18
    endloop
  endfacet
  facet normal -0.130473 -0.991452 0
    outer loop
      vertex 69.6395 46.0939 0
      vertex 69.7778 46.0757 18
      vertex 69.6395 46.0939 18
    endloop
  endfacet
  facet normal -0.130473 -0.991452 -0
    outer loop
      vertex 69.7778 46.0757 18
      vertex 69.6395 46.0939 0
      vertex 69.7778 46.0757 0
    endloop
  endfacet
  facet normal -0.608221 -0.793768 0
    outer loop
      vertex 70.4177 45.8106 0
      vertex 70.5285 45.7257 18
      vertex 70.4177 45.8106 18
    endloop
  endfacet
  facet normal -0.608221 -0.793768 -0
    outer loop
      vertex 70.5285 45.7257 18
      vertex 70.4177 45.8106 0
      vertex 70.5285 45.7257 0
    endloop
  endfacet
  facet normal -0.382478 -0.923964 0
    outer loop
      vertex 70.0472 46.0035 0
      vertex 70.1762 45.9501 18
      vertex 70.0472 46.0035 18
    endloop
  endfacet
  facet normal -0.382478 -0.923964 -0
    outer loop
      vertex 70.1762 45.9501 18
      vertex 70.0472 46.0035 0
      vertex 70.1762 45.9501 0
    endloop
  endfacet
  facet normal 0.953648 -0.300926 0
    outer loop
      vertex 67.9545 44.9141 18
      vertex 67.9965 45.0472 0
      vertex 67.9965 45.0472 18
    endloop
  endfacet
  facet normal 0.953648 -0.300926 0
    outer loop
      vertex 67.9965 45.0472 0
      vertex 67.9545 44.9141 18
      vertex 67.9545 44.9141 0
    endloop
  endfacet
  facet normal 0.991452 -0.130473 0
    outer loop
      vertex 67.9061 44.6395 18
      vertex 67.9243 44.7778 0
      vertex 67.9243 44.7778 18
    endloop
  endfacet
  facet normal 0.991452 -0.130473 0
    outer loop
      vertex 67.9243 44.7778 0
      vertex 67.9061 44.6395 18
      vertex 67.9061 44.6395 0
    endloop
  endfacet
  facet normal 0.537385 -0.843337 0
    outer loop
      vertex 68.5823 45.8106 0
      vertex 68.7 45.8856 18
      vertex 68.5823 45.8106 18
    endloop
  endfacet
  facet normal 0.537385 -0.843337 0
    outer loop
      vertex 68.7 45.8856 18
      vertex 68.5823 45.8106 0
      vertex 68.7 45.8856 0
    endloop
  endfacet
  facet normal 0.675627 -0.737243 0
    outer loop
      vertex 68.3686 45.6314 0
      vertex 68.4715 45.7257 18
      vertex 68.3686 45.6314 18
    endloop
  endfacet
  facet normal 0.675627 -0.737243 0
    outer loop
      vertex 68.4715 45.7257 18
      vertex 68.3686 45.6314 0
      vertex 68.4715 45.7257 0
    endloop
  endfacet
  facet normal 0.130473 -0.991452 0
    outer loop
      vertex 69.2222 46.0757 0
      vertex 69.3605 46.0939 18
      vertex 69.2222 46.0757 18
    endloop
  endfacet
  facet normal 0.130473 -0.991452 0
    outer loop
      vertex 69.3605 46.0939 18
      vertex 69.2222 46.0757 0
      vertex 69.3605 46.0939 0
    endloop
  endfacet
  facet normal 0.300926 -0.953648 0
    outer loop
      vertex 68.9528 46.0035 0
      vertex 69.0859 46.0455 18
      vertex 68.9528 46.0035 18
    endloop
  endfacet
  facet normal 0.300926 -0.953648 0
    outer loop
      vertex 69.0859 46.0455 18
      vertex 68.9528 46.0035 0
      vertex 69.0859 46.0455 0
    endloop
  endfacet
  facet normal 0.216324 -0.976322 0
    outer loop
      vertex 69.0859 46.0455 0
      vertex 69.2222 46.0757 18
      vertex 69.0859 46.0455 18
    endloop
  endfacet
  facet normal 0.216324 -0.976322 0
    outer loop
      vertex 69.2222 46.0757 18
      vertex 69.0859 46.0455 0
      vertex 69.2222 46.0757 0
    endloop
  endfacet
  facet normal -0.976322 0.216324 0
    outer loop
      vertex 71.0455 44.0859 0
      vertex 71.0757 44.2222 18
      vertex 71.0757 44.2222 0
    endloop
  endfacet
  facet normal -0.976322 0.216324 0
    outer loop
      vertex 71.0757 44.2222 18
      vertex 71.0455 44.0859 0
      vertex 71.0455 44.0859 18
    endloop
  endfacet
  facet normal -0.130473 0.991452 0
    outer loop
      vertex 69.7778 42.9243 0
      vertex 69.6395 42.9061 18
      vertex 69.7778 42.9243 18
    endloop
  endfacet
  facet normal -0.130473 0.991452 0
    outer loop
      vertex 69.6395 42.9061 18
      vertex 69.7778 42.9243 0
      vertex 69.6395 42.9061 0
    endloop
  endfacet
  facet normal -0.216324 0.976322 0
    outer loop
      vertex 69.9141 42.9545 0
      vertex 69.7778 42.9243 18
      vertex 69.9141 42.9545 18
    endloop
  endfacet
  facet normal -0.216324 0.976322 0
    outer loop
      vertex 69.7778 42.9243 18
      vertex 69.9141 42.9545 0
      vertex 69.7778 42.9243 0
    endloop
  endfacet
  facet normal -0.462052 0.886853 0
    outer loop
      vertex 70.3 43.1144 0
      vertex 70.1762 43.0499 18
      vertex 70.3 43.1144 18
    endloop
  endfacet
  facet normal -0.462052 0.886853 0
    outer loop
      vertex 70.1762 43.0499 18
      vertex 70.3 43.1144 0
      vertex 70.1762 43.0499 0
    endloop
  endfacet
  facet normal -0.793768 0.608221 0
    outer loop
      vertex 70.7257 43.4715 0
      vertex 70.8106 43.5823 18
      vertex 70.8106 43.5823 0
    endloop
  endfacet
  facet normal -0.793768 0.608221 0
    outer loop
      vertex 70.8106 43.5823 18
      vertex 70.7257 43.4715 0
      vertex 70.7257 43.4715 18
    endloop
  endfacet
  facet normal 0.0436859 0.999045 -0
    outer loop
      vertex 69.5 42.9 0
      vertex 69.3605 42.9061 18
      vertex 69.5 42.9 18
    endloop
  endfacet
  facet normal 0.0436859 0.999045 0
    outer loop
      vertex 69.3605 42.9061 18
      vertex 69.5 42.9 0
      vertex 69.3605 42.9061 0
    endloop
  endfacet
  facet normal 0.608221 0.793768 -0
    outer loop
      vertex 68.5823 43.1894 0
      vertex 68.4715 43.2743 18
      vertex 68.5823 43.1894 18
    endloop
  endfacet
  facet normal 0.608221 0.793768 0
    outer loop
      vertex 68.4715 43.2743 18
      vertex 68.5823 43.1894 0
      vertex 68.4715 43.2743 0
    endloop
  endfacet
  facet normal 0.382478 0.923964 -0
    outer loop
      vertex 68.9528 42.9965 0
      vertex 68.8238 43.0499 18
      vertex 68.9528 42.9965 18
    endloop
  endfacet
  facet normal 0.382478 0.923964 0
    outer loop
      vertex 68.8238 43.0499 18
      vertex 68.9528 42.9965 0
      vertex 68.8238 43.0499 0
    endloop
  endfacet
  facet normal -0.0436859 0.999045 0
    outer loop
      vertex 69.6395 42.9061 0
      vertex 69.5 42.9 18
      vertex 69.6395 42.9061 18
    endloop
  endfacet
  facet normal -0.0436859 0.999045 0
    outer loop
      vertex 69.5 42.9 18
      vertex 69.6395 42.9061 0
      vertex 69.5 42.9 0
    endloop
  endfacet
  facet normal 0.675627 0.737243 -0
    outer loop
      vertex 68.4715 43.2743 0
      vertex 68.3686 43.3686 18
      vertex 68.4715 43.2743 18
    endloop
  endfacet
  facet normal 0.675627 0.737243 0
    outer loop
      vertex 68.3686 43.3686 18
      vertex 68.4715 43.2743 0
      vertex 68.3686 43.3686 0
    endloop
  endfacet
  facet normal 0.886853 0.462052 0
    outer loop
      vertex 68.1144 43.7 18
      vertex 68.0499 43.8238 0
      vertex 68.0499 43.8238 18
    endloop
  endfacet
  facet normal 0.886853 0.462052 0
    outer loop
      vertex 68.0499 43.8238 0
      vertex 68.1144 43.7 18
      vertex 68.1144 43.7 0
    endloop
  endfacet
  facet normal 0.953648 0.300926 0
    outer loop
      vertex 67.9965 43.9528 18
      vertex 67.9545 44.0859 0
      vertex 67.9545 44.0859 18
    endloop
  endfacet
  facet normal 0.953648 0.300926 0
    outer loop
      vertex 67.9545 44.0859 0
      vertex 67.9965 43.9528 18
      vertex 67.9965 43.9528 0
    endloop
  endfacet
  facet normal 0.991452 0.130473 0
    outer loop
      vertex 67.9243 44.2222 18
      vertex 67.9061 44.3605 0
      vertex 67.9061 44.3605 18
    endloop
  endfacet
  facet normal 0.991452 0.130473 0
    outer loop
      vertex 67.9061 44.3605 0
      vertex 67.9243 44.2222 18
      vertex 67.9243 44.2222 0
    endloop
  endfacet
  facet normal -0.793768 -0.608221 0
    outer loop
      vertex 70.8106 45.4177 0
      vertex 70.7257 45.5285 18
      vertex 70.7257 45.5285 0
    endloop
  endfacet
  facet normal -0.793768 -0.608221 0
    outer loop
      vertex 70.7257 45.5285 18
      vertex 70.8106 45.4177 0
      vertex 70.8106 45.4177 18
    endloop
  endfacet
  facet normal -0.0436859 -0.999045 0
    outer loop
      vertex 69.5 46.1 0
      vertex 69.6395 46.0939 18
      vertex 69.5 46.1 18
    endloop
  endfacet
  facet normal -0.0436859 -0.999045 -0
    outer loop
      vertex 69.6395 46.0939 18
      vertex 69.5 46.1 0
      vertex 69.6395 46.0939 0
    endloop
  endfacet
  facet normal -0.216324 -0.976322 0
    outer loop
      vertex 69.7778 46.0757 0
      vertex 69.9141 46.0455 18
      vertex 69.7778 46.0757 18
    endloop
  endfacet
  facet normal -0.216324 -0.976322 -0
    outer loop
      vertex 69.9141 46.0455 18
      vertex 69.7778 46.0757 0
      vertex 69.9141 46.0455 0
    endloop
  endfacet
  facet normal -0.537385 -0.843337 0
    outer loop
      vertex 70.3 45.8856 0
      vertex 70.4177 45.8106 18
      vertex 70.3 45.8856 18
    endloop
  endfacet
  facet normal -0.537385 -0.843337 -0
    outer loop
      vertex 70.4177 45.8106 18
      vertex 70.3 45.8856 0
      vertex 70.4177 45.8106 0
    endloop
  endfacet
  facet normal -0.462052 -0.886853 0
    outer loop
      vertex 70.1762 45.9501 0
      vertex 70.3 45.8856 18
      vertex 70.1762 45.9501 18
    endloop
  endfacet
  facet normal -0.462052 -0.886853 -0
    outer loop
      vertex 70.3 45.8856 18
      vertex 70.1762 45.9501 0
      vertex 70.3 45.8856 0
    endloop
  endfacet
  facet normal 0.999045 -0.0436859 0
    outer loop
      vertex 67.9 44.5 18
      vertex 67.9061 44.6395 0
      vertex 67.9061 44.6395 18
    endloop
  endfacet
  facet normal 0.999045 -0.0436859 0
    outer loop
      vertex 67.9061 44.6395 0
      vertex 67.9 44.5 18
      vertex 67.9 44.5 0
    endloop
  endfacet
  facet normal 0.976322 -0.216324 0
    outer loop
      vertex 67.9243 44.7778 18
      vertex 67.9545 44.9141 0
      vertex 67.9545 44.9141 18
    endloop
  endfacet
  facet normal 0.976322 -0.216324 0
    outer loop
      vertex 67.9545 44.9141 0
      vertex 67.9243 44.7778 18
      vertex 67.9243 44.7778 0
    endloop
  endfacet
  facet normal 0.462052 -0.886853 0
    outer loop
      vertex 68.7 45.8856 0
      vertex 68.8238 45.9501 18
      vertex 68.7 45.8856 18
    endloop
  endfacet
  facet normal 0.462052 -0.886853 0
    outer loop
      vertex 68.8238 45.9501 18
      vertex 68.7 45.8856 0
      vertex 68.8238 45.9501 0
    endloop
  endfacet
  facet normal 0.608221 -0.793768 0
    outer loop
      vertex 68.4715 45.7257 0
      vertex 68.5823 45.8106 18
      vertex 68.4715 45.7257 18
    endloop
  endfacet
  facet normal 0.608221 -0.793768 0
    outer loop
      vertex 68.5823 45.8106 18
      vertex 68.4715 45.7257 0
      vertex 68.5823 45.8106 0
    endloop
  endfacet
  facet normal -0.923964 0.382478 0
    outer loop
      vertex 70.9501 43.8238 0
      vertex 71.0035 43.9528 18
      vertex 71.0035 43.9528 0
    endloop
  endfacet
  facet normal -0.923964 0.382478 0
    outer loop
      vertex 71.0035 43.9528 18
      vertex 70.9501 43.8238 0
      vertex 70.9501 43.8238 18
    endloop
  endfacet
  facet normal -0.991452 0.130473 0
    outer loop
      vertex 71.0757 44.2222 0
      vertex 71.0939 44.3605 18
      vertex 71.0939 44.3605 0
    endloop
  endfacet
  facet normal -0.991452 0.130473 0
    outer loop
      vertex 71.0939 44.3605 18
      vertex 71.0757 44.2222 0
      vertex 71.0757 44.2222 18
    endloop
  endfacet
  facet normal -0.999045 0.0436859 0
    outer loop
      vertex 71.0939 44.3605 0
      vertex 71.1 44.5 18
      vertex 71.1 44.5 0
    endloop
  endfacet
  facet normal -0.999045 0.0436859 0
    outer loop
      vertex 71.1 44.5 18
      vertex 71.0939 44.3605 0
      vertex 71.0939 44.3605 18
    endloop
  endfacet
  facet normal -0.382478 0.923964 0
    outer loop
      vertex 70.1762 43.0499 0
      vertex 70.0472 42.9965 18
      vertex 70.1762 43.0499 18
    endloop
  endfacet
  facet normal -0.382478 0.923964 0
    outer loop
      vertex 70.0472 42.9965 18
      vertex 70.1762 43.0499 0
      vertex 70.0472 42.9965 0
    endloop
  endfacet
  facet normal -0.608221 0.793768 0
    outer loop
      vertex 70.5285 43.2743 0
      vertex 70.4177 43.1894 18
      vertex 70.5285 43.2743 18
    endloop
  endfacet
  facet normal -0.608221 0.793768 0
    outer loop
      vertex 70.4177 43.1894 18
      vertex 70.5285 43.2743 0
      vertex 70.4177 43.1894 0
    endloop
  endfacet
  facet normal -0.537385 0.843337 0
    outer loop
      vertex 70.4177 43.1894 0
      vertex 70.3 43.1144 18
      vertex 70.4177 43.1894 18
    endloop
  endfacet
  facet normal -0.537385 0.843337 0
    outer loop
      vertex 70.3 43.1144 18
      vertex 70.4177 43.1894 0
      vertex 70.3 43.1144 0
    endloop
  endfacet
  facet normal 0.537385 0.843337 -0
    outer loop
      vertex 68.7 43.1144 0
      vertex 68.5823 43.1894 18
      vertex 68.7 43.1144 18
    endloop
  endfacet
  facet normal 0.537385 0.843337 0
    outer loop
      vertex 68.5823 43.1894 18
      vertex 68.7 43.1144 0
      vertex 68.5823 43.1894 0
    endloop
  endfacet
  facet normal 0.300926 0.953648 -0
    outer loop
      vertex 69.0859 42.9545 0
      vertex 68.9528 42.9965 18
      vertex 69.0859 42.9545 18
    endloop
  endfacet
  facet normal 0.300926 0.953648 0
    outer loop
      vertex 68.9528 42.9965 18
      vertex 69.0859 42.9545 0
      vertex 68.9528 42.9965 0
    endloop
  endfacet
  facet normal 0.130473 0.991452 -0
    outer loop
      vertex 69.3605 42.9061 0
      vertex 69.2222 42.9243 18
      vertex 69.3605 42.9061 18
    endloop
  endfacet
  facet normal 0.130473 0.991452 0
    outer loop
      vertex 69.2222 42.9243 18
      vertex 69.3605 42.9061 0
      vertex 69.2222 42.9243 0
    endloop
  endfacet
  facet normal 0.793768 0.608221 0
    outer loop
      vertex 68.2743 43.4715 18
      vertex 68.1894 43.5823 0
      vertex 68.1894 43.5823 18
    endloop
  endfacet
  facet normal 0.793768 0.608221 0
    outer loop
      vertex 68.1894 43.5823 0
      vertex 68.2743 43.4715 18
      vertex 68.2743 43.4715 0
    endloop
  endfacet
  facet normal 0.843337 0.537385 0
    outer loop
      vertex 68.1894 43.5823 18
      vertex 68.1144 43.7 0
      vertex 68.1144 43.7 18
    endloop
  endfacet
  facet normal 0.843337 0.537385 0
    outer loop
      vertex 68.1144 43.7 0
      vertex 68.1894 43.5823 18
      vertex 68.1894 43.5823 0
    endloop
  endfacet
  facet normal 0.976322 0.216324 0
    outer loop
      vertex 67.9545 44.0859 18
      vertex 67.9243 44.2222 0
      vertex 67.9243 44.2222 18
    endloop
  endfacet
  facet normal 0.976322 0.216324 0
    outer loop
      vertex 67.9243 44.2222 0
      vertex 67.9545 44.0859 18
      vertex 67.9545 44.0859 0
    endloop
  endfacet
  facet normal 0.923964 0.382478 0
    outer loop
      vertex 68.0499 43.8238 18
      vertex 67.9965 43.9528 0
      vertex 67.9965 43.9528 18
    endloop
  endfacet
  facet normal 0.923964 0.382478 0
    outer loop
      vertex 67.9965 43.9528 0
      vertex 68.0499 43.8238 18
      vertex 68.0499 43.8238 0
    endloop
  endfacet
  facet normal 0.886853 -0.462052 0
    outer loop
      vertex 68.0499 45.1762 18
      vertex 68.1144 45.3 0
      vertex 68.1144 45.3 18
    endloop
  endfacet
  facet normal 0.886853 -0.462052 0
    outer loop
      vertex 68.1144 45.3 0
      vertex 68.0499 45.1762 18
      vertex 68.0499 45.1762 0
    endloop
  endfacet
  facet normal 0.843337 -0.537385 0
    outer loop
      vertex 68.1144 45.3 18
      vertex 68.1894 45.4177 0
      vertex 68.1894 45.4177 18
    endloop
  endfacet
  facet normal 0.843337 -0.537385 0
    outer loop
      vertex 68.1894 45.4177 0
      vertex 68.1144 45.3 18
      vertex 68.1144 45.3 0
    endloop
  endfacet
  facet normal 0.793768 -0.608221 0
    outer loop
      vertex 68.1894 45.4177 18
      vertex 68.2743 45.5285 0
      vertex 68.2743 45.5285 18
    endloop
  endfacet
  facet normal 0.793768 -0.608221 0
    outer loop
      vertex 68.2743 45.5285 0
      vertex 68.1894 45.4177 18
      vertex 68.1894 45.4177 0
    endloop
  endfacet
  facet normal -0.843337 0.537385 0
    outer loop
      vertex 70.8106 43.5823 0
      vertex 70.8856 43.7 18
      vertex 70.8856 43.7 0
    endloop
  endfacet
  facet normal -0.843337 0.537385 0
    outer loop
      vertex 70.8856 43.7 18
      vertex 70.8106 43.5823 0
      vertex 70.8106 43.5823 18
    endloop
  endfacet
  facet normal -0.675627 0.737243 0
    outer loop
      vertex 70.6314 43.3686 0
      vertex 70.5285 43.2743 18
      vertex 70.6314 43.3686 18
    endloop
  endfacet
  facet normal -0.675627 0.737243 0
    outer loop
      vertex 70.5285 43.2743 18
      vertex 70.6314 43.3686 0
      vertex 70.5285 43.2743 0
    endloop
  endfacet
  facet normal 0.462052 0.886853 -0
    outer loop
      vertex 68.8238 43.0499 0
      vertex 68.7 43.1144 18
      vertex 68.8238 43.0499 18
    endloop
  endfacet
  facet normal 0.462052 0.886853 0
    outer loop
      vertex 68.7 43.1144 18
      vertex 68.8238 43.0499 0
      vertex 68.7 43.1144 0
    endloop
  endfacet
  facet normal 0.737243 0.675627 0
    outer loop
      vertex 68.3686 43.3686 18
      vertex 68.2743 43.4715 0
      vertex 68.2743 43.4715 18
    endloop
  endfacet
  facet normal 0.737243 0.675627 0
    outer loop
      vertex 68.2743 43.4715 0
      vertex 68.3686 43.3686 18
      vertex 68.3686 43.3686 0
    endloop
  endfacet
  facet normal -0.953648 0.300926 0
    outer loop
      vertex 71.0035 43.9528 0
      vertex 71.0455 44.0859 18
      vertex 71.0455 44.0859 0
    endloop
  endfacet
  facet normal -0.953648 0.300926 0
    outer loop
      vertex 71.0455 44.0859 18
      vertex 71.0035 43.9528 0
      vertex 71.0035 43.9528 18
    endloop
  endfacet
  facet normal 1 0 0
    outer loop
      vertex -45 50.3 20
      vertex -45 46.3 20
      vertex -45 50.3 18
    endloop
  endfacet
  facet normal 1 -0 0
    outer loop
      vertex -45 50.3 18
      vertex -45 67.5 0
      vertex -45 67.5 18
    endloop
  endfacet
  facet normal 1 0 0
    outer loop
      vertex -45 46.3 18
      vertex -45 50.3 18
      vertex -45 46.3 20
    endloop
  endfacet
  facet normal 1 0 0
    outer loop
      vertex -45 50.3 18
      vertex -45 46.3 18
      vertex -45 67.5 0
    endloop
  endfacet
  facet normal 1 0 0
    outer loop
      vertex -45 0 0
      vertex -45 46.3 18
      vertex -45 0 18
    endloop
  endfacet
  facet normal 1 0 0
    outer loop
      vertex -45 46.3 18
      vertex -45 0 0
      vertex -45 67.5 0
    endloop
  endfacet
  facet normal 0 0 -1
    outer loop
      vertex -45 46.3 20
      vertex -42 50.3 20
      vertex -42 46.3 20
    endloop
  endfacet
  facet normal -0 0 -1
    outer loop
      vertex -42 50.3 20
      vertex -45 46.3 20
      vertex -45 50.3 20
    endloop
  endfacet
  facet normal -1 0 0
    outer loop
      vertex -33 67.5 0
      vertex -33 50.3 18
      vertex -33 67.5 18
    endloop
  endfacet
  facet normal -1 0 0
    outer loop
      vertex -33 50.3 18
      vertex -33 46.3 18
      vertex -33 50.3 19
    endloop
  endfacet
  facet normal -1 0 0
    outer loop
      vertex -33 67.5 0
      vertex -33 46.3 18
      vertex -33 50.3 18
    endloop
  endfacet
  facet normal -1 0 0
    outer loop
      vertex -33 0 0
      vertex -33 46.3 18
      vertex -33 67.5 0
    endloop
  endfacet
  facet normal -1 -0 0
    outer loop
      vertex -33 46.3 18
      vertex -33 0 0
      vertex -33 0 18
    endloop
  endfacet
  facet normal -1 -0 0
    outer loop
      vertex -33 50.3 19
      vertex -33 46.3 18
      vertex -33 46.3 19
    endloop
  endfacet
  facet normal 0 1 -0
    outer loop
      vertex -33 0 0
      vertex -45 0 18
      vertex -33 0 18
    endloop
  endfacet
  facet normal 0 1 0
    outer loop
      vertex -45 0 18
      vertex -33 0 0
      vertex -45 0 0
    endloop
  endfacet
  facet normal 1 0 0
    outer loop
      vertex -15 50.3 19
      vertex -15 46.3 19
      vertex -15 50.3 18
    endloop
  endfacet
  facet normal 1 0 0
    outer loop
      vertex -15 67.5 18
      vertex -15 64.5 15
      vertex -15 67.5 15
    endloop
  endfacet
  facet normal 1 0 0
    outer loop
      vertex -15 64.5 15
      vertex -15 50.3 18
      vertex -15 64.5 5
    endloop
  endfacet
  facet normal 1 -0 0
    outer loop
      vertex -15 50.3 18
      vertex -15 64.5 15
      vertex -15 67.5 18
    endloop
  endfacet
  facet normal 1 -0 0
    outer loop
      vertex -15 64.5 5
      vertex -15 67.5 0
      vertex -15 67.5 5
    endloop
  endfacet
  facet normal 1 -0 0
    outer loop
      vertex -15 46.3 18
      vertex -15 64.5 5
      vertex -15 50.3 18
    endloop
  endfacet
  facet normal 1 0 0
    outer loop
      vertex -15 46.3 18
      vertex -15 50.3 18
      vertex -15 46.3 19
    endloop
  endfacet
  facet normal 1 0 0
    outer loop
      vertex -15 64.5 5
      vertex -15 46.3 18
      vertex -15 67.5 0
    endloop
  endfacet
  facet normal 1 0 0
    outer loop
      vertex -15 0 0
      vertex -15 46.3 18
      vertex -15 0 18
    endloop
  endfacet
  facet normal 1 0 0
    outer loop
      vertex -15 46.3 18
      vertex -15 0 0
      vertex -15 67.5 0
    endloop
  endfacet
  facet normal -1 0 0
    outer loop
      vertex -3 67.5 0
      vertex -3 64.5 5
      vertex -3 67.5 5
    endloop
  endfacet
  facet normal -1 0 0
    outer loop
      vertex -3 64.5 5
      vertex -3 50.3 18
      vertex -3 64.5 15
    endloop
  endfacet
  facet normal -1 0 0
    outer loop
      vertex -3 46.3 18
      vertex -3 64.5 5
      vertex -3 67.5 0
    endloop
  endfacet
  facet normal -1 0 0
    outer loop
      vertex -3 50.3 18
      vertex -3 46.3 18
      vertex -3 50.3 19
    endloop
  endfacet
  facet normal -1 0 0
    outer loop
      vertex -3 64.5 5
      vertex -3 46.3 18
      vertex -3 50.3 18
    endloop
  endfacet
  facet normal -1 0 0
    outer loop
      vertex -3 0 0
      vertex -3 46.3 18
      vertex -3 67.5 0
    endloop
  endfacet
  facet normal -1 -0 0
    outer loop
      vertex -3 46.3 18
      vertex -3 0 0
      vertex -3 0 18
    endloop
  endfacet
  facet normal -1 0 0
    outer loop
      vertex -3 64.5 15
      vertex -3 67.5 18
      vertex -3 67.5 15
    endloop
  endfacet
  facet normal -1 -0 0
    outer loop
      vertex -3 67.5 18
      vertex -3 64.5 15
      vertex -3 50.3 18
    endloop
  endfacet
  facet normal -1 -0 0
    outer loop
      vertex -3 50.3 19
      vertex -3 46.3 18
      vertex -3 46.3 19
    endloop
  endfacet
  facet normal 0 1 -0
    outer loop
      vertex -3 0 0
      vertex -15 0 18
      vertex -3 0 18
    endloop
  endfacet
  facet normal 0 1 0
    outer loop
      vertex -15 0 18
      vertex -3 0 0
      vertex -15 0 0
    endloop
  endfacet
  facet normal 1 0 0
    outer loop
      vertex 15 50.3 19
      vertex 15 46.3 19
      vertex 15 50.3 18
    endloop
  endfacet
  facet normal 1 0 0
    outer loop
      vertex 15 67.5 18
      vertex 15 64.5 15
      vertex 15 67.5 15
    endloop
  endfacet
  facet normal 1 0 0
    outer loop
      vertex 15 64.5 15
      vertex 15 50.3 18
      vertex 15 64.5 5
    endloop
  endfacet
  facet normal 1 -0 0
    outer loop
      vertex 15 50.3 18
      vertex 15 64.5 15
      vertex 15 67.5 18
    endloop
  endfacet
  facet normal 1 -0 0
    outer loop
      vertex 15 64.5 5
      vertex 15 67.5 0
      vertex 15 67.5 5
    endloop
  endfacet
  facet normal 1 -0 0
    outer loop
      vertex 15 46.3 18
      vertex 15 64.5 5
      vertex 15 50.3 18
    endloop
  endfacet
  facet normal 1 0 0
    outer loop
      vertex 15 46.3 18
      vertex 15 50.3 18
      vertex 15 46.3 19
    endloop
  endfacet
  facet normal 1 0 0
    outer loop
      vertex 15 64.5 5
      vertex 15 46.3 18
      vertex 15 67.5 0
    endloop
  endfacet
  facet normal 1 0 0
    outer loop
      vertex 15 0 0
      vertex 15 46.3 18
      vertex 15 0 18
    endloop
  endfacet
  facet normal 1 0 0
    outer loop
      vertex 15 46.3 18
      vertex 15 0 0
      vertex 15 67.5 0
    endloop
  endfacet
  facet normal -1 0 0
    outer loop
      vertex 27 67.5 0
      vertex 27 50.3 18
      vertex 27 67.5 18
    endloop
  endfacet
  facet normal -1 0 0
    outer loop
      vertex 27 50.3 18
      vertex 27 46.3 18
      vertex 27 50.3 19
    endloop
  endfacet
  facet normal -1 0 0
    outer loop
      vertex 27 67.5 0
      vertex 27 46.3 18
      vertex 27 50.3 18
    endloop
  endfacet
  facet normal -1 0 0
    outer loop
      vertex 27 0 0
      vertex 27 46.3 18
      vertex 27 67.5 0
    endloop
  endfacet
  facet normal -1 -0 0
    outer loop
      vertex 27 46.3 18
      vertex 27 0 0
      vertex 27 0 18
    endloop
  endfacet
  facet normal -1 -0 0
    outer loop
      vertex 27 50.3 19
      vertex 27 46.3 18
      vertex 27 46.3 19
    endloop
  endfacet
  facet normal 0 1 -0
    outer loop
      vertex 27 0 0
      vertex 15 0 18
      vertex 27 0 18
    endloop
  endfacet
  facet normal 0 1 0
    outer loop
      vertex 15 0 18
      vertex 27 0 0
      vertex 15 0 0
    endloop
  endfacet
  facet normal 1 0 0
    outer loop
      vertex 45 50.3 20
      vertex 45 46.3 20
      vertex 45 50.3 18
    endloop
  endfacet
  facet normal 1 -0 0
    outer loop
      vertex 45 50.3 18
      vertex 45 67.5 0
      vertex 45 67.5 18
    endloop
  endfacet
  facet normal 1 0 0
    outer loop
      vertex 45 46.3 18
      vertex 45 50.3 18
      vertex 45 46.3 20
    endloop
  endfacet
  facet normal 1 0 0
    outer loop
      vertex 45 50.3 18
      vertex 45 46.3 18
      vertex 45 67.5 0
    endloop
  endfacet
  facet normal 1 0 0
    outer loop
      vertex 45 0 0
      vertex 45 46.3 18
      vertex 45 0 18
    endloop
  endfacet
  facet normal 1 0 0
    outer loop
      vertex 45 46.3 18
      vertex 45 0 0
      vertex 45 67.5 0
    endloop
  endfacet
  facet normal 0 0 -1
    outer loop
      vertex 45 46.3 20
      vertex 57 50.3 20
      vertex 57 46.3 20
    endloop
  endfacet
  facet normal -0 0 -1
    outer loop
      vertex 57 50.3 20
      vertex 45 46.3 20
      vertex 45 50.3 20
    endloop
  endfacet
  facet normal -1 0 0
    outer loop
      vertex 57 67.5 0
      vertex 57 50.3 18
      vertex 57 67.5 18
    endloop
  endfacet
  facet normal -1 0 0
    outer loop
      vertex 57 50.3 18
      vertex 57 46.3 18
      vertex 57 50.3 20
    endloop
  endfacet
  facet normal -1 0 0
    outer loop
      vertex 57 67.5 0
      vertex 57 46.3 18
      vertex 57 50.3 18
    endloop
  endfacet
  facet normal -1 0 0
    outer loop
      vertex 57 0 0
      vertex 57 46.3 18
      vertex 57 67.5 0
    endloop
  endfacet
  facet normal -1 -0 0
    outer loop
      vertex 57 46.3 18
      vertex 57 0 0
      vertex 57 0 18
    endloop
  endfacet
  facet normal -1 -0 0
    outer loop
      vertex 57 50.3 20
      vertex 57 46.3 18
      vertex 57 46.3 20
    endloop
  endfacet
  facet normal 0 1 -0
    outer loop
      vertex 57 0 0
      vertex 45 0 18
      vertex 57 0 18
    endloop
  endfacet
  facet normal 0 1 0
    outer loop
      vertex 45 0 18
      vertex 57 0 0
      vertex 45 0 0
    endloop
  endfacet
  facet normal 1 -0 0
    outer loop
      vertex -18 64.5 15
      vertex -18 67.5 5
      vertex -18 67.5 15
    endloop
  endfacet
  facet normal 1 0 0
    outer loop
      vertex -18 67.5 5
      vertex -18 64.5 15
      vertex -18 64.5 5
    endloop
  endfacet
  facet normal 0 0 -1
    outer loop
      vertex -18 64.5 15
      vertex -15 67.5 15
      vertex -15 64.5 15
    endloop
  endfacet
  facet normal -0 0 -1
    outer loop
      vertex -15 67.5 15
      vertex -18 64.5 15
      vertex -18 67.5 15
    endloop
  endfacet
  facet normal 0 0 -1
    outer loop
      vertex -3 64.5 15
      vertex 15 67.5 15
      vertex 15 64.5 15
    endloop
  endfacet
  facet normal -0 0 -1
    outer loop
      vertex 15 67.5 15
      vertex -3 64.5 15
      vertex -3 67.5 15
    endloop
  endfacet
  facet normal -0 0 1
    outer loop
      vertex -18 67.5 5
      vertex -15 64.5 5
      vertex -15 67.5 5
    endloop
  endfacet
  facet normal 0 0 1
    outer loop
      vertex -15 64.5 5
      vertex -18 67.5 5
      vertex -18 64.5 5
    endloop
  endfacet
  facet normal -0 0 1
    outer loop
      vertex -3 67.5 5
      vertex 15 64.5 5
      vertex 15 67.5 5
    endloop
  endfacet
  facet normal 0 0 1
    outer loop
      vertex 15 64.5 5
      vertex -3 67.5 5
      vertex -3 64.5 5
    endloop
  endfacet
  facet normal 0 1 -0
    outer loop
      vertex -15 64.5 5
      vertex -18 64.5 15
      vertex -15 64.5 15
    endloop
  endfacet
  facet normal 0 1 0
    outer loop
      vertex -18 64.5 15
      vertex -15 64.5 5
      vertex -18 64.5 5
    endloop
  endfacet
  facet normal 0 1 -0
    outer loop
      vertex 15 64.5 5
      vertex -3 64.5 15
      vertex 15 64.5 15
    endloop
  endfacet
  facet normal 0 1 0
    outer loop
      vertex -3 64.5 15
      vertex 15 64.5 5
      vertex -3 64.5 5
    endloop
  endfacet
endsolid OpenSCAD_Model
