solid OpenSCAD_Model
  facet normal 0 -1 0
    outer loop
      vertex -74 -67 18
      vertex 74 -67 21
      vertex -74 -67 21
    endloop
  endfacet
  facet normal 0 -1 -0
    outer loop
      vertex 74 -67 21
      vertex -74 -67 18
      vertex 74 -67 18
    endloop
  endfacet
  facet normal 0.0436018 -0.999049 0
    outer loop
      vertex 74 -67 18
      vertex 76.2661 -66.9011 21
      vertex 74 -67 21
    endloop
  endfacet
  facet normal 0.0436018 -0.999049 0
    outer loop
      vertex 76.2661 -66.9011 21
      vertex 74 -67 18
      vertex 76.2661 -66.9011 18
    endloop
  endfacet
  facet normal 0.130549 -0.991442 0
    outer loop
      vertex 76.2661 -66.9011 18
      vertex 78.5148 -66.605 21
      vertex 76.2661 -66.9011 21
    endloop
  endfacet
  facet normal 0.130549 -0.991442 0
    outer loop
      vertex 78.5148 -66.605 21
      vertex 76.2661 -66.9011 18
      vertex 78.5148 -66.605 18
    endloop
  endfacet
  facet normal -0.0436018 0.999049 0
    outer loop
      vertex -74 67 18
      vertex -76.2661 66.9011 21
      vertex -74 67 21
    endloop
  endfacet
  facet normal -0.0436018 0.999049 0
    outer loop
      vertex -76.2661 66.9011 21
      vertex -74 67 18
      vertex -76.2661 66.9011 18
    endloop
  endfacet
  facet normal 0.0436018 0.999049 -0
    outer loop
      vertex 76.2661 66.9011 18
      vertex 74 67 21
      vertex 76.2661 66.9011 21
    endloop
  endfacet
  facet normal 0.0436018 0.999049 0
    outer loop
      vertex 74 67 21
      vertex 76.2661 66.9011 18
      vertex 74 67 18
    endloop
  endfacet
  facet normal 0 1 -0
    outer loop
      vertex 74 67 18
      vertex -74 67 21
      vertex 74 67 21
    endloop
  endfacet
  facet normal 0 1 0
    outer loop
      vertex -74 67 21
      vertex 74 67 18
      vertex -74 67 18
    endloop
  endfacet
  facet normal -0.9763 -0.216422 0
    outer loop
      vertex -99.1141 -47.7293 18
      vertex -99.605 -45.5148 21
      vertex -99.605 -45.5148 18
    endloop
  endfacet
  facet normal -0.9763 -0.216422 0
    outer loop
      vertex -99.605 -45.5148 21
      vertex -99.1141 -47.7293 18
      vertex -99.1141 -47.7293 21
    endloop
  endfacet
  facet normal -0.300724 -0.953711 0
    outer loop
      vertex -82.8925 -65.432 18
      vertex -80.7293 -66.1141 21
      vertex -82.8925 -65.432 21
    endloop
  endfacet
  facet normal -0.300724 -0.953711 -0
    outer loop
      vertex -80.7293 -66.1141 21
      vertex -82.8925 -65.432 18
      vertex -80.7293 -66.1141 18
    endloop
  endfacet
  facet normal -0.461739 -0.887016 0
    outer loop
      vertex -87 -63.5167 18
      vertex -84.9881 -64.564 21
      vertex -87 -63.5167 21
    endloop
  endfacet
  facet normal -0.461739 -0.887016 -0
    outer loop
      vertex -84.9881 -64.564 21
      vertex -87 -63.5167 18
      vertex -84.9881 -64.564 18
    endloop
  endfacet
  facet normal 0.999049 -0.0436018 0
    outer loop
      vertex 99.9011 -43.2661 21
      vertex 100 -41 18
      vertex 100 -41 21
    endloop
  endfacet
  facet normal 0.999049 -0.0436018 0
    outer loop
      vertex 100 -41 18
      vertex 99.9011 -43.2661 21
      vertex 99.9011 -43.2661 18
    endloop
  endfacet
  facet normal 0.675595 0.737273 -0
    outer loop
      vertex 92.3848 59.3848 18
      vertex 90.7125 60.9172 21
      vertex 92.3848 59.3848 21
    endloop
  endfacet
  facet normal 0.675595 0.737273 0
    outer loop
      vertex 90.7125 60.9172 21
      vertex 92.3848 59.3848 18
      vertex 90.7125 60.9172 18
    endloop
  endfacet
  facet normal -0.953711 0.300724 0
    outer loop
      vertex -99.1141 47.7293 18
      vertex -98.432 49.8925 21
      vertex -98.432 49.8925 18
    endloop
  endfacet
  facet normal -0.953711 0.300724 0
    outer loop
      vertex -98.432 49.8925 21
      vertex -99.1141 47.7293 18
      vertex -99.1141 47.7293 21
    endloop
  endfacet
  facet normal -0.999049 -0.0436018 0
    outer loop
      vertex -99.9011 -43.2661 18
      vertex -100 -41 21
      vertex -100 -41 18
    endloop
  endfacet
  facet normal -0.999049 -0.0436018 0
    outer loop
      vertex -100 -41 21
      vertex -99.9011 -43.2661 18
      vertex -99.9011 -43.2661 21
    endloop
  endfacet
  facet normal 0 0 1
    outer loop
      vertex 85.3185 40.1764 21
      vertex 100 41 21
      vertex 99.9011 43.2661 21
    endloop
  endfacet
  facet normal 0 0 1
    outer loop
      vertex 100 41 21
      vertex 86 35 21
      vertex 100 -41 21
    endloop
  endfacet
  facet normal 0 0 1
    outer loop
      vertex 84.7939 41.8404 21
      vertex 99.9011 43.2661 21
      vertex 99.605 45.5148 21
    endloop
  endfacet
  facet normal -0 0 1
    outer loop
      vertex 86 -35 21
      vertex 100 -41 21
      vertex 86 35 21
    endloop
  endfacet
  facet normal 0 0 1
    outer loop
      vertex 84.7939 41.8404 21
      vertex 99.605 45.5148 21
      vertex 99.1141 47.7293 21
    endloop
  endfacet
  facet normal -0 0 1
    outer loop
      vertex 85.9239 -36.7431 21
      vertex 100 -41 21
      vertex 86 -35 21
    endloop
  endfacet
  facet normal 0 0 1
    outer loop
      vertex 84.1262 43.4524 21
      vertex 99.1141 47.7293 21
      vertex 98.432 49.8925 21
    endloop
  endfacet
  facet normal -0 0 1
    outer loop
      vertex 85.6962 -38.473 21
      vertex 100 -41 21
      vertex 85.9239 -36.7431 21
    endloop
  endfacet
  facet normal 0 0 1
    outer loop
      vertex 84.1262 43.4524 21
      vertex 98.432 49.8925 21
      vertex 97.564 51.9881 21
    endloop
  endfacet
  facet normal -0 0 1
    outer loop
      vertex 85.3185 -40.1764 21
      vertex 100 -41 21
      vertex 85.6962 -38.473 21
    endloop
  endfacet
  facet normal 0 0 1
    outer loop
      vertex 83.3205 45 21
      vertex 97.564 51.9881 21
      vertex 96.5167 54 21
    endloop
  endfacet
  facet normal 0 0 1
    outer loop
      vertex 100 -41 21
      vertex 85.3185 -40.1764 21
      vertex 99.9011 -43.2661 21
    endloop
  endfacet
  facet normal 0 0 1
    outer loop
      vertex 82.383 46.4715 21
      vertex 96.5167 54 21
      vertex 95.298 55.913 21
    endloop
  endfacet
  facet normal -0 0 1
    outer loop
      vertex 84.7939 -41.8404 21
      vertex 99.9011 -43.2661 21
      vertex 85.3185 -40.1764 21
    endloop
  endfacet
  facet normal 0 0 1
    outer loop
      vertex 82.383 46.4715 21
      vertex 95.298 55.913 21
      vertex 93.9172 57.7125 21
    endloop
  endfacet
  facet normal 0 0 1
    outer loop
      vertex 99.9011 -43.2661 21
      vertex 84.7939 -41.8404 21
      vertex 99.605 -45.5148 21
    endloop
  endfacet
  facet normal 0 0 1
    outer loop
      vertex 81.3209 47.8558 21
      vertex 93.9172 57.7125 21
      vertex 92.3848 59.3848 21
    endloop
  endfacet
  facet normal 0 0 1
    outer loop
      vertex 99.605 -45.5148 21
      vertex 84.7939 -41.8404 21
      vertex 99.1141 -47.7293 21
    endloop
  endfacet
  facet normal 0 0 1
    outer loop
      vertex 80.1421 49.1421 21
      vertex 92.3848 59.3848 21
      vertex 90.7125 60.9172 21
    endloop
  endfacet
  facet normal -0 0 1
    outer loop
      vertex 84.1262 -43.4524 21
      vertex 99.1141 -47.7293 21
      vertex 84.7939 -41.8404 21
    endloop
  endfacet
  facet normal 0 0 1
    outer loop
      vertex 80.1421 49.1421 21
      vertex 90.7125 60.9172 21
      vertex 88.913 62.298 21
    endloop
  endfacet
  facet normal 0 0 1
    outer loop
      vertex 99.1141 -47.7293 21
      vertex 84.1262 -43.4524 21
      vertex 98.432 -49.8925 21
    endloop
  endfacet
  facet normal 0 0 1
    outer loop
      vertex 78.8558 50.3209 21
      vertex 88.913 62.298 21
      vertex 87 63.5167 21
    endloop
  endfacet
  facet normal 0 0 1
    outer loop
      vertex 98.432 -49.8925 21
      vertex 84.1262 -43.4524 21
      vertex 97.564 -51.9881 21
    endloop
  endfacet
  facet normal -0 0 1
    outer loop
      vertex 83.3205 -45 21
      vertex 97.564 -51.9881 21
      vertex 84.1262 -43.4524 21
    endloop
  endfacet
  facet normal 0 0 1
    outer loop
      vertex 100 41 21
      vertex 85.9239 36.7431 21
      vertex 86 35 21
    endloop
  endfacet
  facet normal 0 0 1
    outer loop
      vertex 100 41 21
      vertex 85.6962 38.473 21
      vertex 85.9239 36.7431 21
    endloop
  endfacet
  facet normal 0 0 1
    outer loop
      vertex 100 41 21
      vertex 85.3185 40.1764 21
      vertex 85.6962 38.473 21
    endloop
  endfacet
  facet normal 0 0 1
    outer loop
      vertex 77.4715 51.383 21
      vertex 87 63.5167 21
      vertex 84.9881 64.564 21
    endloop
  endfacet
  facet normal 0 0 1
    outer loop
      vertex 99.9011 43.2661 21
      vertex 84.7939 41.8404 21
      vertex 85.3185 40.1764 21
    endloop
  endfacet
  facet normal 0 0 1
    outer loop
      vertex 99.1141 47.7293 21
      vertex 84.1262 43.4524 21
      vertex 84.7939 41.8404 21
    endloop
  endfacet
  facet normal 0 0 1
    outer loop
      vertex 97.564 51.9881 21
      vertex 83.3205 45 21
      vertex 84.1262 43.4524 21
    endloop
  endfacet
  facet normal 0 0 1
    outer loop
      vertex 77.4715 51.383 21
      vertex 84.9881 64.564 21
      vertex 82.8925 65.432 21
    endloop
  endfacet
  facet normal 0 0 1
    outer loop
      vertex 96.5167 54 21
      vertex 82.383 46.4715 21
      vertex 83.3205 45 21
    endloop
  endfacet
  facet normal 0 0 1
    outer loop
      vertex 93.9172 57.7125 21
      vertex 81.3209 47.8558 21
      vertex 82.383 46.4715 21
    endloop
  endfacet
  facet normal 0 0 1
    outer loop
      vertex 76 52.3205 21
      vertex 82.8925 65.432 21
      vertex 80.7293 66.1141 21
    endloop
  endfacet
  facet normal 0 0 1
    outer loop
      vertex 92.3848 59.3848 21
      vertex 80.1421 49.1421 21
      vertex 81.3209 47.8558 21
    endloop
  endfacet
  facet normal 0 0 1
    outer loop
      vertex 88.913 62.298 21
      vertex 78.8558 50.3209 21
      vertex 80.1421 49.1421 21
    endloop
  endfacet
  facet normal 0 0 1
    outer loop
      vertex 74.4524 53.1262 21
      vertex 80.7293 66.1141 21
      vertex 78.5148 66.605 21
    endloop
  endfacet
  facet normal 0 0 1
    outer loop
      vertex 87 63.5167 21
      vertex 77.4715 51.383 21
      vertex 78.8558 50.3209 21
    endloop
  endfacet
  facet normal 0 0 1
    outer loop
      vertex 74.4524 53.1262 21
      vertex 78.5148 66.605 21
      vertex 76.2661 66.9011 21
    endloop
  endfacet
  facet normal 0 0 1
    outer loop
      vertex 82.8925 65.432 21
      vertex 76 52.3205 21
      vertex 77.4715 51.383 21
    endloop
  endfacet
  facet normal 0 0 1
    outer loop
      vertex 80.7293 66.1141 21
      vertex 74.4524 53.1262 21
      vertex 76 52.3205 21
    endloop
  endfacet
  facet normal 0 0 1
    outer loop
      vertex 72.8404 53.7939 21
      vertex 76.2661 66.9011 21
      vertex 74 67 21
    endloop
  endfacet
  facet normal 0 0 1
    outer loop
      vertex 76.2661 66.9011 21
      vertex 72.8404 53.7939 21
      vertex 74.4524 53.1262 21
    endloop
  endfacet
  facet normal 0 0 1
    outer loop
      vertex 74 67 21
      vertex 71.1764 54.3185 21
      vertex 72.8404 53.7939 21
    endloop
  endfacet
  facet normal 0 0 1
    outer loop
      vertex 74 67 21
      vertex 69.473 54.6962 21
      vertex 71.1764 54.3185 21
    endloop
  endfacet
  facet normal 0 0 1
    outer loop
      vertex 74 67 21
      vertex 67.7431 54.9239 21
      vertex 69.473 54.6962 21
    endloop
  endfacet
  facet normal 0 0 1
    outer loop
      vertex 74 67 21
      vertex 66 55 21
      vertex 67.7431 54.9239 21
    endloop
  endfacet
  facet normal 0 0 1
    outer loop
      vertex 74 67 21
      vertex -66 55 21
      vertex 66 55 21
    endloop
  endfacet
  facet normal -0 0 1
    outer loop
      vertex -74 67 21
      vertex -66 55 21
      vertex 74 67 21
    endloop
  endfacet
  facet normal 0 0 1
    outer loop
      vertex -66 55 21
      vertex -74 67 21
      vertex -67.7431 54.9239 21
    endloop
  endfacet
  facet normal 0 0 1
    outer loop
      vertex -74 67 21
      vertex -69.473 54.6962 21
      vertex -67.7431 54.9239 21
    endloop
  endfacet
  facet normal 0 0 1
    outer loop
      vertex -74 67 21
      vertex -71.1764 54.3185 21
      vertex -69.473 54.6962 21
    endloop
  endfacet
  facet normal 0 0 1
    outer loop
      vertex -74 67 21
      vertex -72.8404 53.7939 21
      vertex -71.1764 54.3185 21
    endloop
  endfacet
  facet normal -0 0 1
    outer loop
      vertex -76.2661 66.9011 21
      vertex -72.8404 53.7939 21
      vertex -74 67 21
    endloop
  endfacet
  facet normal 0 0 1
    outer loop
      vertex -72.8404 53.7939 21
      vertex -76.2661 66.9011 21
      vertex -74.4524 53.1262 21
    endloop
  endfacet
  facet normal -0 0 1
    outer loop
      vertex -78.5148 66.605 21
      vertex -74.4524 53.1262 21
      vertex -76.2661 66.9011 21
    endloop
  endfacet
  facet normal -0 0 1
    outer loop
      vertex -80.7293 66.1141 21
      vertex -74.4524 53.1262 21
      vertex -78.5148 66.605 21
    endloop
  endfacet
  facet normal 0 0 1
    outer loop
      vertex -74.4524 53.1262 21
      vertex -80.7293 66.1141 21
      vertex -76 52.3205 21
    endloop
  endfacet
  facet normal -0 0 1
    outer loop
      vertex -82.8925 65.432 21
      vertex -76 52.3205 21
      vertex -80.7293 66.1141 21
    endloop
  endfacet
  facet normal 0 0 1
    outer loop
      vertex -76 52.3205 21
      vertex -82.8925 65.432 21
      vertex -77.4715 51.383 21
    endloop
  endfacet
  facet normal -0 0 1
    outer loop
      vertex -84.9881 64.564 21
      vertex -77.4715 51.383 21
      vertex -82.8925 65.432 21
    endloop
  endfacet
  facet normal -0 0 1
    outer loop
      vertex -87 63.5167 21
      vertex -77.4715 51.383 21
      vertex -84.9881 64.564 21
    endloop
  endfacet
  facet normal 0 0 1
    outer loop
      vertex -77.4715 51.383 21
      vertex -87 63.5167 21
      vertex -78.8558 50.3209 21
    endloop
  endfacet
  facet normal -0 0 1
    outer loop
      vertex -88.913 62.298 21
      vertex -78.8558 50.3209 21
      vertex -87 63.5167 21
    endloop
  endfacet
  facet normal 0 0 1
    outer loop
      vertex -78.8558 50.3209 21
      vertex -88.913 62.298 21
      vertex -80.1421 49.1421 21
    endloop
  endfacet
  facet normal -0 0 1
    outer loop
      vertex -90.7125 60.9172 21
      vertex -80.1421 49.1421 21
      vertex -88.913 62.298 21
    endloop
  endfacet
  facet normal -0 0 1
    outer loop
      vertex -92.3848 59.3848 21
      vertex -80.1421 49.1421 21
      vertex -90.7125 60.9172 21
    endloop
  endfacet
  facet normal 0 0 1
    outer loop
      vertex -80.1421 49.1421 21
      vertex -92.3848 59.3848 21
      vertex -81.3209 47.8558 21
    endloop
  endfacet
  facet normal -0 0 1
    outer loop
      vertex -93.9172 57.7125 21
      vertex -81.3209 47.8558 21
      vertex -92.3848 59.3848 21
    endloop
  endfacet
  facet normal 0 0 1
    outer loop
      vertex -81.3209 47.8558 21
      vertex -93.9172 57.7125 21
      vertex -82.383 46.4715 21
    endloop
  endfacet
  facet normal -0 0 1
    outer loop
      vertex -95.298 55.913 21
      vertex -82.383 46.4715 21
      vertex -93.9172 57.7125 21
    endloop
  endfacet
  facet normal -0 0 1
    outer loop
      vertex -96.5167 54 21
      vertex -82.383 46.4715 21
      vertex -95.298 55.913 21
    endloop
  endfacet
  facet normal -0 0 1
    outer loop
      vertex -97.564 51.9881 21
      vertex -83.3205 45 21
      vertex -96.5167 54 21
    endloop
  endfacet
  facet normal 0 0 1
    outer loop
      vertex -82.383 46.4715 21
      vertex -96.5167 54 21
      vertex -83.3205 45 21
    endloop
  endfacet
  facet normal 0 0 1
    outer loop
      vertex 97.564 -51.9881 21
      vertex 83.3205 -45 21
      vertex 96.5167 -54 21
    endloop
  endfacet
  facet normal -0 0 1
    outer loop
      vertex 82.383 -46.4715 21
      vertex 96.5167 -54 21
      vertex 83.3205 -45 21
    endloop
  endfacet
  facet normal 0 0 1
    outer loop
      vertex 96.5167 -54 21
      vertex 82.383 -46.4715 21
      vertex 95.298 -55.913 21
    endloop
  endfacet
  facet normal 0 0 1
    outer loop
      vertex 95.298 -55.913 21
      vertex 82.383 -46.4715 21
      vertex 93.9172 -57.7125 21
    endloop
  endfacet
  facet normal -0 0 1
    outer loop
      vertex 81.3209 -47.8558 21
      vertex 93.9172 -57.7125 21
      vertex 82.383 -46.4715 21
    endloop
  endfacet
  facet normal 0 0 1
    outer loop
      vertex 93.9172 -57.7125 21
      vertex 81.3209 -47.8558 21
      vertex 92.3848 -59.3848 21
    endloop
  endfacet
  facet normal -0 0 1
    outer loop
      vertex 80.1421 -49.1421 21
      vertex 92.3848 -59.3848 21
      vertex 81.3209 -47.8558 21
    endloop
  endfacet
  facet normal 0 0 1
    outer loop
      vertex 92.3848 -59.3848 21
      vertex 80.1421 -49.1421 21
      vertex 90.7125 -60.9172 21
    endloop
  endfacet
  facet normal 0 0 1
    outer loop
      vertex 90.7125 -60.9172 21
      vertex 80.1421 -49.1421 21
      vertex 88.913 -62.298 21
    endloop
  endfacet
  facet normal -0 0 1
    outer loop
      vertex 78.8558 -50.3209 21
      vertex 88.913 -62.298 21
      vertex 80.1421 -49.1421 21
    endloop
  endfacet
  facet normal 0 0 1
    outer loop
      vertex 88.913 -62.298 21
      vertex 78.8558 -50.3209 21
      vertex 87 -63.5167 21
    endloop
  endfacet
  facet normal -0 0 1
    outer loop
      vertex 77.4715 -51.383 21
      vertex 87 -63.5167 21
      vertex 78.8558 -50.3209 21
    endloop
  endfacet
  facet normal 0 0 1
    outer loop
      vertex 87 -63.5167 21
      vertex 77.4715 -51.383 21
      vertex 84.9881 -64.564 21
    endloop
  endfacet
  facet normal 0 0 1
    outer loop
      vertex 84.9881 -64.564 21
      vertex 77.4715 -51.383 21
      vertex 82.8925 -65.432 21
    endloop
  endfacet
  facet normal -0 0 1
    outer loop
      vertex 76 -52.3205 21
      vertex 82.8925 -65.432 21
      vertex 77.4715 -51.383 21
    endloop
  endfacet
  facet normal 0 0 1
    outer loop
      vertex 82.8925 -65.432 21
      vertex 76 -52.3205 21
      vertex 80.7293 -66.1141 21
    endloop
  endfacet
  facet normal -0 0 1
    outer loop
      vertex 74.4524 -53.1262 21
      vertex 80.7293 -66.1141 21
      vertex 76 -52.3205 21
    endloop
  endfacet
  facet normal 0 0 1
    outer loop
      vertex 80.7293 -66.1141 21
      vertex 74.4524 -53.1262 21
      vertex 78.5148 -66.605 21
    endloop
  endfacet
  facet normal 0 0 1
    outer loop
      vertex 78.5148 -66.605 21
      vertex 74.4524 -53.1262 21
      vertex 76.2661 -66.9011 21
    endloop
  endfacet
  facet normal -0 0 1
    outer loop
      vertex 72.8404 -53.7939 21
      vertex 76.2661 -66.9011 21
      vertex 74.4524 -53.1262 21
    endloop
  endfacet
  facet normal 0 0 1
    outer loop
      vertex 76.2661 -66.9011 21
      vertex 72.8404 -53.7939 21
      vertex 74 -67 21
    endloop
  endfacet
  facet normal -0 0 1
    outer loop
      vertex 71.1764 -54.3185 21
      vertex 74 -67 21
      vertex 72.8404 -53.7939 21
    endloop
  endfacet
  facet normal -0 0 1
    outer loop
      vertex 69.473 -54.6962 21
      vertex 74 -67 21
      vertex 71.1764 -54.3185 21
    endloop
  endfacet
  facet normal -0 0 1
    outer loop
      vertex 67.7431 -54.9239 21
      vertex 74 -67 21
      vertex 69.473 -54.6962 21
    endloop
  endfacet
  facet normal -0 0 1
    outer loop
      vertex 66 -55 21
      vertex 74 -67 21
      vertex 67.7431 -54.9239 21
    endloop
  endfacet
  facet normal -0 0 1
    outer loop
      vertex -66 -55 21
      vertex 74 -67 21
      vertex 66 -55 21
    endloop
  endfacet
  facet normal 0 0 1
    outer loop
      vertex -74 -67 21
      vertex -66 -55 21
      vertex -67.7431 -54.9239 21
    endloop
  endfacet
  facet normal 0 0 1
    outer loop
      vertex -66 -55 21
      vertex -74 -67 21
      vertex 74 -67 21
    endloop
  endfacet
  facet normal 0 0 1
    outer loop
      vertex -69.473 -54.6962 21
      vertex -74 -67 21
      vertex -67.7431 -54.9239 21
    endloop
  endfacet
  facet normal 0 0 1
    outer loop
      vertex -71.1764 -54.3185 21
      vertex -74 -67 21
      vertex -69.473 -54.6962 21
    endloop
  endfacet
  facet normal 0 0 1
    outer loop
      vertex -72.8404 -53.7939 21
      vertex -74 -67 21
      vertex -71.1764 -54.3185 21
    endloop
  endfacet
  facet normal 0 0 1
    outer loop
      vertex -76.2661 -66.9011 21
      vertex -72.8404 -53.7939 21
      vertex -74.4524 -53.1262 21
    endloop
  endfacet
  facet normal 0 0 1
    outer loop
      vertex -80.7293 -66.1141 21
      vertex -74.4524 -53.1262 21
      vertex -76 -52.3205 21
    endloop
  endfacet
  facet normal 0 0 1
    outer loop
      vertex -72.8404 -53.7939 21
      vertex -76.2661 -66.9011 21
      vertex -74 -67 21
    endloop
  endfacet
  facet normal 0 0 1
    outer loop
      vertex -82.8925 -65.432 21
      vertex -76 -52.3205 21
      vertex -77.4715 -51.383 21
    endloop
  endfacet
  facet normal 0 0 1
    outer loop
      vertex -74.4524 -53.1262 21
      vertex -78.5148 -66.605 21
      vertex -76.2661 -66.9011 21
    endloop
  endfacet
  facet normal 0 0 1
    outer loop
      vertex -87 -63.5167 21
      vertex -77.4715 -51.383 21
      vertex -78.8558 -50.3209 21
    endloop
  endfacet
  facet normal 0 0 1
    outer loop
      vertex -88.913 -62.298 21
      vertex -78.8558 -50.3209 21
      vertex -80.1421 -49.1421 21
    endloop
  endfacet
  facet normal 0 0 1
    outer loop
      vertex -74.4524 -53.1262 21
      vertex -80.7293 -66.1141 21
      vertex -78.5148 -66.605 21
    endloop
  endfacet
  facet normal 0 0 1
    outer loop
      vertex -92.3848 -59.3848 21
      vertex -80.1421 -49.1421 21
      vertex -81.3209 -47.8558 21
    endloop
  endfacet
  facet normal 0 0 1
    outer loop
      vertex -93.9172 -57.7125 21
      vertex -81.3209 -47.8558 21
      vertex -82.383 -46.4715 21
    endloop
  endfacet
  facet normal 0 0 1
    outer loop
      vertex -76 -52.3205 21
      vertex -82.8925 -65.432 21
      vertex -80.7293 -66.1141 21
    endloop
  endfacet
  facet normal 0 0 1
    outer loop
      vertex -96.5167 -54 21
      vertex -82.383 -46.4715 21
      vertex -83.3205 -45 21
    endloop
  endfacet
  facet normal 0 0 1
    outer loop
      vertex -97.564 -51.9881 21
      vertex -83.3205 -45 21
      vertex -84.1262 -43.4524 21
    endloop
  endfacet
  facet normal 0 0 1
    outer loop
      vertex -99.1141 -47.7293 21
      vertex -84.1262 -43.4524 21
      vertex -84.7939 -41.8404 21
    endloop
  endfacet
  facet normal 0 0 1
    outer loop
      vertex -77.4715 -51.383 21
      vertex -84.9881 -64.564 21
      vertex -82.8925 -65.432 21
    endloop
  endfacet
  facet normal 0 0 1
    outer loop
      vertex -99.9011 -43.2661 21
      vertex -84.7939 -41.8404 21
      vertex -85.3185 -40.1764 21
    endloop
  endfacet
  facet normal 0 0 1
    outer loop
      vertex -100 -41 21
      vertex -85.3185 -40.1764 21
      vertex -85.6962 -38.473 21
    endloop
  endfacet
  facet normal 0 0 1
    outer loop
      vertex -100 -41 21
      vertex -85.6962 -38.473 21
      vertex -85.9239 -36.7431 21
    endloop
  endfacet
  facet normal 0 0 1
    outer loop
      vertex -100 -41 21
      vertex -85.9239 -36.7431 21
      vertex -86 -35 21
    endloop
  endfacet
  facet normal 0 0 1
    outer loop
      vertex -77.4715 -51.383 21
      vertex -87 -63.5167 21
      vertex -84.9881 -64.564 21
    endloop
  endfacet
  facet normal 0 0 1
    outer loop
      vertex -86 35 21
      vertex -100 41 21
      vertex -86 -35 21
    endloop
  endfacet
  facet normal 0 0 1
    outer loop
      vertex -83.3205 45 21
      vertex -97.564 51.9881 21
      vertex -84.1262 43.4524 21
    endloop
  endfacet
  facet normal 0 0 1
    outer loop
      vertex -100 -41 21
      vertex -86 -35 21
      vertex -100 41 21
    endloop
  endfacet
  facet normal -0 0 1
    outer loop
      vertex -98.432 49.8925 21
      vertex -84.1262 43.4524 21
      vertex -97.564 51.9881 21
    endloop
  endfacet
  facet normal 0 0 1
    outer loop
      vertex -85.3185 -40.1764 21
      vertex -100 -41 21
      vertex -99.9011 -43.2661 21
    endloop
  endfacet
  facet normal -0 0 1
    outer loop
      vertex -99.1141 47.7293 21
      vertex -84.1262 43.4524 21
      vertex -98.432 49.8925 21
    endloop
  endfacet
  facet normal 0 0 1
    outer loop
      vertex -78.8558 -50.3209 21
      vertex -88.913 -62.298 21
      vertex -87 -63.5167 21
    endloop
  endfacet
  facet normal 0 0 1
    outer loop
      vertex -84.1262 43.4524 21
      vertex -99.1141 47.7293 21
      vertex -84.7939 41.8404 21
    endloop
  endfacet
  facet normal 0 0 1
    outer loop
      vertex -80.1421 -49.1421 21
      vertex -90.7125 -60.9172 21
      vertex -88.913 -62.298 21
    endloop
  endfacet
  facet normal -0 0 1
    outer loop
      vertex -99.605 45.5148 21
      vertex -84.7939 41.8404 21
      vertex -99.1141 47.7293 21
    endloop
  endfacet
  facet normal 0 0 1
    outer loop
      vertex -80.1421 -49.1421 21
      vertex -92.3848 -59.3848 21
      vertex -90.7125 -60.9172 21
    endloop
  endfacet
  facet normal -0 0 1
    outer loop
      vertex -99.9011 43.2661 21
      vertex -84.7939 41.8404 21
      vertex -99.605 45.5148 21
    endloop
  endfacet
  facet normal 0 0 1
    outer loop
      vertex -81.3209 -47.8558 21
      vertex -93.9172 -57.7125 21
      vertex -92.3848 -59.3848 21
    endloop
  endfacet
  facet normal 0 0 1
    outer loop
      vertex -84.7939 41.8404 21
      vertex -99.9011 43.2661 21
      vertex -85.3185 40.1764 21
    endloop
  endfacet
  facet normal 0 0 1
    outer loop
      vertex -82.383 -46.4715 21
      vertex -95.298 -55.913 21
      vertex -93.9172 -57.7125 21
    endloop
  endfacet
  facet normal -0 0 1
    outer loop
      vertex -100 41 21
      vertex -85.3185 40.1764 21
      vertex -99.9011 43.2661 21
    endloop
  endfacet
  facet normal 0 0 1
    outer loop
      vertex -82.383 -46.4715 21
      vertex -96.5167 -54 21
      vertex -95.298 -55.913 21
    endloop
  endfacet
  facet normal 0 0 1
    outer loop
      vertex -85.3185 40.1764 21
      vertex -100 41 21
      vertex -85.6962 38.473 21
    endloop
  endfacet
  facet normal 0 0 1
    outer loop
      vertex -83.3205 -45 21
      vertex -97.564 -51.9881 21
      vertex -96.5167 -54 21
    endloop
  endfacet
  facet normal 0 0 1
    outer loop
      vertex -85.6962 38.473 21
      vertex -100 41 21
      vertex -85.9239 36.7431 21
    endloop
  endfacet
  facet normal 0 0 1
    outer loop
      vertex -84.1262 -43.4524 21
      vertex -98.432 -49.8925 21
      vertex -97.564 -51.9881 21
    endloop
  endfacet
  facet normal 0 0 1
    outer loop
      vertex -85.9239 36.7431 21
      vertex -100 41 21
      vertex -86 35 21
    endloop
  endfacet
  facet normal 0 0 1
    outer loop
      vertex -84.1262 -43.4524 21
      vertex -99.1141 -47.7293 21
      vertex -98.432 -49.8925 21
    endloop
  endfacet
  facet normal 0 0 1
    outer loop
      vertex -84.7939 -41.8404 21
      vertex -99.605 -45.5148 21
      vertex -99.1141 -47.7293 21
    endloop
  endfacet
  facet normal 0 0 1
    outer loop
      vertex -84.7939 -41.8404 21
      vertex -99.9011 -43.2661 21
      vertex -99.605 -45.5148 21
    endloop
  endfacet
  facet normal -0.991442 -0.130549 0
    outer loop
      vertex -99.605 -45.5148 18
      vertex -99.9011 -43.2661 21
      vertex -99.9011 -43.2661 18
    endloop
  endfacet
  facet normal -0.991442 -0.130549 0
    outer loop
      vertex -99.9011 -43.2661 21
      vertex -99.605 -45.5148 18
      vertex -99.605 -45.5148 21
    endloop
  endfacet
  facet normal -0.130549 -0.991442 0
    outer loop
      vertex -78.5148 -66.605 18
      vertex -76.2661 -66.9011 21
      vertex -78.5148 -66.605 21
    endloop
  endfacet
  facet normal -0.130549 -0.991442 -0
    outer loop
      vertex -76.2661 -66.9011 21
      vertex -78.5148 -66.605 18
      vertex -76.2661 -66.9011 18
    endloop
  endfacet
  facet normal -0.382674 -0.923884 0
    outer loop
      vertex -84.9881 -64.564 18
      vertex -82.8925 -65.432 21
      vertex -84.9881 -64.564 21
    endloop
  endfacet
  facet normal -0.382674 -0.923884 -0
    outer loop
      vertex -82.8925 -65.432 21
      vertex -84.9881 -64.564 18
      vertex -82.8925 -65.432 18
    endloop
  endfacet
  facet normal -0.60876 -0.793354 0
    outer loop
      vertex -90.7125 -60.9172 18
      vertex -88.913 -62.298 21
      vertex -90.7125 -60.9172 21
    endloop
  endfacet
  facet normal -0.60876 -0.793354 -0
    outer loop
      vertex -88.913 -62.298 21
      vertex -90.7125 -60.9172 18
      vertex -88.913 -62.298 18
    endloop
  endfacet
  facet normal 0.737273 -0.675595 0
    outer loop
      vertex 92.3848 -59.3848 21
      vertex 93.9172 -57.7125 18
      vertex 93.9172 -57.7125 21
    endloop
  endfacet
  facet normal 0.737273 -0.675595 0
    outer loop
      vertex 93.9172 -57.7125 18
      vertex 92.3848 -59.3848 21
      vertex 92.3848 -59.3848 18
    endloop
  endfacet
  facet normal 0.923884 -0.382674 0
    outer loop
      vertex 97.564 -51.9881 21
      vertex 98.432 -49.8925 18
      vertex 98.432 -49.8925 21
    endloop
  endfacet
  facet normal 0.923884 -0.382674 0
    outer loop
      vertex 98.432 -49.8925 18
      vertex 97.564 -51.9881 21
      vertex 97.564 -51.9881 18
    endloop
  endfacet
  facet normal 0.300724 0.953711 -0
    outer loop
      vertex 82.8925 65.432 18
      vertex 80.7293 66.1141 21
      vertex 82.8925 65.432 21
    endloop
  endfacet
  facet normal 0.300724 0.953711 0
    outer loop
      vertex 80.7293 66.1141 21
      vertex 82.8925 65.432 18
      vertex 80.7293 66.1141 18
    endloop
  endfacet
  facet normal 0.382674 0.923884 -0
    outer loop
      vertex 84.9881 64.564 18
      vertex 82.8925 65.432 21
      vertex 84.9881 64.564 21
    endloop
  endfacet
  facet normal 0.382674 0.923884 0
    outer loop
      vertex 82.8925 65.432 21
      vertex 84.9881 64.564 18
      vertex 82.8925 65.432 18
    endloop
  endfacet
  facet normal -0.537295 0.843395 0
    outer loop
      vertex -87 63.5167 18
      vertex -88.913 62.298 21
      vertex -87 63.5167 21
    endloop
  endfacet
  facet normal -0.537295 0.843395 0
    outer loop
      vertex -88.913 62.298 21
      vertex -87 63.5167 18
      vertex -88.913 62.298 18
    endloop
  endfacet
  facet normal -0.300724 0.953711 0
    outer loop
      vertex -80.7293 66.1141 18
      vertex -82.8925 65.432 21
      vertex -80.7293 66.1141 21
    endloop
  endfacet
  facet normal -0.300724 0.953711 0
    outer loop
      vertex -82.8925 65.432 21
      vertex -80.7293 66.1141 18
      vertex -82.8925 65.432 18
    endloop
  endfacet
  facet normal -0.991442 0.130549 0
    outer loop
      vertex -99.9011 43.2661 18
      vertex -99.605 45.5148 21
      vertex -99.605 45.5148 18
    endloop
  endfacet
  facet normal -0.991442 0.130549 0
    outer loop
      vertex -99.605 45.5148 21
      vertex -99.9011 43.2661 18
      vertex -99.9011 43.2661 21
    endloop
  endfacet
  facet normal -0.923884 0.382674 0
    outer loop
      vertex -98.432 49.8925 18
      vertex -97.564 51.9881 21
      vertex -97.564 51.9881 18
    endloop
  endfacet
  facet normal -0.923884 0.382674 0
    outer loop
      vertex -97.564 51.9881 21
      vertex -98.432 49.8925 18
      vertex -98.432 49.8925 21
    endloop
  endfacet
  facet normal -0.9763 0.216422 0
    outer loop
      vertex -99.605 45.5148 18
      vertex -99.1141 47.7293 21
      vertex -99.1141 47.7293 18
    endloop
  endfacet
  facet normal -0.9763 0.216422 0
    outer loop
      vertex -99.1141 47.7293 21
      vertex -99.605 45.5148 18
      vertex -99.605 45.5148 21
    endloop
  endfacet
  facet normal -0.843395 -0.537295 0
    outer loop
      vertex -95.298 -55.913 18
      vertex -96.5167 -54 21
      vertex -96.5167 -54 18
    endloop
  endfacet
  facet normal -0.843395 -0.537295 0
    outer loop
      vertex -96.5167 -54 21
      vertex -95.298 -55.913 18
      vertex -95.298 -55.913 21
    endloop
  endfacet
  facet normal -1 0 0
    outer loop
      vertex -100 -41 18
      vertex -100 41 21
      vertex -100 41 18
    endloop
  endfacet
  facet normal -1 -0 0
    outer loop
      vertex -100 41 21
      vertex -100 -41 18
      vertex -100 -41 21
    endloop
  endfacet
  facet normal -0.999049 0.0436018 0
    outer loop
      vertex -100 41 18
      vertex -99.9011 43.2661 21
      vertex -99.9011 43.2661 18
    endloop
  endfacet
  facet normal -0.999049 0.0436018 0
    outer loop
      vertex -99.9011 43.2661 21
      vertex -100 41 18
      vertex -100 41 21
    endloop
  endfacet
  facet normal -0.0436018 -0.999049 0
    outer loop
      vertex -76.2661 -66.9011 18
      vertex -74 -67 21
      vertex -76.2661 -66.9011 21
    endloop
  endfacet
  facet normal -0.0436018 -0.999049 -0
    outer loop
      vertex -74 -67 21
      vertex -76.2661 -66.9011 18
      vertex -74 -67 18
    endloop
  endfacet
  facet normal -0.216422 -0.9763 0
    outer loop
      vertex -80.7293 -66.1141 18
      vertex -78.5148 -66.605 21
      vertex -80.7293 -66.1141 21
    endloop
  endfacet
  facet normal -0.216422 -0.9763 -0
    outer loop
      vertex -78.5148 -66.605 21
      vertex -80.7293 -66.1141 18
      vertex -78.5148 -66.605 18
    endloop
  endfacet
  facet normal -0.537295 -0.843395 0
    outer loop
      vertex -88.913 -62.298 18
      vertex -87 -63.5167 21
      vertex -88.913 -62.298 21
    endloop
  endfacet
  facet normal -0.537295 -0.843395 -0
    outer loop
      vertex -87 -63.5167 21
      vertex -88.913 -62.298 18
      vertex -87 -63.5167 18
    endloop
  endfacet
  facet normal -0.737273 -0.675595 0
    outer loop
      vertex -92.3848 -59.3848 18
      vertex -93.9172 -57.7125 21
      vertex -93.9172 -57.7125 18
    endloop
  endfacet
  facet normal -0.737273 -0.675595 0
    outer loop
      vertex -93.9172 -57.7125 21
      vertex -92.3848 -59.3848 18
      vertex -92.3848 -59.3848 21
    endloop
  endfacet
  facet normal -0.675595 -0.737273 0
    outer loop
      vertex -92.3848 -59.3848 18
      vertex -90.7125 -60.9172 21
      vertex -92.3848 -59.3848 21
    endloop
  endfacet
  facet normal -0.675595 -0.737273 -0
    outer loop
      vertex -90.7125 -60.9172 21
      vertex -92.3848 -59.3848 18
      vertex -90.7125 -60.9172 18
    endloop
  endfacet
  facet normal 0.999049 0.0436018 0
    outer loop
      vertex 100 41 21
      vertex 99.9011 43.2661 18
      vertex 99.9011 43.2661 21
    endloop
  endfacet
  facet normal 0.999049 0.0436018 0
    outer loop
      vertex 99.9011 43.2661 18
      vertex 100 41 21
      vertex 100 41 18
    endloop
  endfacet
  facet normal 1 -0 0
    outer loop
      vertex 100 -41 21
      vertex 100 41 18
      vertex 100 41 21
    endloop
  endfacet
  facet normal 1 0 0
    outer loop
      vertex 100 41 18
      vertex 100 -41 21
      vertex 100 -41 18
    endloop
  endfacet
  facet normal 0.9763 -0.216422 0
    outer loop
      vertex 99.1141 -47.7293 21
      vertex 99.605 -45.5148 18
      vertex 99.605 -45.5148 21
    endloop
  endfacet
  facet normal 0.9763 -0.216422 0
    outer loop
      vertex 99.605 -45.5148 18
      vertex 99.1141 -47.7293 21
      vertex 99.1141 -47.7293 18
    endloop
  endfacet
  facet normal 0.130549 0.991442 -0
    outer loop
      vertex 78.5148 66.605 18
      vertex 76.2661 66.9011 21
      vertex 78.5148 66.605 21
    endloop
  endfacet
  facet normal 0.130549 0.991442 0
    outer loop
      vertex 76.2661 66.9011 21
      vertex 78.5148 66.605 18
      vertex 76.2661 66.9011 18
    endloop
  endfacet
  facet normal 0.216422 0.9763 -0
    outer loop
      vertex 80.7293 66.1141 18
      vertex 78.5148 66.605 21
      vertex 80.7293 66.1141 21
    endloop
  endfacet
  facet normal 0.216422 0.9763 0
    outer loop
      vertex 78.5148 66.605 21
      vertex 80.7293 66.1141 18
      vertex 78.5148 66.605 18
    endloop
  endfacet
  facet normal 0.461739 0.887016 -0
    outer loop
      vertex 87 63.5167 18
      vertex 84.9881 64.564 21
      vertex 87 63.5167 21
    endloop
  endfacet
  facet normal 0.461739 0.887016 0
    outer loop
      vertex 84.9881 64.564 21
      vertex 87 63.5167 18
      vertex 84.9881 64.564 18
    endloop
  endfacet
  facet normal 0.537295 0.843395 -0
    outer loop
      vertex 88.913 62.298 18
      vertex 87 63.5167 21
      vertex 88.913 62.298 21
    endloop
  endfacet
  facet normal 0.537295 0.843395 0
    outer loop
      vertex 87 63.5167 21
      vertex 88.913 62.298 18
      vertex 87 63.5167 18
    endloop
  endfacet
  facet normal 0.60876 0.793354 -0
    outer loop
      vertex 90.7125 60.9172 18
      vertex 88.913 62.298 21
      vertex 90.7125 60.9172 21
    endloop
  endfacet
  facet normal 0.60876 0.793354 0
    outer loop
      vertex 88.913 62.298 21
      vertex 90.7125 60.9172 18
      vertex 88.913 62.298 18
    endloop
  endfacet
  facet normal -0.461739 0.887016 0
    outer loop
      vertex -84.9881 64.564 18
      vertex -87 63.5167 21
      vertex -84.9881 64.564 21
    endloop
  endfacet
  facet normal -0.461739 0.887016 0
    outer loop
      vertex -87 63.5167 21
      vertex -84.9881 64.564 18
      vertex -87 63.5167 18
    endloop
  endfacet
  facet normal -0.887016 0.461739 0
    outer loop
      vertex -97.564 51.9881 18
      vertex -96.5167 54 21
      vertex -96.5167 54 18
    endloop
  endfacet
  facet normal -0.887016 0.461739 0
    outer loop
      vertex -96.5167 54 21
      vertex -97.564 51.9881 18
      vertex -97.564 51.9881 21
    endloop
  endfacet
  facet normal -0.793354 -0.60876 0
    outer loop
      vertex -93.9172 -57.7125 18
      vertex -95.298 -55.913 21
      vertex -95.298 -55.913 18
    endloop
  endfacet
  facet normal -0.793354 -0.60876 0
    outer loop
      vertex -95.298 -55.913 21
      vertex -93.9172 -57.7125 18
      vertex -93.9172 -57.7125 21
    endloop
  endfacet
  facet normal -0.887016 -0.461739 0
    outer loop
      vertex -96.5167 -54 18
      vertex -97.564 -51.9881 21
      vertex -97.564 -51.9881 18
    endloop
  endfacet
  facet normal -0.887016 -0.461739 0
    outer loop
      vertex -97.564 -51.9881 21
      vertex -96.5167 -54 18
      vertex -96.5167 -54 21
    endloop
  endfacet
  facet normal 0.843395 -0.537295 0
    outer loop
      vertex 95.298 -55.913 21
      vertex 96.5167 -54 18
      vertex 96.5167 -54 21
    endloop
  endfacet
  facet normal 0.843395 -0.537295 0
    outer loop
      vertex 96.5167 -54 18
      vertex 95.298 -55.913 21
      vertex 95.298 -55.913 18
    endloop
  endfacet
  facet normal 0.887016 -0.461739 0
    outer loop
      vertex 96.5167 -54 21
      vertex 97.564 -51.9881 18
      vertex 97.564 -51.9881 21
    endloop
  endfacet
  facet normal 0.887016 -0.461739 0
    outer loop
      vertex 97.564 -51.9881 18
      vertex 96.5167 -54 21
      vertex 96.5167 -54 18
    endloop
  endfacet
  facet normal 0.991442 -0.130549 0
    outer loop
      vertex 99.605 -45.5148 21
      vertex 99.9011 -43.2661 18
      vertex 99.9011 -43.2661 21
    endloop
  endfacet
  facet normal 0.991442 -0.130549 0
    outer loop
      vertex 99.9011 -43.2661 18
      vertex 99.605 -45.5148 21
      vertex 99.605 -45.5148 18
    endloop
  endfacet
  facet normal -0.737273 0.675595 0
    outer loop
      vertex -93.9172 57.7125 18
      vertex -92.3848 59.3848 21
      vertex -92.3848 59.3848 18
    endloop
  endfacet
  facet normal -0.737273 0.675595 0
    outer loop
      vertex -92.3848 59.3848 21
      vertex -93.9172 57.7125 18
      vertex -93.9172 57.7125 21
    endloop
  endfacet
  facet normal -0.793354 0.60876 0
    outer loop
      vertex -95.298 55.913 18
      vertex -93.9172 57.7125 21
      vertex -93.9172 57.7125 18
    endloop
  endfacet
  facet normal -0.793354 0.60876 0
    outer loop
      vertex -93.9172 57.7125 21
      vertex -95.298 55.913 18
      vertex -95.298 55.913 21
    endloop
  endfacet
  facet normal 0.737273 0.675595 0
    outer loop
      vertex 93.9172 57.7125 21
      vertex 92.3848 59.3848 18
      vertex 92.3848 59.3848 21
    endloop
  endfacet
  facet normal 0.737273 0.675595 0
    outer loop
      vertex 92.3848 59.3848 18
      vertex 93.9172 57.7125 21
      vertex 93.9172 57.7125 18
    endloop
  endfacet
  facet normal 0.793354 0.60876 0
    outer loop
      vertex 95.298 55.913 21
      vertex 93.9172 57.7125 18
      vertex 93.9172 57.7125 21
    endloop
  endfacet
  facet normal 0.793354 0.60876 0
    outer loop
      vertex 93.9172 57.7125 18
      vertex 95.298 55.913 21
      vertex 95.298 55.913 18
    endloop
  endfacet
  facet normal 0.843395 0.537295 0
    outer loop
      vertex 96.5167 54 21
      vertex 95.298 55.913 18
      vertex 95.298 55.913 21
    endloop
  endfacet
  facet normal 0.843395 0.537295 0
    outer loop
      vertex 95.298 55.913 18
      vertex 96.5167 54 21
      vertex 96.5167 54 18
    endloop
  endfacet
  facet normal 0.9763 0.216422 0
    outer loop
      vertex 99.605 45.5148 21
      vertex 99.1141 47.7293 18
      vertex 99.1141 47.7293 21
    endloop
  endfacet
  facet normal 0.9763 0.216422 0
    outer loop
      vertex 99.1141 47.7293 18
      vertex 99.605 45.5148 21
      vertex 99.605 45.5148 18
    endloop
  endfacet
  facet normal 0.991442 0.130549 0
    outer loop
      vertex 99.9011 43.2661 21
      vertex 99.605 45.5148 18
      vertex 99.605 45.5148 21
    endloop
  endfacet
  facet normal 0.991442 0.130549 0
    outer loop
      vertex 99.605 45.5148 18
      vertex 99.9011 43.2661 21
      vertex 99.9011 43.2661 18
    endloop
  endfacet
  facet normal 0.953711 0.300724 0
    outer loop
      vertex 99.1141 47.7293 21
      vertex 98.432 49.8925 18
      vertex 98.432 49.8925 21
    endloop
  endfacet
  facet normal 0.953711 0.300724 0
    outer loop
      vertex 98.432 49.8925 18
      vertex 99.1141 47.7293 21
      vertex 99.1141 47.7293 18
    endloop
  endfacet
  facet normal 0.887016 0.461739 0
    outer loop
      vertex 97.564 51.9881 21
      vertex 96.5167 54 18
      vertex 96.5167 54 21
    endloop
  endfacet
  facet normal 0.887016 0.461739 0
    outer loop
      vertex 96.5167 54 18
      vertex 97.564 51.9881 21
      vertex 97.564 51.9881 18
    endloop
  endfacet
  facet normal 0.793354 -0.60876 0
    outer loop
      vertex 93.9172 -57.7125 21
      vertex 95.298 -55.913 18
      vertex 95.298 -55.913 21
    endloop
  endfacet
  facet normal 0.793354 -0.60876 0
    outer loop
      vertex 95.298 -55.913 18
      vertex 93.9172 -57.7125 21
      vertex 93.9172 -57.7125 18
    endloop
  endfacet
  facet normal 0.953711 -0.300724 0
    outer loop
      vertex 98.432 -49.8925 21
      vertex 99.1141 -47.7293 18
      vertex 99.1141 -47.7293 21
    endloop
  endfacet
  facet normal 0.953711 -0.300724 0
    outer loop
      vertex 99.1141 -47.7293 18
      vertex 98.432 -49.8925 21
      vertex 98.432 -49.8925 18
    endloop
  endfacet
  facet normal 0.60876 -0.793354 0
    outer loop
      vertex 88.913 -62.298 18
      vertex 90.7125 -60.9172 21
      vertex 88.913 -62.298 21
    endloop
  endfacet
  facet normal 0.60876 -0.793354 0
    outer loop
      vertex 90.7125 -60.9172 21
      vertex 88.913 -62.298 18
      vertex 90.7125 -60.9172 18
    endloop
  endfacet
  facet normal 0.675595 -0.737273 0
    outer loop
      vertex 90.7125 -60.9172 18
      vertex 92.3848 -59.3848 21
      vertex 90.7125 -60.9172 21
    endloop
  endfacet
  facet normal 0.675595 -0.737273 0
    outer loop
      vertex 92.3848 -59.3848 21
      vertex 90.7125 -60.9172 18
      vertex 92.3848 -59.3848 18
    endloop
  endfacet
  facet normal 0.461739 -0.887016 0
    outer loop
      vertex 84.9881 -64.564 18
      vertex 87 -63.5167 21
      vertex 84.9881 -64.564 21
    endloop
  endfacet
  facet normal 0.461739 -0.887016 0
    outer loop
      vertex 87 -63.5167 21
      vertex 84.9881 -64.564 18
      vertex 87 -63.5167 18
    endloop
  endfacet
  facet normal 0.382674 -0.923884 0
    outer loop
      vertex 82.8925 -65.432 18
      vertex 84.9881 -64.564 21
      vertex 82.8925 -65.432 21
    endloop
  endfacet
  facet normal 0.382674 -0.923884 0
    outer loop
      vertex 84.9881 -64.564 21
      vertex 82.8925 -65.432 18
      vertex 84.9881 -64.564 18
    endloop
  endfacet
  facet normal 0.300724 -0.953711 0
    outer loop
      vertex 80.7293 -66.1141 18
      vertex 82.8925 -65.432 21
      vertex 80.7293 -66.1141 21
    endloop
  endfacet
  facet normal 0.300724 -0.953711 0
    outer loop
      vertex 82.8925 -65.432 21
      vertex 80.7293 -66.1141 18
      vertex 82.8925 -65.432 18
    endloop
  endfacet
  facet normal 0.216422 -0.9763 0
    outer loop
      vertex 78.5148 -66.605 18
      vertex 80.7293 -66.1141 21
      vertex 78.5148 -66.605 21
    endloop
  endfacet
  facet normal 0.216422 -0.9763 0
    outer loop
      vertex 80.7293 -66.1141 21
      vertex 78.5148 -66.605 18
      vertex 80.7293 -66.1141 18
    endloop
  endfacet
  facet normal -0.675595 0.737273 0
    outer loop
      vertex -90.7125 60.9172 18
      vertex -92.3848 59.3848 21
      vertex -90.7125 60.9172 21
    endloop
  endfacet
  facet normal -0.675595 0.737273 0
    outer loop
      vertex -92.3848 59.3848 21
      vertex -90.7125 60.9172 18
      vertex -92.3848 59.3848 18
    endloop
  endfacet
  facet normal -0.60876 0.793354 0
    outer loop
      vertex -88.913 62.298 18
      vertex -90.7125 60.9172 21
      vertex -88.913 62.298 21
    endloop
  endfacet
  facet normal -0.60876 0.793354 0
    outer loop
      vertex -90.7125 60.9172 21
      vertex -88.913 62.298 18
      vertex -90.7125 60.9172 18
    endloop
  endfacet
  facet normal -0.843395 0.537295 0
    outer loop
      vertex -96.5167 54 18
      vertex -95.298 55.913 21
      vertex -95.298 55.913 18
    endloop
  endfacet
  facet normal -0.843395 0.537295 0
    outer loop
      vertex -95.298 55.913 21
      vertex -96.5167 54 18
      vertex -96.5167 54 21
    endloop
  endfacet
  facet normal -0.923884 -0.382674 0
    outer loop
      vertex -97.564 -51.9881 18
      vertex -98.432 -49.8925 21
      vertex -98.432 -49.8925 18
    endloop
  endfacet
  facet normal -0.923884 -0.382674 0
    outer loop
      vertex -98.432 -49.8925 21
      vertex -97.564 -51.9881 18
      vertex -97.564 -51.9881 21
    endloop
  endfacet
  facet normal -0.953711 -0.300724 0
    outer loop
      vertex -98.432 -49.8925 18
      vertex -99.1141 -47.7293 21
      vertex -99.1141 -47.7293 18
    endloop
  endfacet
  facet normal -0.953711 -0.300724 0
    outer loop
      vertex -99.1141 -47.7293 21
      vertex -98.432 -49.8925 18
      vertex -98.432 -49.8925 21
    endloop
  endfacet
  facet normal 0.923884 0.382674 0
    outer loop
      vertex 98.432 49.8925 21
      vertex 97.564 51.9881 18
      vertex 97.564 51.9881 21
    endloop
  endfacet
  facet normal 0.923884 0.382674 0
    outer loop
      vertex 97.564 51.9881 18
      vertex 98.432 49.8925 21
      vertex 98.432 49.8925 18
    endloop
  endfacet
  facet normal 0.537295 -0.843395 0
    outer loop
      vertex 87 -63.5167 18
      vertex 88.913 -62.298 21
      vertex 87 -63.5167 21
    endloop
  endfacet
  facet normal 0.537295 -0.843395 0
    outer loop
      vertex 88.913 -62.298 21
      vertex 87 -63.5167 18
      vertex 88.913 -62.298 18
    endloop
  endfacet
  facet normal -0.382674 0.923884 0
    outer loop
      vertex -82.8925 65.432 18
      vertex -84.9881 64.564 21
      vertex -82.8925 65.432 21
    endloop
  endfacet
  facet normal -0.382674 0.923884 0
    outer loop
      vertex -84.9881 64.564 21
      vertex -82.8925 65.432 18
      vertex -84.9881 64.564 18
    endloop
  endfacet
  facet normal -0.216422 0.9763 0
    outer loop
      vertex -78.5148 66.605 18
      vertex -80.7293 66.1141 21
      vertex -78.5148 66.605 21
    endloop
  endfacet
  facet normal -0.216422 0.9763 0
    outer loop
      vertex -80.7293 66.1141 21
      vertex -78.5148 66.605 18
      vertex -80.7293 66.1141 18
    endloop
  endfacet
  facet normal -0.130549 0.991442 0
    outer loop
      vertex -76.2661 66.9011 18
      vertex -78.5148 66.605 21
      vertex -76.2661 66.9011 21
    endloop
  endfacet
  facet normal -0.130549 0.991442 0
    outer loop
      vertex -78.5148 66.605 21
      vertex -76.2661 66.9011 18
      vertex -78.5148 66.605 18
    endloop
  endfacet
  facet normal -0.216475 0.976288 0
    outer loop
      vertex 71.1764 -54.3185 18
      vertex 69.473 -54.6962 21
      vertex 71.1764 -54.3185 21
    endloop
  endfacet
  facet normal -0.216475 0.976288 0
    outer loop
      vertex 69.473 -54.6962 21
      vertex 71.1764 -54.3185 18
      vertex 69.473 -54.6962 18
    endloop
  endfacet
  facet normal 0.1305 -0.991448 0
    outer loop
      vertex -69.473 54.6962 18
      vertex -67.7431 54.9239 21
      vertex -69.473 54.6962 21
    endloop
  endfacet
  facet normal 0.1305 -0.991448 0
    outer loop
      vertex -67.7431 54.9239 21
      vertex -69.473 54.6962 18
      vertex -67.7431 54.9239 18
    endloop
  endfacet
  facet normal -0.1305 0.991448 0
    outer loop
      vertex 69.473 -54.6962 18
      vertex 67.7431 -54.9239 21
      vertex 69.473 -54.6962 21
    endloop
  endfacet
  facet normal -0.1305 0.991448 0
    outer loop
      vertex 67.7431 -54.9239 21
      vertex 69.473 -54.6962 18
      vertex 67.7431 -54.9239 18
    endloop
  endfacet
  facet normal -0.675629 -0.737242 0
    outer loop
      vertex 78.8558 50.3209 18
      vertex 80.1421 49.1421 21
      vertex 78.8558 50.3209 21
    endloop
  endfacet
  facet normal -0.675629 -0.737242 -0
    outer loop
      vertex 80.1421 49.1421 21
      vertex 78.8558 50.3209 18
      vertex 80.1421 49.1421 18
    endloop
  endfacet
  facet normal 0.675629 0.737242 -0
    outer loop
      vertex -78.8558 -50.3209 18
      vertex -80.1421 -49.1421 21
      vertex -78.8558 -50.3209 21
    endloop
  endfacet
  facet normal 0.675629 0.737242 0
    outer loop
      vertex -80.1421 -49.1421 21
      vertex -78.8558 -50.3209 18
      vertex -80.1421 -49.1421 18
    endloop
  endfacet
  facet normal 0.991448 -0.1305 0
    outer loop
      vertex -85.9239 36.7431 21
      vertex -85.6962 38.473 18
      vertex -85.6962 38.473 21
    endloop
  endfacet
  facet normal 0.991448 -0.1305 0
    outer loop
      vertex -85.6962 38.473 18
      vertex -85.9239 36.7431 21
      vertex -85.9239 36.7431 18
    endloop
  endfacet
  facet normal 0 1 -0
    outer loop
      vertex 66 -55 18
      vertex -66 -55 21
      vertex 66 -55 21
    endloop
  endfacet
  facet normal 0 1 0
    outer loop
      vertex -66 -55 21
      vertex 66 -55 18
      vertex -66 -55 18
    endloop
  endfacet
  facet normal -0.0436163 -0.999048 0
    outer loop
      vertex 66 55 18
      vertex 67.7431 54.9239 21
      vertex 66 55 21
    endloop
  endfacet
  facet normal -0.0436163 -0.999048 -0
    outer loop
      vertex 67.7431 54.9239 21
      vertex 66 55 18
      vertex 67.7431 54.9239 18
    endloop
  endfacet
  facet normal 0 -1 0
    outer loop
      vertex -66 55 18
      vertex 66 55 21
      vertex -66 55 21
    endloop
  endfacet
  facet normal 0 -1 -0
    outer loop
      vertex 66 55 21
      vertex -66 55 18
      vertex 66 55 18
    endloop
  endfacet
  facet normal 0.737242 -0.675629 0
    outer loop
      vertex -81.3209 47.8558 21
      vertex -80.1421 49.1421 18
      vertex -80.1421 49.1421 21
    endloop
  endfacet
  facet normal 0.737242 -0.675629 0
    outer loop
      vertex -80.1421 49.1421 18
      vertex -81.3209 47.8558 21
      vertex -81.3209 47.8558 18
    endloop
  endfacet
  facet normal 0.999048 -0.0436163 0
    outer loop
      vertex -86 35 21
      vertex -85.9239 36.7431 18
      vertex -85.9239 36.7431 21
    endloop
  endfacet
  facet normal 0.999048 -0.0436163 0
    outer loop
      vertex -85.9239 36.7431 18
      vertex -86 35 21
      vertex -86 35 18
    endloop
  endfacet
  facet normal -0.0436163 0.999048 0
    outer loop
      vertex 67.7431 -54.9239 18
      vertex 66 -55 21
      vertex 67.7431 -54.9239 21
    endloop
  endfacet
  facet normal -0.0436163 0.999048 0
    outer loop
      vertex 66 -55 21
      vertex 67.7431 -54.9239 18
      vertex 66 -55 18
    endloop
  endfacet
  facet normal -0.382677 -0.923882 0
    outer loop
      vertex 72.8404 53.7939 18
      vertex 74.4524 53.1262 21
      vertex 72.8404 53.7939 21
    endloop
  endfacet
  facet normal -0.382677 -0.923882 -0
    outer loop
      vertex 74.4524 53.1262 21
      vertex 72.8404 53.7939 18
      vertex 74.4524 53.1262 18
    endloop
  endfacet
  facet normal 0.0436163 -0.999048 0
    outer loop
      vertex -67.7431 54.9239 18
      vertex -66 55 21
      vertex -67.7431 54.9239 21
    endloop
  endfacet
  facet normal 0.0436163 -0.999048 0
    outer loop
      vertex -66 55 21
      vertex -67.7431 54.9239 18
      vertex -66 55 18
    endloop
  endfacet
  facet normal -0.999048 -0.0436163 0
    outer loop
      vertex 86 35 18
      vertex 85.9239 36.7431 21
      vertex 85.9239 36.7431 18
    endloop
  endfacet
  facet normal -0.999048 -0.0436163 0
    outer loop
      vertex 85.9239 36.7431 21
      vertex 86 35 18
      vertex 86 35 21
    endloop
  endfacet
  facet normal -0.999048 0.0436163 0
    outer loop
      vertex 85.9239 -36.7431 18
      vertex 86 -35 21
      vertex 86 -35 18
    endloop
  endfacet
  facet normal -0.999048 0.0436163 0
    outer loop
      vertex 86 -35 21
      vertex 85.9239 -36.7431 18
      vertex 85.9239 -36.7431 21
    endloop
  endfacet
  facet normal 0.46178 -0.886994 0
    outer loop
      vertex -76 52.3205 18
      vertex -74.4524 53.1262 21
      vertex -76 52.3205 21
    endloop
  endfacet
  facet normal 0.46178 -0.886994 0
    outer loop
      vertex -74.4524 53.1262 21
      vertex -76 52.3205 18
      vertex -74.4524 53.1262 18
    endloop
  endfacet
  facet normal 0.923882 -0.382677 0
    outer loop
      vertex -84.7939 41.8404 21
      vertex -84.1262 43.4524 18
      vertex -84.1262 43.4524 21
    endloop
  endfacet
  facet normal 0.923882 -0.382677 0
    outer loop
      vertex -84.1262 43.4524 18
      vertex -84.7939 41.8404 21
      vertex -84.7939 41.8404 18
    endloop
  endfacet
  facet normal 0.976288 -0.216475 0
    outer loop
      vertex -85.6962 38.473 21
      vertex -85.3185 40.1764 18
      vertex -85.3185 40.1764 21
    endloop
  endfacet
  facet normal 0.976288 -0.216475 0
    outer loop
      vertex -85.3185 40.1764 18
      vertex -85.6962 38.473 21
      vertex -85.6962 38.473 18
    endloop
  endfacet
  facet normal 0.953726 0.300676 0
    outer loop
      vertex -84.7939 -41.8404 21
      vertex -85.3185 -40.1764 18
      vertex -85.3185 -40.1764 21
    endloop
  endfacet
  facet normal 0.953726 0.300676 0
    outer loop
      vertex -85.3185 -40.1764 18
      vertex -84.7939 -41.8404 21
      vertex -84.7939 -41.8404 18
    endloop
  endfacet
  facet normal 1 -0 0
    outer loop
      vertex -86 -35 21
      vertex -86 35 18
      vertex -86 35 21
    endloop
  endfacet
  facet normal 1 0 0
    outer loop
      vertex -86 35 18
      vertex -86 -35 21
      vertex -86 -35 18
    endloop
  endfacet
  facet normal 0.608721 0.793384 -0
    outer loop
      vertex -77.4715 -51.383 18
      vertex -78.8558 -50.3209 21
      vertex -77.4715 -51.383 21
    endloop
  endfacet
  facet normal 0.608721 0.793384 0
    outer loop
      vertex -78.8558 -50.3209 21
      vertex -77.4715 -51.383 18
      vertex -78.8558 -50.3209 18
    endloop
  endfacet
  facet normal 0.46178 0.886994 -0
    outer loop
      vertex -74.4524 -53.1262 18
      vertex -76 -52.3205 21
      vertex -74.4524 -53.1262 21
    endloop
  endfacet
  facet normal 0.46178 0.886994 0
    outer loop
      vertex -76 -52.3205 21
      vertex -74.4524 -53.1262 18
      vertex -76 -52.3205 18
    endloop
  endfacet
  facet normal 0.1305 0.991448 -0
    outer loop
      vertex -67.7431 -54.9239 18
      vertex -69.473 -54.6962 21
      vertex -67.7431 -54.9239 21
    endloop
  endfacet
  facet normal 0.1305 0.991448 0
    outer loop
      vertex -69.473 -54.6962 21
      vertex -67.7431 -54.9239 18
      vertex -69.473 -54.6962 18
    endloop
  endfacet
  facet normal 0.300676 0.953726 -0
    outer loop
      vertex -71.1764 -54.3185 18
      vertex -72.8404 -53.7939 21
      vertex -71.1764 -54.3185 21
    endloop
  endfacet
  facet normal 0.300676 0.953726 0
    outer loop
      vertex -72.8404 -53.7939 21
      vertex -71.1764 -54.3185 18
      vertex -72.8404 -53.7939 18
    endloop
  endfacet
  facet normal -0.53732 -0.843378 0
    outer loop
      vertex 76 52.3205 18
      vertex 77.4715 51.383 21
      vertex 76 52.3205 21
    endloop
  endfacet
  facet normal -0.53732 -0.843378 -0
    outer loop
      vertex 77.4715 51.383 21
      vertex 76 52.3205 18
      vertex 77.4715 51.383 18
    endloop
  endfacet
  facet normal -0.608721 -0.793384 0
    outer loop
      vertex 77.4715 51.383 18
      vertex 78.8558 50.3209 21
      vertex 77.4715 51.383 21
    endloop
  endfacet
  facet normal -0.608721 -0.793384 -0
    outer loop
      vertex 78.8558 50.3209 21
      vertex 77.4715 51.383 18
      vertex 78.8558 50.3209 18
    endloop
  endfacet
  facet normal -0.46178 -0.886994 0
    outer loop
      vertex 74.4524 53.1262 18
      vertex 76 52.3205 21
      vertex 74.4524 53.1262 21
    endloop
  endfacet
  facet normal -0.46178 -0.886994 -0
    outer loop
      vertex 76 52.3205 21
      vertex 74.4524 53.1262 18
      vertex 76 52.3205 18
    endloop
  endfacet
  facet normal -0.216475 -0.976288 0
    outer loop
      vertex 69.473 54.6962 18
      vertex 71.1764 54.3185 21
      vertex 69.473 54.6962 21
    endloop
  endfacet
  facet normal -0.216475 -0.976288 -0
    outer loop
      vertex 71.1764 54.3185 21
      vertex 69.473 54.6962 18
      vertex 71.1764 54.3185 18
    endloop
  endfacet
  facet normal -0.1305 -0.991448 0
    outer loop
      vertex 67.7431 54.9239 18
      vertex 69.473 54.6962 21
      vertex 67.7431 54.9239 21
    endloop
  endfacet
  facet normal -0.1305 -0.991448 -0
    outer loop
      vertex 69.473 54.6962 21
      vertex 67.7431 54.9239 18
      vertex 69.473 54.6962 18
    endloop
  endfacet
  facet normal -0.300676 -0.953726 0
    outer loop
      vertex 71.1764 54.3185 18
      vertex 72.8404 53.7939 21
      vertex 71.1764 54.3185 21
    endloop
  endfacet
  facet normal -0.300676 -0.953726 -0
    outer loop
      vertex 72.8404 53.7939 21
      vertex 71.1764 54.3185 18
      vertex 72.8404 53.7939 18
    endloop
  endfacet
  facet normal -0.953726 -0.300676 0
    outer loop
      vertex 85.3185 40.1764 18
      vertex 84.7939 41.8404 21
      vertex 84.7939 41.8404 18
    endloop
  endfacet
  facet normal -0.953726 -0.300676 0
    outer loop
      vertex 84.7939 41.8404 21
      vertex 85.3185 40.1764 18
      vertex 85.3185 40.1764 21
    endloop
  endfacet
  facet normal -1 0 0
    outer loop
      vertex 86 -35 18
      vertex 86 35 21
      vertex 86 35 18
    endloop
  endfacet
  facet normal -1 -0 0
    outer loop
      vertex 86 35 21
      vertex 86 -35 18
      vertex 86 -35 21
    endloop
  endfacet
  facet normal -0.976288 -0.216475 0
    outer loop
      vertex 85.6962 38.473 18
      vertex 85.3185 40.1764 21
      vertex 85.3185 40.1764 18
    endloop
  endfacet
  facet normal -0.976288 -0.216475 0
    outer loop
      vertex 85.3185 40.1764 21
      vertex 85.6962 38.473 18
      vertex 85.6962 38.473 21
    endloop
  endfacet
  facet normal -0.886994 0.46178 0
    outer loop
      vertex 83.3205 -45 18
      vertex 84.1262 -43.4524 21
      vertex 84.1262 -43.4524 18
    endloop
  endfacet
  facet normal -0.886994 0.46178 0
    outer loop
      vertex 84.1262 -43.4524 21
      vertex 83.3205 -45 18
      vertex 83.3205 -45 21
    endloop
  endfacet
  facet normal -0.737242 0.675629 0
    outer loop
      vertex 80.1421 -49.1421 18
      vertex 81.3209 -47.8558 21
      vertex 81.3209 -47.8558 18
    endloop
  endfacet
  facet normal -0.737242 0.675629 0
    outer loop
      vertex 81.3209 -47.8558 21
      vertex 80.1421 -49.1421 18
      vertex 80.1421 -49.1421 21
    endloop
  endfacet
  facet normal -0.300676 0.953726 0
    outer loop
      vertex 72.8404 -53.7939 18
      vertex 71.1764 -54.3185 21
      vertex 72.8404 -53.7939 21
    endloop
  endfacet
  facet normal -0.300676 0.953726 0
    outer loop
      vertex 71.1764 -54.3185 21
      vertex 72.8404 -53.7939 18
      vertex 71.1764 -54.3185 18
    endloop
  endfacet
  facet normal 0.300676 -0.953726 0
    outer loop
      vertex -72.8404 53.7939 18
      vertex -71.1764 54.3185 21
      vertex -72.8404 53.7939 21
    endloop
  endfacet
  facet normal 0.300676 -0.953726 0
    outer loop
      vertex -71.1764 54.3185 21
      vertex -72.8404 53.7939 18
      vertex -71.1764 54.3185 18
    endloop
  endfacet
  facet normal 0.216475 -0.976288 0
    outer loop
      vertex -71.1764 54.3185 18
      vertex -69.473 54.6962 21
      vertex -71.1764 54.3185 21
    endloop
  endfacet
  facet normal 0.216475 -0.976288 0
    outer loop
      vertex -69.473 54.6962 21
      vertex -71.1764 54.3185 18
      vertex -69.473 54.6962 18
    endloop
  endfacet
  facet normal 0.382677 -0.923882 0
    outer loop
      vertex -74.4524 53.1262 18
      vertex -72.8404 53.7939 21
      vertex -74.4524 53.1262 21
    endloop
  endfacet
  facet normal 0.382677 -0.923882 0
    outer loop
      vertex -72.8404 53.7939 21
      vertex -74.4524 53.1262 18
      vertex -72.8404 53.7939 18
    endloop
  endfacet
  facet normal 0.608721 -0.793384 0
    outer loop
      vertex -78.8558 50.3209 18
      vertex -77.4715 51.383 21
      vertex -78.8558 50.3209 21
    endloop
  endfacet
  facet normal 0.608721 -0.793384 0
    outer loop
      vertex -77.4715 51.383 21
      vertex -78.8558 50.3209 18
      vertex -77.4715 51.383 18
    endloop
  endfacet
  facet normal 0.675629 -0.737242 0
    outer loop
      vertex -80.1421 49.1421 18
      vertex -78.8558 50.3209 21
      vertex -80.1421 49.1421 21
    endloop
  endfacet
  facet normal 0.675629 -0.737242 0
    outer loop
      vertex -78.8558 50.3209 21
      vertex -80.1421 49.1421 18
      vertex -78.8558 50.3209 18
    endloop
  endfacet
  facet normal 0.53732 -0.843378 0
    outer loop
      vertex -77.4715 51.383 18
      vertex -76 52.3205 21
      vertex -77.4715 51.383 21
    endloop
  endfacet
  facet normal 0.53732 -0.843378 0
    outer loop
      vertex -76 52.3205 21
      vertex -77.4715 51.383 18
      vertex -76 52.3205 18
    endloop
  endfacet
  facet normal 0.793384 -0.608721 0
    outer loop
      vertex -82.383 46.4715 21
      vertex -81.3209 47.8558 18
      vertex -81.3209 47.8558 21
    endloop
  endfacet
  facet normal 0.793384 -0.608721 0
    outer loop
      vertex -81.3209 47.8558 18
      vertex -82.383 46.4715 21
      vertex -82.383 46.4715 18
    endloop
  endfacet
  facet normal 0.886994 -0.46178 0
    outer loop
      vertex -84.1262 43.4524 21
      vertex -83.3205 45 18
      vertex -83.3205 45 21
    endloop
  endfacet
  facet normal 0.886994 -0.46178 0
    outer loop
      vertex -83.3205 45 18
      vertex -84.1262 43.4524 21
      vertex -84.1262 43.4524 18
    endloop
  endfacet
  facet normal 0.843378 -0.53732 0
    outer loop
      vertex -83.3205 45 21
      vertex -82.383 46.4715 18
      vertex -82.383 46.4715 21
    endloop
  endfacet
  facet normal 0.843378 -0.53732 0
    outer loop
      vertex -82.383 46.4715 18
      vertex -83.3205 45 21
      vertex -83.3205 45 18
    endloop
  endfacet
  facet normal 0.991448 0.1305 0
    outer loop
      vertex -85.6962 -38.473 21
      vertex -85.9239 -36.7431 18
      vertex -85.9239 -36.7431 21
    endloop
  endfacet
  facet normal 0.991448 0.1305 0
    outer loop
      vertex -85.9239 -36.7431 18
      vertex -85.6962 -38.473 21
      vertex -85.6962 -38.473 18
    endloop
  endfacet
  facet normal 0.976288 0.216475 0
    outer loop
      vertex -85.3185 -40.1764 21
      vertex -85.6962 -38.473 18
      vertex -85.6962 -38.473 21
    endloop
  endfacet
  facet normal 0.976288 0.216475 0
    outer loop
      vertex -85.6962 -38.473 18
      vertex -85.3185 -40.1764 21
      vertex -85.3185 -40.1764 18
    endloop
  endfacet
  facet normal 0.793384 0.608721 0
    outer loop
      vertex -81.3209 -47.8558 21
      vertex -82.383 -46.4715 18
      vertex -82.383 -46.4715 21
    endloop
  endfacet
  facet normal 0.793384 0.608721 0
    outer loop
      vertex -82.383 -46.4715 18
      vertex -81.3209 -47.8558 21
      vertex -81.3209 -47.8558 18
    endloop
  endfacet
  facet normal 0.886994 0.46178 0
    outer loop
      vertex -83.3205 -45 21
      vertex -84.1262 -43.4524 18
      vertex -84.1262 -43.4524 21
    endloop
  endfacet
  facet normal 0.886994 0.46178 0
    outer loop
      vertex -84.1262 -43.4524 18
      vertex -83.3205 -45 21
      vertex -83.3205 -45 18
    endloop
  endfacet
  facet normal 0.737242 0.675629 0
    outer loop
      vertex -80.1421 -49.1421 21
      vertex -81.3209 -47.8558 18
      vertex -81.3209 -47.8558 21
    endloop
  endfacet
  facet normal 0.737242 0.675629 0
    outer loop
      vertex -81.3209 -47.8558 18
      vertex -80.1421 -49.1421 21
      vertex -80.1421 -49.1421 18
    endloop
  endfacet
  facet normal 0.999048 0.0436163 0
    outer loop
      vertex -85.9239 -36.7431 21
      vertex -86 -35 18
      vertex -86 -35 21
    endloop
  endfacet
  facet normal 0.999048 0.0436163 0
    outer loop
      vertex -86 -35 18
      vertex -85.9239 -36.7431 21
      vertex -85.9239 -36.7431 18
    endloop
  endfacet
  facet normal 0.53732 0.843378 -0
    outer loop
      vertex -76 -52.3205 18
      vertex -77.4715 -51.383 21
      vertex -76 -52.3205 21
    endloop
  endfacet
  facet normal 0.53732 0.843378 0
    outer loop
      vertex -77.4715 -51.383 21
      vertex -76 -52.3205 18
      vertex -77.4715 -51.383 18
    endloop
  endfacet
  facet normal 0.382677 0.923882 -0
    outer loop
      vertex -72.8404 -53.7939 18
      vertex -74.4524 -53.1262 21
      vertex -72.8404 -53.7939 21
    endloop
  endfacet
  facet normal 0.382677 0.923882 0
    outer loop
      vertex -74.4524 -53.1262 21
      vertex -72.8404 -53.7939 18
      vertex -74.4524 -53.1262 18
    endloop
  endfacet
  facet normal 0.0436163 0.999048 -0
    outer loop
      vertex -66 -55 18
      vertex -67.7431 -54.9239 21
      vertex -66 -55 21
    endloop
  endfacet
  facet normal 0.0436163 0.999048 0
    outer loop
      vertex -67.7431 -54.9239 21
      vertex -66 -55 18
      vertex -67.7431 -54.9239 18
    endloop
  endfacet
  facet normal 0.216475 0.976288 -0
    outer loop
      vertex -69.473 -54.6962 18
      vertex -71.1764 -54.3185 21
      vertex -69.473 -54.6962 21
    endloop
  endfacet
  facet normal 0.216475 0.976288 0
    outer loop
      vertex -71.1764 -54.3185 21
      vertex -69.473 -54.6962 18
      vertex -71.1764 -54.3185 18
    endloop
  endfacet
  facet normal -0.793384 -0.608721 0
    outer loop
      vertex 82.383 46.4715 18
      vertex 81.3209 47.8558 21
      vertex 81.3209 47.8558 18
    endloop
  endfacet
  facet normal -0.793384 -0.608721 0
    outer loop
      vertex 81.3209 47.8558 21
      vertex 82.383 46.4715 18
      vertex 82.383 46.4715 21
    endloop
  endfacet
  facet normal -0.923882 -0.382677 0
    outer loop
      vertex 84.7939 41.8404 18
      vertex 84.1262 43.4524 21
      vertex 84.1262 43.4524 18
    endloop
  endfacet
  facet normal -0.923882 -0.382677 0
    outer loop
      vertex 84.1262 43.4524 21
      vertex 84.7939 41.8404 18
      vertex 84.7939 41.8404 21
    endloop
  endfacet
  facet normal -0.886994 -0.46178 0
    outer loop
      vertex 84.1262 43.4524 18
      vertex 83.3205 45 21
      vertex 83.3205 45 18
    endloop
  endfacet
  facet normal -0.886994 -0.46178 0
    outer loop
      vertex 83.3205 45 21
      vertex 84.1262 43.4524 18
      vertex 84.1262 43.4524 21
    endloop
  endfacet
  facet normal -0.793384 0.608721 0
    outer loop
      vertex 81.3209 -47.8558 18
      vertex 82.383 -46.4715 21
      vertex 82.383 -46.4715 18
    endloop
  endfacet
  facet normal -0.793384 0.608721 0
    outer loop
      vertex 82.383 -46.4715 21
      vertex 81.3209 -47.8558 18
      vertex 81.3209 -47.8558 21
    endloop
  endfacet
  facet normal -0.843378 0.53732 0
    outer loop
      vertex 82.383 -46.4715 18
      vertex 83.3205 -45 21
      vertex 83.3205 -45 18
    endloop
  endfacet
  facet normal -0.843378 0.53732 0
    outer loop
      vertex 83.3205 -45 21
      vertex 82.383 -46.4715 18
      vertex 82.383 -46.4715 21
    endloop
  endfacet
  facet normal -0.991448 0.1305 0
    outer loop
      vertex 85.6962 -38.473 18
      vertex 85.9239 -36.7431 21
      vertex 85.9239 -36.7431 18
    endloop
  endfacet
  facet normal -0.991448 0.1305 0
    outer loop
      vertex 85.9239 -36.7431 21
      vertex 85.6962 -38.473 18
      vertex 85.6962 -38.473 21
    endloop
  endfacet
  facet normal -0.953726 0.300676 0
    outer loop
      vertex 84.7939 -41.8404 18
      vertex 85.3185 -40.1764 21
      vertex 85.3185 -40.1764 18
    endloop
  endfacet
  facet normal -0.953726 0.300676 0
    outer loop
      vertex 85.3185 -40.1764 21
      vertex 84.7939 -41.8404 18
      vertex 84.7939 -41.8404 21
    endloop
  endfacet
  facet normal -0.976288 0.216475 0
    outer loop
      vertex 85.3185 -40.1764 18
      vertex 85.6962 -38.473 21
      vertex 85.6962 -38.473 18
    endloop
  endfacet
  facet normal -0.976288 0.216475 0
    outer loop
      vertex 85.6962 -38.473 21
      vertex 85.3185 -40.1764 18
      vertex 85.3185 -40.1764 21
    endloop
  endfacet
  facet normal -0.608721 0.793384 0
    outer loop
      vertex 78.8558 -50.3209 18
      vertex 77.4715 -51.383 21
      vertex 78.8558 -50.3209 21
    endloop
  endfacet
  facet normal -0.608721 0.793384 0
    outer loop
      vertex 77.4715 -51.383 21
      vertex 78.8558 -50.3209 18
      vertex 77.4715 -51.383 18
    endloop
  endfacet
  facet normal -0.53732 0.843378 0
    outer loop
      vertex 77.4715 -51.383 18
      vertex 76 -52.3205 21
      vertex 77.4715 -51.383 21
    endloop
  endfacet
  facet normal -0.53732 0.843378 0
    outer loop
      vertex 76 -52.3205 21
      vertex 77.4715 -51.383 18
      vertex 76 -52.3205 18
    endloop
  endfacet
  facet normal -0.675629 0.737242 0
    outer loop
      vertex 80.1421 -49.1421 18
      vertex 78.8558 -50.3209 21
      vertex 80.1421 -49.1421 21
    endloop
  endfacet
  facet normal -0.675629 0.737242 0
    outer loop
      vertex 78.8558 -50.3209 21
      vertex 80.1421 -49.1421 18
      vertex 78.8558 -50.3209 18
    endloop
  endfacet
  facet normal -0.382677 0.923882 0
    outer loop
      vertex 74.4524 -53.1262 18
      vertex 72.8404 -53.7939 21
      vertex 74.4524 -53.1262 21
    endloop
  endfacet
  facet normal -0.382677 0.923882 0
    outer loop
      vertex 72.8404 -53.7939 21
      vertex 74.4524 -53.1262 18
      vertex 72.8404 -53.7939 18
    endloop
  endfacet
  facet normal -0.46178 0.886994 0
    outer loop
      vertex 76 -52.3205 18
      vertex 74.4524 -53.1262 21
      vertex 76 -52.3205 21
    endloop
  endfacet
  facet normal -0.46178 0.886994 0
    outer loop
      vertex 74.4524 -53.1262 21
      vertex 76 -52.3205 18
      vertex 74.4524 -53.1262 18
    endloop
  endfacet
  facet normal 0.953726 -0.300676 0
    outer loop
      vertex -85.3185 40.1764 21
      vertex -84.7939 41.8404 18
      vertex -84.7939 41.8404 21
    endloop
  endfacet
  facet normal 0.953726 -0.300676 0
    outer loop
      vertex -84.7939 41.8404 18
      vertex -85.3185 40.1764 21
      vertex -85.3185 40.1764 18
    endloop
  endfacet
  facet normal 0.923882 0.382677 0
    outer loop
      vertex -84.1262 -43.4524 21
      vertex -84.7939 -41.8404 18
      vertex -84.7939 -41.8404 21
    endloop
  endfacet
  facet normal 0.923882 0.382677 0
    outer loop
      vertex -84.7939 -41.8404 18
      vertex -84.1262 -43.4524 21
      vertex -84.1262 -43.4524 18
    endloop
  endfacet
  facet normal 0.843378 0.53732 0
    outer loop
      vertex -82.383 -46.4715 21
      vertex -83.3205 -45 18
      vertex -83.3205 -45 21
    endloop
  endfacet
  facet normal 0.843378 0.53732 0
    outer loop
      vertex -83.3205 -45 18
      vertex -82.383 -46.4715 21
      vertex -82.383 -46.4715 18
    endloop
  endfacet
  facet normal -0.991448 -0.1305 0
    outer loop
      vertex 85.9239 36.7431 18
      vertex 85.6962 38.473 21
      vertex 85.6962 38.473 18
    endloop
  endfacet
  facet normal -0.991448 -0.1305 0
    outer loop
      vertex 85.6962 38.473 21
      vertex 85.9239 36.7431 18
      vertex 85.9239 36.7431 21
    endloop
  endfacet
  facet normal -0.737242 -0.675629 0
    outer loop
      vertex 81.3209 47.8558 18
      vertex 80.1421 49.1421 21
      vertex 80.1421 49.1421 18
    endloop
  endfacet
  facet normal -0.737242 -0.675629 0
    outer loop
      vertex 80.1421 49.1421 21
      vertex 81.3209 47.8558 18
      vertex 81.3209 47.8558 21
    endloop
  endfacet
  facet normal -0.843378 -0.53732 0
    outer loop
      vertex 83.3205 45 18
      vertex 82.383 46.4715 21
      vertex 82.383 46.4715 18
    endloop
  endfacet
  facet normal -0.843378 -0.53732 0
    outer loop
      vertex 82.383 46.4715 21
      vertex 83.3205 45 18
      vertex 83.3205 45 21
    endloop
  endfacet
  facet normal -0.923882 0.382677 0
    outer loop
      vertex 84.1262 -43.4524 18
      vertex 84.7939 -41.8404 21
      vertex 84.7939 -41.8404 18
    endloop
  endfacet
  facet normal -0.923882 0.382677 0
    outer loop
      vertex 84.7939 -41.8404 21
      vertex 84.1262 -43.4524 18
      vertex 84.1262 -43.4524 21
    endloop
  endfacet
  facet normal 0.999046 -0 0.043671
    outer loop
      vertex -46.0381 -63 48.8716
      vertex -46 -57 48
      vertex -46.0381 -57 48.8716
    endloop
  endfacet
  facet normal 0.999046 0 0.043671
    outer loop
      vertex -46 -57 48
      vertex -46.0381 -63 48.8716
      vertex -46 -63 48
    endloop
  endfacet
  facet normal 0.991455 -0 0.130452
    outer loop
      vertex -46.1519 -63 49.7365
      vertex -46.0381 -57 48.8716
      vertex -46.1519 -57 49.7365
    endloop
  endfacet
  facet normal 0.991455 0 0.130452
    outer loop
      vertex -46.0381 -57 48.8716
      vertex -46.1519 -63 49.7365
      vertex -46.0381 -63 48.8716
    endloop
  endfacet
  facet normal -0.999046 0 0.043671
    outer loop
      vertex -66 -63 48
      vertex -65.9619 -57 48.8716
      vertex -66 -57 48
    endloop
  endfacet
  facet normal -0.999046 0 0.043671
    outer loop
      vertex -65.9619 -57 48.8716
      vertex -66 -63 48
      vertex -65.9619 -63 48.8716
    endloop
  endfacet
  facet normal 0.043671 0 0.999046
    outer loop
      vertex -56 -57 58
      vertex -55.1284 -63 57.9619
      vertex -55.1284 -57 57.9619
    endloop
  endfacet
  facet normal 0.043671 0 0.999046
    outer loop
      vertex -55.1284 -63 57.9619
      vertex -56 -57 58
      vertex -56 -63 58
    endloop
  endfacet
  facet normal 0.737325 -0 0.675538
    outer loop
      vertex -48.9289 -63 55.0711
      vertex -48.3396 -57 54.4279
      vertex -48.9289 -57 55.0711
    endloop
  endfacet
  facet normal 0.737325 0 0.675538
    outer loop
      vertex -48.3396 -57 54.4279
      vertex -48.9289 -63 55.0711
      vertex -48.3396 -63 54.4279
    endloop
  endfacet
  facet normal -0.675538 0 0.737325
    outer loop
      vertex -63.0711 -57 55.0711
      vertex -62.4279 -63 55.6604
      vertex -62.4279 -57 55.6604
    endloop
  endfacet
  facet normal -0.675538 0 0.737325
    outer loop
      vertex -62.4279 -63 55.6604
      vertex -63.0711 -57 55.0711
      vertex -63.0711 -63 55.0711
    endloop
  endfacet
  facet normal -0.30078 0 0.953693
    outer loop
      vertex -59.4202 -57 57.3969
      vertex -58.5882 -63 57.6593
      vertex -58.5882 -57 57.6593
    endloop
  endfacet
  facet normal -0.30078 0 0.953693
    outer loop
      vertex -58.5882 -63 57.6593
      vertex -59.4202 -57 57.3969
      vertex -59.4202 -63 57.3969
    endloop
  endfacet
  facet normal 0.923902 -0 0.382629
    outer loop
      vertex -46.9369 -63 52.2262
      vertex -46.6031 -57 51.4202
      vertex -46.9369 -57 52.2262
    endloop
  endfacet
  facet normal 0.923902 0 0.382629
    outer loop
      vertex -46.6031 -57 51.4202
      vertex -46.9369 -63 52.2262
      vertex -46.6031 -63 51.4202
    endloop
  endfacet
  facet normal 0.382629 0 0.923902
    outer loop
      vertex -52.5798 -57 57.3969
      vertex -51.7738 -63 57.0631
      vertex -51.7738 -57 57.0631
    endloop
  endfacet
  facet normal 0.382629 0 0.923902
    outer loop
      vertex -51.7738 -63 57.0631
      vertex -52.5798 -57 57.3969
      vertex -52.5798 -63 57.3969
    endloop
  endfacet
  facet normal -0.130452 0 0.991455
    outer loop
      vertex -57.7365 -57 57.8481
      vertex -56.8716 -63 57.9619
      vertex -56.8716 -57 57.9619
    endloop
  endfacet
  facet normal -0.130452 0 0.991455
    outer loop
      vertex -56.8716 -63 57.9619
      vertex -57.7365 -57 57.8481
      vertex -57.7365 -63 57.8481
    endloop
  endfacet
  facet normal 0.9763 -0 0.216421
    outer loop
      vertex -46.3407 -63 50.5882
      vertex -46.1519 -57 49.7365
      vertex -46.3407 -57 50.5882
    endloop
  endfacet
  facet normal 0.9763 0 0.216421
    outer loop
      vertex -46.1519 -57 49.7365
      vertex -46.3407 -63 50.5882
      vertex -46.1519 -63 49.7365
    endloop
  endfacet
  facet normal 0.843369 -0 0.537335
    outer loop
      vertex -47.8085 -63 53.7358
      vertex -47.3397 -57 53
      vertex -47.8085 -57 53.7358
    endloop
  endfacet
  facet normal 0.843369 0 0.537335
    outer loop
      vertex -47.3397 -57 53
      vertex -47.8085 -63 53.7358
      vertex -47.3397 -63 53
    endloop
  endfacet
  facet normal 0.216421 0 0.9763
    outer loop
      vertex -54.2635 -57 57.8481
      vertex -53.4118 -63 57.6593
      vertex -53.4118 -57 57.6593
    endloop
  endfacet
  facet normal 0.216421 0 0.9763
    outer loop
      vertex -53.4118 -63 57.6593
      vertex -54.2635 -57 57.8481
      vertex -54.2635 -63 57.8481
    endloop
  endfacet
  facet normal 0.675538 0 0.737325
    outer loop
      vertex -49.5721 -57 55.6604
      vertex -48.9289 -63 55.0711
      vertex -48.9289 -57 55.0711
    endloop
  endfacet
  facet normal 0.675538 0 0.737325
    outer loop
      vertex -48.9289 -63 55.0711
      vertex -49.5721 -57 55.6604
      vertex -49.5721 -63 55.6604
    endloop
  endfacet
  facet normal -0.9763 0 0.216421
    outer loop
      vertex -65.8481 -63 49.7365
      vertex -65.6593 -57 50.5882
      vertex -65.8481 -57 49.7365
    endloop
  endfacet
  facet normal -0.9763 0 0.216421
    outer loop
      vertex -65.6593 -57 50.5882
      vertex -65.8481 -63 49.7365
      vertex -65.6593 -63 50.5882
    endloop
  endfacet
  facet normal -0.843369 0 0.537335
    outer loop
      vertex -64.6603 -63 53
      vertex -64.1915 -57 53.7358
      vertex -64.6603 -57 53
    endloop
  endfacet
  facet normal -0.843369 0 0.537335
    outer loop
      vertex -64.1915 -57 53.7358
      vertex -64.6603 -63 53
      vertex -64.1915 -63 53.7358
    endloop
  endfacet
  facet normal -0.923902 0 0.382629
    outer loop
      vertex -65.3969 -63 51.4202
      vertex -65.0631 -57 52.2262
      vertex -65.3969 -57 51.4202
    endloop
  endfacet
  facet normal -0.923902 0 0.382629
    outer loop
      vertex -65.0631 -57 52.2262
      vertex -65.3969 -63 51.4202
      vertex -65.0631 -63 52.2262
    endloop
  endfacet
  facet normal -0.887018 0 0.461735
    outer loop
      vertex -65.0631 -63 52.2262
      vertex -64.6603 -57 53
      vertex -65.0631 -57 52.2262
    endloop
  endfacet
  facet normal -0.887018 0 0.461735
    outer loop
      vertex -64.6603 -57 53
      vertex -65.0631 -63 52.2262
      vertex -64.6603 -63 53
    endloop
  endfacet
  facet normal 0 -1 0
    outer loop
      vertex -56.8716 -63 57.9619
      vertex -55.1284 -63 57.9619
      vertex -56 -63 58
    endloop
  endfacet
  facet normal 0 -1 0
    outer loop
      vertex -57.7365 -63 57.8481
      vertex -55.1284 -63 57.9619
      vertex -56.8716 -63 57.9619
    endloop
  endfacet
  facet normal 0 -1 0
    outer loop
      vertex -57.7365 -63 57.8481
      vertex -54.2635 -63 57.8481
      vertex -55.1284 -63 57.9619
    endloop
  endfacet
  facet normal 0 -1 0
    outer loop
      vertex -58.5882 -63 57.6593
      vertex -54.2635 -63 57.8481
      vertex -57.7365 -63 57.8481
    endloop
  endfacet
  facet normal 0 -1 0
    outer loop
      vertex -58.5882 -63 57.6593
      vertex -53.4118 -63 57.6593
      vertex -54.2635 -63 57.8481
    endloop
  endfacet
  facet normal 0 -1 0
    outer loop
      vertex -59.4202 -63 57.3969
      vertex -53.4118 -63 57.6593
      vertex -58.5882 -63 57.6593
    endloop
  endfacet
  facet normal 0 -1 0
    outer loop
      vertex -59.4202 -63 57.3969
      vertex -52.5798 -63 57.3969
      vertex -53.4118 -63 57.6593
    endloop
  endfacet
  facet normal 0 -1 0
    outer loop
      vertex -60.2262 -63 57.0631
      vertex -52.5798 -63 57.3969
      vertex -59.4202 -63 57.3969
    endloop
  endfacet
  facet normal 0 -1 0
    outer loop
      vertex -60.2262 -63 57.0631
      vertex -51.7738 -63 57.0631
      vertex -52.5798 -63 57.3969
    endloop
  endfacet
  facet normal 0 -1 0
    outer loop
      vertex -61 -63 56.6603
      vertex -51.7738 -63 57.0631
      vertex -60.2262 -63 57.0631
    endloop
  endfacet
  facet normal 0 -1 0
    outer loop
      vertex -61 -63 56.6603
      vertex -51 -63 56.6603
      vertex -51.7738 -63 57.0631
    endloop
  endfacet
  facet normal 0 -1 0
    outer loop
      vertex -61.7358 -63 56.1915
      vertex -51 -63 56.6603
      vertex -61 -63 56.6603
    endloop
  endfacet
  facet normal 0 -1 0
    outer loop
      vertex -61.7358 -63 56.1915
      vertex -50.2642 -63 56.1915
      vertex -51 -63 56.6603
    endloop
  endfacet
  facet normal 0 -1 0
    outer loop
      vertex -62.4279 -63 55.6604
      vertex -50.2642 -63 56.1915
      vertex -61.7358 -63 56.1915
    endloop
  endfacet
  facet normal 0 -1 0
    outer loop
      vertex -62.4279 -63 55.6604
      vertex -49.5721 -63 55.6604
      vertex -50.2642 -63 56.1915
    endloop
  endfacet
  facet normal 0 -1 0
    outer loop
      vertex -63.0711 -63 55.0711
      vertex -49.5721 -63 55.6604
      vertex -62.4279 -63 55.6604
    endloop
  endfacet
  facet normal 0 -1 0
    outer loop
      vertex -63.0711 -63 55.0711
      vertex -48.9289 -63 55.0711
      vertex -49.5721 -63 55.6604
    endloop
  endfacet
  facet normal 0 -1 0
    outer loop
      vertex -63.6604 -63 54.4279
      vertex -48.9289 -63 55.0711
      vertex -63.0711 -63 55.0711
    endloop
  endfacet
  facet normal 0 -1 0
    outer loop
      vertex -63.6604 -63 54.4279
      vertex -48.3396 -63 54.4279
      vertex -48.9289 -63 55.0711
    endloop
  endfacet
  facet normal 0 -1 0
    outer loop
      vertex -64.1915 -63 53.7358
      vertex -48.3396 -63 54.4279
      vertex -63.6604 -63 54.4279
    endloop
  endfacet
  facet normal 0 -1 0
    outer loop
      vertex -64.1915 -63 53.7358
      vertex -47.8085 -63 53.7358
      vertex -48.3396 -63 54.4279
    endloop
  endfacet
  facet normal 0 -1 0
    outer loop
      vertex -64.6603 -63 53
      vertex -47.8085 -63 53.7358
      vertex -64.1915 -63 53.7358
    endloop
  endfacet
  facet normal 0 -1 0
    outer loop
      vertex -64.6603 -63 53
      vertex -47.3397 -63 53
      vertex -47.8085 -63 53.7358
    endloop
  endfacet
  facet normal 0 -1 0
    outer loop
      vertex -65.0631 -63 52.2262
      vertex -47.3397 -63 53
      vertex -64.6603 -63 53
    endloop
  endfacet
  facet normal 0 -1 0
    outer loop
      vertex -65.0631 -63 52.2262
      vertex -46.9369 -63 52.2262
      vertex -47.3397 -63 53
    endloop
  endfacet
  facet normal 0 -1 0
    outer loop
      vertex -65.3969 -63 51.4202
      vertex -46.9369 -63 52.2262
      vertex -65.0631 -63 52.2262
    endloop
  endfacet
  facet normal 0 -1 0
    outer loop
      vertex -65.3969 -63 51.4202
      vertex -46.6031 -63 51.4202
      vertex -46.9369 -63 52.2262
    endloop
  endfacet
  facet normal 0 -1 0
    outer loop
      vertex -65.6593 -63 50.5882
      vertex -46.6031 -63 51.4202
      vertex -65.3969 -63 51.4202
    endloop
  endfacet
  facet normal 0 -1 0
    outer loop
      vertex -65.6593 -63 50.5882
      vertex -46.3407 -63 50.5882
      vertex -46.6031 -63 51.4202
    endloop
  endfacet
  facet normal 0 -1 0
    outer loop
      vertex -65.8481 -63 49.7365
      vertex -46.3407 -63 50.5882
      vertex -65.6593 -63 50.5882
    endloop
  endfacet
  facet normal 0 -1 0
    outer loop
      vertex -65.8481 -63 49.7365
      vertex -46.1519 -63 49.7365
      vertex -46.3407 -63 50.5882
    endloop
  endfacet
  facet normal 0 -1 0
    outer loop
      vertex -65.9619 -63 48.8716
      vertex -46.1519 -63 49.7365
      vertex -65.8481 -63 49.7365
    endloop
  endfacet
  facet normal 0 -1 0
    outer loop
      vertex -65.9619 -63 48.8716
      vertex -46.0381 -63 48.8716
      vertex -46.1519 -63 49.7365
    endloop
  endfacet
  facet normal 0 -1 0
    outer loop
      vertex -66 -63 48
      vertex -46.0381 -63 48.8716
      vertex -65.9619 -63 48.8716
    endloop
  endfacet
  facet normal 0 -1 0
    outer loop
      vertex -66 -63 48
      vertex -46 -63 48
      vertex -46.0381 -63 48.8716
    endloop
  endfacet
  facet normal 0 -1 0
    outer loop
      vertex -65.9619 -63 47.1284
      vertex -46 -63 48
      vertex -66 -63 48
    endloop
  endfacet
  facet normal 0 -1 0
    outer loop
      vertex -65.9619 -63 47.1284
      vertex -46.0381 -63 47.1284
      vertex -46 -63 48
    endloop
  endfacet
  facet normal 0 -1 0
    outer loop
      vertex -65.8481 -63 46.2635
      vertex -46.0381 -63 47.1284
      vertex -65.9619 -63 47.1284
    endloop
  endfacet
  facet normal 0 -1 0
    outer loop
      vertex -65.8481 -63 46.2635
      vertex -46.1519 -63 46.2635
      vertex -46.0381 -63 47.1284
    endloop
  endfacet
  facet normal 0 -1 0
    outer loop
      vertex -65.6593 -63 45.4118
      vertex -46.1519 -63 46.2635
      vertex -65.8481 -63 46.2635
    endloop
  endfacet
  facet normal 0 -1 0
    outer loop
      vertex -65.6593 -63 45.4118
      vertex -46.3407 -63 45.4118
      vertex -46.1519 -63 46.2635
    endloop
  endfacet
  facet normal 0 -1 0
    outer loop
      vertex -65.3969 -63 44.5798
      vertex -46.3407 -63 45.4118
      vertex -65.6593 -63 45.4118
    endloop
  endfacet
  facet normal 0 -1 0
    outer loop
      vertex -65.3969 -63 44.5798
      vertex -46.6031 -63 44.5798
      vertex -46.3407 -63 45.4118
    endloop
  endfacet
  facet normal 0 -1 0
    outer loop
      vertex -65.0631 -63 43.7738
      vertex -46.6031 -63 44.5798
      vertex -65.3969 -63 44.5798
    endloop
  endfacet
  facet normal 0 -1 0
    outer loop
      vertex -65.0631 -63 43.7738
      vertex -46.9369 -63 43.7738
      vertex -46.6031 -63 44.5798
    endloop
  endfacet
  facet normal 0 -1 0
    outer loop
      vertex -64.6603 -63 43
      vertex -46.9369 -63 43.7738
      vertex -65.0631 -63 43.7738
    endloop
  endfacet
  facet normal 0 -1 0
    outer loop
      vertex -64.6603 -63 43
      vertex -47.3397 -63 43
      vertex -46.9369 -63 43.7738
    endloop
  endfacet
  facet normal 0 -1 0
    outer loop
      vertex -64.1915 -63 42.2642
      vertex -47.3397 -63 43
      vertex -64.6603 -63 43
    endloop
  endfacet
  facet normal 0 -1 0
    outer loop
      vertex -64.1915 -63 42.2642
      vertex -47.8085 -63 42.2642
      vertex -47.3397 -63 43
    endloop
  endfacet
  facet normal 0 -1 0
    outer loop
      vertex -63.6604 -63 41.5721
      vertex -47.8085 -63 42.2642
      vertex -64.1915 -63 42.2642
    endloop
  endfacet
  facet normal 0 -1 0
    outer loop
      vertex -63.6604 -63 41.5721
      vertex -48.3396 -63 41.5721
      vertex -47.8085 -63 42.2642
    endloop
  endfacet
  facet normal 0 -1 0
    outer loop
      vertex -63.0711 -63 40.9289
      vertex -48.3396 -63 41.5721
      vertex -63.6604 -63 41.5721
    endloop
  endfacet
  facet normal 0 -1 0
    outer loop
      vertex -63.0711 -63 40.9289
      vertex -48.9289 -63 40.9289
      vertex -48.3396 -63 41.5721
    endloop
  endfacet
  facet normal 0 -1 0
    outer loop
      vertex -62.4279 -63 40.3396
      vertex -48.9289 -63 40.9289
      vertex -63.0711 -63 40.9289
    endloop
  endfacet
  facet normal 0 -1 0
    outer loop
      vertex -62.4279 -63 40.3396
      vertex -49.5721 -63 40.3396
      vertex -48.9289 -63 40.9289
    endloop
  endfacet
  facet normal 0 -1 0
    outer loop
      vertex -61.7358 -63 39.8085
      vertex -49.5721 -63 40.3396
      vertex -62.4279 -63 40.3396
    endloop
  endfacet
  facet normal 0 -1 0
    outer loop
      vertex -61.7358 -63 39.8085
      vertex -50.2642 -63 39.8085
      vertex -49.5721 -63 40.3396
    endloop
  endfacet
  facet normal 0 -1 0
    outer loop
      vertex -61 -63 39.3397
      vertex -50.2642 -63 39.8085
      vertex -61.7358 -63 39.8085
    endloop
  endfacet
  facet normal 0 -1 0
    outer loop
      vertex -61 -63 39.3397
      vertex -51 -63 39.3397
      vertex -50.2642 -63 39.8085
    endloop
  endfacet
  facet normal 0 -1 0
    outer loop
      vertex -60.2262 -63 38.9369
      vertex -51 -63 39.3397
      vertex -61 -63 39.3397
    endloop
  endfacet
  facet normal 0 -1 0
    outer loop
      vertex -60.2262 -63 38.9369
      vertex -51.7738 -63 38.9369
      vertex -51 -63 39.3397
    endloop
  endfacet
  facet normal 0 -1 0
    outer loop
      vertex -59.4202 -63 38.6031
      vertex -51.7738 -63 38.9369
      vertex -60.2262 -63 38.9369
    endloop
  endfacet
  facet normal 0 -1 0
    outer loop
      vertex -59.4202 -63 38.6031
      vertex -52.5798 -63 38.6031
      vertex -51.7738 -63 38.9369
    endloop
  endfacet
  facet normal 0 -1 0
    outer loop
      vertex -58.5882 -63 38.3407
      vertex -52.5798 -63 38.6031
      vertex -59.4202 -63 38.6031
    endloop
  endfacet
  facet normal 0 -1 0
    outer loop
      vertex -58.5882 -63 38.3407
      vertex -53.4118 -63 38.3407
      vertex -52.5798 -63 38.6031
    endloop
  endfacet
  facet normal 0 -1 0
    outer loop
      vertex -57.7365 -63 38.1519
      vertex -53.4118 -63 38.3407
      vertex -58.5882 -63 38.3407
    endloop
  endfacet
  facet normal 0 -1 0
    outer loop
      vertex -57.7365 -63 38.1519
      vertex -54.2635 -63 38.1519
      vertex -53.4118 -63 38.3407
    endloop
  endfacet
  facet normal 0 -1 0
    outer loop
      vertex -56.8716 -63 38.0381
      vertex -54.2635 -63 38.1519
      vertex -57.7365 -63 38.1519
    endloop
  endfacet
  facet normal 0 -1 0
    outer loop
      vertex -56.8716 -63 38.0381
      vertex -55.1284 -63 38.0381
      vertex -54.2635 -63 38.1519
    endloop
  endfacet
  facet normal -0 -1 0
    outer loop
      vertex -55.1284 -63 38.0381
      vertex -56.8716 -63 38.0381
      vertex -56 -63 38
    endloop
  endfacet
  facet normal -0.461735 0 0.887018
    outer loop
      vertex -61 -57 56.6603
      vertex -60.2262 -63 57.0631
      vertex -60.2262 -57 57.0631
    endloop
  endfacet
  facet normal -0.461735 0 0.887018
    outer loop
      vertex -60.2262 -63 57.0631
      vertex -61 -57 56.6603
      vertex -61 -63 56.6603
    endloop
  endfacet
  facet normal -0.608785 0 0.793335
    outer loop
      vertex -62.4279 -57 55.6604
      vertex -61.7358 -63 56.1915
      vertex -61.7358 -57 56.1915
    endloop
  endfacet
  facet normal -0.608785 0 0.793335
    outer loop
      vertex -61.7358 -63 56.1915
      vertex -62.4279 -57 55.6604
      vertex -62.4279 -63 55.6604
    endloop
  endfacet
  facet normal -0.043671 0 0.999046
    outer loop
      vertex -56.8716 -57 57.9619
      vertex -56 -63 58
      vertex -56 -57 58
    endloop
  endfacet
  facet normal -0.043671 0 0.999046
    outer loop
      vertex -56 -63 58
      vertex -56.8716 -57 57.9619
      vertex -56.8716 -63 57.9619
    endloop
  endfacet
  facet normal -0.843369 0 -0.537335
    outer loop
      vertex -64.1915 -63 42.2642
      vertex -64.6603 -57 43
      vertex -64.1915 -57 42.2642
    endloop
  endfacet
  facet normal -0.843369 -0 -0.537335
    outer loop
      vertex -64.6603 -57 43
      vertex -64.1915 -63 42.2642
      vertex -64.6603 -63 43
    endloop
  endfacet
  facet normal -0.953693 0 -0.30078
    outer loop
      vertex -65.3969 -63 44.5798
      vertex -65.6593 -57 45.4118
      vertex -65.3969 -57 44.5798
    endloop
  endfacet
  facet normal -0.953693 -0 -0.30078
    outer loop
      vertex -65.6593 -57 45.4118
      vertex -65.3969 -63 44.5798
      vertex -65.6593 -63 45.4118
    endloop
  endfacet
  facet normal 0 1 0
    outer loop
      vertex -56.3529 -57 40.6471
      vertex -56 -57 58
      vertex -55.1284 -57 57.9619
    endloop
  endfacet
  facet normal 0 1 0
    outer loop
      vertex -56.3529 -57 40.6471
      vertex -55.1284 -57 57.9619
      vertex -54.2635 -57 57.8481
    endloop
  endfacet
  facet normal 0 1 0
    outer loop
      vertex -56 -57 58
      vertex -56.3529 -57 40.6471
      vertex -56.8716 -57 57.9619
    endloop
  endfacet
  facet normal 0 1 0
    outer loop
      vertex -56.3529 -57 40.6471
      vertex -54.2635 -57 57.8481
      vertex -53.4118 -57 57.6593
    endloop
  endfacet
  facet normal 0 1 0
    outer loop
      vertex -56.8716 -57 57.9619
      vertex -56.3529 -57 40.6471
      vertex -57.7365 -57 57.8481
    endloop
  endfacet
  facet normal 0 1 0
    outer loop
      vertex -56.3529 -57 40.6471
      vertex -53.4118 -57 57.6593
      vertex -52.5798 -57 57.3969
    endloop
  endfacet
  facet normal 0 1 0
    outer loop
      vertex -57.7365 -57 57.8481
      vertex -56.3529 -57 40.6471
      vertex -58.5882 -57 57.6593
    endloop
  endfacet
  facet normal 0 1 0
    outer loop
      vertex -56.3529 -57 40.6471
      vertex -52.5798 -57 57.3969
      vertex -51.7738 -57 57.0631
    endloop
  endfacet
  facet normal 0 1 0
    outer loop
      vertex -58.5882 -57 57.6593
      vertex -56.3529 -57 40.6471
      vertex -59.4202 -57 57.3969
    endloop
  endfacet
  facet normal 0 1 0
    outer loop
      vertex -56.3529 -57 40.6471
      vertex -51.7738 -57 57.0631
      vertex -51 -57 56.6603
    endloop
  endfacet
  facet normal 0 1 0
    outer loop
      vertex -59.4202 -57 57.3969
      vertex -56.3529 -57 40.6471
      vertex -60.2262 -57 57.0631
    endloop
  endfacet
  facet normal 0 1 0
    outer loop
      vertex -56.3529 -57 40.6471
      vertex -51 -57 56.6603
      vertex -50.2642 -57 56.1915
    endloop
  endfacet
  facet normal 0 1 0
    outer loop
      vertex -60.2262 -57 57.0631
      vertex -56.3529 -57 40.6471
      vertex -61 -57 56.6603
    endloop
  endfacet
  facet normal 0 1 0
    outer loop
      vertex -56.3529 -57 40.6471
      vertex -50.2642 -57 56.1915
      vertex -49.5721 -57 55.6604
    endloop
  endfacet
  facet normal 0 1 0
    outer loop
      vertex -61 -57 56.6603
      vertex -56.3529 -57 40.6471
      vertex -61.7358 -57 56.1915
    endloop
  endfacet
  facet normal 0 1 0
    outer loop
      vertex -56.3529 -57 40.6471
      vertex -49.5721 -57 55.6604
      vertex -48.9289 -57 55.0711
    endloop
  endfacet
  facet normal 0 1 0
    outer loop
      vertex -61.7358 -57 56.1915
      vertex -56.3529 -57 40.6471
      vertex -62.4279 -57 55.6604
    endloop
  endfacet
  facet normal 0 1 0
    outer loop
      vertex -56.3529 -57 40.6471
      vertex -48.9289 -57 55.0711
      vertex -48.3396 -57 54.4279
    endloop
  endfacet
  facet normal 0 1 0
    outer loop
      vertex -62.4279 -57 55.6604
      vertex -56.3529 -57 40.6471
      vertex -63.0711 -57 55.0711
    endloop
  endfacet
  facet normal 0 1 0
    outer loop
      vertex -56.3529 -57 40.6471
      vertex -48.3396 -57 54.4279
      vertex -47.8085 -57 53.7358
    endloop
  endfacet
  facet normal 0 1 0
    outer loop
      vertex -63.0711 -57 55.0711
      vertex -56.3529 -57 40.6471
      vertex -63.6604 -57 54.4279
    endloop
  endfacet
  facet normal 0 1 0
    outer loop
      vertex -56.3529 -57 40.6471
      vertex -47.8085 -57 53.7358
      vertex -47.3397 -57 53
    endloop
  endfacet
  facet normal 0 1 0
    outer loop
      vertex -63.6604 -57 54.4279
      vertex -56.3529 -57 40.6471
      vertex -64.1915 -57 53.7358
    endloop
  endfacet
  facet normal 0 1 0
    outer loop
      vertex -56.3529 -57 40.6471
      vertex -47.3397 -57 53
      vertex -46.9369 -57 52.2262
    endloop
  endfacet
  facet normal 0 1 0
    outer loop
      vertex -64.1915 -57 53.7358
      vertex -56.3529 -57 40.6471
      vertex -64.6603 -57 53
    endloop
  endfacet
  facet normal 0 1 0
    outer loop
      vertex -56.3529 -57 40.6471
      vertex -46.9369 -57 52.2262
      vertex -46.6031 -57 51.4202
    endloop
  endfacet
  facet normal 0 1 0
    outer loop
      vertex -64.6603 -57 53
      vertex -56.3529 -57 40.6471
      vertex -65.0631 -57 52.2262
    endloop
  endfacet
  facet normal 0 1 0
    outer loop
      vertex -56.3529 -57 40.6471
      vertex -46.6031 -57 51.4202
      vertex -46.3407 -57 50.5882
    endloop
  endfacet
  facet normal 0 1 0
    outer loop
      vertex -65.0631 -57 52.2262
      vertex -56.3529 -57 40.6471
      vertex -65.3969 -57 51.4202
    endloop
  endfacet
  facet normal 0 1 0
    outer loop
      vertex -56.3529 -57 40.6471
      vertex -46.3407 -57 50.5882
      vertex -46.1519 -57 49.7365
    endloop
  endfacet
  facet normal 0 1 0
    outer loop
      vertex -65.3969 -57 51.4202
      vertex -56.3529 -57 40.6471
      vertex -65.6593 -57 50.5882
    endloop
  endfacet
  facet normal 0 1 0
    outer loop
      vertex -56.3529 -57 40.6471
      vertex -46.1519 -57 49.7365
      vertex -46.0381 -57 48.8716
    endloop
  endfacet
  facet normal 0 1 -0
    outer loop
      vertex -58.4082 -57 40.5092
      vertex -65.6593 -57 50.5882
      vertex -56.3529 -57 40.6471
    endloop
  endfacet
  facet normal 0 1 0
    outer loop
      vertex -56.3529 -57 40.6471
      vertex -46.0381 -57 48.8716
      vertex -46 -57 48
    endloop
  endfacet
  facet normal 0 1 0
    outer loop
      vertex -65.6593 -57 50.5882
      vertex -58.4082 -57 40.5092
      vertex -65.8481 -57 49.7365
    endloop
  endfacet
  facet normal 0 1 0
    outer loop
      vertex -56.3529 -57 40.6471
      vertex -46 -57 48
      vertex -46.0381 -57 47.1284
    endloop
  endfacet
  facet normal 0 1 0
    outer loop
      vertex -65.8481 -57 49.7365
      vertex -58.4082 -57 40.5092
      vertex -65.9619 -57 48.8716
    endloop
  endfacet
  facet normal 0 1 0
    outer loop
      vertex -56.3529 -57 40.6471
      vertex -46.0381 -57 47.1284
      vertex -46.1519 -57 46.2635
    endloop
  endfacet
  facet normal 0 1 0
    outer loop
      vertex -65.9619 -57 48.8716
      vertex -58.4082 -57 40.5092
      vertex -66 -57 48
    endloop
  endfacet
  facet normal 0 1 0
    outer loop
      vertex -56.3529 -57 40.6471
      vertex -46.1519 -57 46.2635
      vertex -46.3407 -57 45.4118
    endloop
  endfacet
  facet normal 0 1 0
    outer loop
      vertex -66 -57 48
      vertex -58.4082 -57 40.5092
      vertex -65.9619 -57 47.1284
    endloop
  endfacet
  facet normal 0 1 0
    outer loop
      vertex -56.3529 -57 40.6471
      vertex -46.3407 -57 45.4118
      vertex -46.6031 -57 44.5798
    endloop
  endfacet
  facet normal 0 1 0
    outer loop
      vertex -65.9619 -57 47.1284
      vertex -58.4082 -57 40.5092
      vertex -65.8481 -57 46.2635
    endloop
  endfacet
  facet normal 0 1 0
    outer loop
      vertex -56.3529 -57 40.6471
      vertex -46.6031 -57 44.5798
      vertex -46.9369 -57 43.7738
    endloop
  endfacet
  facet normal 0 1 0
    outer loop
      vertex -65.8481 -57 46.2635
      vertex -58.4082 -57 40.5092
      vertex -65.6593 -57 45.4118
    endloop
  endfacet
  facet normal 0 1 0
    outer loop
      vertex -56.3529 -57 40.6471
      vertex -46.9369 -57 43.7738
      vertex -47.3397 -57 43
    endloop
  endfacet
  facet normal 0 1 0
    outer loop
      vertex -65.6593 -57 45.4118
      vertex -58.4082 -57 40.5092
      vertex -65.3969 -57 44.5798
    endloop
  endfacet
  facet normal 0 1 0
    outer loop
      vertex -56.3529 -57 40.6471
      vertex -47.3397 -57 43
      vertex -47.8085 -57 42.2642
    endloop
  endfacet
  facet normal 0 1 0
    outer loop
      vertex -65.3969 -57 44.5798
      vertex -58.4082 -57 40.5092
      vertex -65.0631 -57 43.7738
    endloop
  endfacet
  facet normal 0 1 0
    outer loop
      vertex -56.3529 -57 40.6471
      vertex -47.8085 -57 42.2642
      vertex -48.3396 -57 41.5721
    endloop
  endfacet
  facet normal 0 1 0
    outer loop
      vertex -65.0631 -57 43.7738
      vertex -58.4082 -57 40.5092
      vertex -64.6603 -57 43
    endloop
  endfacet
  facet normal 0 1 0
    outer loop
      vertex -56.3529 -57 40.6471
      vertex -48.3396 -57 41.5721
      vertex -48.9289 -57 40.9289
    endloop
  endfacet
  facet normal 0 1 0
    outer loop
      vertex -64.6603 -57 43
      vertex -58.4082 -57 40.5092
      vertex -64.1915 -57 42.2642
    endloop
  endfacet
  facet normal 0 1 0
    outer loop
      vertex -56.3529 -57 40.6471
      vertex -48.9289 -57 40.9289
      vertex -49.2365 -57 40.6471
    endloop
  endfacet
  facet normal 0 1 0
    outer loop
      vertex -64.1915 -57 42.2642
      vertex -58.4082 -57 40.5092
      vertex -63.6604 -57 41.5721
    endloop
  endfacet
  facet normal 0 1 -0
    outer loop
      vertex -60.7237 -57 40.0966
      vertex -63.6604 -57 41.5721
      vertex -58.4082 -57 40.5092
    endloop
  endfacet
  facet normal 0 1 0
    outer loop
      vertex -63.6604 -57 41.5721
      vertex -60.7237 -57 40.0966
      vertex -63.0711 -57 40.9289
    endloop
  endfacet
  facet normal 0 1 0
    outer loop
      vertex -63.0711 -57 40.9289
      vertex -60.7237 -57 40.0966
      vertex -62.4279 -57 40.3396
    endloop
  endfacet
  facet normal 0 1 0
    outer loop
      vertex -62.4279 -57 40.3396
      vertex -60.7237 -57 40.0966
      vertex -61.7526 -57 39.8214
    endloop
  endfacet
  facet normal 0.043671 0 -0.999046
    outer loop
      vertex -56 -63 38
      vertex -55.1284 -58 38.0381
      vertex -55.1284 -63 38.0381
    endloop
  endfacet
  facet normal 0.043671 0 -0.999046
    outer loop
      vertex -55.1284 -58 38.0381
      vertex -56 -63 38
      vertex -56 -58 38
    endloop
  endfacet
  facet normal 0.675538 0 -0.737325
    outer loop
      vertex -49.5721 -57.1867 40.3396
      vertex -48.9289 -57 40.9289
      vertex -48.9289 -63 40.9289
    endloop
  endfacet
  facet normal 0.675538 0 -0.737325
    outer loop
      vertex -49.5721 -57.1867 40.3396
      vertex -48.9289 -63 40.9289
      vertex -49.5721 -63 40.3396
    endloop
  endfacet
  facet normal 0.675507 0.000191564 -0.737353
    outer loop
      vertex -48.9289 -57 40.9289
      vertex -49.5721 -57.1867 40.3396
      vertex -49.2365 -57 40.6471
    endloop
  endfacet
  facet normal 0.953693 -0 0.30078
    outer loop
      vertex -46.6031 -63 51.4202
      vertex -46.3407 -57 50.5882
      vertex -46.6031 -57 51.4202
    endloop
  endfacet
  facet normal 0.953693 0 0.30078
    outer loop
      vertex -46.3407 -57 50.5882
      vertex -46.6031 -63 51.4202
      vertex -46.3407 -63 50.5882
    endloop
  endfacet
  facet normal 0.793335 -0 0.608785
    outer loop
      vertex -48.3396 -63 54.4279
      vertex -47.8085 -57 53.7358
      vertex -48.3396 -57 54.4279
    endloop
  endfacet
  facet normal 0.793335 0 0.608785
    outer loop
      vertex -47.8085 -57 53.7358
      vertex -48.3396 -63 54.4279
      vertex -47.8085 -63 53.7358
    endloop
  endfacet
  facet normal 0.887018 -0 0.461735
    outer loop
      vertex -47.3397 -63 53
      vertex -46.9369 -57 52.2262
      vertex -47.3397 -57 53
    endloop
  endfacet
  facet normal 0.887018 0 0.461735
    outer loop
      vertex -46.9369 -57 52.2262
      vertex -47.3397 -63 53
      vertex -46.9369 -63 52.2262
    endloop
  endfacet
  facet normal 0.30078 0 0.953693
    outer loop
      vertex -53.4118 -57 57.6593
      vertex -52.5798 -63 57.3969
      vertex -52.5798 -57 57.3969
    endloop
  endfacet
  facet normal 0.30078 0 0.953693
    outer loop
      vertex -52.5798 -63 57.3969
      vertex -53.4118 -57 57.6593
      vertex -53.4118 -63 57.6593
    endloop
  endfacet
  facet normal 0.130452 0 0.991455
    outer loop
      vertex -55.1284 -57 57.9619
      vertex -54.2635 -63 57.8481
      vertex -54.2635 -57 57.8481
    endloop
  endfacet
  facet normal 0.130452 0 0.991455
    outer loop
      vertex -54.2635 -63 57.8481
      vertex -55.1284 -57 57.9619
      vertex -55.1284 -63 57.9619
    endloop
  endfacet
  facet normal 0.461735 0 0.887018
    outer loop
      vertex -51.7738 -57 57.0631
      vertex -51 -63 56.6603
      vertex -51 -57 56.6603
    endloop
  endfacet
  facet normal 0.461735 0 0.887018
    outer loop
      vertex -51 -63 56.6603
      vertex -51.7738 -57 57.0631
      vertex -51.7738 -63 57.0631
    endloop
  endfacet
  facet normal -0.953693 0 0.30078
    outer loop
      vertex -65.6593 -63 50.5882
      vertex -65.3969 -57 51.4202
      vertex -65.6593 -57 50.5882
    endloop
  endfacet
  facet normal -0.953693 0 0.30078
    outer loop
      vertex -65.3969 -57 51.4202
      vertex -65.6593 -63 50.5882
      vertex -65.3969 -63 51.4202
    endloop
  endfacet
  facet normal -0.991455 0 0.130452
    outer loop
      vertex -65.9619 -63 48.8716
      vertex -65.8481 -57 49.7365
      vertex -65.9619 -57 48.8716
    endloop
  endfacet
  facet normal -0.991455 0 0.130452
    outer loop
      vertex -65.8481 -57 49.7365
      vertex -65.9619 -63 48.8716
      vertex -65.8481 -63 49.7365
    endloop
  endfacet
  facet normal -0.537335 0 0.843369
    outer loop
      vertex -61.7358 -57 56.1915
      vertex -61 -63 56.6603
      vertex -61 -57 56.6603
    endloop
  endfacet
  facet normal -0.537335 0 0.843369
    outer loop
      vertex -61 -63 56.6603
      vertex -61.7358 -57 56.1915
      vertex -61.7358 -63 56.1915
    endloop
  endfacet
  facet normal -0.382629 0 0.923902
    outer loop
      vertex -60.2262 -57 57.0631
      vertex -59.4202 -63 57.3969
      vertex -59.4202 -57 57.3969
    endloop
  endfacet
  facet normal -0.382629 0 0.923902
    outer loop
      vertex -59.4202 -63 57.3969
      vertex -60.2262 -57 57.0631
      vertex -60.2262 -63 57.0631
    endloop
  endfacet
  facet normal -0.216421 0 0.9763
    outer loop
      vertex -58.5882 -57 57.6593
      vertex -57.7365 -63 57.8481
      vertex -57.7365 -57 57.8481
    endloop
  endfacet
  facet normal -0.216421 0 0.9763
    outer loop
      vertex -57.7365 -63 57.8481
      vertex -58.5882 -57 57.6593
      vertex -58.5882 -63 57.6593
    endloop
  endfacet
  facet normal 0.953693 0 -0.30078
    outer loop
      vertex -46.3407 -63 45.4118
      vertex -46.6031 -57 44.5798
      vertex -46.3407 -57 45.4118
    endloop
  endfacet
  facet normal 0.953693 0 -0.30078
    outer loop
      vertex -46.6031 -57 44.5798
      vertex -46.3407 -63 45.4118
      vertex -46.6031 -63 44.5798
    endloop
  endfacet
  facet normal 0.999046 0 -0.043671
    outer loop
      vertex -46 -63 48
      vertex -46.0381 -57 47.1284
      vertex -46 -57 48
    endloop
  endfacet
  facet normal 0.999046 0 -0.043671
    outer loop
      vertex -46.0381 -57 47.1284
      vertex -46 -63 48
      vertex -46.0381 -63 47.1284
    endloop
  endfacet
  facet normal -0.887018 0 -0.461735
    outer loop
      vertex -64.6603 -63 43
      vertex -65.0631 -57 43.7738
      vertex -64.6603 -57 43
    endloop
  endfacet
  facet normal -0.887018 -0 -0.461735
    outer loop
      vertex -65.0631 -57 43.7738
      vertex -64.6603 -63 43
      vertex -65.0631 -63 43.7738
    endloop
  endfacet
  facet normal -0.737325 0 -0.675538
    outer loop
      vertex -63.0711 -63 40.9289
      vertex -63.6604 -57 41.5721
      vertex -63.0711 -57 40.9289
    endloop
  endfacet
  facet normal -0.737325 -0 -0.675538
    outer loop
      vertex -63.6604 -57 41.5721
      vertex -63.0711 -63 40.9289
      vertex -63.6604 -63 41.5721
    endloop
  endfacet
  facet normal -0.923902 0 -0.382629
    outer loop
      vertex -65.0631 -63 43.7738
      vertex -65.3969 -57 44.5798
      vertex -65.0631 -57 43.7738
    endloop
  endfacet
  facet normal -0.923902 -0 -0.382629
    outer loop
      vertex -65.3969 -57 44.5798
      vertex -65.0631 -63 43.7738
      vertex -65.3969 -63 44.5798
    endloop
  endfacet
  facet normal -0.991455 0 -0.130452
    outer loop
      vertex -65.8481 -63 46.2635
      vertex -65.9619 -57 47.1284
      vertex -65.8481 -57 46.2635
    endloop
  endfacet
  facet normal -0.991455 -0 -0.130452
    outer loop
      vertex -65.9619 -57 47.1284
      vertex -65.8481 -63 46.2635
      vertex -65.9619 -63 47.1284
    endloop
  endfacet
  facet normal -0.9763 0 -0.216421
    outer loop
      vertex -65.6593 -63 45.4118
      vertex -65.8481 -57 46.2635
      vertex -65.6593 -57 45.4118
    endloop
  endfacet
  facet normal -0.9763 -0 -0.216421
    outer loop
      vertex -65.8481 -57 46.2635
      vertex -65.6593 -63 45.4118
      vertex -65.8481 -63 46.2635
    endloop
  endfacet
  facet normal -0.999046 0 -0.043671
    outer loop
      vertex -65.9619 -63 47.1284
      vertex -66 -57 48
      vertex -65.9619 -57 47.1284
    endloop
  endfacet
  facet normal -0.999046 -0 -0.043671
    outer loop
      vertex -66 -57 48
      vertex -65.9619 -63 47.1284
      vertex -66 -63 48
    endloop
  endfacet
  facet normal 0.130452 0 -0.991455
    outer loop
      vertex -55.1284 -63 38.0381
      vertex -54.2635 -58 38.1519
      vertex -54.2635 -63 38.1519
    endloop
  endfacet
  facet normal 0.130452 0 -0.991455
    outer loop
      vertex -54.2635 -58 38.1519
      vertex -55.1284 -63 38.0381
      vertex -55.1284 -58 38.0381
    endloop
  endfacet
  facet normal 0.461725 0 -0.887023
    outer loop
      vertex -51 -63 39.3397
      vertex -51.6526 -58 39
      vertex -51 -57.7937 39.3397
    endloop
  endfacet
  facet normal 0.461735 1.70113e-06 -0.887018
    outer loop
      vertex -51.7738 -63 38.9369
      vertex -51.6526 -58 39
      vertex -51 -63 39.3397
    endloop
  endfacet
  facet normal 0.46179 0 -0.886989
    outer loop
      vertex -51.6526 -58 39
      vertex -51.7738 -63 38.9369
      vertex -51.7738 -58 38.9369
    endloop
  endfacet
  facet normal 0.30078 0 -0.953693
    outer loop
      vertex -53.4118 -63 38.3407
      vertex -52.5798 -58 38.6031
      vertex -52.5798 -63 38.6031
    endloop
  endfacet
  facet normal 0.30078 0 -0.953693
    outer loop
      vertex -52.5798 -58 38.6031
      vertex -53.4118 -63 38.3407
      vertex -53.4118 -58 38.3407
    endloop
  endfacet
  facet normal 0.216421 0 -0.9763
    outer loop
      vertex -54.2635 -63 38.1519
      vertex -53.4118 -58 38.3407
      vertex -53.4118 -63 38.3407
    endloop
  endfacet
  facet normal 0.216421 0 -0.9763
    outer loop
      vertex -53.4118 -58 38.3407
      vertex -54.2635 -63 38.1519
      vertex -54.2635 -58 38.1519
    endloop
  endfacet
  facet normal 0.737325 0 -0.675538
    outer loop
      vertex -48.3396 -63 41.5721
      vertex -48.9289 -57 40.9289
      vertex -48.3396 -57 41.5721
    endloop
  endfacet
  facet normal 0.737325 0 -0.675538
    outer loop
      vertex -48.9289 -57 40.9289
      vertex -48.3396 -63 41.5721
      vertex -48.9289 -63 40.9289
    endloop
  endfacet
  facet normal 0.608785 0 -0.793335
    outer loop
      vertex -50.2642 -57.5091 39.8085
      vertex -49.5721 -63 40.3396
      vertex -50.2642 -63 39.8085
    endloop
  endfacet
  facet normal 0.608785 0 -0.793335
    outer loop
      vertex -49.5721 -63 40.3396
      vertex -50.2642 -57.5091 39.8085
      vertex -49.5721 -57.1867 40.3396
    endloop
  endfacet
  facet normal 0.793335 0 -0.608785
    outer loop
      vertex -47.8085 -63 42.2642
      vertex -48.3396 -57 41.5721
      vertex -47.8085 -57 42.2642
    endloop
  endfacet
  facet normal 0.793335 0 -0.608785
    outer loop
      vertex -48.3396 -57 41.5721
      vertex -47.8085 -63 42.2642
      vertex -48.3396 -63 41.5721
    endloop
  endfacet
  facet normal 0.608785 0 0.793335
    outer loop
      vertex -50.2642 -57 56.1915
      vertex -49.5721 -63 55.6604
      vertex -49.5721 -57 55.6604
    endloop
  endfacet
  facet normal 0.608785 0 0.793335
    outer loop
      vertex -49.5721 -63 55.6604
      vertex -50.2642 -57 56.1915
      vertex -50.2642 -63 56.1915
    endloop
  endfacet
  facet normal 0.537335 0 0.843369
    outer loop
      vertex -51 -57 56.6603
      vertex -50.2642 -63 56.1915
      vertex -50.2642 -57 56.1915
    endloop
  endfacet
  facet normal 0.537335 0 0.843369
    outer loop
      vertex -50.2642 -63 56.1915
      vertex -51 -57 56.6603
      vertex -51 -63 56.6603
    endloop
  endfacet
  facet normal -0.793335 0 0.608785
    outer loop
      vertex -64.1915 -63 53.7358
      vertex -63.6604 -57 54.4279
      vertex -64.1915 -57 53.7358
    endloop
  endfacet
  facet normal -0.793335 0 0.608785
    outer loop
      vertex -63.6604 -57 54.4279
      vertex -64.1915 -63 53.7358
      vertex -63.6604 -63 54.4279
    endloop
  endfacet
  facet normal -0.737325 0 0.675538
    outer loop
      vertex -63.6604 -63 54.4279
      vertex -63.0711 -57 55.0711
      vertex -63.6604 -57 54.4279
    endloop
  endfacet
  facet normal -0.737325 0 0.675538
    outer loop
      vertex -63.0711 -57 55.0711
      vertex -63.6604 -63 54.4279
      vertex -63.0711 -63 55.0711
    endloop
  endfacet
  facet normal 0.9763 0 -0.216421
    outer loop
      vertex -46.1519 -63 46.2635
      vertex -46.3407 -57 45.4118
      vertex -46.1519 -57 46.2635
    endloop
  endfacet
  facet normal 0.9763 0 -0.216421
    outer loop
      vertex -46.3407 -57 45.4118
      vertex -46.1519 -63 46.2635
      vertex -46.3407 -63 45.4118
    endloop
  endfacet
  facet normal -0.30078 0 -0.953693
    outer loop
      vertex -59.4202 -63 38.6031
      vertex -58.5882 -57.9743 38.3407
      vertex -58.5882 -63 38.3407
    endloop
  endfacet
  facet normal -0.30078 0 -0.953693
    outer loop
      vertex -58.5882 -57.9743 38.3407
      vertex -59.4202 -63 38.6031
      vertex -59.4202 -57.938 38.6031
    endloop
  endfacet
  facet normal -0.043671 0 -0.999046
    outer loop
      vertex -56.8716 -63 38.0381
      vertex -56 -58 38
      vertex -56 -63 38
    endloop
  endfacet
  facet normal -0.043671 0 -0.999046
    outer loop
      vertex -56 -58 38
      vertex -56.8716 -63 38.0381
      vertex -56.8716 -58 38.0381
    endloop
  endfacet
  facet normal -0.793335 0 -0.608785
    outer loop
      vertex -63.6604 -63 41.5721
      vertex -64.1915 -57 42.2642
      vertex -63.6604 -57 41.5721
    endloop
  endfacet
  facet normal -0.793335 -0 -0.608785
    outer loop
      vertex -64.1915 -57 42.2642
      vertex -63.6604 -63 41.5721
      vertex -64.1915 -63 42.2642
    endloop
  endfacet
  facet normal 0.382629 0 -0.923902
    outer loop
      vertex -52.5798 -63 38.6031
      vertex -51.7738 -58 38.9369
      vertex -51.7738 -63 38.9369
    endloop
  endfacet
  facet normal 0.382629 0 -0.923902
    outer loop
      vertex -51.7738 -58 38.9369
      vertex -52.5798 -63 38.6031
      vertex -52.5798 -58 38.6031
    endloop
  endfacet
  facet normal 0.537335 0 -0.843369
    outer loop
      vertex -51 -57.7937 39.3397
      vertex -50.2642 -63 39.8085
      vertex -51 -63 39.3397
    endloop
  endfacet
  facet normal 0.537335 0 -0.843369
    outer loop
      vertex -50.2642 -63 39.8085
      vertex -51 -57.7937 39.3397
      vertex -50.2642 -57.5091 39.8085
    endloop
  endfacet
  facet normal 0.887018 0 -0.461735
    outer loop
      vertex -46.9369 -63 43.7738
      vertex -47.3397 -57 43
      vertex -46.9369 -57 43.7738
    endloop
  endfacet
  facet normal 0.887018 0 -0.461735
    outer loop
      vertex -47.3397 -57 43
      vertex -46.9369 -63 43.7738
      vertex -47.3397 -63 43
    endloop
  endfacet
  facet normal 0.923902 0 -0.382629
    outer loop
      vertex -46.6031 -63 44.5798
      vertex -46.9369 -57 43.7738
      vertex -46.6031 -57 44.5798
    endloop
  endfacet
  facet normal 0.923902 0 -0.382629
    outer loop
      vertex -46.9369 -57 43.7738
      vertex -46.6031 -63 44.5798
      vertex -46.9369 -63 43.7738
    endloop
  endfacet
  facet normal 0.843369 0 -0.537335
    outer loop
      vertex -47.3397 -63 43
      vertex -47.8085 -57 42.2642
      vertex -47.3397 -57 43
    endloop
  endfacet
  facet normal 0.843369 0 -0.537335
    outer loop
      vertex -47.8085 -57 42.2642
      vertex -47.3397 -63 43
      vertex -47.8085 -63 42.2642
    endloop
  endfacet
  facet normal 0.991455 0 -0.130452
    outer loop
      vertex -46.0381 -63 47.1284
      vertex -46.1519 -57 46.2635
      vertex -46.0381 -57 47.1284
    endloop
  endfacet
  facet normal 0.991455 0 -0.130452
    outer loop
      vertex -46.1519 -57 46.2635
      vertex -46.0381 -63 47.1284
      vertex -46.1519 -63 46.2635
    endloop
  endfacet
  facet normal -0.46179 0 -0.886989
    outer loop
      vertex -60.2262 -63 38.9369
      vertex -60.3474 -57.8597 39
      vertex -60.2262 -57.8756 38.9369
    endloop
  endfacet
  facet normal -0.461735 1.6547e-06 -0.887018
    outer loop
      vertex -61 -63 39.3397
      vertex -60.3474 -57.8597 39
      vertex -60.2262 -63 38.9369
    endloop
  endfacet
  facet normal -0.461725 0 -0.887023
    outer loop
      vertex -60.3474 -57.8597 39
      vertex -61 -63 39.3397
      vertex -61 -57.5228 39.3397
    endloop
  endfacet
  facet normal -0.382609 0 -0.92391
    outer loop
      vertex -59.4202 -63 38.6031
      vertex -59.9174 -57.9163 38.809
      vertex -59.4202 -57.938 38.6031
    endloop
  endfacet
  facet normal -0.382629 -2.2458e-06 -0.923902
    outer loop
      vertex -60.2262 -63 38.9369
      vertex -59.9174 -57.9163 38.809
      vertex -59.4202 -63 38.6031
    endloop
  endfacet
  facet normal -0.38266 0 -0.923889
    outer loop
      vertex -59.9174 -57.9163 38.809
      vertex -60.2262 -63 38.9369
      vertex -60.2262 -57.8756 38.9369
    endloop
  endfacet
  facet normal -0.675538 0 -0.737325
    outer loop
      vertex -63.0711 -63 40.9289
      vertex -62.4279 -57 40.3396
      vertex -62.4279 -63 40.3396
    endloop
  endfacet
  facet normal -0.675538 0 -0.737325
    outer loop
      vertex -62.4279 -57 40.3396
      vertex -63.0711 -63 40.9289
      vertex -63.0711 -57 40.9289
    endloop
  endfacet
  facet normal -0.216381 0 -0.976309
    outer loop
      vertex -57.7365 -63 38.1519
      vertex -58 -58 38.2103
      vertex -57.7365 -58 38.1519
    endloop
  endfacet
  facet normal -0.216421 -2.18255e-06 -0.9763
    outer loop
      vertex -58.5882 -63 38.3407
      vertex -58 -58 38.2103
      vertex -57.7365 -63 38.1519
    endloop
  endfacet
  facet normal -0.216438 0 -0.976296
    outer loop
      vertex -58 -58 38.2103
      vertex -58.5882 -63 38.3407
      vertex -58.5882 -57.9743 38.3407
    endloop
  endfacet
  facet normal -0.130452 0 -0.991455
    outer loop
      vertex -57.7365 -63 38.1519
      vertex -56.8716 -58 38.0381
      vertex -56.8716 -63 38.0381
    endloop
  endfacet
  facet normal -0.130452 0 -0.991455
    outer loop
      vertex -56.8716 -58 38.0381
      vertex -57.7365 -63 38.1519
      vertex -57.7365 -58 38.1519
    endloop
  endfacet
  facet normal -0.608785 0 -0.793335
    outer loop
      vertex -62.4279 -63 40.3396
      vertex -61.7358 -57.0144 39.8085
      vertex -61.7358 -63 39.8085
    endloop
  endfacet
  facet normal -0.608785 -0 -0.793335
    outer loop
      vertex -62.4279 -57 40.3396
      vertex -61.7358 -57.0144 39.8085
      vertex -62.4279 -63 40.3396
    endloop
  endfacet
  facet normal -0.608779 0.000457681 -0.79334
    outer loop
      vertex -61.7358 -57.0144 39.8085
      vertex -62.4279 -57 40.3396
      vertex -61.7526 -57 39.8214
    endloop
  endfacet
  facet normal -0.537335 0 -0.843369
    outer loop
      vertex -61.7358 -63 39.8085
      vertex -61 -57.5228 39.3397
      vertex -61 -63 39.3397
    endloop
  endfacet
  facet normal -0.53734 8.73628e-07 -0.843366
    outer loop
      vertex -61 -57.5228 39.3397
      vertex -61.7358 -63 39.8085
      vertex -61.2935 -57.346 39.5267
    endloop
  endfacet
  facet normal -0.537332 0 -0.843371
    outer loop
      vertex -61.2935 -57.346 39.5267
      vertex -61.7358 -63 39.8085
      vertex -61.7358 -57.0144 39.8085
    endloop
  endfacet
  facet normal 0.999046 -0 0.043671
    outer loop
      vertex 65.9619 -63 48.8716
      vertex 66 -57 48
      vertex 65.9619 -57 48.8716
    endloop
  endfacet
  facet normal 0.999046 0 0.043671
    outer loop
      vertex 66 -57 48
      vertex 65.9619 -63 48.8716
      vertex 66 -63 48
    endloop
  endfacet
  facet normal 0.9763 -0 0.216421
    outer loop
      vertex 65.6593 -63 50.5882
      vertex 65.8481 -57 49.7365
      vertex 65.6593 -57 50.5882
    endloop
  endfacet
  facet normal 0.9763 0 0.216421
    outer loop
      vertex 65.8481 -57 49.7365
      vertex 65.6593 -63 50.5882
      vertex 65.8481 -63 49.7365
    endloop
  endfacet
  facet normal -0.043671 0 0.999046
    outer loop
      vertex 55.1284 -57 57.9619
      vertex 56 -63 58
      vertex 56 -57 58
    endloop
  endfacet
  facet normal -0.043671 0 0.999046
    outer loop
      vertex 56 -63 58
      vertex 55.1284 -57 57.9619
      vertex 55.1284 -63 57.9619
    endloop
  endfacet
  facet normal 0.675538 0 0.737325
    outer loop
      vertex 62.4279 -57 55.6604
      vertex 63.0711 -63 55.0711
      vertex 63.0711 -57 55.0711
    endloop
  endfacet
  facet normal 0.675538 0 0.737325
    outer loop
      vertex 63.0711 -63 55.0711
      vertex 62.4279 -57 55.6604
      vertex 62.4279 -63 55.6604
    endloop
  endfacet
  facet normal -0.737325 0 0.675538
    outer loop
      vertex 48.3396 -63 54.4279
      vertex 48.9289 -57 55.0711
      vertex 48.3396 -57 54.4279
    endloop
  endfacet
  facet normal -0.737325 0 0.675538
    outer loop
      vertex 48.9289 -57 55.0711
      vertex 48.3396 -63 54.4279
      vertex 48.9289 -63 55.0711
    endloop
  endfacet
  facet normal -0.461735 0 0.887018
    outer loop
      vertex 51 -57 56.6603
      vertex 51.7738 -63 57.0631
      vertex 51.7738 -57 57.0631
    endloop
  endfacet
  facet normal -0.461735 0 0.887018
    outer loop
      vertex 51.7738 -63 57.0631
      vertex 51 -57 56.6603
      vertex 51 -63 56.6603
    endloop
  endfacet
  facet normal 0.887018 -0 0.461735
    outer loop
      vertex 64.6603 -63 53
      vertex 65.0631 -57 52.2262
      vertex 64.6603 -57 53
    endloop
  endfacet
  facet normal 0.887018 0 0.461735
    outer loop
      vertex 65.0631 -57 52.2262
      vertex 64.6603 -63 53
      vertex 65.0631 -63 52.2262
    endloop
  endfacet
  facet normal 0.382629 0 0.923902
    outer loop
      vertex 59.4202 -57 57.3969
      vertex 60.2262 -63 57.0631
      vertex 60.2262 -57 57.0631
    endloop
  endfacet
  facet normal 0.382629 0 0.923902
    outer loop
      vertex 60.2262 -63 57.0631
      vertex 59.4202 -57 57.3969
      vertex 59.4202 -63 57.3969
    endloop
  endfacet
  facet normal -0.843369 0 0.537335
    outer loop
      vertex 47.3397 -63 53
      vertex 47.8085 -57 53.7358
      vertex 47.3397 -57 53
    endloop
  endfacet
  facet normal -0.843369 0 0.537335
    outer loop
      vertex 47.8085 -57 53.7358
      vertex 47.3397 -63 53
      vertex 47.8085 -63 53.7358
    endloop
  endfacet
  facet normal -0.30078 0 0.953693
    outer loop
      vertex 52.5798 -57 57.3969
      vertex 53.4118 -63 57.6593
      vertex 53.4118 -57 57.6593
    endloop
  endfacet
  facet normal -0.30078 0 0.953693
    outer loop
      vertex 53.4118 -63 57.6593
      vertex 52.5798 -57 57.3969
      vertex 52.5798 -63 57.3969
    endloop
  endfacet
  facet normal 0.737325 0 -0.675538
    outer loop
      vertex 63.6604 -63 41.5721
      vertex 63.0711 -57 40.9289
      vertex 63.6604 -57 41.5721
    endloop
  endfacet
  facet normal 0.737325 0 -0.675538
    outer loop
      vertex 63.0711 -57 40.9289
      vertex 63.6604 -63 41.5721
      vertex 63.0711 -63 40.9289
    endloop
  endfacet
  facet normal 0.953693 0 -0.30078
    outer loop
      vertex 65.6593 -63 45.4118
      vertex 65.3969 -57 44.5798
      vertex 65.6593 -57 45.4118
    endloop
  endfacet
  facet normal 0.953693 0 -0.30078
    outer loop
      vertex 65.3969 -57 44.5798
      vertex 65.6593 -63 45.4118
      vertex 65.3969 -63 44.5798
    endloop
  endfacet
  facet normal -0.675538 0 -0.737325
    outer loop
      vertex 48.9289 -63 40.9289
      vertex 49.5721 -57.1867 40.3396
      vertex 49.5721 -63 40.3396
    endloop
  endfacet
  facet normal -0.675538 -0 -0.737325
    outer loop
      vertex 48.9289 -57 40.9289
      vertex 49.5721 -57.1867 40.3396
      vertex 48.9289 -63 40.9289
    endloop
  endfacet
  facet normal -0.675507 0.000191564 -0.737353
    outer loop
      vertex 49.5721 -57.1867 40.3396
      vertex 48.9289 -57 40.9289
      vertex 49.2365 -57 40.6471
    endloop
  endfacet
  facet normal -0.887018 0 -0.461735
    outer loop
      vertex 47.3397 -63 43
      vertex 46.9369 -57 43.7738
      vertex 47.3397 -57 43
    endloop
  endfacet
  facet normal -0.887018 -0 -0.461735
    outer loop
      vertex 46.9369 -57 43.7738
      vertex 47.3397 -63 43
      vertex 46.9369 -63 43.7738
    endloop
  endfacet
  facet normal 0.953693 -0 0.30078
    outer loop
      vertex 65.3969 -63 51.4202
      vertex 65.6593 -57 50.5882
      vertex 65.3969 -57 51.4202
    endloop
  endfacet
  facet normal 0.953693 0 0.30078
    outer loop
      vertex 65.6593 -57 50.5882
      vertex 65.3969 -63 51.4202
      vertex 65.6593 -63 50.5882
    endloop
  endfacet
  facet normal 0.923902 -0 0.382629
    outer loop
      vertex 65.0631 -63 52.2262
      vertex 65.3969 -57 51.4202
      vertex 65.0631 -57 52.2262
    endloop
  endfacet
  facet normal 0.923902 0 0.382629
    outer loop
      vertex 65.3969 -57 51.4202
      vertex 65.0631 -63 52.2262
      vertex 65.3969 -63 51.4202
    endloop
  endfacet
  facet normal 0 1 -0
    outer loop
      vertex 56.3529 -57 40.6471
      vertex 56 -57 58
      vertex 56.8716 -57 57.9619
    endloop
  endfacet
  facet normal 0 1 0
    outer loop
      vertex 56.3529 -57 40.6471
      vertex 56.8716 -57 57.9619
      vertex 57.7365 -57 57.8481
    endloop
  endfacet
  facet normal 0 1 0
    outer loop
      vertex 56 -57 58
      vertex 56.3529 -57 40.6471
      vertex 55.1284 -57 57.9619
    endloop
  endfacet
  facet normal 0 1 0
    outer loop
      vertex 56.3529 -57 40.6471
      vertex 57.7365 -57 57.8481
      vertex 58.5882 -57 57.6593
    endloop
  endfacet
  facet normal 0 1 0
    outer loop
      vertex 55.1284 -57 57.9619
      vertex 56.3529 -57 40.6471
      vertex 54.2635 -57 57.8481
    endloop
  endfacet
  facet normal 0 1 0
    outer loop
      vertex 56.3529 -57 40.6471
      vertex 58.5882 -57 57.6593
      vertex 59.4202 -57 57.3969
    endloop
  endfacet
  facet normal 0 1 0
    outer loop
      vertex 54.2635 -57 57.8481
      vertex 56.3529 -57 40.6471
      vertex 53.4118 -57 57.6593
    endloop
  endfacet
  facet normal 0 1 0
    outer loop
      vertex 56.3529 -57 40.6471
      vertex 59.4202 -57 57.3969
      vertex 60.2262 -57 57.0631
    endloop
  endfacet
  facet normal 0 1 0
    outer loop
      vertex 53.4118 -57 57.6593
      vertex 56.3529 -57 40.6471
      vertex 52.5798 -57 57.3969
    endloop
  endfacet
  facet normal 0 1 0
    outer loop
      vertex 56.3529 -57 40.6471
      vertex 60.2262 -57 57.0631
      vertex 61 -57 56.6603
    endloop
  endfacet
  facet normal 0 1 0
    outer loop
      vertex 52.5798 -57 57.3969
      vertex 56.3529 -57 40.6471
      vertex 51.7738 -57 57.0631
    endloop
  endfacet
  facet normal 0 1 0
    outer loop
      vertex 56.3529 -57 40.6471
      vertex 61 -57 56.6603
      vertex 61.7358 -57 56.1915
    endloop
  endfacet
  facet normal 0 1 0
    outer loop
      vertex 51.7738 -57 57.0631
      vertex 56.3529 -57 40.6471
      vertex 51 -57 56.6603
    endloop
  endfacet
  facet normal 0 1 0
    outer loop
      vertex 56.3529 -57 40.6471
      vertex 61.7358 -57 56.1915
      vertex 62.4279 -57 55.6604
    endloop
  endfacet
  facet normal 0 1 0
    outer loop
      vertex 51 -57 56.6603
      vertex 56.3529 -57 40.6471
      vertex 50.2642 -57 56.1915
    endloop
  endfacet
  facet normal 0 1 0
    outer loop
      vertex 56.3529 -57 40.6471
      vertex 62.4279 -57 55.6604
      vertex 63.0711 -57 55.0711
    endloop
  endfacet
  facet normal 0 1 0
    outer loop
      vertex 50.2642 -57 56.1915
      vertex 56.3529 -57 40.6471
      vertex 49.5721 -57 55.6604
    endloop
  endfacet
  facet normal 0 1 0
    outer loop
      vertex 56.3529 -57 40.6471
      vertex 63.0711 -57 55.0711
      vertex 63.6604 -57 54.4279
    endloop
  endfacet
  facet normal 0 1 0
    outer loop
      vertex 49.5721 -57 55.6604
      vertex 56.3529 -57 40.6471
      vertex 48.9289 -57 55.0711
    endloop
  endfacet
  facet normal 0 1 0
    outer loop
      vertex 56.3529 -57 40.6471
      vertex 63.6604 -57 54.4279
      vertex 64.1915 -57 53.7358
    endloop
  endfacet
  facet normal 0 1 0
    outer loop
      vertex 48.9289 -57 55.0711
      vertex 56.3529 -57 40.6471
      vertex 48.3396 -57 54.4279
    endloop
  endfacet
  facet normal 0 1 0
    outer loop
      vertex 56.3529 -57 40.6471
      vertex 64.1915 -57 53.7358
      vertex 64.6603 -57 53
    endloop
  endfacet
  facet normal 0 1 0
    outer loop
      vertex 48.3396 -57 54.4279
      vertex 56.3529 -57 40.6471
      vertex 47.8085 -57 53.7358
    endloop
  endfacet
  facet normal 0 1 0
    outer loop
      vertex 56.3529 -57 40.6471
      vertex 64.6603 -57 53
      vertex 65.0631 -57 52.2262
    endloop
  endfacet
  facet normal 0 1 0
    outer loop
      vertex 47.8085 -57 53.7358
      vertex 56.3529 -57 40.6471
      vertex 47.3397 -57 53
    endloop
  endfacet
  facet normal 0 1 0
    outer loop
      vertex 56.3529 -57 40.6471
      vertex 65.0631 -57 52.2262
      vertex 65.3969 -57 51.4202
    endloop
  endfacet
  facet normal 0 1 0
    outer loop
      vertex 47.3397 -57 53
      vertex 56.3529 -57 40.6471
      vertex 46.9369 -57 52.2262
    endloop
  endfacet
  facet normal 0 1 0
    outer loop
      vertex 56.3529 -57 40.6471
      vertex 65.3969 -57 51.4202
      vertex 65.6593 -57 50.5882
    endloop
  endfacet
  facet normal 0 1 0
    outer loop
      vertex 46.9369 -57 52.2262
      vertex 56.3529 -57 40.6471
      vertex 46.6031 -57 51.4202
    endloop
  endfacet
  facet normal 0 1 0
    outer loop
      vertex 58.4082 -57 40.5092
      vertex 65.6593 -57 50.5882
      vertex 65.8481 -57 49.7365
    endloop
  endfacet
  facet normal 0 1 0
    outer loop
      vertex 46.6031 -57 51.4202
      vertex 56.3529 -57 40.6471
      vertex 46.3407 -57 50.5882
    endloop
  endfacet
  facet normal 0 1 0
    outer loop
      vertex 58.4082 -57 40.5092
      vertex 65.8481 -57 49.7365
      vertex 65.9619 -57 48.8716
    endloop
  endfacet
  facet normal 0 1 0
    outer loop
      vertex 46.3407 -57 50.5882
      vertex 56.3529 -57 40.6471
      vertex 46.1519 -57 49.7365
    endloop
  endfacet
  facet normal 0 1 0
    outer loop
      vertex 58.4082 -57 40.5092
      vertex 65.9619 -57 48.8716
      vertex 66 -57 48
    endloop
  endfacet
  facet normal 0 1 0
    outer loop
      vertex 46.1519 -57 49.7365
      vertex 56.3529 -57 40.6471
      vertex 46.0381 -57 48.8716
    endloop
  endfacet
  facet normal 0 1 0
    outer loop
      vertex 58.4082 -57 40.5092
      vertex 66 -57 48
      vertex 65.9619 -57 47.1284
    endloop
  endfacet
  facet normal 0 1 0
    outer loop
      vertex 46.0381 -57 48.8716
      vertex 56.3529 -57 40.6471
      vertex 46 -57 48
    endloop
  endfacet
  facet normal 0 1 0
    outer loop
      vertex 58.4082 -57 40.5092
      vertex 65.9619 -57 47.1284
      vertex 65.8481 -57 46.2635
    endloop
  endfacet
  facet normal 0 1 0
    outer loop
      vertex 46 -57 48
      vertex 56.3529 -57 40.6471
      vertex 46.0381 -57 47.1284
    endloop
  endfacet
  facet normal 0 1 0
    outer loop
      vertex 58.4082 -57 40.5092
      vertex 65.8481 -57 46.2635
      vertex 65.6593 -57 45.4118
    endloop
  endfacet
  facet normal 0 1 0
    outer loop
      vertex 46.0381 -57 47.1284
      vertex 56.3529 -57 40.6471
      vertex 46.1519 -57 46.2635
    endloop
  endfacet
  facet normal 0 1 0
    outer loop
      vertex 58.4082 -57 40.5092
      vertex 65.6593 -57 45.4118
      vertex 65.3969 -57 44.5798
    endloop
  endfacet
  facet normal 0 1 0
    outer loop
      vertex 46.1519 -57 46.2635
      vertex 56.3529 -57 40.6471
      vertex 46.3407 -57 45.4118
    endloop
  endfacet
  facet normal 0 1 0
    outer loop
      vertex 58.4082 -57 40.5092
      vertex 65.3969 -57 44.5798
      vertex 65.0631 -57 43.7738
    endloop
  endfacet
  facet normal 0 1 0
    outer loop
      vertex 46.3407 -57 45.4118
      vertex 56.3529 -57 40.6471
      vertex 46.6031 -57 44.5798
    endloop
  endfacet
  facet normal 0 1 0
    outer loop
      vertex 58.4082 -57 40.5092
      vertex 65.0631 -57 43.7738
      vertex 64.6603 -57 43
    endloop
  endfacet
  facet normal 0 1 0
    outer loop
      vertex 46.6031 -57 44.5798
      vertex 56.3529 -57 40.6471
      vertex 46.9369 -57 43.7738
    endloop
  endfacet
  facet normal 0 1 0
    outer loop
      vertex 58.4082 -57 40.5092
      vertex 64.6603 -57 43
      vertex 64.1915 -57 42.2642
    endloop
  endfacet
  facet normal 0 1 0
    outer loop
      vertex 46.9369 -57 43.7738
      vertex 56.3529 -57 40.6471
      vertex 47.3397 -57 43
    endloop
  endfacet
  facet normal 0 1 0
    outer loop
      vertex 58.4082 -57 40.5092
      vertex 64.1915 -57 42.2642
      vertex 63.6604 -57 41.5721
    endloop
  endfacet
  facet normal 0 1 0
    outer loop
      vertex 47.3397 -57 43
      vertex 56.3529 -57 40.6471
      vertex 47.8085 -57 42.2642
    endloop
  endfacet
  facet normal 0 1 0
    outer loop
      vertex 60.7237 -57 40.0966
      vertex 63.6604 -57 41.5721
      vertex 63.0711 -57 40.9289
    endloop
  endfacet
  facet normal 0 1 0
    outer loop
      vertex 47.8085 -57 42.2642
      vertex 56.3529 -57 40.6471
      vertex 48.3396 -57 41.5721
    endloop
  endfacet
  facet normal 0 1 0
    outer loop
      vertex 48.3396 -57 41.5721
      vertex 56.3529 -57 40.6471
      vertex 48.9289 -57 40.9289
    endloop
  endfacet
  facet normal 0 1 0
    outer loop
      vertex 65.6593 -57 50.5882
      vertex 58.4082 -57 40.5092
      vertex 56.3529 -57 40.6471
    endloop
  endfacet
  facet normal 0 1 0
    outer loop
      vertex 60.7237 -57 40.0966
      vertex 63.0711 -57 40.9289
      vertex 62.4279 -57 40.3396
    endloop
  endfacet
  facet normal 0 1 0
    outer loop
      vertex 63.6604 -57 41.5721
      vertex 60.7237 -57 40.0966
      vertex 58.4082 -57 40.5092
    endloop
  endfacet
  facet normal -0 1 0
    outer loop
      vertex 60.7237 -57 40.0966
      vertex 62.4279 -57 40.3396
      vertex 61.7526 -57 39.8214
    endloop
  endfacet
  facet normal 0 1 0
    outer loop
      vertex 48.9289 -57 40.9289
      vertex 56.3529 -57 40.6471
      vertex 49.2365 -57 40.6471
    endloop
  endfacet
  facet normal -0.923902 0 0.382629
    outer loop
      vertex 46.6031 -63 51.4202
      vertex 46.9369 -57 52.2262
      vertex 46.6031 -57 51.4202
    endloop
  endfacet
  facet normal -0.923902 0 0.382629
    outer loop
      vertex 46.9369 -57 52.2262
      vertex 46.6031 -63 51.4202
      vertex 46.9369 -63 52.2262
    endloop
  endfacet
  facet normal -0.887018 0 0.461735
    outer loop
      vertex 46.9369 -63 52.2262
      vertex 47.3397 -57 53
      vertex 46.9369 -57 52.2262
    endloop
  endfacet
  facet normal -0.887018 0 0.461735
    outer loop
      vertex 47.3397 -57 53
      vertex 46.9369 -63 52.2262
      vertex 47.3397 -63 53
    endloop
  endfacet
  facet normal 0 -1 0
    outer loop
      vertex 55.1284 -63 57.9619
      vertex 56.8716 -63 57.9619
      vertex 56 -63 58
    endloop
  endfacet
  facet normal 0 -1 0
    outer loop
      vertex 54.2635 -63 57.8481
      vertex 56.8716 -63 57.9619
      vertex 55.1284 -63 57.9619
    endloop
  endfacet
  facet normal 0 -1 0
    outer loop
      vertex 54.2635 -63 57.8481
      vertex 57.7365 -63 57.8481
      vertex 56.8716 -63 57.9619
    endloop
  endfacet
  facet normal 0 -1 0
    outer loop
      vertex 53.4118 -63 57.6593
      vertex 57.7365 -63 57.8481
      vertex 54.2635 -63 57.8481
    endloop
  endfacet
  facet normal 0 -1 0
    outer loop
      vertex 53.4118 -63 57.6593
      vertex 58.5882 -63 57.6593
      vertex 57.7365 -63 57.8481
    endloop
  endfacet
  facet normal 0 -1 0
    outer loop
      vertex 52.5798 -63 57.3969
      vertex 58.5882 -63 57.6593
      vertex 53.4118 -63 57.6593
    endloop
  endfacet
  facet normal 0 -1 0
    outer loop
      vertex 52.5798 -63 57.3969
      vertex 59.4202 -63 57.3969
      vertex 58.5882 -63 57.6593
    endloop
  endfacet
  facet normal 0 -1 0
    outer loop
      vertex 51.7738 -63 57.0631
      vertex 59.4202 -63 57.3969
      vertex 52.5798 -63 57.3969
    endloop
  endfacet
  facet normal 0 -1 0
    outer loop
      vertex 51.7738 -63 57.0631
      vertex 60.2262 -63 57.0631
      vertex 59.4202 -63 57.3969
    endloop
  endfacet
  facet normal 0 -1 0
    outer loop
      vertex 51 -63 56.6603
      vertex 60.2262 -63 57.0631
      vertex 51.7738 -63 57.0631
    endloop
  endfacet
  facet normal 0 -1 0
    outer loop
      vertex 51 -63 56.6603
      vertex 61 -63 56.6603
      vertex 60.2262 -63 57.0631
    endloop
  endfacet
  facet normal 0 -1 0
    outer loop
      vertex 50.2642 -63 56.1915
      vertex 61 -63 56.6603
      vertex 51 -63 56.6603
    endloop
  endfacet
  facet normal 0 -1 0
    outer loop
      vertex 50.2642 -63 56.1915
      vertex 61.7358 -63 56.1915
      vertex 61 -63 56.6603
    endloop
  endfacet
  facet normal 0 -1 0
    outer loop
      vertex 49.5721 -63 55.6604
      vertex 61.7358 -63 56.1915
      vertex 50.2642 -63 56.1915
    endloop
  endfacet
  facet normal 0 -1 0
    outer loop
      vertex 49.5721 -63 55.6604
      vertex 62.4279 -63 55.6604
      vertex 61.7358 -63 56.1915
    endloop
  endfacet
  facet normal 0 -1 0
    outer loop
      vertex 48.9289 -63 55.0711
      vertex 62.4279 -63 55.6604
      vertex 49.5721 -63 55.6604
    endloop
  endfacet
  facet normal 0 -1 0
    outer loop
      vertex 48.9289 -63 55.0711
      vertex 63.0711 -63 55.0711
      vertex 62.4279 -63 55.6604
    endloop
  endfacet
  facet normal 0 -1 0
    outer loop
      vertex 48.3396 -63 54.4279
      vertex 63.0711 -63 55.0711
      vertex 48.9289 -63 55.0711
    endloop
  endfacet
  facet normal 0 -1 0
    outer loop
      vertex 48.3396 -63 54.4279
      vertex 63.6604 -63 54.4279
      vertex 63.0711 -63 55.0711
    endloop
  endfacet
  facet normal 0 -1 0
    outer loop
      vertex 47.8085 -63 53.7358
      vertex 63.6604 -63 54.4279
      vertex 48.3396 -63 54.4279
    endloop
  endfacet
  facet normal 0 -1 0
    outer loop
      vertex 47.8085 -63 53.7358
      vertex 64.1915 -63 53.7358
      vertex 63.6604 -63 54.4279
    endloop
  endfacet
  facet normal 0 -1 0
    outer loop
      vertex 47.3397 -63 53
      vertex 64.1915 -63 53.7358
      vertex 47.8085 -63 53.7358
    endloop
  endfacet
  facet normal 0 -1 0
    outer loop
      vertex 47.3397 -63 53
      vertex 64.6603 -63 53
      vertex 64.1915 -63 53.7358
    endloop
  endfacet
  facet normal 0 -1 0
    outer loop
      vertex 46.9369 -63 52.2262
      vertex 64.6603 -63 53
      vertex 47.3397 -63 53
    endloop
  endfacet
  facet normal 0 -1 0
    outer loop
      vertex 46.9369 -63 52.2262
      vertex 65.0631 -63 52.2262
      vertex 64.6603 -63 53
    endloop
  endfacet
  facet normal 0 -1 0
    outer loop
      vertex 46.6031 -63 51.4202
      vertex 65.0631 -63 52.2262
      vertex 46.9369 -63 52.2262
    endloop
  endfacet
  facet normal 0 -1 0
    outer loop
      vertex 46.6031 -63 51.4202
      vertex 65.3969 -63 51.4202
      vertex 65.0631 -63 52.2262
    endloop
  endfacet
  facet normal 0 -1 0
    outer loop
      vertex 46.3407 -63 50.5882
      vertex 65.3969 -63 51.4202
      vertex 46.6031 -63 51.4202
    endloop
  endfacet
  facet normal 0 -1 0
    outer loop
      vertex 46.3407 -63 50.5882
      vertex 65.6593 -63 50.5882
      vertex 65.3969 -63 51.4202
    endloop
  endfacet
  facet normal 0 -1 0
    outer loop
      vertex 46.1519 -63 49.7365
      vertex 65.6593 -63 50.5882
      vertex 46.3407 -63 50.5882
    endloop
  endfacet
  facet normal 0 -1 0
    outer loop
      vertex 46.1519 -63 49.7365
      vertex 65.8481 -63 49.7365
      vertex 65.6593 -63 50.5882
    endloop
  endfacet
  facet normal 0 -1 0
    outer loop
      vertex 46.0381 -63 48.8716
      vertex 65.8481 -63 49.7365
      vertex 46.1519 -63 49.7365
    endloop
  endfacet
  facet normal 0 -1 0
    outer loop
      vertex 46.0381 -63 48.8716
      vertex 65.9619 -63 48.8716
      vertex 65.8481 -63 49.7365
    endloop
  endfacet
  facet normal 0 -1 0
    outer loop
      vertex 46 -63 48
      vertex 65.9619 -63 48.8716
      vertex 46.0381 -63 48.8716
    endloop
  endfacet
  facet normal 0 -1 0
    outer loop
      vertex 46 -63 48
      vertex 66 -63 48
      vertex 65.9619 -63 48.8716
    endloop
  endfacet
  facet normal 0 -1 0
    outer loop
      vertex 46.0381 -63 47.1284
      vertex 66 -63 48
      vertex 46 -63 48
    endloop
  endfacet
  facet normal 0 -1 0
    outer loop
      vertex 46.0381 -63 47.1284
      vertex 65.9619 -63 47.1284
      vertex 66 -63 48
    endloop
  endfacet
  facet normal 0 -1 0
    outer loop
      vertex 46.1519 -63 46.2635
      vertex 65.9619 -63 47.1284
      vertex 46.0381 -63 47.1284
    endloop
  endfacet
  facet normal 0 -1 0
    outer loop
      vertex 46.1519 -63 46.2635
      vertex 65.8481 -63 46.2635
      vertex 65.9619 -63 47.1284
    endloop
  endfacet
  facet normal 0 -1 0
    outer loop
      vertex 46.3407 -63 45.4118
      vertex 65.8481 -63 46.2635
      vertex 46.1519 -63 46.2635
    endloop
  endfacet
  facet normal 0 -1 0
    outer loop
      vertex 46.3407 -63 45.4118
      vertex 65.6593 -63 45.4118
      vertex 65.8481 -63 46.2635
    endloop
  endfacet
  facet normal 0 -1 0
    outer loop
      vertex 46.6031 -63 44.5798
      vertex 65.6593 -63 45.4118
      vertex 46.3407 -63 45.4118
    endloop
  endfacet
  facet normal 0 -1 0
    outer loop
      vertex 46.6031 -63 44.5798
      vertex 65.3969 -63 44.5798
      vertex 65.6593 -63 45.4118
    endloop
  endfacet
  facet normal 0 -1 0
    outer loop
      vertex 46.9369 -63 43.7738
      vertex 65.3969 -63 44.5798
      vertex 46.6031 -63 44.5798
    endloop
  endfacet
  facet normal 0 -1 0
    outer loop
      vertex 46.9369 -63 43.7738
      vertex 65.0631 -63 43.7738
      vertex 65.3969 -63 44.5798
    endloop
  endfacet
  facet normal 0 -1 0
    outer loop
      vertex 47.3397 -63 43
      vertex 65.0631 -63 43.7738
      vertex 46.9369 -63 43.7738
    endloop
  endfacet
  facet normal 0 -1 0
    outer loop
      vertex 47.3397 -63 43
      vertex 64.6603 -63 43
      vertex 65.0631 -63 43.7738
    endloop
  endfacet
  facet normal 0 -1 0
    outer loop
      vertex 47.8085 -63 42.2642
      vertex 64.6603 -63 43
      vertex 47.3397 -63 43
    endloop
  endfacet
  facet normal 0 -1 0
    outer loop
      vertex 47.8085 -63 42.2642
      vertex 64.1915 -63 42.2642
      vertex 64.6603 -63 43
    endloop
  endfacet
  facet normal 0 -1 0
    outer loop
      vertex 48.3396 -63 41.5721
      vertex 64.1915 -63 42.2642
      vertex 47.8085 -63 42.2642
    endloop
  endfacet
  facet normal 0 -1 0
    outer loop
      vertex 48.3396 -63 41.5721
      vertex 63.6604 -63 41.5721
      vertex 64.1915 -63 42.2642
    endloop
  endfacet
  facet normal 0 -1 0
    outer loop
      vertex 48.9289 -63 40.9289
      vertex 63.6604 -63 41.5721
      vertex 48.3396 -63 41.5721
    endloop
  endfacet
  facet normal 0 -1 0
    outer loop
      vertex 48.9289 -63 40.9289
      vertex 63.0711 -63 40.9289
      vertex 63.6604 -63 41.5721
    endloop
  endfacet
  facet normal 0 -1 0
    outer loop
      vertex 49.5721 -63 40.3396
      vertex 63.0711 -63 40.9289
      vertex 48.9289 -63 40.9289
    endloop
  endfacet
  facet normal 0 -1 0
    outer loop
      vertex 49.5721 -63 40.3396
      vertex 62.4279 -63 40.3396
      vertex 63.0711 -63 40.9289
    endloop
  endfacet
  facet normal 0 -1 0
    outer loop
      vertex 50.2642 -63 39.8085
      vertex 62.4279 -63 40.3396
      vertex 49.5721 -63 40.3396
    endloop
  endfacet
  facet normal 0 -1 0
    outer loop
      vertex 50.2642 -63 39.8085
      vertex 61.7358 -63 39.8085
      vertex 62.4279 -63 40.3396
    endloop
  endfacet
  facet normal 0 -1 0
    outer loop
      vertex 51 -63 39.3397
      vertex 61.7358 -63 39.8085
      vertex 50.2642 -63 39.8085
    endloop
  endfacet
  facet normal 0 -1 0
    outer loop
      vertex 51 -63 39.3397
      vertex 61 -63 39.3397
      vertex 61.7358 -63 39.8085
    endloop
  endfacet
  facet normal 0 -1 0
    outer loop
      vertex 51.7738 -63 38.9369
      vertex 61 -63 39.3397
      vertex 51 -63 39.3397
    endloop
  endfacet
  facet normal 0 -1 0
    outer loop
      vertex 51.7738 -63 38.9369
      vertex 60.2262 -63 38.9369
      vertex 61 -63 39.3397
    endloop
  endfacet
  facet normal 0 -1 0
    outer loop
      vertex 52.5798 -63 38.6031
      vertex 60.2262 -63 38.9369
      vertex 51.7738 -63 38.9369
    endloop
  endfacet
  facet normal 0 -1 0
    outer loop
      vertex 52.5798 -63 38.6031
      vertex 59.4202 -63 38.6031
      vertex 60.2262 -63 38.9369
    endloop
  endfacet
  facet normal 0 -1 0
    outer loop
      vertex 53.4118 -63 38.3407
      vertex 59.4202 -63 38.6031
      vertex 52.5798 -63 38.6031
    endloop
  endfacet
  facet normal 0 -1 0
    outer loop
      vertex 53.4118 -63 38.3407
      vertex 58.5882 -63 38.3407
      vertex 59.4202 -63 38.6031
    endloop
  endfacet
  facet normal 0 -1 0
    outer loop
      vertex 54.2635 -63 38.1519
      vertex 58.5882 -63 38.3407
      vertex 53.4118 -63 38.3407
    endloop
  endfacet
  facet normal 0 -1 0
    outer loop
      vertex 54.2635 -63 38.1519
      vertex 57.7365 -63 38.1519
      vertex 58.5882 -63 38.3407
    endloop
  endfacet
  facet normal 0 -1 0
    outer loop
      vertex 55.1284 -63 38.0381
      vertex 57.7365 -63 38.1519
      vertex 54.2635 -63 38.1519
    endloop
  endfacet
  facet normal 0 -1 0
    outer loop
      vertex 55.1284 -63 38.0381
      vertex 56.8716 -63 38.0381
      vertex 57.7365 -63 38.1519
    endloop
  endfacet
  facet normal -0 -1 0
    outer loop
      vertex 56.8716 -63 38.0381
      vertex 55.1284 -63 38.0381
      vertex 56 -63 38
    endloop
  endfacet
  facet normal -0.608785 0 0.793335
    outer loop
      vertex 49.5721 -57 55.6604
      vertex 50.2642 -63 56.1915
      vertex 50.2642 -57 56.1915
    endloop
  endfacet
  facet normal -0.608785 0 0.793335
    outer loop
      vertex 50.2642 -63 56.1915
      vertex 49.5721 -57 55.6604
      vertex 49.5721 -63 55.6604
    endloop
  endfacet
  facet normal 0.38266 0 -0.923889
    outer loop
      vertex 60.2262 -63 38.9369
      vertex 59.9174 -57.9163 38.809
      vertex 60.2262 -57.8756 38.9369
    endloop
  endfacet
  facet normal 0.382629 -2.2458e-06 -0.923902
    outer loop
      vertex 59.4202 -63 38.6031
      vertex 59.9174 -57.9163 38.809
      vertex 60.2262 -63 38.9369
    endloop
  endfacet
  facet normal 0.382609 0 -0.92391
    outer loop
      vertex 59.9174 -57.9163 38.809
      vertex 59.4202 -63 38.6031
      vertex 59.4202 -57.938 38.6031
    endloop
  endfacet
  facet normal 0.843369 0 -0.537335
    outer loop
      vertex 64.6603 -63 43
      vertex 64.1915 -57 42.2642
      vertex 64.6603 -57 43
    endloop
  endfacet
  facet normal 0.843369 0 -0.537335
    outer loop
      vertex 64.1915 -57 42.2642
      vertex 64.6603 -63 43
      vertex 64.1915 -63 42.2642
    endloop
  endfacet
  facet normal 0.887018 0 -0.461735
    outer loop
      vertex 65.0631 -63 43.7738
      vertex 64.6603 -57 43
      vertex 65.0631 -57 43.7738
    endloop
  endfacet
  facet normal 0.887018 0 -0.461735
    outer loop
      vertex 64.6603 -57 43
      vertex 65.0631 -63 43.7738
      vertex 64.6603 -63 43
    endloop
  endfacet
  facet normal -0.537335 0 -0.843369
    outer loop
      vertex 50.2642 -63 39.8085
      vertex 51 -57.7937 39.3397
      vertex 51 -63 39.3397
    endloop
  endfacet
  facet normal -0.537335 0 -0.843369
    outer loop
      vertex 51 -57.7937 39.3397
      vertex 50.2642 -63 39.8085
      vertex 50.2642 -57.5091 39.8085
    endloop
  endfacet
  facet normal -0.30078 0 -0.953693
    outer loop
      vertex 52.5798 -63 38.6031
      vertex 53.4118 -58 38.3407
      vertex 53.4118 -63 38.3407
    endloop
  endfacet
  facet normal -0.30078 0 -0.953693
    outer loop
      vertex 53.4118 -58 38.3407
      vertex 52.5798 -63 38.6031
      vertex 52.5798 -58 38.6031
    endloop
  endfacet
  facet normal -0.793335 0 -0.608785
    outer loop
      vertex 48.3396 -63 41.5721
      vertex 47.8085 -57 42.2642
      vertex 48.3396 -57 41.5721
    endloop
  endfacet
  facet normal -0.793335 -0 -0.608785
    outer loop
      vertex 47.8085 -57 42.2642
      vertex 48.3396 -63 41.5721
      vertex 47.8085 -63 42.2642
    endloop
  endfacet
  facet normal 0.737325 -0 0.675538
    outer loop
      vertex 63.0711 -63 55.0711
      vertex 63.6604 -57 54.4279
      vertex 63.0711 -57 55.0711
    endloop
  endfacet
  facet normal 0.737325 0 0.675538
    outer loop
      vertex 63.6604 -57 54.4279
      vertex 63.0711 -63 55.0711
      vertex 63.6604 -63 54.4279
    endloop
  endfacet
  facet normal 0.843369 -0 0.537335
    outer loop
      vertex 64.1915 -63 53.7358
      vertex 64.6603 -57 53
      vertex 64.1915 -57 53.7358
    endloop
  endfacet
  facet normal 0.843369 0 0.537335
    outer loop
      vertex 64.6603 -57 53
      vertex 64.1915 -63 53.7358
      vertex 64.6603 -63 53
    endloop
  endfacet
  facet normal 0.793335 -0 0.608785
    outer loop
      vertex 63.6604 -63 54.4279
      vertex 64.1915 -57 53.7358
      vertex 63.6604 -57 54.4279
    endloop
  endfacet
  facet normal 0.793335 0 0.608785
    outer loop
      vertex 64.1915 -57 53.7358
      vertex 63.6604 -63 54.4279
      vertex 64.1915 -63 53.7358
    endloop
  endfacet
  facet normal 0.30078 0 0.953693
    outer loop
      vertex 58.5882 -57 57.6593
      vertex 59.4202 -63 57.3969
      vertex 59.4202 -57 57.3969
    endloop
  endfacet
  facet normal 0.30078 0 0.953693
    outer loop
      vertex 59.4202 -63 57.3969
      vertex 58.5882 -57 57.6593
      vertex 58.5882 -63 57.6593
    endloop
  endfacet
  facet normal 0.130452 0 0.991455
    outer loop
      vertex 56.8716 -57 57.9619
      vertex 57.7365 -63 57.8481
      vertex 57.7365 -57 57.8481
    endloop
  endfacet
  facet normal 0.130452 0 0.991455
    outer loop
      vertex 57.7365 -63 57.8481
      vertex 56.8716 -57 57.9619
      vertex 56.8716 -63 57.9619
    endloop
  endfacet
  facet normal 0.216421 0 0.9763
    outer loop
      vertex 57.7365 -57 57.8481
      vertex 58.5882 -63 57.6593
      vertex 58.5882 -57 57.6593
    endloop
  endfacet
  facet normal 0.216421 0 0.9763
    outer loop
      vertex 58.5882 -63 57.6593
      vertex 57.7365 -57 57.8481
      vertex 57.7365 -63 57.8481
    endloop
  endfacet
  facet normal 0.043671 0 0.999046
    outer loop
      vertex 56 -57 58
      vertex 56.8716 -63 57.9619
      vertex 56.8716 -57 57.9619
    endloop
  endfacet
  facet normal 0.043671 0 0.999046
    outer loop
      vertex 56.8716 -63 57.9619
      vertex 56 -57 58
      vertex 56 -63 58
    endloop
  endfacet
  facet normal 0.461735 0 0.887018
    outer loop
      vertex 60.2262 -57 57.0631
      vertex 61 -63 56.6603
      vertex 61 -57 56.6603
    endloop
  endfacet
  facet normal 0.461735 0 0.887018
    outer loop
      vertex 61 -63 56.6603
      vertex 60.2262 -57 57.0631
      vertex 60.2262 -63 57.0631
    endloop
  endfacet
  facet normal 0.608785 0 0.793335
    outer loop
      vertex 61.7358 -57 56.1915
      vertex 62.4279 -63 55.6604
      vertex 62.4279 -57 55.6604
    endloop
  endfacet
  facet normal 0.608785 0 0.793335
    outer loop
      vertex 62.4279 -63 55.6604
      vertex 61.7358 -57 56.1915
      vertex 61.7358 -63 56.1915
    endloop
  endfacet
  facet normal 0.537335 0 0.843369
    outer loop
      vertex 61 -57 56.6603
      vertex 61.7358 -63 56.1915
      vertex 61.7358 -57 56.1915
    endloop
  endfacet
  facet normal 0.537335 0 0.843369
    outer loop
      vertex 61.7358 -63 56.1915
      vertex 61 -57 56.6603
      vertex 61 -63 56.6603
    endloop
  endfacet
  facet normal -0.793335 0 0.608785
    outer loop
      vertex 47.8085 -63 53.7358
      vertex 48.3396 -57 54.4279
      vertex 47.8085 -57 53.7358
    endloop
  endfacet
  facet normal -0.793335 0 0.608785
    outer loop
      vertex 48.3396 -57 54.4279
      vertex 47.8085 -63 53.7358
      vertex 48.3396 -63 54.4279
    endloop
  endfacet
  facet normal -0.953693 0 0.30078
    outer loop
      vertex 46.3407 -63 50.5882
      vertex 46.6031 -57 51.4202
      vertex 46.3407 -57 50.5882
    endloop
  endfacet
  facet normal -0.953693 0 0.30078
    outer loop
      vertex 46.6031 -57 51.4202
      vertex 46.3407 -63 50.5882
      vertex 46.6031 -63 51.4202
    endloop
  endfacet
  facet normal -0.991455 0 0.130452
    outer loop
      vertex 46.0381 -63 48.8716
      vertex 46.1519 -57 49.7365
      vertex 46.0381 -57 48.8716
    endloop
  endfacet
  facet normal -0.991455 0 0.130452
    outer loop
      vertex 46.1519 -57 49.7365
      vertex 46.0381 -63 48.8716
      vertex 46.1519 -63 49.7365
    endloop
  endfacet
  facet normal -0.9763 0 0.216421
    outer loop
      vertex 46.1519 -63 49.7365
      vertex 46.3407 -57 50.5882
      vertex 46.1519 -57 49.7365
    endloop
  endfacet
  facet normal -0.9763 0 0.216421
    outer loop
      vertex 46.3407 -57 50.5882
      vertex 46.1519 -63 49.7365
      vertex 46.3407 -63 50.5882
    endloop
  endfacet
  facet normal -0.999046 0 0.043671
    outer loop
      vertex 46 -63 48
      vertex 46.0381 -57 48.8716
      vertex 46 -57 48
    endloop
  endfacet
  facet normal -0.999046 0 0.043671
    outer loop
      vertex 46.0381 -57 48.8716
      vertex 46 -63 48
      vertex 46.0381 -63 48.8716
    endloop
  endfacet
  facet normal -0.999046 0 -0.043671
    outer loop
      vertex 46.0381 -63 47.1284
      vertex 46 -57 48
      vertex 46.0381 -57 47.1284
    endloop
  endfacet
  facet normal -0.999046 -0 -0.043671
    outer loop
      vertex 46 -57 48
      vertex 46.0381 -63 47.1284
      vertex 46 -63 48
    endloop
  endfacet
  facet normal -0.675538 0 0.737325
    outer loop
      vertex 48.9289 -57 55.0711
      vertex 49.5721 -63 55.6604
      vertex 49.5721 -57 55.6604
    endloop
  endfacet
  facet normal -0.675538 0 0.737325
    outer loop
      vertex 49.5721 -63 55.6604
      vertex 48.9289 -57 55.0711
      vertex 48.9289 -63 55.0711
    endloop
  endfacet
  facet normal -0.537335 0 0.843369
    outer loop
      vertex 50.2642 -57 56.1915
      vertex 51 -63 56.6603
      vertex 51 -57 56.6603
    endloop
  endfacet
  facet normal -0.537335 0 0.843369
    outer loop
      vertex 51 -63 56.6603
      vertex 50.2642 -57 56.1915
      vertex 50.2642 -63 56.1915
    endloop
  endfacet
  facet normal -0.382629 0 0.923902
    outer loop
      vertex 51.7738 -57 57.0631
      vertex 52.5798 -63 57.3969
      vertex 52.5798 -57 57.3969
    endloop
  endfacet
  facet normal -0.382629 0 0.923902
    outer loop
      vertex 52.5798 -63 57.3969
      vertex 51.7738 -57 57.0631
      vertex 51.7738 -63 57.0631
    endloop
  endfacet
  facet normal 0.30078 0 -0.953693
    outer loop
      vertex 58.5882 -57.9743 38.3407
      vertex 59.4202 -63 38.6031
      vertex 58.5882 -63 38.3407
    endloop
  endfacet
  facet normal 0.30078 0 -0.953693
    outer loop
      vertex 59.4202 -63 38.6031
      vertex 58.5882 -57.9743 38.3407
      vertex 59.4202 -57.938 38.6031
    endloop
  endfacet
  facet normal 0.130452 0 -0.991455
    outer loop
      vertex 56.8716 -63 38.0381
      vertex 57.7365 -58 38.1519
      vertex 57.7365 -63 38.1519
    endloop
  endfacet
  facet normal 0.130452 0 -0.991455
    outer loop
      vertex 57.7365 -58 38.1519
      vertex 56.8716 -63 38.0381
      vertex 56.8716 -58 38.0381
    endloop
  endfacet
  facet normal 0.216438 0 -0.976296
    outer loop
      vertex 58.5882 -63 38.3407
      vertex 58 -58 38.2103
      vertex 58.5882 -57.9743 38.3407
    endloop
  endfacet
  facet normal 0.216421 -2.18255e-06 -0.9763
    outer loop
      vertex 57.7365 -63 38.1519
      vertex 58 -58 38.2103
      vertex 58.5882 -63 38.3407
    endloop
  endfacet
  facet normal 0.216381 0 -0.976309
    outer loop
      vertex 58 -58 38.2103
      vertex 57.7365 -63 38.1519
      vertex 57.7365 -58 38.1519
    endloop
  endfacet
  facet normal 0.461725 0 -0.887023
    outer loop
      vertex 61 -63 39.3397
      vertex 60.3474 -57.8597 39
      vertex 61 -57.5228 39.3397
    endloop
  endfacet
  facet normal 0.461735 1.6547e-06 -0.887018
    outer loop
      vertex 60.2262 -63 38.9369
      vertex 60.3474 -57.8597 39
      vertex 61 -63 39.3397
    endloop
  endfacet
  facet normal 0.46179 0 -0.886989
    outer loop
      vertex 60.3474 -57.8597 39
      vertex 60.2262 -63 38.9369
      vertex 60.2262 -57.8756 38.9369
    endloop
  endfacet
  facet normal 0.675538 0 -0.737325
    outer loop
      vertex 62.4279 -63 40.3396
      vertex 63.0711 -57 40.9289
      vertex 63.0711 -63 40.9289
    endloop
  endfacet
  facet normal 0.675538 0 -0.737325
    outer loop
      vertex 63.0711 -57 40.9289
      vertex 62.4279 -63 40.3396
      vertex 62.4279 -57 40.3396
    endloop
  endfacet
  facet normal 0.537332 0 -0.843371
    outer loop
      vertex 61.7358 -63 39.8085
      vertex 61.2935 -57.346 39.5267
      vertex 61.7358 -57.0144 39.8085
    endloop
  endfacet
  facet normal 0.537335 0 -0.843369
    outer loop
      vertex 61 -57.5228 39.3397
      vertex 61.7358 -63 39.8085
      vertex 61 -63 39.3397
    endloop
  endfacet
  facet normal 0.53734 8.73628e-07 -0.843366
    outer loop
      vertex 61.7358 -63 39.8085
      vertex 61 -57.5228 39.3397
      vertex 61.2935 -57.346 39.5267
    endloop
  endfacet
  facet normal 0.608785 0 -0.793335
    outer loop
      vertex 61.7358 -57.0144 39.8085
      vertex 62.4279 -57 40.3396
      vertex 62.4279 -63 40.3396
    endloop
  endfacet
  facet normal 0.608785 0 -0.793335
    outer loop
      vertex 61.7358 -57.0144 39.8085
      vertex 62.4279 -63 40.3396
      vertex 61.7358 -63 39.8085
    endloop
  endfacet
  facet normal 0.608779 0.000457681 -0.79334
    outer loop
      vertex 62.4279 -57 40.3396
      vertex 61.7358 -57.0144 39.8085
      vertex 61.7526 -57 39.8214
    endloop
  endfacet
  facet normal 0.793335 0 -0.608785
    outer loop
      vertex 64.1915 -63 42.2642
      vertex 63.6604 -57 41.5721
      vertex 64.1915 -57 42.2642
    endloop
  endfacet
  facet normal 0.793335 0 -0.608785
    outer loop
      vertex 63.6604 -57 41.5721
      vertex 64.1915 -63 42.2642
      vertex 63.6604 -63 41.5721
    endloop
  endfacet
  facet normal 0.923902 0 -0.382629
    outer loop
      vertex 65.3969 -63 44.5798
      vertex 65.0631 -57 43.7738
      vertex 65.3969 -57 44.5798
    endloop
  endfacet
  facet normal 0.923902 0 -0.382629
    outer loop
      vertex 65.0631 -57 43.7738
      vertex 65.3969 -63 44.5798
      vertex 65.0631 -63 43.7738
    endloop
  endfacet
  facet normal 0.999046 0 -0.043671
    outer loop
      vertex 66 -63 48
      vertex 65.9619 -57 47.1284
      vertex 66 -57 48
    endloop
  endfacet
  facet normal 0.999046 0 -0.043671
    outer loop
      vertex 65.9619 -57 47.1284
      vertex 66 -63 48
      vertex 65.9619 -63 47.1284
    endloop
  endfacet
  facet normal -0.608785 0 -0.793335
    outer loop
      vertex 49.5721 -63 40.3396
      vertex 50.2642 -57.5091 39.8085
      vertex 50.2642 -63 39.8085
    endloop
  endfacet
  facet normal -0.608785 0 -0.793335
    outer loop
      vertex 50.2642 -57.5091 39.8085
      vertex 49.5721 -63 40.3396
      vertex 49.5721 -57.1867 40.3396
    endloop
  endfacet
  facet normal -0.46179 0 -0.886989
    outer loop
      vertex 51.7738 -63 38.9369
      vertex 51.6526 -58 39
      vertex 51.7738 -58 38.9369
    endloop
  endfacet
  facet normal -0.461735 1.70113e-06 -0.887018
    outer loop
      vertex 51 -63 39.3397
      vertex 51.6526 -58 39
      vertex 51.7738 -63 38.9369
    endloop
  endfacet
  facet normal -0.461725 0 -0.887023
    outer loop
      vertex 51.6526 -58 39
      vertex 51 -63 39.3397
      vertex 51 -57.7937 39.3397
    endloop
  endfacet
  facet normal -0.382629 0 -0.923902
    outer loop
      vertex 51.7738 -63 38.9369
      vertex 52.5798 -58 38.6031
      vertex 52.5798 -63 38.6031
    endloop
  endfacet
  facet normal -0.382629 0 -0.923902
    outer loop
      vertex 52.5798 -58 38.6031
      vertex 51.7738 -63 38.9369
      vertex 51.7738 -58 38.9369
    endloop
  endfacet
  facet normal -0.216421 0 -0.9763
    outer loop
      vertex 53.4118 -63 38.3407
      vertex 54.2635 -58 38.1519
      vertex 54.2635 -63 38.1519
    endloop
  endfacet
  facet normal -0.216421 0 -0.9763
    outer loop
      vertex 54.2635 -58 38.1519
      vertex 53.4118 -63 38.3407
      vertex 53.4118 -58 38.3407
    endloop
  endfacet
  facet normal -0.043671 0 -0.999046
    outer loop
      vertex 55.1284 -63 38.0381
      vertex 56 -58 38
      vertex 56 -63 38
    endloop
  endfacet
  facet normal -0.043671 0 -0.999046
    outer loop
      vertex 56 -58 38
      vertex 55.1284 -63 38.0381
      vertex 55.1284 -58 38.0381
    endloop
  endfacet
  facet normal 0.043671 0 -0.999046
    outer loop
      vertex 56 -63 38
      vertex 56.8716 -58 38.0381
      vertex 56.8716 -63 38.0381
    endloop
  endfacet
  facet normal 0.043671 0 -0.999046
    outer loop
      vertex 56.8716 -58 38.0381
      vertex 56 -63 38
      vertex 56 -58 38
    endloop
  endfacet
  facet normal -0.737325 0 -0.675538
    outer loop
      vertex 48.9289 -63 40.9289
      vertex 48.3396 -57 41.5721
      vertex 48.9289 -57 40.9289
    endloop
  endfacet
  facet normal -0.737325 -0 -0.675538
    outer loop
      vertex 48.3396 -57 41.5721
      vertex 48.9289 -63 40.9289
      vertex 48.3396 -63 41.5721
    endloop
  endfacet
  facet normal -0.843369 0 -0.537335
    outer loop
      vertex 47.8085 -63 42.2642
      vertex 47.3397 -57 43
      vertex 47.8085 -57 42.2642
    endloop
  endfacet
  facet normal -0.843369 -0 -0.537335
    outer loop
      vertex 47.3397 -57 43
      vertex 47.8085 -63 42.2642
      vertex 47.3397 -63 43
    endloop
  endfacet
  facet normal -0.923902 0 -0.382629
    outer loop
      vertex 46.9369 -63 43.7738
      vertex 46.6031 -57 44.5798
      vertex 46.9369 -57 43.7738
    endloop
  endfacet
  facet normal -0.923902 -0 -0.382629
    outer loop
      vertex 46.6031 -57 44.5798
      vertex 46.9369 -63 43.7738
      vertex 46.6031 -63 44.5798
    endloop
  endfacet
  facet normal -0.953693 0 -0.30078
    outer loop
      vertex 46.6031 -63 44.5798
      vertex 46.3407 -57 45.4118
      vertex 46.6031 -57 44.5798
    endloop
  endfacet
  facet normal -0.953693 -0 -0.30078
    outer loop
      vertex 46.3407 -57 45.4118
      vertex 46.6031 -63 44.5798
      vertex 46.3407 -63 45.4118
    endloop
  endfacet
  facet normal 0.991455 -0 0.130452
    outer loop
      vertex 65.8481 -63 49.7365
      vertex 65.9619 -57 48.8716
      vertex 65.8481 -57 49.7365
    endloop
  endfacet
  facet normal 0.991455 0 0.130452
    outer loop
      vertex 65.9619 -57 48.8716
      vertex 65.8481 -63 49.7365
      vertex 65.9619 -63 48.8716
    endloop
  endfacet
  facet normal -0.130452 0 0.991455
    outer loop
      vertex 54.2635 -57 57.8481
      vertex 55.1284 -63 57.9619
      vertex 55.1284 -57 57.9619
    endloop
  endfacet
  facet normal -0.130452 0 0.991455
    outer loop
      vertex 55.1284 -63 57.9619
      vertex 54.2635 -57 57.8481
      vertex 54.2635 -63 57.8481
    endloop
  endfacet
  facet normal -0.216421 0 0.9763
    outer loop
      vertex 53.4118 -57 57.6593
      vertex 54.2635 -63 57.8481
      vertex 54.2635 -57 57.8481
    endloop
  endfacet
  facet normal -0.216421 0 0.9763
    outer loop
      vertex 54.2635 -63 57.8481
      vertex 53.4118 -57 57.6593
      vertex 53.4118 -63 57.6593
    endloop
  endfacet
  facet normal -0.130452 0 -0.991455
    outer loop
      vertex 54.2635 -63 38.1519
      vertex 55.1284 -58 38.0381
      vertex 55.1284 -63 38.0381
    endloop
  endfacet
  facet normal -0.130452 0 -0.991455
    outer loop
      vertex 55.1284 -58 38.0381
      vertex 54.2635 -63 38.1519
      vertex 54.2635 -58 38.1519
    endloop
  endfacet
  facet normal -0.991455 0 -0.130452
    outer loop
      vertex 46.1519 -63 46.2635
      vertex 46.0381 -57 47.1284
      vertex 46.1519 -57 46.2635
    endloop
  endfacet
  facet normal -0.991455 -0 -0.130452
    outer loop
      vertex 46.0381 -57 47.1284
      vertex 46.1519 -63 46.2635
      vertex 46.0381 -63 47.1284
    endloop
  endfacet
  facet normal -0.9763 0 -0.216421
    outer loop
      vertex 46.3407 -63 45.4118
      vertex 46.1519 -57 46.2635
      vertex 46.3407 -57 45.4118
    endloop
  endfacet
  facet normal -0.9763 -0 -0.216421
    outer loop
      vertex 46.1519 -57 46.2635
      vertex 46.3407 -63 45.4118
      vertex 46.1519 -63 46.2635
    endloop
  endfacet
  facet normal 0.9763 0 -0.216421
    outer loop
      vertex 65.8481 -63 46.2635
      vertex 65.6593 -57 45.4118
      vertex 65.8481 -57 46.2635
    endloop
  endfacet
  facet normal 0.9763 0 -0.216421
    outer loop
      vertex 65.6593 -57 45.4118
      vertex 65.8481 -63 46.2635
      vertex 65.6593 -63 45.4118
    endloop
  endfacet
  facet normal 0.991455 0 -0.130452
    outer loop
      vertex 65.9619 -63 47.1284
      vertex 65.8481 -57 46.2635
      vertex 65.9619 -57 47.1284
    endloop
  endfacet
  facet normal 0.991455 0 -0.130452
    outer loop
      vertex 65.8481 -57 46.2635
      vertex 65.9619 -63 47.1284
      vertex 65.8481 -63 46.2635
    endloop
  endfacet
  facet normal 0.216413 -0.976302 0
    outer loop
      vertex 87.2094 -76.5442 0
      vertex 89.7646 -75.9778 18
      vertex 87.2094 -76.5442 18
    endloop
  endfacet
  facet normal 0.216413 -0.976302 0
    outer loop
      vertex 89.7646 -75.9778 18
      vertex 87.2094 -76.5442 0
      vertex 89.7646 -75.9778 0
    endloop
  endfacet
  facet normal 0.0436345 -0.999048 0
    outer loop
      vertex 82 -77 0
      vertex 84.6147 -76.8858 18
      vertex 82 -77 18
    endloop
  endfacet
  facet normal 0.0436345 -0.999048 0
    outer loop
      vertex 84.6147 -76.8858 18
      vertex 82 -77 0
      vertex 84.6147 -76.8858 0
    endloop
  endfacet
  facet normal -0.130527 0.991445 0
    outer loop
      vertex -84.6147 76.8858 0
      vertex -87.2094 76.5442 18
      vertex -84.6147 76.8858 18
    endloop
  endfacet
  facet normal -0.130527 0.991445 0
    outer loop
      vertex -87.2094 76.5442 18
      vertex -84.6147 76.8858 0
      vertex -87.2094 76.5442 0
    endloop
  endfacet
  facet normal 0.130527 -0.991445 0
    outer loop
      vertex 84.6147 -76.8858 0
      vertex 87.2094 -76.5442 18
      vertex 84.6147 -76.8858 18
    endloop
  endfacet
  facet normal 0.130527 -0.991445 0
    outer loop
      vertex 87.2094 -76.5442 18
      vertex 84.6147 -76.8858 0
      vertex 87.2094 -76.5442 0
    endloop
  endfacet
  facet normal 0.675693 0.737183 -0
    outer loop
      vertex 103.213 68.2132 0
      vertex 101.284 69.9813 18
      vertex 103.213 68.2132 18
    endloop
  endfacet
  facet normal 0.675693 0.737183 0
    outer loop
      vertex 101.284 69.9813 18
      vertex 103.213 68.2132 0
      vertex 101.284 69.9813 0
    endloop
  endfacet
  facet normal -0.0436345 -0.999048 0
    outer loop
      vertex -84.6147 -76.8858 0
      vertex -82 -77 18
      vertex -84.6147 -76.8858 18
    endloop
  endfacet
  facet normal -0.0436345 -0.999048 -0
    outer loop
      vertex -82 -77 18
      vertex -84.6147 -76.8858 0
      vertex -82 -77 0
    endloop
  endfacet
  facet normal -0.991425 0.130677 0
    outer loop
      vertex -111.886 49.6147 0
      vertex -111.544 52.2094 18
      vertex -111.544 52.2094 0
    endloop
  endfacet
  facet normal -0.991425 0.130677 0
    outer loop
      vertex -111.544 52.2094 18
      vertex -111.886 49.6147 0
      vertex -111.886 49.6147 18
    endloop
  endfacet
  facet normal 0 -1 0
    outer loop
      vertex -82 -77 0
      vertex 82 -77 18
      vertex -82 -77 18
    endloop
  endfacet
  facet normal 0 -1 -0
    outer loop
      vertex 82 -77 18
      vertex -82 -77 0
      vertex 82 -77 0
    endloop
  endfacet
  facet normal 0.0436345 0.999048 -0
    outer loop
      vertex 84.6147 76.8858 0
      vertex 82 77 18
      vertex 84.6147 76.8858 18
    endloop
  endfacet
  facet normal 0.0436345 0.999048 0
    outer loop
      vertex 82 77 18
      vertex 84.6147 76.8858 0
      vertex 82 77 0
    endloop
  endfacet
  facet normal 0 1 -0
    outer loop
      vertex 82 77 0
      vertex -82 77 18
      vertex 82 77 18
    endloop
  endfacet
  facet normal 0 1 0
    outer loop
      vertex -82 77 18
      vertex 82 77 0
      vertex -82 77 0
    endloop
  endfacet
  facet normal -0.675693 0.737183 0
    outer loop
      vertex -101.284 69.9813 0
      vertex -103.213 68.2132 18
      vertex -101.284 69.9813 18
    endloop
  endfacet
  facet normal -0.675693 0.737183 0
    outer loop
      vertex -103.213 68.2132 18
      vertex -101.284 69.9813 0
      vertex -103.213 68.2132 0
    endloop
  endfacet
  facet normal -0.999051 0.0435583 0
    outer loop
      vertex -112 47 0
      vertex -111.886 49.6147 18
      vertex -111.886 49.6147 0
    endloop
  endfacet
  facet normal -0.999051 0.0435583 0
    outer loop
      vertex -111.886 49.6147 18
      vertex -112 47 0
      vertex -112 47 18
    endloop
  endfacet
  facet normal 0.382707 0.92387 -0
    outer loop
      vertex 94.6785 74.1892 0
      vertex 92.2606 75.1908 18
      vertex 94.6785 74.1892 18
    endloop
  endfacet
  facet normal 0.382707 0.92387 0
    outer loop
      vertex 92.2606 75.1908 18
      vertex 94.6785 74.1892 0
      vertex 92.2606 75.1908 0
    endloop
  endfacet
  facet normal -0.0436345 0.999048 0
    outer loop
      vertex -82 77 0
      vertex -84.6147 76.8858 18
      vertex -82 77 18
    endloop
  endfacet
  facet normal -0.0436345 0.999048 0
    outer loop
      vertex -84.6147 76.8858 18
      vertex -82 77 0
      vertex -84.6147 76.8858 0
    endloop
  endfacet
  facet normal 0.999051 0.0435583 0
    outer loop
      vertex 112 47 18
      vertex 111.886 49.6147 0
      vertex 111.886 49.6147 18
    endloop
  endfacet
  facet normal 0.999051 0.0435583 0
    outer loop
      vertex 111.886 49.6147 0
      vertex 112 47 18
      vertex 112 47 0
    endloop
  endfacet
  facet normal 0.999051 -0.0435583 0
    outer loop
      vertex 111.886 -49.6147 18
      vertex 112 -47 0
      vertex 112 -47 18
    endloop
  endfacet
  facet normal 0.999051 -0.0435583 0
    outer loop
      vertex 112 -47 0
      vertex 111.886 -49.6147 18
      vertex 111.886 -49.6147 0
    endloop
  endfacet
  facet normal -0.382707 0.92387 0
    outer loop
      vertex -92.2606 75.1908 0
      vertex -94.6785 74.1892 18
      vertex -92.2606 75.1908 18
    endloop
  endfacet
  facet normal -0.382707 0.92387 0
    outer loop
      vertex -94.6785 74.1892 18
      vertex -92.2606 75.1908 0
      vertex -94.6785 74.1892 0
    endloop
  endfacet
  facet normal -0.887089 0.461599 0
    outer loop
      vertex -109.189 59.6785 0
      vertex -107.981 62 18
      vertex -107.981 62 0
    endloop
  endfacet
  facet normal -0.887089 0.461599 0
    outer loop
      vertex -107.981 62 18
      vertex -109.189 59.6785 0
      vertex -109.189 59.6785 18
    endloop
  endfacet
  facet normal -0.793206 0.608954 0
    outer loop
      vertex -106.575 64.2073 0
      vertex -104.981 66.2836 18
      vertex -104.981 66.2836 0
    endloop
  endfacet
  facet normal -0.793206 0.608954 0
    outer loop
      vertex -104.981 66.2836 18
      vertex -106.575 64.2073 0
      vertex -106.575 64.2073 18
    endloop
  endfacet
  facet normal -1 0 0
    outer loop
      vertex -112 -47 0
      vertex -112 47 18
      vertex -112 47 0
    endloop
  endfacet
  facet normal -1 -0 0
    outer loop
      vertex -112 47 18
      vertex -112 -47 0
      vertex -112 -47 18
    endloop
  endfacet
  facet normal 0 0 -1
    outer loop
      vertex 62 -42 0
      vertex 112 -47 0
      vertex 111.886 -49.6147 0
    endloop
  endfacet
  facet normal 0 0 -1
    outer loop
      vertex 112 -47 0
      vertex 62 -42 0
      vertex 112 47 0
    endloop
  endfacet
  facet normal 0 0 -1
    outer loop
      vertex 62 -42 0
      vertex 111.886 -49.6147 0
      vertex 111.544 -52.2094 0
    endloop
  endfacet
  facet normal 0 0 -1
    outer loop
      vertex 62 42 0
      vertex 112 47 0
      vertex 62 -42 0
    endloop
  endfacet
  facet normal 0 0 -1
    outer loop
      vertex 62 -42 0
      vertex 111.544 -52.2094 0
      vertex 110.978 -54.7646 0
    endloop
  endfacet
  facet normal -0 0 -1
    outer loop
      vertex 112 47 0
      vertex 62 42 0
      vertex 111.886 49.6147 0
    endloop
  endfacet
  facet normal 0 0 -1
    outer loop
      vertex 62 -42 0
      vertex 110.978 -54.7646 0
      vertex 110.191 -57.2606 0
    endloop
  endfacet
  facet normal -0 0 -1
    outer loop
      vertex 111.886 49.6147 0
      vertex 62 42 0
      vertex 111.544 52.2094 0
    endloop
  endfacet
  facet normal 0 0 -1
    outer loop
      vertex 62 -42 0
      vertex 110.191 -57.2606 0
      vertex 109.189 -59.6785 0
    endloop
  endfacet
  facet normal -0 0 -1
    outer loop
      vertex 111.544 52.2094 0
      vertex 62 42 0
      vertex 110.978 54.7646 0
    endloop
  endfacet
  facet normal 0 0 -1
    outer loop
      vertex 62 -42 0
      vertex 109.189 -59.6785 0
      vertex 107.981 -62 0
    endloop
  endfacet
  facet normal -0 0 -1
    outer loop
      vertex 110.978 54.7646 0
      vertex 62 42 0
      vertex 110.191 57.2606 0
    endloop
  endfacet
  facet normal 0 0 -1
    outer loop
      vertex 62 -42 0
      vertex 107.981 -62 0
      vertex 106.575 -64.2073 0
    endloop
  endfacet
  facet normal -0 0 -1
    outer loop
      vertex 110.191 57.2606 0
      vertex 62 42 0
      vertex 109.189 59.6785 0
    endloop
  endfacet
  facet normal 0 0 -1
    outer loop
      vertex 62 -42 0
      vertex 106.575 -64.2073 0
      vertex 104.981 -66.2836 0
    endloop
  endfacet
  facet normal -0 0 -1
    outer loop
      vertex 109.189 59.6785 0
      vertex 62 42 0
      vertex 107.981 62 0
    endloop
  endfacet
  facet normal 0 0 -1
    outer loop
      vertex 62 -42 0
      vertex 104.981 -66.2836 0
      vertex 103.213 -68.2132 0
    endloop
  endfacet
  facet normal -0 0 -1
    outer loop
      vertex 107.981 62 0
      vertex 62 42 0
      vertex 106.575 64.2073 0
    endloop
  endfacet
  facet normal 0 0 -1
    outer loop
      vertex 62 -42 0
      vertex 103.213 -68.2132 0
      vertex 101.284 -69.9813 0
    endloop
  endfacet
  facet normal -0 0 -1
    outer loop
      vertex 106.575 64.2073 0
      vertex 62 42 0
      vertex 104.981 66.2836 0
    endloop
  endfacet
  facet normal 0 0 -1
    outer loop
      vertex 62 -42 0
      vertex 101.284 -69.9813 0
      vertex 99.2073 -71.5746 0
    endloop
  endfacet
  facet normal -0 0 -1
    outer loop
      vertex 104.981 66.2836 0
      vertex 62 42 0
      vertex 103.213 68.2132 0
    endloop
  endfacet
  facet normal 0 0 -1
    outer loop
      vertex 62 -42 0
      vertex 99.2073 -71.5746 0
      vertex 97 -72.9808 0
    endloop
  endfacet
  facet normal -0 0 -1
    outer loop
      vertex 103.213 68.2132 0
      vertex 62 42 0
      vertex 101.284 69.9813 0
    endloop
  endfacet
  facet normal 0 0 -1
    outer loop
      vertex 62 -42 0
      vertex 97 -72.9808 0
      vertex 94.6785 -74.1892 0
    endloop
  endfacet
  facet normal -0 0 -1
    outer loop
      vertex 101.284 69.9813 0
      vertex 62 42 0
      vertex 99.2073 71.5746 0
    endloop
  endfacet
  facet normal 0 0 -1
    outer loop
      vertex 62 -42 0
      vertex 94.6785 -74.1892 0
      vertex 92.2606 -75.1908 0
    endloop
  endfacet
  facet normal -0 0 -1
    outer loop
      vertex 99.2073 71.5746 0
      vertex 62 42 0
      vertex 97 72.9808 0
    endloop
  endfacet
  facet normal 0 0 -1
    outer loop
      vertex 62 -42 0
      vertex 92.2606 -75.1908 0
      vertex 89.7646 -75.9778 0
    endloop
  endfacet
  facet normal -0 0 -1
    outer loop
      vertex 97 72.9808 0
      vertex 62 42 0
      vertex 94.6785 74.1892 0
    endloop
  endfacet
  facet normal 0 0 -1
    outer loop
      vertex 62 -42 0
      vertex 89.7646 -75.9778 0
      vertex 87.2094 -76.5442 0
    endloop
  endfacet
  facet normal -0 0 -1
    outer loop
      vertex 94.6785 74.1892 0
      vertex 62 42 0
      vertex 92.2606 75.1908 0
    endloop
  endfacet
  facet normal 0 0 -1
    outer loop
      vertex 62 -42 0
      vertex 87.2094 -76.5442 0
      vertex 84.6147 -76.8858 0
    endloop
  endfacet
  facet normal -0 0 -1
    outer loop
      vertex 92.2606 75.1908 0
      vertex 62 42 0
      vertex 89.7646 75.9778 0
    endloop
  endfacet
  facet normal 0 0 -1
    outer loop
      vertex 62 -42 0
      vertex 84.6147 -76.8858 0
      vertex 82 -77 0
    endloop
  endfacet
  facet normal -0 0 -1
    outer loop
      vertex 89.7646 75.9778 0
      vertex 62 42 0
      vertex 87.2094 76.5442 0
    endloop
  endfacet
  facet normal -0 0 -1
    outer loop
      vertex 87.2094 76.5442 0
      vertex 62 42 0
      vertex 84.6147 76.8858 0
    endloop
  endfacet
  facet normal 0 0 -1
    outer loop
      vertex 82 -77 0
      vertex 54 -42 0
      vertex 62 -42 0
    endloop
  endfacet
  facet normal 0 0 -1
    outer loop
      vertex 54 -42 0
      vertex 44 -42 0
      vertex 54 42 0
    endloop
  endfacet
  facet normal 0 0 -1
    outer loop
      vertex 82 -77 0
      vertex 44 -42 0
      vertex 54 -42 0
    endloop
  endfacet
  facet normal 0 0 -1
    outer loop
      vertex 82 -77 0
      vertex 36 -42 0
      vertex 44 -42 0
    endloop
  endfacet
  facet normal 0 0 -1
    outer loop
      vertex 36 -42 0
      vertex 26 -42 0
      vertex 36 42 0
    endloop
  endfacet
  facet normal 0 0 -1
    outer loop
      vertex 82 -77 0
      vertex 26 -42 0
      vertex 36 -42 0
    endloop
  endfacet
  facet normal 0 0 -1
    outer loop
      vertex 82 -77 0
      vertex 18 -42 0
      vertex 26 -42 0
    endloop
  endfacet
  facet normal 0 0 -1
    outer loop
      vertex 18 -42 0
      vertex 8 -42 0
      vertex 18 42 0
    endloop
  endfacet
  facet normal 0 0 -1
    outer loop
      vertex 82 -77 0
      vertex 8 -42 0
      vertex 18 -42 0
    endloop
  endfacet
  facet normal 0 0 -1
    outer loop
      vertex 82 -77 0
      vertex 0 -42 0
      vertex 8 -42 0
    endloop
  endfacet
  facet normal 0 0 -1
    outer loop
      vertex 0 -42 0
      vertex -10 -42 0
      vertex 0 42 0
    endloop
  endfacet
  facet normal 0 0 -1
    outer loop
      vertex -82 -77 0
      vertex 0 -42 0
      vertex 82 -77 0
    endloop
  endfacet
  facet normal -0 0 -1
    outer loop
      vertex 0 -42 0
      vertex -82 -77 0
      vertex -10 -42 0
    endloop
  endfacet
  facet normal 0 0 -1
    outer loop
      vertex -18 -42 0
      vertex -28 -42 0
      vertex -18 42 0
    endloop
  endfacet
  facet normal -0 0 -1
    outer loop
      vertex -10 -42 0
      vertex -82 -77 0
      vertex -18 -42 0
    endloop
  endfacet
  facet normal -0 0 -1
    outer loop
      vertex -18 -42 0
      vertex -82 -77 0
      vertex -28 -42 0
    endloop
  endfacet
  facet normal 0 0 -1
    outer loop
      vertex -36 -42 0
      vertex -46 -42 0
      vertex -36 42 0
    endloop
  endfacet
  facet normal -0 0 -1
    outer loop
      vertex -28 -42 0
      vertex -82 -77 0
      vertex -36 -42 0
    endloop
  endfacet
  facet normal -0 0 -1
    outer loop
      vertex -36 -42 0
      vertex -82 -77 0
      vertex -46 -42 0
    endloop
  endfacet
  facet normal 0 0 -1
    outer loop
      vertex -84.6147 -76.8858 0
      vertex -54 -42 0
      vertex -82 -77 0
    endloop
  endfacet
  facet normal -0 0 -1
    outer loop
      vertex -46 -42 0
      vertex -82 -77 0
      vertex -54 -42 0
    endloop
  endfacet
  facet normal -0 0 -1
    outer loop
      vertex 84.6147 76.8858 0
      vertex 62 42 0
      vertex 82 77 0
    endloop
  endfacet
  facet normal 0 0 -1
    outer loop
      vertex 54 42 0
      vertex 82 77 0
      vertex 62 42 0
    endloop
  endfacet
  facet normal 0 0 -1
    outer loop
      vertex 44 42 0
      vertex 54 42 0
      vertex 44 -42 0
    endloop
  endfacet
  facet normal 0 0 -1
    outer loop
      vertex 44 42 0
      vertex 82 77 0
      vertex 54 42 0
    endloop
  endfacet
  facet normal 0 0 -1
    outer loop
      vertex 36 42 0
      vertex 82 77 0
      vertex 44 42 0
    endloop
  endfacet
  facet normal 0 0 -1
    outer loop
      vertex 26 42 0
      vertex 36 42 0
      vertex 26 -42 0
    endloop
  endfacet
  facet normal 0 0 -1
    outer loop
      vertex 26 42 0
      vertex 82 77 0
      vertex 36 42 0
    endloop
  endfacet
  facet normal 0 0 -1
    outer loop
      vertex 18 42 0
      vertex 82 77 0
      vertex 26 42 0
    endloop
  endfacet
  facet normal 0 0 -1
    outer loop
      vertex 8 42 0
      vertex 18 42 0
      vertex 8 -42 0
    endloop
  endfacet
  facet normal 0 0 -1
    outer loop
      vertex 8 42 0
      vertex 82 77 0
      vertex 18 42 0
    endloop
  endfacet
  facet normal 0 0 -1
    outer loop
      vertex 0 42 0
      vertex 82 77 0
      vertex 8 42 0
    endloop
  endfacet
  facet normal 0 0 -1
    outer loop
      vertex -10 42 0
      vertex 0 42 0
      vertex -10 -42 0
    endloop
  endfacet
  facet normal 0 0 -1
    outer loop
      vertex -82 77 0
      vertex 0 42 0
      vertex -10 42 0
    endloop
  endfacet
  facet normal 0 0 -1
    outer loop
      vertex -82 77 0
      vertex -10 42 0
      vertex -18 42 0
    endloop
  endfacet
  facet normal 0 0 -1
    outer loop
      vertex -28 42 0
      vertex -18 42 0
      vertex -28 -42 0
    endloop
  endfacet
  facet normal 0 0 -1
    outer loop
      vertex -82 77 0
      vertex -18 42 0
      vertex -28 42 0
    endloop
  endfacet
  facet normal 0 0 -1
    outer loop
      vertex -82 77 0
      vertex -28 42 0
      vertex -36 42 0
    endloop
  endfacet
  facet normal 0 0 -1
    outer loop
      vertex -46 42 0
      vertex -36 42 0
      vertex -46 -42 0
    endloop
  endfacet
  facet normal 0 0 -1
    outer loop
      vertex -82 77 0
      vertex -36 42 0
      vertex -46 42 0
    endloop
  endfacet
  facet normal 0 0 -1
    outer loop
      vertex -82 77 0
      vertex -46 42 0
      vertex -54 42 0
    endloop
  endfacet
  facet normal 0 0 -1
    outer loop
      vertex 0 42 0
      vertex -82 77 0
      vertex 82 77 0
    endloop
  endfacet
  facet normal -0 0 -1
    outer loop
      vertex -54 -42 0
      vertex -112 -47 0
      vertex -54 42 0
    endloop
  endfacet
  facet normal 0 0 -1
    outer loop
      vertex -87.2094 -76.5442 0
      vertex -54 -42 0
      vertex -84.6147 -76.8858 0
    endloop
  endfacet
  facet normal 0 0 -1
    outer loop
      vertex -112 47 0
      vertex -54 42 0
      vertex -112 -47 0
    endloop
  endfacet
  facet normal 0 0 -1
    outer loop
      vertex -89.7646 -75.9778 0
      vertex -54 -42 0
      vertex -87.2094 -76.5442 0
    endloop
  endfacet
  facet normal 0 -0 -1
    outer loop
      vertex -104.981 66.2836 0
      vertex -54 42 0
      vertex -112 47 0
    endloop
  endfacet
  facet normal 0 0 -1
    outer loop
      vertex -92.2606 -75.1908 0
      vertex -54 -42 0
      vertex -89.7646 -75.9778 0
    endloop
  endfacet
  facet normal 0 0 -1
    outer loop
      vertex -54 42 0
      vertex -84.6147 76.8858 0
      vertex -82 77 0
    endloop
  endfacet
  facet normal 0 0 -1
    outer loop
      vertex -94.6785 -74.1892 0
      vertex -54 -42 0
      vertex -92.2606 -75.1908 0
    endloop
  endfacet
  facet normal 0 0 -1
    outer loop
      vertex -54 42 0
      vertex -87.2094 76.5442 0
      vertex -84.6147 76.8858 0
    endloop
  endfacet
  facet normal 0 0 -1
    outer loop
      vertex -97 -72.9808 0
      vertex -54 -42 0
      vertex -94.6785 -74.1892 0
    endloop
  endfacet
  facet normal 0 0 -1
    outer loop
      vertex -54 42 0
      vertex -89.7646 75.9778 0
      vertex -87.2094 76.5442 0
    endloop
  endfacet
  facet normal 0 0 -1
    outer loop
      vertex -99.2073 -71.5746 0
      vertex -54 -42 0
      vertex -97 -72.9808 0
    endloop
  endfacet
  facet normal 0 0 -1
    outer loop
      vertex -54 42 0
      vertex -92.2606 75.1908 0
      vertex -89.7646 75.9778 0
    endloop
  endfacet
  facet normal 0 0 -1
    outer loop
      vertex -101.284 -69.9813 0
      vertex -54 -42 0
      vertex -99.2073 -71.5746 0
    endloop
  endfacet
  facet normal 0 0 -1
    outer loop
      vertex -54 42 0
      vertex -94.6785 74.1892 0
      vertex -92.2606 75.1908 0
    endloop
  endfacet
  facet normal 0 0 -1
    outer loop
      vertex -103.213 -68.2132 0
      vertex -54 -42 0
      vertex -101.284 -69.9813 0
    endloop
  endfacet
  facet normal 0 0 -1
    outer loop
      vertex -54 42 0
      vertex -97 72.9808 0
      vertex -94.6785 74.1892 0
    endloop
  endfacet
  facet normal 0 0 -1
    outer loop
      vertex -104.981 -66.2836 0
      vertex -54 -42 0
      vertex -103.213 -68.2132 0
    endloop
  endfacet
  facet normal 0 0 -1
    outer loop
      vertex -54 42 0
      vertex -99.2073 71.5746 0
      vertex -97 72.9808 0
    endloop
  endfacet
  facet normal 0 0 -1
    outer loop
      vertex -54 -42 0
      vertex -104.981 -66.2836 0
      vertex -112 -47 0
    endloop
  endfacet
  facet normal 0 0 -1
    outer loop
      vertex -54 42 0
      vertex -101.284 69.9813 0
      vertex -99.2073 71.5746 0
    endloop
  endfacet
  facet normal 0 0 -1
    outer loop
      vertex -112 -47 0
      vertex -104.981 -66.2836 0
      vertex -106.575 -64.2073 0
    endloop
  endfacet
  facet normal 0 0 -1
    outer loop
      vertex -54 42 0
      vertex -103.213 68.2132 0
      vertex -101.284 69.9813 0
    endloop
  endfacet
  facet normal 0 0 -1
    outer loop
      vertex -112 -47 0
      vertex -106.575 -64.2073 0
      vertex -107.981 -62 0
    endloop
  endfacet
  facet normal 0 0 -1
    outer loop
      vertex -54 42 0
      vertex -104.981 66.2836 0
      vertex -103.213 68.2132 0
    endloop
  endfacet
  facet normal 0 0 -1
    outer loop
      vertex -112 -47 0
      vertex -107.981 -62 0
      vertex -109.189 -59.6785 0
    endloop
  endfacet
  facet normal 0 0 -1
    outer loop
      vertex -104.981 66.2836 0
      vertex -112 47 0
      vertex -106.575 64.2073 0
    endloop
  endfacet
  facet normal 0 0 -1
    outer loop
      vertex -112 -47 0
      vertex -109.189 -59.6785 0
      vertex -110.191 -57.2606 0
    endloop
  endfacet
  facet normal 0 0 -1
    outer loop
      vertex -106.575 64.2073 0
      vertex -112 47 0
      vertex -107.981 62 0
    endloop
  endfacet
  facet normal 0 0 -1
    outer loop
      vertex -112 -47 0
      vertex -110.191 -57.2606 0
      vertex -110.978 -54.7646 0
    endloop
  endfacet
  facet normal 0 0 -1
    outer loop
      vertex -107.981 62 0
      vertex -112 47 0
      vertex -109.189 59.6785 0
    endloop
  endfacet
  facet normal 0 0 -1
    outer loop
      vertex -112 -47 0
      vertex -110.978 -54.7646 0
      vertex -111.544 -52.2094 0
    endloop
  endfacet
  facet normal 0 0 -1
    outer loop
      vertex -109.189 59.6785 0
      vertex -112 47 0
      vertex -110.191 57.2606 0
    endloop
  endfacet
  facet normal 0 0 -1
    outer loop
      vertex -112 -47 0
      vertex -111.544 -52.2094 0
      vertex -111.886 -49.6147 0
    endloop
  endfacet
  facet normal 0 0 -1
    outer loop
      vertex -110.191 57.2606 0
      vertex -112 47 0
      vertex -110.978 54.7646 0
    endloop
  endfacet
  facet normal 0 0 -1
    outer loop
      vertex -110.978 54.7646 0
      vertex -112 47 0
      vertex -111.544 52.2094 0
    endloop
  endfacet
  facet normal 0 0 -1
    outer loop
      vertex -111.544 52.2094 0
      vertex -112 47 0
      vertex -111.886 49.6147 0
    endloop
  endfacet
  facet normal 0 0 1
    outer loop
      vertex 99.605 45.5148 18
      vertex 112 47 18
      vertex 111.886 49.6147 18
    endloop
  endfacet
  facet normal 0 0 1
    outer loop
      vertex 112 47 18
      vertex 100 41 18
      vertex 112 -47 18
    endloop
  endfacet
  facet normal 0 0 1
    outer loop
      vertex 99.1141 47.7293 18
      vertex 111.886 49.6147 18
      vertex 111.544 52.2094 18
    endloop
  endfacet
  facet normal -0 0 1
    outer loop
      vertex 100 -41 18
      vertex 112 -47 18
      vertex 100 41 18
    endloop
  endfacet
  facet normal 0 0 1
    outer loop
      vertex 98.432 49.8925 18
      vertex 111.544 52.2094 18
      vertex 110.978 54.7646 18
    endloop
  endfacet
  facet normal -0 0 1
    outer loop
      vertex 99.9011 -43.2661 18
      vertex 112 -47 18
      vertex 100 -41 18
    endloop
  endfacet
  facet normal 0 0 1
    outer loop
      vertex 97.564 51.9881 18
      vertex 110.978 54.7646 18
      vertex 110.191 57.2606 18
    endloop
  endfacet
  facet normal -0 0 1
    outer loop
      vertex 99.605 -45.5148 18
      vertex 112 -47 18
      vertex 99.9011 -43.2661 18
    endloop
  endfacet
  facet normal 0 0 1
    outer loop
      vertex 97.564 51.9881 18
      vertex 110.191 57.2606 18
      vertex 109.189 59.6785 18
    endloop
  endfacet
  facet normal 0 0 1
    outer loop
      vertex 112 -47 18
      vertex 99.605 -45.5148 18
      vertex 111.886 -49.6147 18
    endloop
  endfacet
  facet normal 0 0 1
    outer loop
      vertex 96.5167 54 18
      vertex 109.189 59.6785 18
      vertex 107.981 62 18
    endloop
  endfacet
  facet normal -0 0 1
    outer loop
      vertex 99.1141 -47.7293 18
      vertex 111.886 -49.6147 18
      vertex 99.605 -45.5148 18
    endloop
  endfacet
  facet normal 0 0 1
    outer loop
      vertex 95.298 55.913 18
      vertex 107.981 62 18
      vertex 106.575 64.2073 18
    endloop
  endfacet
  facet normal 0 0 1
    outer loop
      vertex 111.886 -49.6147 18
      vertex 99.1141 -47.7293 18
      vertex 111.544 -52.2094 18
    endloop
  endfacet
  facet normal 0 0 1
    outer loop
      vertex 95.298 55.913 18
      vertex 106.575 64.2073 18
      vertex 104.981 66.2836 18
    endloop
  endfacet
  facet normal -0 0 1
    outer loop
      vertex 98.432 -49.8925 18
      vertex 111.544 -52.2094 18
      vertex 99.1141 -47.7293 18
    endloop
  endfacet
  facet normal 0 0 1
    outer loop
      vertex 93.9172 57.7125 18
      vertex 104.981 66.2836 18
      vertex 103.213 68.2132 18
    endloop
  endfacet
  facet normal 0 0 1
    outer loop
      vertex 111.544 -52.2094 18
      vertex 98.432 -49.8925 18
      vertex 110.978 -54.7646 18
    endloop
  endfacet
  facet normal 0 0 1
    outer loop
      vertex 92.3848 59.3848 18
      vertex 103.213 68.2132 18
      vertex 101.284 69.9813 18
    endloop
  endfacet
  facet normal -0 0 1
    outer loop
      vertex 97.564 -51.9881 18
      vertex 110.978 -54.7646 18
      vertex 98.432 -49.8925 18
    endloop
  endfacet
  facet normal 0 0 1
    outer loop
      vertex 110.978 -54.7646 18
      vertex 97.564 -51.9881 18
      vertex 110.191 -57.2606 18
    endloop
  endfacet
  facet normal 0 0 1
    outer loop
      vertex 112 47 18
      vertex 99.9011 43.2661 18
      vertex 100 41 18
    endloop
  endfacet
  facet normal 0 0 1
    outer loop
      vertex 112 47 18
      vertex 99.605 45.5148 18
      vertex 99.9011 43.2661 18
    endloop
  endfacet
  facet normal 0 0 1
    outer loop
      vertex 90.7125 60.9172 18
      vertex 101.284 69.9813 18
      vertex 99.2073 71.5746 18
    endloop
  endfacet
  facet normal 0 0 1
    outer loop
      vertex 111.886 49.6147 18
      vertex 99.1141 47.7293 18
      vertex 99.605 45.5148 18
    endloop
  endfacet
  facet normal 0 0 1
    outer loop
      vertex 111.544 52.2094 18
      vertex 98.432 49.8925 18
      vertex 99.1141 47.7293 18
    endloop
  endfacet
  facet normal 0 0 1
    outer loop
      vertex 110.978 54.7646 18
      vertex 97.564 51.9881 18
      vertex 98.432 49.8925 18
    endloop
  endfacet
  facet normal 0 0 1
    outer loop
      vertex 90.7125 60.9172 18
      vertex 99.2073 71.5746 18
      vertex 97 72.9808 18
    endloop
  endfacet
  facet normal 0 0 1
    outer loop
      vertex 109.189 59.6785 18
      vertex 96.5167 54 18
      vertex 97.564 51.9881 18
    endloop
  endfacet
  facet normal 0 0 1
    outer loop
      vertex 107.981 62 18
      vertex 95.298 55.913 18
      vertex 96.5167 54 18
    endloop
  endfacet
  facet normal 0 0 1
    outer loop
      vertex 88.913 62.298 18
      vertex 97 72.9808 18
      vertex 94.6785 74.1892 18
    endloop
  endfacet
  facet normal 0 0 1
    outer loop
      vertex 104.981 66.2836 18
      vertex 93.9172 57.7125 18
      vertex 95.298 55.913 18
    endloop
  endfacet
  facet normal 0 0 1
    outer loop
      vertex 103.213 68.2132 18
      vertex 92.3848 59.3848 18
      vertex 93.9172 57.7125 18
    endloop
  endfacet
  facet normal 0 0 1
    outer loop
      vertex 87 63.5167 18
      vertex 94.6785 74.1892 18
      vertex 92.2606 75.1908 18
    endloop
  endfacet
  facet normal 0 0 1
    outer loop
      vertex 101.284 69.9813 18
      vertex 90.7125 60.9172 18
      vertex 92.3848 59.3848 18
    endloop
  endfacet
  facet normal 0 0 1
    outer loop
      vertex 87 63.5167 18
      vertex 92.2606 75.1908 18
      vertex 89.7646 75.9778 18
    endloop
  endfacet
  facet normal 0 0 1
    outer loop
      vertex 97 72.9808 18
      vertex 88.913 62.298 18
      vertex 90.7125 60.9172 18
    endloop
  endfacet
  facet normal 0 0 1
    outer loop
      vertex 84.9881 64.564 18
      vertex 89.7646 75.9778 18
      vertex 87.2094 76.5442 18
    endloop
  endfacet
  facet normal 0 0 1
    outer loop
      vertex 94.6785 74.1892 18
      vertex 87 63.5167 18
      vertex 88.913 62.298 18
    endloop
  endfacet
  facet normal 0 0 1
    outer loop
      vertex 89.7646 75.9778 18
      vertex 84.9881 64.564 18
      vertex 87 63.5167 18
    endloop
  endfacet
  facet normal 0 0 1
    outer loop
      vertex 82.8925 65.432 18
      vertex 87.2094 76.5442 18
      vertex 84.6147 76.8858 18
    endloop
  endfacet
  facet normal 0 0 1
    outer loop
      vertex 87.2094 76.5442 18
      vertex 82.8925 65.432 18
      vertex 84.9881 64.564 18
    endloop
  endfacet
  facet normal 0 0 1
    outer loop
      vertex 80.7293 66.1141 18
      vertex 84.6147 76.8858 18
      vertex 82 77 18
    endloop
  endfacet
  facet normal 0 0 1
    outer loop
      vertex 84.6147 76.8858 18
      vertex 80.7293 66.1141 18
      vertex 82.8925 65.432 18
    endloop
  endfacet
  facet normal 0 0 1
    outer loop
      vertex 82 77 18
      vertex 78.5148 66.605 18
      vertex 80.7293 66.1141 18
    endloop
  endfacet
  facet normal 0 0 1
    outer loop
      vertex 82 77 18
      vertex 76.2661 66.9011 18
      vertex 78.5148 66.605 18
    endloop
  endfacet
  facet normal 0 0 1
    outer loop
      vertex 82 77 18
      vertex 74 67 18
      vertex 76.2661 66.9011 18
    endloop
  endfacet
  facet normal 0 0 1
    outer loop
      vertex 82 77 18
      vertex -74 67 18
      vertex 74 67 18
    endloop
  endfacet
  facet normal -0 0 1
    outer loop
      vertex -82 77 18
      vertex -74 67 18
      vertex 82 77 18
    endloop
  endfacet
  facet normal 0 0 1
    outer loop
      vertex -74 67 18
      vertex -82 77 18
      vertex -76.2661 66.9011 18
    endloop
  endfacet
  facet normal 0 0 1
    outer loop
      vertex -82 77 18
      vertex -78.5148 66.605 18
      vertex -76.2661 66.9011 18
    endloop
  endfacet
  facet normal 0 0 1
    outer loop
      vertex -82 77 18
      vertex -80.7293 66.1141 18
      vertex -78.5148 66.605 18
    endloop
  endfacet
  facet normal -0 0 1
    outer loop
      vertex -84.6147 76.8858 18
      vertex -80.7293 66.1141 18
      vertex -82 77 18
    endloop
  endfacet
  facet normal 0 0 1
    outer loop
      vertex -80.7293 66.1141 18
      vertex -84.6147 76.8858 18
      vertex -82.8925 65.432 18
    endloop
  endfacet
  facet normal -0 0 1
    outer loop
      vertex -87.2094 76.5442 18
      vertex -82.8925 65.432 18
      vertex -84.6147 76.8858 18
    endloop
  endfacet
  facet normal 0 0 1
    outer loop
      vertex -82.8925 65.432 18
      vertex -87.2094 76.5442 18
      vertex -84.9881 64.564 18
    endloop
  endfacet
  facet normal -0 0 1
    outer loop
      vertex -89.7646 75.9778 18
      vertex -84.9881 64.564 18
      vertex -87.2094 76.5442 18
    endloop
  endfacet
  facet normal 0 0 1
    outer loop
      vertex -84.9881 64.564 18
      vertex -89.7646 75.9778 18
      vertex -87 63.5167 18
    endloop
  endfacet
  facet normal -0 0 1
    outer loop
      vertex -92.2606 75.1908 18
      vertex -87 63.5167 18
      vertex -89.7646 75.9778 18
    endloop
  endfacet
  facet normal -0 0 1
    outer loop
      vertex -94.6785 74.1892 18
      vertex -87 63.5167 18
      vertex -92.2606 75.1908 18
    endloop
  endfacet
  facet normal 0 0 1
    outer loop
      vertex -87 63.5167 18
      vertex -94.6785 74.1892 18
      vertex -88.913 62.298 18
    endloop
  endfacet
  facet normal -0 0 1
    outer loop
      vertex -97 72.9808 18
      vertex -88.913 62.298 18
      vertex -94.6785 74.1892 18
    endloop
  endfacet
  facet normal 0 0 1
    outer loop
      vertex -88.913 62.298 18
      vertex -97 72.9808 18
      vertex -90.7125 60.9172 18
    endloop
  endfacet
  facet normal -0 0 1
    outer loop
      vertex -99.2073 71.5746 18
      vertex -90.7125 60.9172 18
      vertex -97 72.9808 18
    endloop
  endfacet
  facet normal -0 0 1
    outer loop
      vertex -101.284 69.9813 18
      vertex -90.7125 60.9172 18
      vertex -99.2073 71.5746 18
    endloop
  endfacet
  facet normal 0 0 1
    outer loop
      vertex -90.7125 60.9172 18
      vertex -101.284 69.9813 18
      vertex -92.3848 59.3848 18
    endloop
  endfacet
  facet normal -0 0 1
    outer loop
      vertex -103.213 68.2132 18
      vertex -92.3848 59.3848 18
      vertex -101.284 69.9813 18
    endloop
  endfacet
  facet normal 0 0 1
    outer loop
      vertex -92.3848 59.3848 18
      vertex -103.213 68.2132 18
      vertex -93.9172 57.7125 18
    endloop
  endfacet
  facet normal -0 0 1
    outer loop
      vertex -104.981 66.2836 18
      vertex -93.9172 57.7125 18
      vertex -103.213 68.2132 18
    endloop
  endfacet
  facet normal 0 0 1
    outer loop
      vertex -93.9172 57.7125 18
      vertex -104.981 66.2836 18
      vertex -95.298 55.913 18
    endloop
  endfacet
  facet normal -0 0 1
    outer loop
      vertex -106.575 64.2073 18
      vertex -95.298 55.913 18
      vertex -104.981 66.2836 18
    endloop
  endfacet
  facet normal -0 0 1
    outer loop
      vertex -107.981 62 18
      vertex -95.298 55.913 18
      vertex -106.575 64.2073 18
    endloop
  endfacet
  facet normal 0 0 1
    outer loop
      vertex -95.298 55.913 18
      vertex -107.981 62 18
      vertex -96.5167 54 18
    endloop
  endfacet
  facet normal -0 0 1
    outer loop
      vertex -109.189 59.6785 18
      vertex -96.5167 54 18
      vertex -107.981 62 18
    endloop
  endfacet
  facet normal -0 0 1
    outer loop
      vertex -110.191 57.2606 18
      vertex -97.564 51.9881 18
      vertex -109.189 59.6785 18
    endloop
  endfacet
  facet normal 0 0 1
    outer loop
      vertex -96.5167 54 18
      vertex -109.189 59.6785 18
      vertex -97.564 51.9881 18
    endloop
  endfacet
  facet normal 0 0 1
    outer loop
      vertex 110.191 -57.2606 18
      vertex 97.564 -51.9881 18
      vertex 109.189 -59.6785 18
    endloop
  endfacet
  facet normal -0 0 1
    outer loop
      vertex 96.5167 -54 18
      vertex 109.189 -59.6785 18
      vertex 97.564 -51.9881 18
    endloop
  endfacet
  facet normal 0 0 1
    outer loop
      vertex 109.189 -59.6785 18
      vertex 96.5167 -54 18
      vertex 107.981 -62 18
    endloop
  endfacet
  facet normal -0 0 1
    outer loop
      vertex 95.298 -55.913 18
      vertex 107.981 -62 18
      vertex 96.5167 -54 18
    endloop
  endfacet
  facet normal 0 0 1
    outer loop
      vertex 107.981 -62 18
      vertex 95.298 -55.913 18
      vertex 106.575 -64.2073 18
    endloop
  endfacet
  facet normal 0 0 1
    outer loop
      vertex 106.575 -64.2073 18
      vertex 95.298 -55.913 18
      vertex 104.981 -66.2836 18
    endloop
  endfacet
  facet normal -0 0 1
    outer loop
      vertex 93.9172 -57.7125 18
      vertex 104.981 -66.2836 18
      vertex 95.298 -55.913 18
    endloop
  endfacet
  facet normal 0 0 1
    outer loop
      vertex 104.981 -66.2836 18
      vertex 93.9172 -57.7125 18
      vertex 103.213 -68.2132 18
    endloop
  endfacet
  facet normal -0 0 1
    outer loop
      vertex 92.3848 -59.3848 18
      vertex 103.213 -68.2132 18
      vertex 93.9172 -57.7125 18
    endloop
  endfacet
  facet normal 0 0 1
    outer loop
      vertex 103.213 -68.2132 18
      vertex 92.3848 -59.3848 18
      vertex 101.284 -69.9813 18
    endloop
  endfacet
  facet normal -0 0 1
    outer loop
      vertex 90.7125 -60.9172 18
      vertex 101.284 -69.9813 18
      vertex 92.3848 -59.3848 18
    endloop
  endfacet
  facet normal 0 0 1
    outer loop
      vertex 101.284 -69.9813 18
      vertex 90.7125 -60.9172 18
      vertex 99.2073 -71.5746 18
    endloop
  endfacet
  facet normal 0 0 1
    outer loop
      vertex 99.2073 -71.5746 18
      vertex 90.7125 -60.9172 18
      vertex 97 -72.9808 18
    endloop
  endfacet
  facet normal -0 0 1
    outer loop
      vertex 88.913 -62.298 18
      vertex 97 -72.9808 18
      vertex 90.7125 -60.9172 18
    endloop
  endfacet
  facet normal 0 0 1
    outer loop
      vertex 97 -72.9808 18
      vertex 88.913 -62.298 18
      vertex 94.6785 -74.1892 18
    endloop
  endfacet
  facet normal -0 0 1
    outer loop
      vertex 87 -63.5167 18
      vertex 94.6785 -74.1892 18
      vertex 88.913 -62.298 18
    endloop
  endfacet
  facet normal 0 0 1
    outer loop
      vertex 94.6785 -74.1892 18
      vertex 87 -63.5167 18
      vertex 92.2606 -75.1908 18
    endloop
  endfacet
  facet normal 0 0 1
    outer loop
      vertex 92.2606 -75.1908 18
      vertex 87 -63.5167 18
      vertex 89.7646 -75.9778 18
    endloop
  endfacet
  facet normal -0 0 1
    outer loop
      vertex 84.9881 -64.564 18
      vertex 89.7646 -75.9778 18
      vertex 87 -63.5167 18
    endloop
  endfacet
  facet normal 0 0 1
    outer loop
      vertex 89.7646 -75.9778 18
      vertex 84.9881 -64.564 18
      vertex 87.2094 -76.5442 18
    endloop
  endfacet
  facet normal -0 0 1
    outer loop
      vertex 82.8925 -65.432 18
      vertex 87.2094 -76.5442 18
      vertex 84.9881 -64.564 18
    endloop
  endfacet
  facet normal 0 0 1
    outer loop
      vertex 87.2094 -76.5442 18
      vertex 82.8925 -65.432 18
      vertex 84.6147 -76.8858 18
    endloop
  endfacet
  facet normal -0 0 1
    outer loop
      vertex 80.7293 -66.1141 18
      vertex 84.6147 -76.8858 18
      vertex 82.8925 -65.432 18
    endloop
  endfacet
  facet normal 0 0 1
    outer loop
      vertex 84.6147 -76.8858 18
      vertex 80.7293 -66.1141 18
      vertex 82 -77 18
    endloop
  endfacet
  facet normal -0 0 1
    outer loop
      vertex 78.5148 -66.605 18
      vertex 82 -77 18
      vertex 80.7293 -66.1141 18
    endloop
  endfacet
  facet normal -0 0 1
    outer loop
      vertex 76.2661 -66.9011 18
      vertex 82 -77 18
      vertex 78.5148 -66.605 18
    endloop
  endfacet
  facet normal -0 0 1
    outer loop
      vertex 74 -67 18
      vertex 82 -77 18
      vertex 76.2661 -66.9011 18
    endloop
  endfacet
  facet normal -0 0 1
    outer loop
      vertex -74 -67 18
      vertex 82 -77 18
      vertex 74 -67 18
    endloop
  endfacet
  facet normal 0 0 1
    outer loop
      vertex -82 -77 18
      vertex -74 -67 18
      vertex -76.2661 -66.9011 18
    endloop
  endfacet
  facet normal 0 0 1
    outer loop
      vertex -74 -67 18
      vertex -82 -77 18
      vertex 82 -77 18
    endloop
  endfacet
  facet normal 0 0 1
    outer loop
      vertex -78.5148 -66.605 18
      vertex -82 -77 18
      vertex -76.2661 -66.9011 18
    endloop
  endfacet
  facet normal 0 0 1
    outer loop
      vertex -80.7293 -66.1141 18
      vertex -82 -77 18
      vertex -78.5148 -66.605 18
    endloop
  endfacet
  facet normal 0 0 1
    outer loop
      vertex -84.6147 -76.8858 18
      vertex -80.7293 -66.1141 18
      vertex -82.8925 -65.432 18
    endloop
  endfacet
  facet normal 0 0 1
    outer loop
      vertex -80.7293 -66.1141 18
      vertex -84.6147 -76.8858 18
      vertex -82 -77 18
    endloop
  endfacet
  facet normal 0 0 1
    outer loop
      vertex -87.2094 -76.5442 18
      vertex -82.8925 -65.432 18
      vertex -84.9881 -64.564 18
    endloop
  endfacet
  facet normal 0 0 1
    outer loop
      vertex -89.7646 -75.9778 18
      vertex -84.9881 -64.564 18
      vertex -87 -63.5167 18
    endloop
  endfacet
  facet normal 0 0 1
    outer loop
      vertex -82.8925 -65.432 18
      vertex -87.2094 -76.5442 18
      vertex -84.6147 -76.8858 18
    endloop
  endfacet
  facet normal 0 0 1
    outer loop
      vertex -94.6785 -74.1892 18
      vertex -87 -63.5167 18
      vertex -88.913 -62.298 18
    endloop
  endfacet
  facet normal 0 0 1
    outer loop
      vertex -84.9881 -64.564 18
      vertex -89.7646 -75.9778 18
      vertex -87.2094 -76.5442 18
    endloop
  endfacet
  facet normal 0 0 1
    outer loop
      vertex -97 -72.9808 18
      vertex -88.913 -62.298 18
      vertex -90.7125 -60.9172 18
    endloop
  endfacet
  facet normal 0 0 1
    outer loop
      vertex -87 -63.5167 18
      vertex -92.2606 -75.1908 18
      vertex -89.7646 -75.9778 18
    endloop
  endfacet
  facet normal 0 0 1
    outer loop
      vertex -101.284 -69.9813 18
      vertex -90.7125 -60.9172 18
      vertex -92.3848 -59.3848 18
    endloop
  endfacet
  facet normal 0 0 1
    outer loop
      vertex -103.213 -68.2132 18
      vertex -92.3848 -59.3848 18
      vertex -93.9172 -57.7125 18
    endloop
  endfacet
  facet normal 0 0 1
    outer loop
      vertex -87 -63.5167 18
      vertex -94.6785 -74.1892 18
      vertex -92.2606 -75.1908 18
    endloop
  endfacet
  facet normal 0 0 1
    outer loop
      vertex -104.981 -66.2836 18
      vertex -93.9172 -57.7125 18
      vertex -95.298 -55.913 18
    endloop
  endfacet
  facet normal 0 0 1
    outer loop
      vertex -107.981 -62 18
      vertex -95.298 -55.913 18
      vertex -96.5167 -54 18
    endloop
  endfacet
  facet normal 0 0 1
    outer loop
      vertex -88.913 -62.298 18
      vertex -97 -72.9808 18
      vertex -94.6785 -74.1892 18
    endloop
  endfacet
  facet normal 0 0 1
    outer loop
      vertex -109.189 -59.6785 18
      vertex -96.5167 -54 18
      vertex -97.564 -51.9881 18
    endloop
  endfacet
  facet normal 0 0 1
    outer loop
      vertex -110.978 -54.7646 18
      vertex -97.564 -51.9881 18
      vertex -98.432 -49.8925 18
    endloop
  endfacet
  facet normal 0 0 1
    outer loop
      vertex -111.544 -52.2094 18
      vertex -98.432 -49.8925 18
      vertex -99.1141 -47.7293 18
    endloop
  endfacet
  facet normal 0 0 1
    outer loop
      vertex -90.7125 -60.9172 18
      vertex -99.2073 -71.5746 18
      vertex -97 -72.9808 18
    endloop
  endfacet
  facet normal 0 0 1
    outer loop
      vertex -111.886 -49.6147 18
      vertex -99.1141 -47.7293 18
      vertex -99.605 -45.5148 18
    endloop
  endfacet
  facet normal 0 0 1
    outer loop
      vertex -112 -47 18
      vertex -99.605 -45.5148 18
      vertex -99.9011 -43.2661 18
    endloop
  endfacet
  facet normal 0 0 1
    outer loop
      vertex -112 -47 18
      vertex -99.9011 -43.2661 18
      vertex -100 -41 18
    endloop
  endfacet
  facet normal 0 0 1
    outer loop
      vertex -90.7125 -60.9172 18
      vertex -101.284 -69.9813 18
      vertex -99.2073 -71.5746 18
    endloop
  endfacet
  facet normal 0 0 1
    outer loop
      vertex -100 41 18
      vertex -112 47 18
      vertex -100 -41 18
    endloop
  endfacet
  facet normal -0 0 1
    outer loop
      vertex -110.978 54.7646 18
      vertex -97.564 51.9881 18
      vertex -110.191 57.2606 18
    endloop
  endfacet
  facet normal 0 0 1
    outer loop
      vertex -112 -47 18
      vertex -100 -41 18
      vertex -112 47 18
    endloop
  endfacet
  facet normal 0 0 1
    outer loop
      vertex -97.564 51.9881 18
      vertex -110.978 54.7646 18
      vertex -98.432 49.8925 18
    endloop
  endfacet
  facet normal 0 0 1
    outer loop
      vertex -99.605 -45.5148 18
      vertex -112 -47 18
      vertex -111.886 -49.6147 18
    endloop
  endfacet
  facet normal -0 0 1
    outer loop
      vertex -111.544 52.2094 18
      vertex -98.432 49.8925 18
      vertex -110.978 54.7646 18
    endloop
  endfacet
  facet normal 0 0 1
    outer loop
      vertex -92.3848 -59.3848 18
      vertex -103.213 -68.2132 18
      vertex -101.284 -69.9813 18
    endloop
  endfacet
  facet normal 0 0 1
    outer loop
      vertex -98.432 49.8925 18
      vertex -111.544 52.2094 18
      vertex -99.1141 47.7293 18
    endloop
  endfacet
  facet normal 0 0 1
    outer loop
      vertex -93.9172 -57.7125 18
      vertex -104.981 -66.2836 18
      vertex -103.213 -68.2132 18
    endloop
  endfacet
  facet normal -0 0 1
    outer loop
      vertex -111.886 49.6147 18
      vertex -99.1141 47.7293 18
      vertex -111.544 52.2094 18
    endloop
  endfacet
  facet normal 0 0 1
    outer loop
      vertex -95.298 -55.913 18
      vertex -106.575 -64.2073 18
      vertex -104.981 -66.2836 18
    endloop
  endfacet
  facet normal 0 0 1
    outer loop
      vertex -99.1141 47.7293 18
      vertex -111.886 49.6147 18
      vertex -99.605 45.5148 18
    endloop
  endfacet
  facet normal 0 0 1
    outer loop
      vertex -95.298 -55.913 18
      vertex -107.981 -62 18
      vertex -106.575 -64.2073 18
    endloop
  endfacet
  facet normal -0 0 1
    outer loop
      vertex -112 47 18
      vertex -99.605 45.5148 18
      vertex -111.886 49.6147 18
    endloop
  endfacet
  facet normal 0 0 1
    outer loop
      vertex -96.5167 -54 18
      vertex -109.189 -59.6785 18
      vertex -107.981 -62 18
    endloop
  endfacet
  facet normal 0 0 1
    outer loop
      vertex -99.605 45.5148 18
      vertex -112 47 18
      vertex -99.9011 43.2661 18
    endloop
  endfacet
  facet normal 0 0 1
    outer loop
      vertex -97.564 -51.9881 18
      vertex -110.191 -57.2606 18
      vertex -109.189 -59.6785 18
    endloop
  endfacet
  facet normal 0 0 1
    outer loop
      vertex -99.9011 43.2661 18
      vertex -112 47 18
      vertex -100 41 18
    endloop
  endfacet
  facet normal 0 0 1
    outer loop
      vertex -97.564 -51.9881 18
      vertex -110.978 -54.7646 18
      vertex -110.191 -57.2606 18
    endloop
  endfacet
  facet normal 0 0 1
    outer loop
      vertex -98.432 -49.8925 18
      vertex -111.544 -52.2094 18
      vertex -110.978 -54.7646 18
    endloop
  endfacet
  facet normal 0 0 1
    outer loop
      vertex -99.1141 -47.7293 18
      vertex -111.886 -49.6147 18
      vertex -111.544 -52.2094 18
    endloop
  endfacet
  facet normal 0 0 1
    outer loop
      vertex 62 42 18
      vertex 86 35 18
      vertex 85.9239 36.7431 18
    endloop
  endfacet
  facet normal 0 0 1
    outer loop
      vertex 86 35 18
      vertex 62 42 18
      vertex 86 -35 18
    endloop
  endfacet
  facet normal 0 0 1
    outer loop
      vertex 62 42 18
      vertex 85.9239 36.7431 18
      vertex 85.6962 38.473 18
    endloop
  endfacet
  facet normal 0 0 1
    outer loop
      vertex 62 -42 18
      vertex 86 -35 18
      vertex 62 42 18
    endloop
  endfacet
  facet normal 0 0 1
    outer loop
      vertex 62 42 18
      vertex 85.6962 38.473 18
      vertex 85.3185 40.1764 18
    endloop
  endfacet
  facet normal 0 0 1
    outer loop
      vertex 86 -35 18
      vertex 62 -42 18
      vertex 85.9239 -36.7431 18
    endloop
  endfacet
  facet normal 0 0 1
    outer loop
      vertex 62 42 18
      vertex 85.3185 40.1764 18
      vertex 84.7939 41.8404 18
    endloop
  endfacet
  facet normal 0 0 1
    outer loop
      vertex 85.9239 -36.7431 18
      vertex 62 -42 18
      vertex 85.6962 -38.473 18
    endloop
  endfacet
  facet normal -0 0 1
    outer loop
      vertex 62 42 18
      vertex 84.7939 41.8404 18
      vertex 84.1262 43.4524 18
    endloop
  endfacet
  facet normal 0 0 1
    outer loop
      vertex 85.6962 -38.473 18
      vertex 62 -42 18
      vertex 85.3185 -40.1764 18
    endloop
  endfacet
  facet normal 0 0 1
    outer loop
      vertex 62 42 18
      vertex 84.1262 43.4524 18
      vertex 83.3205 45 18
    endloop
  endfacet
  facet normal 0 0 1
    outer loop
      vertex 85.3185 -40.1764 18
      vertex 62 -42 18
      vertex 84.7939 -41.8404 18
    endloop
  endfacet
  facet normal 0 0 1
    outer loop
      vertex 62 42 18
      vertex 83.3205 45 18
      vertex 82.383 46.4715 18
    endloop
  endfacet
  facet normal 0 0 1
    outer loop
      vertex 84.7939 -41.8404 18
      vertex 62 -42 18
      vertex 84.1262 -43.4524 18
    endloop
  endfacet
  facet normal 0 0 1
    outer loop
      vertex 62 42 18
      vertex 82.383 46.4715 18
      vertex 81.3209 47.8558 18
    endloop
  endfacet
  facet normal 0 0 1
    outer loop
      vertex 84.1262 -43.4524 18
      vertex 62 -42 18
      vertex 83.3205 -45 18
    endloop
  endfacet
  facet normal 0 0 1
    outer loop
      vertex 62 42 18
      vertex 81.3209 47.8558 18
      vertex 80.1421 49.1421 18
    endloop
  endfacet
  facet normal 0 0 1
    outer loop
      vertex 83.3205 -45 18
      vertex 62 -42 18
      vertex 82.383 -46.4715 18
    endloop
  endfacet
  facet normal 0 0 1
    outer loop
      vertex 62 42 18
      vertex 80.1421 49.1421 18
      vertex 78.8558 50.3209 18
    endloop
  endfacet
  facet normal 0 0 1
    outer loop
      vertex 82.383 -46.4715 18
      vertex 62 -42 18
      vertex 81.3209 -47.8558 18
    endloop
  endfacet
  facet normal 0 0 1
    outer loop
      vertex 62 42 18
      vertex 78.8558 50.3209 18
      vertex 77.4715 51.383 18
    endloop
  endfacet
  facet normal 0 0 1
    outer loop
      vertex 81.3209 -47.8558 18
      vertex 62 -42 18
      vertex 80.1421 -49.1421 18
    endloop
  endfacet
  facet normal 0 0 1
    outer loop
      vertex 62 42 18
      vertex 77.4715 51.383 18
      vertex 76 52.3205 18
    endloop
  endfacet
  facet normal 0 0 1
    outer loop
      vertex 80.1421 -49.1421 18
      vertex 62 -42 18
      vertex 78.8558 -50.3209 18
    endloop
  endfacet
  facet normal 0 0 1
    outer loop
      vertex 62 42 18
      vertex 76 52.3205 18
      vertex 74.4524 53.1262 18
    endloop
  endfacet
  facet normal 0 0 1
    outer loop
      vertex 78.8558 -50.3209 18
      vertex 62 -42 18
      vertex 77.4715 -51.383 18
    endloop
  endfacet
  facet normal 0 0 1
    outer loop
      vertex 62 42 18
      vertex 74.4524 53.1262 18
      vertex 72.8404 53.7939 18
    endloop
  endfacet
  facet normal 0 0 1
    outer loop
      vertex 77.4715 -51.383 18
      vertex 62 -42 18
      vertex 76 -52.3205 18
    endloop
  endfacet
  facet normal 0 0 1
    outer loop
      vertex 62 42 18
      vertex 72.8404 53.7939 18
      vertex 71.1764 54.3185 18
    endloop
  endfacet
  facet normal 0 0 1
    outer loop
      vertex 76 -52.3205 18
      vertex 62 -42 18
      vertex 74.4524 -53.1262 18
    endloop
  endfacet
  facet normal 0 0 1
    outer loop
      vertex 62 42 18
      vertex 71.1764 54.3185 18
      vertex 69.473 54.6962 18
    endloop
  endfacet
  facet normal 0 0 1
    outer loop
      vertex 74.4524 -53.1262 18
      vertex 62 -42 18
      vertex 72.8404 -53.7939 18
    endloop
  endfacet
  facet normal 0 0 1
    outer loop
      vertex 62 42 18
      vertex 69.473 54.6962 18
      vertex 67.7431 54.9239 18
    endloop
  endfacet
  facet normal 0 0 1
    outer loop
      vertex 72.8404 -53.7939 18
      vertex 62 -42 18
      vertex 71.1764 -54.3185 18
    endloop
  endfacet
  facet normal 0 0 1
    outer loop
      vertex 62 42 18
      vertex 67.7431 54.9239 18
      vertex 66 55 18
    endloop
  endfacet
  facet normal 0 0 1
    outer loop
      vertex 71.1764 -54.3185 18
      vertex 62 -42 18
      vertex 69.473 -54.6962 18
    endloop
  endfacet
  facet normal 0 0 1
    outer loop
      vertex 69.473 -54.6962 18
      vertex 62 -42 18
      vertex 67.7431 -54.9239 18
    endloop
  endfacet
  facet normal 0 0 1
    outer loop
      vertex 66 55 18
      vertex 54 42 18
      vertex 62 42 18
    endloop
  endfacet
  facet normal 0 0 1
    outer loop
      vertex 54 42 18
      vertex 44 42 18
      vertex 54 -42 18
    endloop
  endfacet
  facet normal 0 0 1
    outer loop
      vertex 66 55 18
      vertex 44 42 18
      vertex 54 42 18
    endloop
  endfacet
  facet normal 0 0 1
    outer loop
      vertex 66 55 18
      vertex 36 42 18
      vertex 44 42 18
    endloop
  endfacet
  facet normal 0 0 1
    outer loop
      vertex 36 42 18
      vertex 26 42 18
      vertex 36 -42 18
    endloop
  endfacet
  facet normal 0 0 1
    outer loop
      vertex 66 55 18
      vertex 26 42 18
      vertex 36 42 18
    endloop
  endfacet
  facet normal 0 0 1
    outer loop
      vertex 66 55 18
      vertex 18 42 18
      vertex 26 42 18
    endloop
  endfacet
  facet normal 0 0 1
    outer loop
      vertex 18 42 18
      vertex 8 42 18
      vertex 18 -42 18
    endloop
  endfacet
  facet normal 0 0 1
    outer loop
      vertex 66 55 18
      vertex 8 42 18
      vertex 18 42 18
    endloop
  endfacet
  facet normal 0 0 1
    outer loop
      vertex 66 55 18
      vertex 0 42 18
      vertex 8 42 18
    endloop
  endfacet
  facet normal 0 0 1
    outer loop
      vertex 0 42 18
      vertex -10 42 18
      vertex 0 -42 18
    endloop
  endfacet
  facet normal -0 0 1
    outer loop
      vertex -66 55 18
      vertex 0 42 18
      vertex 66 55 18
    endloop
  endfacet
  facet normal 0 0 1
    outer loop
      vertex 0 42 18
      vertex -66 55 18
      vertex -10 42 18
    endloop
  endfacet
  facet normal 0 0 1
    outer loop
      vertex -18 42 18
      vertex -28 42 18
      vertex -18 -42 18
    endloop
  endfacet
  facet normal 0 0 1
    outer loop
      vertex -10 42 18
      vertex -66 55 18
      vertex -18 42 18
    endloop
  endfacet
  facet normal 0 0 1
    outer loop
      vertex -18 42 18
      vertex -66 55 18
      vertex -28 42 18
    endloop
  endfacet
  facet normal 0 0 1
    outer loop
      vertex -36 42 18
      vertex -46 42 18
      vertex -36 -42 18
    endloop
  endfacet
  facet normal 0 0 1
    outer loop
      vertex -28 42 18
      vertex -66 55 18
      vertex -36 42 18
    endloop
  endfacet
  facet normal 0 0 1
    outer loop
      vertex -36 42 18
      vertex -66 55 18
      vertex -46 42 18
    endloop
  endfacet
  facet normal -0 0 1
    outer loop
      vertex -67.7431 54.9239 18
      vertex -54 42 18
      vertex -66 55 18
    endloop
  endfacet
  facet normal 0 0 1
    outer loop
      vertex -46 42 18
      vertex -66 55 18
      vertex -54 42 18
    endloop
  endfacet
  facet normal 0 0 1
    outer loop
      vertex 67.7431 -54.9239 18
      vertex 62 -42 18
      vertex 66 -55 18
    endloop
  endfacet
  facet normal -0 0 1
    outer loop
      vertex 54 -42 18
      vertex 66 -55 18
      vertex 62 -42 18
    endloop
  endfacet
  facet normal 0 0 1
    outer loop
      vertex 44 -42 18
      vertex 54 -42 18
      vertex 44 42 18
    endloop
  endfacet
  facet normal -0 0 1
    outer loop
      vertex 44 -42 18
      vertex 66 -55 18
      vertex 54 -42 18
    endloop
  endfacet
  facet normal -0 0 1
    outer loop
      vertex 36 -42 18
      vertex 66 -55 18
      vertex 44 -42 18
    endloop
  endfacet
  facet normal 0 0 1
    outer loop
      vertex 26 -42 18
      vertex 36 -42 18
      vertex 26 42 18
    endloop
  endfacet
  facet normal -0 0 1
    outer loop
      vertex 26 -42 18
      vertex 66 -55 18
      vertex 36 -42 18
    endloop
  endfacet
  facet normal -0 0 1
    outer loop
      vertex 18 -42 18
      vertex 66 -55 18
      vertex 26 -42 18
    endloop
  endfacet
  facet normal 0 0 1
    outer loop
      vertex 8 -42 18
      vertex 18 -42 18
      vertex 8 42 18
    endloop
  endfacet
  facet normal -0 0 1
    outer loop
      vertex 8 -42 18
      vertex 66 -55 18
      vertex 18 -42 18
    endloop
  endfacet
  facet normal -0 0 1
    outer loop
      vertex 0 -42 18
      vertex 66 -55 18
      vertex 8 -42 18
    endloop
  endfacet
  facet normal 0 0 1
    outer loop
      vertex -10 -42 18
      vertex 0 -42 18
      vertex -10 42 18
    endloop
  endfacet
  facet normal 0 0 1
    outer loop
      vertex -66 -55 18
      vertex 0 -42 18
      vertex -10 -42 18
    endloop
  endfacet
  facet normal 0 0 1
    outer loop
      vertex -66 -55 18
      vertex -10 -42 18
      vertex -18 -42 18
    endloop
  endfacet
  facet normal 0 0 1
    outer loop
      vertex -28 -42 18
      vertex -18 -42 18
      vertex -28 42 18
    endloop
  endfacet
  facet normal 0 0 1
    outer loop
      vertex -66 -55 18
      vertex -18 -42 18
      vertex -28 -42 18
    endloop
  endfacet
  facet normal 0 0 1
    outer loop
      vertex -66 -55 18
      vertex -28 -42 18
      vertex -36 -42 18
    endloop
  endfacet
  facet normal 0 0 1
    outer loop
      vertex -46 -42 18
      vertex -36 -42 18
      vertex -46 42 18
    endloop
  endfacet
  facet normal 0 0 1
    outer loop
      vertex -66 -55 18
      vertex -36 -42 18
      vertex -46 -42 18
    endloop
  endfacet
  facet normal 0 0 1
    outer loop
      vertex -66 -55 18
      vertex -46 -42 18
      vertex -54 -42 18
    endloop
  endfacet
  facet normal 0 0 1
    outer loop
      vertex 0 -42 18
      vertex -66 -55 18
      vertex 66 -55 18
    endloop
  endfacet
  facet normal 0 0 1
    outer loop
      vertex -54 42 18
      vertex -86 35 18
      vertex -54 -42 18
    endloop
  endfacet
  facet normal -0 0 1
    outer loop
      vertex -69.473 54.6962 18
      vertex -54 42 18
      vertex -67.7431 54.9239 18
    endloop
  endfacet
  facet normal -0 0 1
    outer loop
      vertex -86 -35 18
      vertex -54 -42 18
      vertex -86 35 18
    endloop
  endfacet
  facet normal -0 0 1
    outer loop
      vertex -71.1764 54.3185 18
      vertex -54 42 18
      vertex -69.473 54.6962 18
    endloop
  endfacet
  facet normal -0 -0 1
    outer loop
      vertex -85.9239 -36.7431 18
      vertex -54 -42 18
      vertex -86 -35 18
    endloop
  endfacet
  facet normal -0 0 1
    outer loop
      vertex -72.8404 53.7939 18
      vertex -54 42 18
      vertex -71.1764 54.3185 18
    endloop
  endfacet
  facet normal 0 0 1
    outer loop
      vertex -54 -42 18
      vertex -67.7431 -54.9239 18
      vertex -66 -55 18
    endloop
  endfacet
  facet normal -0 0 1
    outer loop
      vertex -74.4524 53.1262 18
      vertex -54 42 18
      vertex -72.8404 53.7939 18
    endloop
  endfacet
  facet normal 0 0 1
    outer loop
      vertex -54 -42 18
      vertex -69.473 -54.6962 18
      vertex -67.7431 -54.9239 18
    endloop
  endfacet
  facet normal -0 0 1
    outer loop
      vertex -76 52.3205 18
      vertex -54 42 18
      vertex -74.4524 53.1262 18
    endloop
  endfacet
  facet normal 0 0 1
    outer loop
      vertex -54 -42 18
      vertex -71.1764 -54.3185 18
      vertex -69.473 -54.6962 18
    endloop
  endfacet
  facet normal -0 0 1
    outer loop
      vertex -77.4715 51.383 18
      vertex -54 42 18
      vertex -76 52.3205 18
    endloop
  endfacet
  facet normal 0 0 1
    outer loop
      vertex -54 -42 18
      vertex -72.8404 -53.7939 18
      vertex -71.1764 -54.3185 18
    endloop
  endfacet
  facet normal -0 0 1
    outer loop
      vertex -78.8558 50.3209 18
      vertex -54 42 18
      vertex -77.4715 51.383 18
    endloop
  endfacet
  facet normal 0 0 1
    outer loop
      vertex -54 -42 18
      vertex -74.4524 -53.1262 18
      vertex -72.8404 -53.7939 18
    endloop
  endfacet
  facet normal -0 0 1
    outer loop
      vertex -80.1421 49.1421 18
      vertex -54 42 18
      vertex -78.8558 50.3209 18
    endloop
  endfacet
  facet normal 0 0 1
    outer loop
      vertex -54 -42 18
      vertex -76 -52.3205 18
      vertex -74.4524 -53.1262 18
    endloop
  endfacet
  facet normal -0 0 1
    outer loop
      vertex -81.3209 47.8558 18
      vertex -54 42 18
      vertex -80.1421 49.1421 18
    endloop
  endfacet
  facet normal 0 0 1
    outer loop
      vertex -54 -42 18
      vertex -77.4715 -51.383 18
      vertex -76 -52.3205 18
    endloop
  endfacet
  facet normal -0 0 1
    outer loop
      vertex -82.383 46.4715 18
      vertex -54 42 18
      vertex -81.3209 47.8558 18
    endloop
  endfacet
  facet normal 0 0 1
    outer loop
      vertex -54 -42 18
      vertex -78.8558 -50.3209 18
      vertex -77.4715 -51.383 18
    endloop
  endfacet
  facet normal -0 0 1
    outer loop
      vertex -83.3205 45 18
      vertex -54 42 18
      vertex -82.383 46.4715 18
    endloop
  endfacet
  facet normal 0 0 1
    outer loop
      vertex -54 -42 18
      vertex -80.1421 -49.1421 18
      vertex -78.8558 -50.3209 18
    endloop
  endfacet
  facet normal -0 0 1
    outer loop
      vertex -84.1262 43.4524 18
      vertex -54 42 18
      vertex -83.3205 45 18
    endloop
  endfacet
  facet normal 0 0 1
    outer loop
      vertex -54 -42 18
      vertex -81.3209 -47.8558 18
      vertex -80.1421 -49.1421 18
    endloop
  endfacet
  facet normal 0 0 1
    outer loop
      vertex -84.7939 41.8404 18
      vertex -54 42 18
      vertex -84.1262 43.4524 18
    endloop
  endfacet
  facet normal 0 0 1
    outer loop
      vertex -54 -42 18
      vertex -82.383 -46.4715 18
      vertex -81.3209 -47.8558 18
    endloop
  endfacet
  facet normal 0 0 1
    outer loop
      vertex -85.3185 40.1764 18
      vertex -54 42 18
      vertex -84.7939 41.8404 18
    endloop
  endfacet
  facet normal 0 0 1
    outer loop
      vertex -54 -42 18
      vertex -83.3205 -45 18
      vertex -82.383 -46.4715 18
    endloop
  endfacet
  facet normal 0 0 1
    outer loop
      vertex -85.6962 38.473 18
      vertex -54 42 18
      vertex -85.3185 40.1764 18
    endloop
  endfacet
  facet normal 0 0 1
    outer loop
      vertex -54 -42 18
      vertex -84.1262 -43.4524 18
      vertex -83.3205 -45 18
    endloop
  endfacet
  facet normal 0 0 1
    outer loop
      vertex -85.9239 36.7431 18
      vertex -54 42 18
      vertex -85.6962 38.473 18
    endloop
  endfacet
  facet normal 0 0 1
    outer loop
      vertex -54 -42 18
      vertex -84.7939 -41.8404 18
      vertex -84.1262 -43.4524 18
    endloop
  endfacet
  facet normal 0 0 1
    outer loop
      vertex -54 42 18
      vertex -85.9239 36.7431 18
      vertex -86 35 18
    endloop
  endfacet
  facet normal 0 0 1
    outer loop
      vertex -54 -42 18
      vertex -85.3185 -40.1764 18
      vertex -84.7939 -41.8404 18
    endloop
  endfacet
  facet normal 0 0 1
    outer loop
      vertex -54 -42 18
      vertex -85.6962 -38.473 18
      vertex -85.3185 -40.1764 18
    endloop
  endfacet
  facet normal 0 0 1
    outer loop
      vertex -54 -42 18
      vertex -85.9239 -36.7431 18
      vertex -85.6962 -38.473 18
    endloop
  endfacet
  facet normal -0.608711 -0.793392 0
    outer loop
      vertex -101.284 -69.9813 0
      vertex -99.2073 -71.5746 18
      vertex -101.284 -69.9813 18
    endloop
  endfacet
  facet normal -0.608711 -0.793392 -0
    outer loop
      vertex -99.2073 -71.5746 18
      vertex -101.284 -69.9813 0
      vertex -99.2073 -71.5746 0
    endloop
  endfacet
  facet normal -0.46172 -0.887026 0
    outer loop
      vertex -97 -72.9808 0
      vertex -94.6785 -74.1892 18
      vertex -97 -72.9808 18
    endloop
  endfacet
  facet normal -0.46172 -0.887026 -0
    outer loop
      vertex -94.6785 -74.1892 18
      vertex -97 -72.9808 0
      vertex -94.6785 -74.1892 0
    endloop
  endfacet
  facet normal -0.130527 -0.991445 0
    outer loop
      vertex -87.2094 -76.5442 0
      vertex -84.6147 -76.8858 18
      vertex -87.2094 -76.5442 18
    endloop
  endfacet
  facet normal -0.130527 -0.991445 -0
    outer loop
      vertex -84.6147 -76.8858 18
      vertex -87.2094 -76.5442 0
      vertex -84.6147 -76.8858 0
    endloop
  endfacet
  facet normal -0.300711 -0.953715 0
    outer loop
      vertex -92.2606 -75.1908 0
      vertex -89.7646 -75.9778 18
      vertex -92.2606 -75.1908 18
    endloop
  endfacet
  facet normal -0.300711 -0.953715 -0
    outer loop
      vertex -89.7646 -75.9778 18
      vertex -92.2606 -75.1908 0
      vertex -89.7646 -75.9778 0
    endloop
  endfacet
  facet normal 0.537298 0.843392 -0
    outer loop
      vertex 99.2073 71.5746 0
      vertex 97 72.9808 18
      vertex 99.2073 71.5746 18
    endloop
  endfacet
  facet normal 0.537298 0.843392 0
    outer loop
      vertex 97 72.9808 18
      vertex 99.2073 71.5746 0
      vertex 97 72.9808 0
    endloop
  endfacet
  facet normal 0.608711 0.793392 -0
    outer loop
      vertex 101.284 69.9813 0
      vertex 99.2073 71.5746 18
      vertex 101.284 69.9813 18
    endloop
  endfacet
  facet normal 0.608711 0.793392 0
    outer loop
      vertex 99.2073 71.5746 18
      vertex 101.284 69.9813 0
      vertex 99.2073 71.5746 0
    endloop
  endfacet
  facet normal 0.46172 0.887026 -0
    outer loop
      vertex 97 72.9808 0
      vertex 94.6785 74.1892 18
      vertex 97 72.9808 18
    endloop
  endfacet
  facet normal 0.46172 0.887026 0
    outer loop
      vertex 94.6785 74.1892 18
      vertex 97 72.9808 0
      vertex 94.6785 74.1892 0
    endloop
  endfacet
  facet normal 0.216413 0.976302 -0
    outer loop
      vertex 89.7646 75.9778 0
      vertex 87.2094 76.5442 18
      vertex 89.7646 75.9778 18
    endloop
  endfacet
  facet normal 0.216413 0.976302 0
    outer loop
      vertex 87.2094 76.5442 18
      vertex 89.7646 75.9778 0
      vertex 87.2094 76.5442 0
    endloop
  endfacet
  facet normal 0.130527 0.991445 -0
    outer loop
      vertex 87.2094 76.5442 0
      vertex 84.6147 76.8858 18
      vertex 87.2094 76.5442 18
    endloop
  endfacet
  facet normal 0.130527 0.991445 0
    outer loop
      vertex 84.6147 76.8858 18
      vertex 87.2094 76.5442 0
      vertex 84.6147 76.8858 0
    endloop
  endfacet
  facet normal 0.300711 0.953715 -0
    outer loop
      vertex 92.2606 75.1908 0
      vertex 89.7646 75.9778 18
      vertex 92.2606 75.1908 18
    endloop
  endfacet
  facet normal 0.300711 0.953715 0
    outer loop
      vertex 89.7646 75.9778 18
      vertex 92.2606 75.1908 0
      vertex 89.7646 75.9778 0
    endloop
  endfacet
  facet normal 0.923816 0.382838 0
    outer loop
      vertex 110.191 57.2606 18
      vertex 109.189 59.6785 0
      vertex 109.189 59.6785 18
    endloop
  endfacet
  facet normal 0.923816 0.382838 0
    outer loop
      vertex 109.189 59.6785 0
      vertex 110.191 57.2606 18
      vertex 110.191 57.2606 0
    endloop
  endfacet
  facet normal 1 -0 0
    outer loop
      vertex 112 -47 18
      vertex 112 47 0
      vertex 112 47 18
    endloop
  endfacet
  facet normal 1 0 0
    outer loop
      vertex 112 47 0
      vertex 112 -47 18
      vertex 112 -47 0
    endloop
  endfacet
  facet normal 0.976334 0.216267 0
    outer loop
      vertex 111.544 52.2094 18
      vertex 110.978 54.7646 0
      vertex 110.978 54.7646 18
    endloop
  endfacet
  facet normal 0.976334 0.216267 0
    outer loop
      vertex 110.978 54.7646 0
      vertex 111.544 52.2094 18
      vertex 111.544 52.2094 0
    endloop
  endfacet
  facet normal 0.887089 -0.461599 0
    outer loop
      vertex 107.981 -62 18
      vertex 109.189 -59.6785 0
      vertex 109.189 -59.6785 18
    endloop
  endfacet
  facet normal 0.887089 -0.461599 0
    outer loop
      vertex 109.189 -59.6785 0
      vertex 107.981 -62 18
      vertex 107.981 -62 0
    endloop
  endfacet
  facet normal 0.737306 -0.675559 0
    outer loop
      vertex 103.213 -68.2132 18
      vertex 104.981 -66.2836 0
      vertex 104.981 -66.2836 18
    endloop
  endfacet
  facet normal 0.737306 -0.675559 0
    outer loop
      vertex 104.981 -66.2836 0
      vertex 103.213 -68.2132 18
      vertex 103.213 -68.2132 0
    endloop
  endfacet
  facet normal -0.300711 0.953715 0
    outer loop
      vertex -89.7646 75.9778 0
      vertex -92.2606 75.1908 18
      vertex -89.7646 75.9778 18
    endloop
  endfacet
  facet normal -0.300711 0.953715 0
    outer loop
      vertex -92.2606 75.1908 18
      vertex -89.7646 75.9778 0
      vertex -92.2606 75.1908 0
    endloop
  endfacet
  facet normal -0.216413 0.976302 0
    outer loop
      vertex -87.2094 76.5442 0
      vertex -89.7646 75.9778 18
      vertex -87.2094 76.5442 18
    endloop
  endfacet
  facet normal -0.216413 0.976302 0
    outer loop
      vertex -89.7646 75.9778 18
      vertex -87.2094 76.5442 0
      vertex -89.7646 75.9778 0
    endloop
  endfacet
  facet normal -0.537298 0.843392 0
    outer loop
      vertex -97 72.9808 0
      vertex -99.2073 71.5746 18
      vertex -97 72.9808 18
    endloop
  endfacet
  facet normal -0.537298 0.843392 0
    outer loop
      vertex -99.2073 71.5746 18
      vertex -97 72.9808 0
      vertex -99.2073 71.5746 0
    endloop
  endfacet
  facet normal -0.608711 0.793392 0
    outer loop
      vertex -99.2073 71.5746 0
      vertex -101.284 69.9813 18
      vertex -99.2073 71.5746 18
    endloop
  endfacet
  facet normal -0.608711 0.793392 0
    outer loop
      vertex -101.284 69.9813 18
      vertex -99.2073 71.5746 0
      vertex -101.284 69.9813 0
    endloop
  endfacet
  facet normal -0.46172 0.887026 0
    outer loop
      vertex -94.6785 74.1892 0
      vertex -97 72.9808 18
      vertex -94.6785 74.1892 18
    endloop
  endfacet
  facet normal -0.46172 0.887026 0
    outer loop
      vertex -97 72.9808 18
      vertex -94.6785 74.1892 0
      vertex -97 72.9808 0
    endloop
  endfacet
  facet normal -0.953715 0.300711 0
    outer loop
      vertex -110.978 54.7646 0
      vertex -110.191 57.2606 18
      vertex -110.191 57.2606 0
    endloop
  endfacet
  facet normal -0.953715 0.300711 0
    outer loop
      vertex -110.191 57.2606 18
      vertex -110.978 54.7646 0
      vertex -110.978 54.7646 18
    endloop
  endfacet
  facet normal -0.976334 0.216267 0
    outer loop
      vertex -111.544 52.2094 0
      vertex -110.978 54.7646 18
      vertex -110.978 54.7646 0
    endloop
  endfacet
  facet normal -0.976334 0.216267 0
    outer loop
      vertex -110.978 54.7646 18
      vertex -111.544 52.2094 0
      vertex -111.544 52.2094 18
    endloop
  endfacet
  facet normal -0.843427 0.537244 0
    outer loop
      vertex -107.981 62 0
      vertex -106.575 64.2073 18
      vertex -106.575 64.2073 0
    endloop
  endfacet
  facet normal -0.843427 0.537244 0
    outer loop
      vertex -106.575 64.2073 18
      vertex -107.981 62 0
      vertex -107.981 62 18
    endloop
  endfacet
  facet normal -0.737306 0.675559 0
    outer loop
      vertex -104.981 66.2836 0
      vertex -103.213 68.2132 18
      vertex -103.213 68.2132 0
    endloop
  endfacet
  facet normal -0.737306 0.675559 0
    outer loop
      vertex -103.213 68.2132 18
      vertex -104.981 66.2836 0
      vertex -104.981 66.2836 18
    endloop
  endfacet
  facet normal -0.991425 -0.130677 0
    outer loop
      vertex -111.544 -52.2094 0
      vertex -111.886 -49.6147 18
      vertex -111.886 -49.6147 0
    endloop
  endfacet
  facet normal -0.991425 -0.130677 0
    outer loop
      vertex -111.886 -49.6147 18
      vertex -111.544 -52.2094 0
      vertex -111.544 -52.2094 18
    endloop
  endfacet
  facet normal -0.953715 -0.300711 0
    outer loop
      vertex -110.191 -57.2606 0
      vertex -110.978 -54.7646 18
      vertex -110.978 -54.7646 0
    endloop
  endfacet
  facet normal -0.953715 -0.300711 0
    outer loop
      vertex -110.978 -54.7646 18
      vertex -110.191 -57.2606 0
      vertex -110.191 -57.2606 18
    endloop
  endfacet
  facet normal -0.887089 -0.461599 0
    outer loop
      vertex -107.981 -62 0
      vertex -109.189 -59.6785 18
      vertex -109.189 -59.6785 0
    endloop
  endfacet
  facet normal -0.887089 -0.461599 0
    outer loop
      vertex -109.189 -59.6785 18
      vertex -107.981 -62 0
      vertex -107.981 -62 18
    endloop
  endfacet
  facet normal -0.737306 -0.675559 0
    outer loop
      vertex -103.213 -68.2132 0
      vertex -104.981 -66.2836 18
      vertex -104.981 -66.2836 0
    endloop
  endfacet
  facet normal -0.737306 -0.675559 0
    outer loop
      vertex -104.981 -66.2836 18
      vertex -103.213 -68.2132 0
      vertex -103.213 -68.2132 18
    endloop
  endfacet
  facet normal -0.999051 -0.0435583 0
    outer loop
      vertex -111.886 -49.6147 0
      vertex -112 -47 18
      vertex -112 -47 0
    endloop
  endfacet
  facet normal -0.999051 -0.0435583 0
    outer loop
      vertex -112 -47 18
      vertex -111.886 -49.6147 0
      vertex -111.886 -49.6147 18
    endloop
  endfacet
  facet normal -0.537298 -0.843392 0
    outer loop
      vertex -99.2073 -71.5746 0
      vertex -97 -72.9808 18
      vertex -99.2073 -71.5746 18
    endloop
  endfacet
  facet normal -0.537298 -0.843392 -0
    outer loop
      vertex -97 -72.9808 18
      vertex -99.2073 -71.5746 0
      vertex -97 -72.9808 0
    endloop
  endfacet
  facet normal -0.382707 -0.92387 0
    outer loop
      vertex -94.6785 -74.1892 0
      vertex -92.2606 -75.1908 18
      vertex -94.6785 -74.1892 18
    endloop
  endfacet
  facet normal -0.382707 -0.92387 -0
    outer loop
      vertex -92.2606 -75.1908 18
      vertex -94.6785 -74.1892 0
      vertex -92.2606 -75.1908 0
    endloop
  endfacet
  facet normal -0.216413 -0.976302 0
    outer loop
      vertex -89.7646 -75.9778 0
      vertex -87.2094 -76.5442 18
      vertex -89.7646 -75.9778 18
    endloop
  endfacet
  facet normal -0.216413 -0.976302 -0
    outer loop
      vertex -87.2094 -76.5442 18
      vertex -89.7646 -75.9778 0
      vertex -87.2094 -76.5442 0
    endloop
  endfacet
  facet normal 0.991425 0.130677 0
    outer loop
      vertex 111.886 49.6147 18
      vertex 111.544 52.2094 0
      vertex 111.544 52.2094 18
    endloop
  endfacet
  facet normal 0.991425 0.130677 0
    outer loop
      vertex 111.544 52.2094 0
      vertex 111.886 49.6147 18
      vertex 111.886 49.6147 0
    endloop
  endfacet
  facet normal 0.953715 0.300711 0
    outer loop
      vertex 110.978 54.7646 18
      vertex 110.191 57.2606 0
      vertex 110.191 57.2606 18
    endloop
  endfacet
  facet normal 0.953715 0.300711 0
    outer loop
      vertex 110.191 57.2606 0
      vertex 110.978 54.7646 18
      vertex 110.978 54.7646 0
    endloop
  endfacet
  facet normal 0.793206 0.608954 0
    outer loop
      vertex 106.575 64.2073 18
      vertex 104.981 66.2836 0
      vertex 104.981 66.2836 18
    endloop
  endfacet
  facet normal 0.793206 0.608954 0
    outer loop
      vertex 104.981 66.2836 0
      vertex 106.575 64.2073 18
      vertex 106.575 64.2073 0
    endloop
  endfacet
  facet normal 0.887089 0.461599 0
    outer loop
      vertex 109.189 59.6785 18
      vertex 107.981 62 0
      vertex 107.981 62 18
    endloop
  endfacet
  facet normal 0.887089 0.461599 0
    outer loop
      vertex 107.981 62 0
      vertex 109.189 59.6785 18
      vertex 109.189 59.6785 0
    endloop
  endfacet
  facet normal 0.737306 0.675559 0
    outer loop
      vertex 104.981 66.2836 18
      vertex 103.213 68.2132 0
      vertex 103.213 68.2132 18
    endloop
  endfacet
  facet normal 0.737306 0.675559 0
    outer loop
      vertex 103.213 68.2132 0
      vertex 104.981 66.2836 18
      vertex 104.981 66.2836 0
    endloop
  endfacet
  facet normal 0.793206 -0.608954 0
    outer loop
      vertex 104.981 -66.2836 18
      vertex 106.575 -64.2073 0
      vertex 106.575 -64.2073 18
    endloop
  endfacet
  facet normal 0.793206 -0.608954 0
    outer loop
      vertex 106.575 -64.2073 0
      vertex 104.981 -66.2836 18
      vertex 104.981 -66.2836 0
    endloop
  endfacet
  facet normal 0.843427 -0.537244 0
    outer loop
      vertex 106.575 -64.2073 18
      vertex 107.981 -62 0
      vertex 107.981 -62 18
    endloop
  endfacet
  facet normal 0.843427 -0.537244 0
    outer loop
      vertex 107.981 -62 0
      vertex 106.575 -64.2073 18
      vertex 106.575 -64.2073 0
    endloop
  endfacet
  facet normal 0.976334 -0.216267 0
    outer loop
      vertex 110.978 -54.7646 18
      vertex 111.544 -52.2094 0
      vertex 111.544 -52.2094 18
    endloop
  endfacet
  facet normal 0.976334 -0.216267 0
    outer loop
      vertex 111.544 -52.2094 0
      vertex 110.978 -54.7646 18
      vertex 110.978 -54.7646 0
    endloop
  endfacet
  facet normal 0.953715 -0.300711 0
    outer loop
      vertex 110.191 -57.2606 18
      vertex 110.978 -54.7646 0
      vertex 110.978 -54.7646 18
    endloop
  endfacet
  facet normal 0.953715 -0.300711 0
    outer loop
      vertex 110.978 -54.7646 0
      vertex 110.191 -57.2606 18
      vertex 110.191 -57.2606 0
    endloop
  endfacet
  facet normal 0.991425 -0.130677 0
    outer loop
      vertex 111.544 -52.2094 18
      vertex 111.886 -49.6147 0
      vertex 111.886 -49.6147 18
    endloop
  endfacet
  facet normal 0.991425 -0.130677 0
    outer loop
      vertex 111.886 -49.6147 0
      vertex 111.544 -52.2094 18
      vertex 111.544 -52.2094 0
    endloop
  endfacet
  facet normal 0.608711 -0.793392 0
    outer loop
      vertex 99.2073 -71.5746 0
      vertex 101.284 -69.9813 18
      vertex 99.2073 -71.5746 18
    endloop
  endfacet
  facet normal 0.608711 -0.793392 0
    outer loop
      vertex 101.284 -69.9813 18
      vertex 99.2073 -71.5746 0
      vertex 101.284 -69.9813 0
    endloop
  endfacet
  facet normal 0.537298 -0.843392 0
    outer loop
      vertex 97 -72.9808 0
      vertex 99.2073 -71.5746 18
      vertex 97 -72.9808 18
    endloop
  endfacet
  facet normal 0.537298 -0.843392 0
    outer loop
      vertex 99.2073 -71.5746 18
      vertex 97 -72.9808 0
      vertex 99.2073 -71.5746 0
    endloop
  endfacet
  facet normal 0.675693 -0.737183 0
    outer loop
      vertex 101.284 -69.9813 0
      vertex 103.213 -68.2132 18
      vertex 101.284 -69.9813 18
    endloop
  endfacet
  facet normal 0.675693 -0.737183 0
    outer loop
      vertex 103.213 -68.2132 18
      vertex 101.284 -69.9813 0
      vertex 103.213 -68.2132 0
    endloop
  endfacet
  facet normal 0.46172 -0.887026 0
    outer loop
      vertex 94.6785 -74.1892 0
      vertex 97 -72.9808 18
      vertex 94.6785 -74.1892 18
    endloop
  endfacet
  facet normal 0.46172 -0.887026 0
    outer loop
      vertex 97 -72.9808 18
      vertex 94.6785 -74.1892 0
      vertex 97 -72.9808 0
    endloop
  endfacet
  facet normal 0.300711 -0.953715 0
    outer loop
      vertex 89.7646 -75.9778 0
      vertex 92.2606 -75.1908 18
      vertex 89.7646 -75.9778 18
    endloop
  endfacet
  facet normal 0.300711 -0.953715 0
    outer loop
      vertex 92.2606 -75.1908 18
      vertex 89.7646 -75.9778 0
      vertex 92.2606 -75.1908 0
    endloop
  endfacet
  facet normal -0.923816 0.382838 0
    outer loop
      vertex -110.191 57.2606 0
      vertex -109.189 59.6785 18
      vertex -109.189 59.6785 0
    endloop
  endfacet
  facet normal -0.923816 0.382838 0
    outer loop
      vertex -109.189 59.6785 18
      vertex -110.191 57.2606 0
      vertex -110.191 57.2606 18
    endloop
  endfacet
  facet normal -0.976334 -0.216267 0
    outer loop
      vertex -110.978 -54.7646 0
      vertex -111.544 -52.2094 18
      vertex -111.544 -52.2094 0
    endloop
  endfacet
  facet normal -0.976334 -0.216267 0
    outer loop
      vertex -111.544 -52.2094 18
      vertex -110.978 -54.7646 0
      vertex -110.978 -54.7646 18
    endloop
  endfacet
  facet normal -0.923816 -0.382838 0
    outer loop
      vertex -109.189 -59.6785 0
      vertex -110.191 -57.2606 18
      vertex -110.191 -57.2606 0
    endloop
  endfacet
  facet normal -0.923816 -0.382838 0
    outer loop
      vertex -110.191 -57.2606 18
      vertex -109.189 -59.6785 0
      vertex -109.189 -59.6785 18
    endloop
  endfacet
  facet normal -0.843427 -0.537244 0
    outer loop
      vertex -106.575 -64.2073 0
      vertex -107.981 -62 18
      vertex -107.981 -62 0
    endloop
  endfacet
  facet normal -0.843427 -0.537244 0
    outer loop
      vertex -107.981 -62 18
      vertex -106.575 -64.2073 0
      vertex -106.575 -64.2073 18
    endloop
  endfacet
  facet normal -0.675693 -0.737183 0
    outer loop
      vertex -103.213 -68.2132 0
      vertex -101.284 -69.9813 18
      vertex -103.213 -68.2132 18
    endloop
  endfacet
  facet normal -0.675693 -0.737183 -0
    outer loop
      vertex -101.284 -69.9813 18
      vertex -103.213 -68.2132 0
      vertex -101.284 -69.9813 0
    endloop
  endfacet
  facet normal 0.843427 0.537244 0
    outer loop
      vertex 107.981 62 18
      vertex 106.575 64.2073 0
      vertex 106.575 64.2073 18
    endloop
  endfacet
  facet normal 0.843427 0.537244 0
    outer loop
      vertex 106.575 64.2073 0
      vertex 107.981 62 18
      vertex 107.981 62 0
    endloop
  endfacet
  facet normal 0.923816 -0.382838 0
    outer loop
      vertex 109.189 -59.6785 18
      vertex 110.191 -57.2606 0
      vertex 110.191 -57.2606 18
    endloop
  endfacet
  facet normal 0.923816 -0.382838 0
    outer loop
      vertex 110.191 -57.2606 0
      vertex 109.189 -59.6785 18
      vertex 109.189 -59.6785 0
    endloop
  endfacet
  facet normal 0.382707 -0.92387 0
    outer loop
      vertex 92.2606 -75.1908 0
      vertex 94.6785 -74.1892 18
      vertex 92.2606 -75.1908 18
    endloop
  endfacet
  facet normal 0.382707 -0.92387 0
    outer loop
      vertex 94.6785 -74.1892 18
      vertex 92.2606 -75.1908 0
      vertex 94.6785 -74.1892 0
    endloop
  endfacet
  facet normal -0.793206 -0.608954 0
    outer loop
      vertex -104.981 -66.2836 0
      vertex -106.575 -64.2073 18
      vertex -106.575 -64.2073 0
    endloop
  endfacet
  facet normal -0.793206 -0.608954 0
    outer loop
      vertex -106.575 -64.2073 18
      vertex -104.981 -66.2836 0
      vertex -104.981 -66.2836 18
    endloop
  endfacet
  facet normal 0.12995 -0.991521 0.00024159
    outer loop
      vertex 59.9174 -57.9163 38
      vertex 60.3474 -57.8597 39
      vertex 60.2262 -57.8756 38.9369
    endloop
  endfacet
  facet normal 0.13067 -0.991426 0
    outer loop
      vertex 59.9174 -57.9163 38
      vertex 60.2262 -57.8756 38.9369
      vertex 59.9174 -57.9163 38.809
    endloop
  endfacet
  facet normal 0.130515 -0.991446 -5.65826e-06
    outer loop
      vertex 60.3474 -57.8597 39
      vertex 59.9174 -57.9163 38
      vertex 61.8203 -57.6658 38
    endloop
  endfacet
  facet normal 0.130519 -0.991446 0
    outer loop
      vertex 60.3474 -57.8597 39
      vertex 61.8203 -57.6658 38
      vertex 61.8203 -57.6658 39
    endloop
  endfacet
  facet normal 0.043651 -0.999047 0
    outer loop
      vertex 58 -58 38
      vertex 58.5882 -57.9743 38.3407
      vertex 58 -58 38.2103
    endloop
  endfacet
  facet normal 0.0436113 -0.999049 6.85752e-05
    outer loop
      vertex 59.9174 -57.9163 38
      vertex 58.5882 -57.9743 38.3407
      vertex 58 -58 38
    endloop
  endfacet
  facet normal 0.0435913 -0.999049 -9.54419e-06
    outer loop
      vertex 58.5882 -57.9743 38.3407
      vertex 59.9174 -57.9163 38
      vertex 59.4202 -57.938 38.6031
    endloop
  endfacet
  facet normal 0.0436029 -0.999049 0
    outer loop
      vertex 59.4202 -57.938 38.6031
      vertex 59.9174 -57.9163 38
      vertex 59.9174 -57.9163 38.809
    endloop
  endfacet
  facet normal 0.0365733 -0.837574 0.545099
    outer loop
      vertex 56.3529 -57 40.6471
      vertex 50.667 -52.3 48.2504
      vertex 48.6117 -52.3 48.3883
    endloop
  endfacet
  facet normal 0.0365733 -0.837574 0.545099
    outer loop
      vertex 50.667 -52.3 48.2504
      vertex 56.3529 -57 40.6471
      vertex 58.4082 -57 40.5092
    endloop
  endfacet
  facet normal 0.675562 -0.737303 0
    outer loop
      vertex 72.1413 -52.853 38
      vertex 73.5564 -51.5564 39
      vertex 72.1413 -52.853 39
    endloop
  endfacet
  facet normal 0.675562 -0.737303 0
    outer loop
      vertex 73.5564 -51.5564 39
      vertex 72.1413 -52.853 38
      vertex 73.5564 -51.5564 38
    endloop
  endfacet
  facet normal 0 -1 0
    outer loop
      vertex 57.7365 -58 38.1519
      vertex 58 -58 38
      vertex 58 -58 38.2103
    endloop
  endfacet
  facet normal 0 -1 0
    outer loop
      vertex 56.8716 -58 38.0381
      vertex 58 -58 38
      vertex 57.7365 -58 38.1519
    endloop
  endfacet
  facet normal 0 -1 0
    outer loop
      vertex 58 -58 38
      vertex 56.8716 -58 38.0381
      vertex 56 -58 38
    endloop
  endfacet
  facet normal 0 -1 0
    outer loop
      vertex -58 -58 38
      vertex -57.7365 -58 38.1519
      vertex -58 -58 38.2103
    endloop
  endfacet
  facet normal 0 -1 0
    outer loop
      vertex -58 -58 38
      vertex -56.8716 -58 38.0381
      vertex -57.7365 -58 38.1519
    endloop
  endfacet
  facet normal 0 -1 -0
    outer loop
      vertex -56.8716 -58 38.0381
      vertex -58 -58 38
      vertex -56 -58 38
    endloop
  endfacet
  facet normal 0 -1 0
    outer loop
      vertex -34 -58 38
      vertex -51.6526 -58 39
      vertex -51.7738 -58 38.9369
    endloop
  endfacet
  facet normal 0 -1 0
    outer loop
      vertex -34 -58 38
      vertex -51.7738 -58 38.9369
      vertex -52.5798 -58 38.6031
    endloop
  endfacet
  facet normal 0 -1 0
    outer loop
      vertex -34 -58 38
      vertex -52.5798 -58 38.6031
      vertex -53.4118 -58 38.3407
    endloop
  endfacet
  facet normal 0 -1 0
    outer loop
      vertex -34 -58 38
      vertex -53.4118 -58 38.3407
      vertex -54.2635 -58 38.1519
    endloop
  endfacet
  facet normal 0 -1 0
    outer loop
      vertex -34 -58 38
      vertex -54.2635 -58 38.1519
      vertex -55.1284 -58 38.0381
    endloop
  endfacet
  facet normal 0 -1 0
    outer loop
      vertex -34 -58 38
      vertex -55.1284 -58 38.0381
      vertex -56 -58 38
    endloop
  endfacet
  facet normal 0 -1 0
    outer loop
      vertex -51.6526 -58 39
      vertex -34 -58 38
      vertex -12.9562 -58 39
    endloop
  endfacet
  facet normal 0 -1 -0
    outer loop
      vertex -12.9562 -58 39
      vertex -34 -58 38
      vertex -12.0399 -58 38
    endloop
  endfacet
  facet normal 0 -1 0
    outer loop
      vertex 34 -58 38
      vertex 51.6526 -58 39
      vertex 12.9562 -58 39
    endloop
  endfacet
  facet normal 0 -1 -0
    outer loop
      vertex 51.6526 -58 39
      vertex 34 -58 38
      vertex 51.7738 -58 38.9369
    endloop
  endfacet
  facet normal 0 -1 -0
    outer loop
      vertex 51.7738 -58 38.9369
      vertex 34 -58 38
      vertex 52.5798 -58 38.6031
    endloop
  endfacet
  facet normal 0 -1 -0
    outer loop
      vertex 52.5798 -58 38.6031
      vertex 34 -58 38
      vertex 53.4118 -58 38.3407
    endloop
  endfacet
  facet normal 0 -1 -0
    outer loop
      vertex 53.4118 -58 38.3407
      vertex 34 -58 38
      vertex 54.2635 -58 38.1519
    endloop
  endfacet
  facet normal 0 -1 0
    outer loop
      vertex 34 -58 38
      vertex 12.9562 -58 39
      vertex 12.0399 -58 38
    endloop
  endfacet
  facet normal 0 -1 -0
    outer loop
      vertex 54.2635 -58 38.1519
      vertex 34 -58 38
      vertex 55.1284 -58 38.0381
    endloop
  endfacet
  facet normal 0 -1 -0
    outer loop
      vertex 55.1284 -58 38.0381
      vertex 34 -58 38
      vertex 56 -58 38
    endloop
  endfacet
  facet normal 0.216445 -0.976295 0
    outer loop
      vertex 61.8203 -57.6658 38
      vertex 63.694 -57.2504 39
      vertex 61.8203 -57.6658 39
    endloop
  endfacet
  facet normal 0.216445 -0.976295 0
    outer loop
      vertex 63.694 -57.2504 39
      vertex 61.8203 -57.6658 38
      vertex 63.694 -57.2504 38
    endloop
  endfacet
  facet normal -0.326451 -0.627126 0.707208
    outer loop
      vertex -62.1 -52.3 44.626
      vertex -67.2976 -55.9388 39
      vertex -61.3043 -52.3 44.9933
    endloop
  endfacet
  facet normal -0.326581 -0.627009 0.707252
    outer loop
      vertex -62.7972 -52.2695 44.3311
      vertex -67.2976 -55.9388 39
      vertex -62.1 -52.3 44.626
    endloop
  endfacet
  facet normal -0.326316 -0.627228 0.707179
    outer loop
      vertex -63.4892 -52.1785 44.0925
      vertex -67.2976 -55.9388 39
      vertex -62.7972 -52.2695 44.3311
    endloop
  endfacet
  facet normal -0.326462 -0.62712 0.707208
    outer loop
      vertex -64.0583 -52.0523 43.9417
      vertex -67.2976 -55.9388 39
      vertex -63.4892 -52.1785 44.0925
    endloop
  endfacet
  facet normal -0.326455 -0.627124 0.707207
    outer loop
      vertex -67.2976 -55.9388 39
      vertex -64.0583 -52.0523 43.9417
      vertex -69 -55.0526 39
    endloop
  endfacet
  facet normal 0.105288 -0.799816 0.590938
    outer loop
      vertex 61 -57.5228 39.3397
      vertex 61.8203 -57.6658 39
      vertex 61.2935 -57.346 39.5267
    endloop
  endfacet
  facet normal 0.105291 -0.799812 0.590944
    outer loop
      vertex 61.8203 -57.6658 39
      vertex 61 -57.5228 39.3397
      vertex 60.3474 -57.8597 39
    endloop
  endfacet
  facet normal 0.105294 -0.799838 0.590908
    outer loop
      vertex 58.4082 -57 40.5092
      vertex 52.9825 -52.3 47.8378
      vertex 50.667 -52.3 48.2504
    endloop
  endfacet
  facet normal 0.105294 -0.799838 0.590908
    outer loop
      vertex 52.9825 -52.3 47.8378
      vertex 58.4082 -57 40.5092
      vertex 60.7237 -57 40.0966
    endloop
  endfacet
  facet normal 0.168252 -0.758947 0.62904
    outer loop
      vertex 60.7237 -57 40.0966
      vertex 55.5405 -52.3 47.1536
      vertex 52.9825 -52.3 47.8378
    endloop
  endfacet
  facet normal 0.168249 -0.758948 0.629039
    outer loop
      vertex 61.7526 -57 39.8214
      vertex 55.5405 -52.3 47.1536
      vertex 60.7237 -57 40.0966
    endloop
  endfacet
  facet normal 0.168209 -0.758945 0.629054
    outer loop
      vertex 61.8203 -57.6658 39
      vertex 61.7358 -57.0144 39.8085
      vertex 61.2935 -57.346 39.5267
    endloop
  endfacet
  facet normal 0.167579 -0.759061 0.629082
    outer loop
      vertex 61.8203 -57.6658 39
      vertex 61.7526 -57 39.8214
      vertex 61.7358 -57.0144 39.8085
    endloop
  endfacet
  facet normal 0.168258 -0.758943 0.629043
    outer loop
      vertex 61.7526 -57 39.8214
      vertex 63.694 -57.2504 39
      vertex 55.5405 -52.3 47.1536
    endloop
  endfacet
  facet normal 0.168258 -0.758943 0.629042
    outer loop
      vertex 63.694 -57.2504 39
      vertex 61.7526 -57 39.8214
      vertex 61.8203 -57.6658 39
    endloop
  endfacet
  facet normal 0.953705 -0.300742 0
    outer loop
      vertex 78.6732 -43.5244 39
      vertex 79.2504 -41.694 38
      vertex 79.2504 -41.694 39
    endloop
  endfacet
  facet normal 0.953705 -0.300742 0
    outer loop
      vertex 79.2504 -41.694 38
      vertex 78.6732 -43.5244 39
      vertex 78.6732 -43.5244 38
    endloop
  endfacet
  facet normal -2.29432e-07 -0.854761 0.519021
    outer loop
      vertex 13.9256 -57.2416 40.2492
      vertex 49.2365 -57 40.6471
      vertex 14.7224 -56.4821 41.5
    endloop
  endfacet
  facet normal 9.66931e-07 -0.854809 0.518943
    outer loop
      vertex 13.0228 -57.9559 39.0726
      vertex 49.2365 -57 40.6471
      vertex 13.9256 -57.2416 40.2492
    endloop
  endfacet
  facet normal -1.45834e-06 -0.854784 0.518984
    outer loop
      vertex 49.2365 -57 40.6471
      vertex 13.0228 -57.9559 39.0726
      vertex 49.5721 -57.1867 40.3396
    endloop
  endfacet
  facet normal -1.02397e-05 -0.854671 0.519169
    outer loop
      vertex 12.9562 -58 39
      vertex 49.5721 -57.1867 40.3396
      vertex 13.0228 -57.9559 39.0726
    endloop
  endfacet
  facet normal 2.37434e-06 -0.854824 0.518917
    outer loop
      vertex 49.5721 -57.1867 40.3396
      vertex 12.9562 -58 39
      vertex 50.2642 -57.5091 39.8085
    endloop
  endfacet
  facet normal 1.64582e-06 -0.854809 0.518942
    outer loop
      vertex 50.2642 -57.5091 39.8085
      vertex 12.9562 -58 39
      vertex 51 -57.7937 39.3397
    endloop
  endfacet
  facet normal 0 -0.854728 0.519077
    outer loop
      vertex 51 -57.7937 39.3397
      vertex 12.9562 -58 39
      vertex 51.6526 -58 39
    endloop
  endfacet
  facet normal 0 -0.854792 0.518971
    outer loop
      vertex -48.6117 -52.3 48.3883
      vertex -16.1573 -54.5 44.7647
      vertex 48.6117 -52.3 48.3883
    endloop
  endfacet
  facet normal 9.44145e-07 -0.854788 0.518977
    outer loop
      vertex -49.2365 -57 40.6471
      vertex -16.1573 -54.5 44.7647
      vertex -48.6117 -52.3 48.3883
    endloop
  endfacet
  facet normal -1.06567e-05 -0.854747 0.519045
    outer loop
      vertex -16.1573 -54.5 44.7647
      vertex -49.2365 -57 40.6471
      vertex -15.9748 -54.8516 44.1857
    endloop
  endfacet
  facet normal -4.25026e-07 -0.85479 0.518975
    outer loop
      vertex -15.9748 -54.8516 44.1857
      vertex -49.2365 -57 40.6471
      vertex -15.4072 -55.6835 42.8155
    endloop
  endfacet
  facet normal 0 -0.854788 0.518977
    outer loop
      vertex -49.2365 -57 40.6471
      vertex -48.6117 -52.3 48.3883
      vertex -56.3529 -57 40.6471
    endloop
  endfacet
  facet normal 3.18803e-06 -0.854815 0.518934
    outer loop
      vertex -15.4072 -55.6835 42.8155
      vertex -49.2365 -57 40.6471
      vertex -14.7224 -56.4821 41.5
    endloop
  endfacet
  facet normal 1.45834e-06 -0.854784 0.518984
    outer loop
      vertex -13.0228 -57.9559 39.0726
      vertex -49.2365 -57 40.6471
      vertex -49.5721 -57.1867 40.3396
    endloop
  endfacet
  facet normal 2.29432e-07 -0.854761 0.519021
    outer loop
      vertex -49.2365 -57 40.6471
      vertex -13.9256 -57.2416 40.2492
      vertex -14.7224 -56.4821 41.5
    endloop
  endfacet
  facet normal -2.37434e-06 -0.854824 0.518917
    outer loop
      vertex -12.9562 -58 39
      vertex -49.5721 -57.1867 40.3396
      vertex -50.2642 -57.5091 39.8085
    endloop
  endfacet
  facet normal -1.64582e-06 -0.854809 0.518942
    outer loop
      vertex -12.9562 -58 39
      vertex -50.2642 -57.5091 39.8085
      vertex -51 -57.7937 39.3397
    endloop
  endfacet
  facet normal -9.66931e-07 -0.854809 0.518943
    outer loop
      vertex -49.2365 -57 40.6471
      vertex -13.0228 -57.9559 39.0726
      vertex -13.9256 -57.2416 40.2492
    endloop
  endfacet
  facet normal 0 -0.854728 0.519077
    outer loop
      vertex -12.9562 -58 39
      vertex -51 -57.7937 39.3397
      vertex -51.6526 -58 39
    endloop
  endfacet
  facet normal 1.02397e-05 -0.854671 0.519169
    outer loop
      vertex -49.5721 -57.1867 40.3396
      vertex -12.9562 -58 39
      vertex -13.0228 -57.9559 39.0726
    endloop
  endfacet
  facet normal 0 -0.854792 0.518971
    outer loop
      vertex 16.1573 -54.5 44.7647
      vertex 48.6117 -52.3 48.3883
      vertex -16.1573 -54.5 44.7647
    endloop
  endfacet
  facet normal 1.06567e-05 -0.854747 0.519045
    outer loop
      vertex 49.2365 -57 40.6471
      vertex 16.1573 -54.5 44.7647
      vertex 15.9748 -54.8516 44.1857
    endloop
  endfacet
  facet normal 4.25026e-07 -0.85479 0.518975
    outer loop
      vertex 49.2365 -57 40.6471
      vertex 15.9748 -54.8516 44.1857
      vertex 15.4072 -55.6835 42.8155
    endloop
  endfacet
  facet normal -3.18803e-06 -0.854815 0.518934
    outer loop
      vertex 49.2365 -57 40.6471
      vertex 15.4072 -55.6835 42.8155
      vertex 14.7224 -56.4821 41.5
    endloop
  endfacet
  facet normal -9.44145e-07 -0.854788 0.518977
    outer loop
      vertex 16.1573 -54.5 44.7647
      vertex 49.2365 -57 40.6471
      vertex 48.6117 -52.3 48.3883
    endloop
  endfacet
  facet normal 0 -0.854788 0.518977
    outer loop
      vertex 48.6117 -52.3 48.3883
      vertex 49.2365 -57 40.6471
      vertex 56.3529 -57 40.6471
    endloop
  endfacet
  facet normal 0.999049 -0.0436113 0
    outer loop
      vertex 79.9163 -37.9174 39
      vertex 80 -36 38
      vertex 80 -36 39
    endloop
  endfacet
  facet normal 0.999049 -0.0436113 0
    outer loop
      vertex 80 -36 38
      vertex 79.9163 -37.9174 39
      vertex 79.9163 -37.9174 38
    endloop
  endfacet
  facet normal 0.923895 -0.382646 0
    outer loop
      vertex 77.9388 -45.2976 39
      vertex 78.6732 -43.5244 38
      vertex 78.6732 -43.5244 39
    endloop
  endfacet
  facet normal 0.923895 -0.382646 0
    outer loop
      vertex 78.6732 -43.5244 38
      vertex 77.9388 -45.2976 39
      vertex 77.9388 -45.2976 38
    endloop
  endfacet
  facet normal -0.0436029 -0.999049 0
    outer loop
      vertex -59.9174 -57.9163 38
      vertex -59.4202 -57.938 38.6031
      vertex -59.9174 -57.9163 38.809
    endloop
  endfacet
  facet normal -0.0435913 -0.999049 -9.54419e-06
    outer loop
      vertex -59.9174 -57.9163 38
      vertex -58.5882 -57.9743 38.3407
      vertex -59.4202 -57.938 38.6031
    endloop
  endfacet
  facet normal -0.0436113 -0.999049 6.85752e-05
    outer loop
      vertex -58 -58 38
      vertex -58.5882 -57.9743 38.3407
      vertex -59.9174 -57.9163 38
    endloop
  endfacet
  facet normal -0.043651 -0.999047 0
    outer loop
      vertex -58.5882 -57.9743 38.3407
      vertex -58 -58 38
      vertex -58 -58 38.2103
    endloop
  endfacet
  facet normal 0.54808 -0.349154 0.760065
    outer loop
      vertex 70.1 -44.3 45.2538
      vertex 77.0526 -47 39
      vertex 70.1 -42.7788 45.9526
    endloop
  endfacet
  facet normal 0.548021 -0.349275 0.760052
    outer loop
      vertex 70.0695 -44.9972 44.9554
      vertex 77.0526 -47 39
      vertex 70.1 -44.3 45.2538
    endloop
  endfacet
  facet normal 0.552165 -0.339317 0.761563
    outer loop
      vertex 70.0686 -45.0045 44.9528
      vertex 77.0526 -47 39
      vertex 70.0695 -44.9972 44.9554
    endloop
  endfacet
  facet normal 0.548067 -0.349183 0.760062
    outer loop
      vertex 77.0526 -47 39
      vertex 70.0686 -45.0045 44.9528
      vertex 76.0213 -48.6187 39
    endloop
  endfacet
  facet normal 0.537327 0.843374 -0
    outer loop
      vertex 70.6187 54.0213 38
      vertex 69 55.0526 39
      vertex 70.6187 54.0213 39
    endloop
  endfacet
  facet normal 0.537327 0.843374 0
    outer loop
      vertex 69 55.0526 39
      vertex 70.6187 54.0213 38
      vertex 69 55.0526 38
    endloop
  endfacet
  facet normal 0.326455 0.627124 0.707207
    outer loop
      vertex 67.2976 55.9388 39
      vertex 64.0583 52.0523 43.9417
      vertex 69 55.0526 39
    endloop
  endfacet
  facet normal 0.326462 0.62712 0.707208
    outer loop
      vertex 67.2976 55.9388 39
      vertex 63.4892 52.1785 44.0925
      vertex 64.0583 52.0523 43.9417
    endloop
  endfacet
  facet normal 0.326316 0.627228 0.707179
    outer loop
      vertex 67.2976 55.9388 39
      vertex 62.7972 52.2695 44.3311
      vertex 63.4892 52.1785 44.0925
    endloop
  endfacet
  facet normal 0.326581 0.627009 0.707252
    outer loop
      vertex 67.2976 55.9388 39
      vertex 62.1 52.3 44.626
      vertex 62.7972 52.2695 44.3311
    endloop
  endfacet
  facet normal 0.326451 0.627126 0.707208
    outer loop
      vertex 62.1 52.3 44.626
      vertex 67.2976 55.9388 39
      vertex 61.3043 52.3 44.9933
    endloop
  endfacet
  facet normal -0.0365733 -0.837574 0.545099
    outer loop
      vertex -50.667 -52.3 48.2504
      vertex -56.3529 -57 40.6471
      vertex -48.6117 -52.3 48.3883
    endloop
  endfacet
  facet normal -0.0365733 -0.837574 0.545099
    outer loop
      vertex -56.3529 -57 40.6471
      vertex -50.667 -52.3 48.2504
      vertex -58.4082 -57 40.5092
    endloop
  endfacet
  facet normal 0.697476 0.0304468 0.715961
    outer loop
      vertex 70.1 31.9575 48.8163
      vertex 80 36 39
      vertex 79.9163 37.9174 39
    endloop
  endfacet
  facet normal 0.697476 0.0304471 0.715961
    outer loop
      vertex 80 36 39
      vertex 70.1 31.9575 48.8163
      vertex 70.1 29.9893 48.9
    endloop
  endfacet
  facet normal 0.793361 -0.608751 0
    outer loop
      vertex 74.853 -50.1413 39
      vertex 76.0213 -48.6187 38
      vertex 76.0213 -48.6187 39
    endloop
  endfacet
  facet normal 0.793361 -0.608751 0
    outer loop
      vertex 76.0213 -48.6187 38
      vertex 74.853 -50.1413 39
      vertex 74.853 -50.1413 38
    endloop
  endfacet
  facet normal 0.449214 -0.490269 0.746889
    outer loop
      vertex 68.7952 -48.6657 43.7611
      vertex 72.1413 -52.853 39
      vertex 73.5564 -51.5564 39
    endloop
  endfacet
  facet normal 0.449235 -0.490251 0.746889
    outer loop
      vertex 68.6532 -48.8886 43.7002
      vertex 72.1413 -52.853 39
      vertex 68.7952 -48.6657 43.7611
    endloop
  endfacet
  facet normal 0.449216 -0.490268 0.746889
    outer loop
      vertex 68.2283 -49.4423 43.5923
      vertex 72.1413 -52.853 39
      vertex 68.6532 -48.8886 43.7002
    endloop
  endfacet
  facet normal 0.449291 -0.49019 0.746895
    outer loop
      vertex 67.7569 -49.9568 43.5382
      vertex 72.1413 -52.853 39
      vertex 68.2283 -49.4423 43.5923
    endloop
  endfacet
  facet normal 0.449327 -0.490146 0.746902
    outer loop
      vertex 72.1413 -52.853 39
      vertex 67.7569 -49.9568 43.5382
      vertex 67.6032 -50.0977 43.5382
    endloop
  endfacet
  facet normal 0.461743 -0.887014 0
    outer loop
      vertex 67.2976 -55.9388 38
      vertex 69 -55.0526 39
      vertex 67.2976 -55.9388 39
    endloop
  endfacet
  facet normal 0.461743 -0.887014 0
    outer loop
      vertex 69 -55.0526 39
      vertex 67.2976 -55.9388 38
      vertex 69 -55.0526 38
    endloop
  endfacet
  facet normal 0.382646 -0.923895 0
    outer loop
      vertex 65.5244 -56.6732 38
      vertex 67.2976 -55.9388 39
      vertex 65.5244 -56.6732 39
    endloop
  endfacet
  facet normal 0.382646 -0.923895 0
    outer loop
      vertex 67.2976 -55.9388 39
      vertex 65.5244 -56.6732 38
      vertex 67.2976 -55.9388 38
    endloop
  endfacet
  facet normal -0.130519 -0.991446 0
    outer loop
      vertex -61.8203 -57.6658 38
      vertex -60.3474 -57.8597 39
      vertex -61.8203 -57.6658 39
    endloop
  endfacet
  facet normal -0.130515 -0.991446 -5.65826e-06
    outer loop
      vertex -59.9174 -57.9163 38
      vertex -60.3474 -57.8597 39
      vertex -61.8203 -57.6658 38
    endloop
  endfacet
  facet normal -0.12995 -0.991521 0.00024159
    outer loop
      vertex -60.3474 -57.8597 39
      vertex -59.9174 -57.9163 38
      vertex -60.2262 -57.8756 38.9369
    endloop
  endfacet
  facet normal -0.13067 -0.991426 0
    outer loop
      vertex -60.2262 -57.8756 38.9369
      vertex -59.9174 -57.9163 38
      vertex -59.9174 -57.9163 38.809
    endloop
  endfacet
  facet normal -1 0 0
    outer loop
      vertex -80 -36 38
      vertex -80 36 39
      vertex -80 36 38
    endloop
  endfacet
  facet normal -1 -0 0
    outer loop
      vertex -80 36 39
      vertex -80 -36 38
      vertex -80 -36 39
    endloop
  endfacet
  facet normal -0.737303 -0.675562 0
    outer loop
      vertex -73.5564 -51.5564 38
      vertex -74.853 -50.1413 39
      vertex -74.853 -50.1413 38
    endloop
  endfacet
  facet normal -0.737303 -0.675562 0
    outer loop
      vertex -74.853 -50.1413 39
      vertex -73.5564 -51.5564 38
      vertex -73.5564 -51.5564 39
    endloop
  endfacet
  facet normal -0.697476 -0.0304471 0.715961
    outer loop
      vertex -80 -36 39
      vertex -70.1 -31.9575 48.8163
      vertex -70.1 -29.9893 48.9
    endloop
  endfacet
  facet normal -0.697476 -0.0304468 0.715961
    outer loop
      vertex -70.1 -31.9575 48.8163
      vertex -80 -36 39
      vertex -79.9163 -37.9174 39
    endloop
  endfacet
  facet normal -0.411419 0.536252 0.737
    outer loop
      vertex -70.6187 54.0213 39
      vertex -66.1 51.2282 43.5548
      vertex -66.056 51.2511 43.5627
    endloop
  endfacet
  facet normal -0.411477 0.536186 0.737016
    outer loop
      vertex -70.6187 54.0213 39
      vertex -66.6886 50.8532 43.499
      vertex -66.1 51.2282 43.5548
    endloop
  endfacet
  facet normal -0.411467 0.536195 0.737014
    outer loop
      vertex -70.6187 54.0213 39
      vertex -67.2423 50.4283 43.499
      vertex -66.6886 50.8532 43.499
    endloop
  endfacet
  facet normal -0.411276 0.536359 0.737002
    outer loop
      vertex -70.6187 54.0213 39
      vertex -67.6032 50.0977 43.5382
      vertex -67.2423 50.4283 43.499
    endloop
  endfacet
  facet normal -0.411449 0.536226 0.737002
    outer loop
      vertex -67.6032 50.0977 43.5382
      vertex -70.6187 54.0213 39
      vertex -72.1413 52.853 39
    endloop
  endfacet
  facet normal -0.630065 0.198685 0.750694
    outer loop
      vertex -79.2504 41.694 39
      vertex -70.1 38.3193 47.5732
      vertex -78.6732 43.5244 39
    endloop
  endfacet
  facet normal -0.630067 0.19868 0.750694
    outer loop
      vertex -70.1 38.3193 47.5732
      vertex -79.2504 41.694 39
      vertex -70.1 36.1384 48.1504
    endloop
  endfacet
  facet normal 0.326455 -0.627124 0.707207
    outer loop
      vertex 64.0583 -52.0523 43.9417
      vertex 67.2976 -55.9388 39
      vertex 69 -55.0526 39
    endloop
  endfacet
  facet normal 0.326462 -0.62712 0.707208
    outer loop
      vertex 63.4892 -52.1785 44.0925
      vertex 67.2976 -55.9388 39
      vertex 64.0583 -52.0523 43.9417
    endloop
  endfacet
  facet normal 0.326316 -0.627228 0.707179
    outer loop
      vertex 62.7972 -52.2695 44.3311
      vertex 67.2976 -55.9388 39
      vertex 63.4892 -52.1785 44.0925
    endloop
  endfacet
  facet normal 0.326581 -0.627009 0.707252
    outer loop
      vertex 62.1 -52.3 44.626
      vertex 67.2976 -55.9388 39
      vertex 62.7972 -52.2695 44.3311
    endloop
  endfacet
  facet normal 0.326451 -0.627126 0.707208
    outer loop
      vertex 67.2976 -55.9388 39
      vertex 62.1 -52.3 44.626
      vertex 61.3043 -52.3 44.9933
    endloop
  endfacet
  facet normal 0.0365721 0.837586 0.54508
    outer loop
      vertex 50.667 52.3 48.2504
      vertex 49.7647 53 47.2353
      vertex 48.6117 52.3 48.3883
    endloop
  endfacet
  facet normal 0.0365721 0.837586 0.54508
    outer loop
      vertex 49.7647 53 47.2353
      vertex 50.667 52.3 48.2504
      vertex 51.82 53 47.0974
    endloop
  endfacet
  facet normal 0.604377 0.250313 0.756354
    outer loop
      vertex 70.1 40.5383 46.8388
      vertex 78.6732 43.5244 39
      vertex 77.9388 45.2976 39
    endloop
  endfacet
  facet normal 0.604374 0.250323 0.756354
    outer loop
      vertex 78.6732 43.5244 39
      vertex 70.1 40.5383 46.8388
      vertex 70.1 38.3193 47.5732
    endloop
  endfacet
  facet normal 0.484408 0.443844 0.75389
    outer loop
      vertex 69.3504 47.6809 43.9842
      vertex 74.853 50.1413 39
      vertex 73.5564 51.5564 39
    endloop
  endfacet
  facet normal 0.483972 0.444451 0.753813
    outer loop
      vertex 74.853 50.1413 39
      vertex 69.6175 47.0361 44.1922
      vertex 69.637 46.9745 44.216
    endloop
  endfacet
  facet normal 0.484406 0.443849 0.75389
    outer loop
      vertex 74.853 50.1413 39
      vertex 69.3504 47.6809 43.9842
      vertex 69.6175 47.0361 44.1922
    endloop
  endfacet
  facet normal 0.484378 0.443877 0.75389
    outer loop
      vertex 73.5564 51.5564 39
      vertex 69.0282 48.3 43.8267
      vertex 69.3504 47.6809 43.9842
    endloop
  endfacet
  facet normal 0.484393 0.443858 0.753892
    outer loop
      vertex 69.0282 48.3 43.8267
      vertex 73.5564 51.5564 39
      vertex 68.7952 48.6657 43.7611
    endloop
  endfacet
  facet normal 0.999049 0.0436113 0
    outer loop
      vertex 80 36 39
      vertex 79.9163 37.9174 38
      vertex 79.9163 37.9174 39
    endloop
  endfacet
  facet normal 0.999049 0.0436113 0
    outer loop
      vertex 79.9163 37.9174 38
      vertex 80 36 39
      vertex 80 36 38
    endloop
  endfacet
  facet normal 0.300742 -0.953705 0
    outer loop
      vertex 63.694 -57.2504 38
      vertex 65.5244 -56.6732 39
      vertex 63.694 -57.2504 39
    endloop
  endfacet
  facet normal 0.300742 -0.953705 0
    outer loop
      vertex 65.5244 -56.6732 39
      vertex 63.694 -57.2504 38
      vertex 65.5244 -56.6732 38
    endloop
  endfacet
  facet normal -0.278334 -0.671955 0.686299
    outer loop
      vertex -61.3043 -52.3 44.9933
      vertex -65.5244 -56.6732 39
      vertex -58.3215 -52.3 46.203
    endloop
  endfacet
  facet normal -0.278308 -0.671972 0.686293
    outer loop
      vertex -65.5244 -56.6732 39
      vertex -61.3043 -52.3 44.9933
      vertex -67.2976 -55.9388 39
    endloop
  endfacet
  facet normal -0.371034 -0.581447 0.724053
    outer loop
      vertex -64.1705 -52.0274 43.9042
      vertex -69 -55.0526 39
      vertex -64.0583 -52.0523 43.9417
    endloop
  endfacet
  facet normal -0.370622 -0.581882 0.723915
    outer loop
      vertex -64.8362 -51.8175 43.7321
      vertex -69 -55.0526 39
      vertex -64.1705 -52.0274 43.9042
    endloop
  endfacet
  facet normal -0.370729 -0.581781 0.723941
    outer loop
      vertex -65.4809 -51.5504 43.6166
      vertex -69 -55.0526 39
      vertex -64.8362 -51.8175 43.7321
    endloop
  endfacet
  facet normal -0.370657 -0.58184 0.723931
    outer loop
      vertex -66.056 -51.2511 43.5627
      vertex -69 -55.0526 39
      vertex -65.4809 -51.5504 43.6166
    endloop
  endfacet
  facet normal -0.370686 -0.581819 0.723932
    outer loop
      vertex -69 -55.0526 39
      vertex -66.056 -51.2511 43.5627
      vertex -70.6187 -54.0213 39
    endloop
  endfacet
  facet normal -0.999049 -0.0436113 0
    outer loop
      vertex -79.9163 -37.9174 38
      vertex -80 -36 39
      vertex -80 -36 38
    endloop
  endfacet
  facet normal -0.999049 -0.0436113 0
    outer loop
      vertex -80 -36 39
      vertex -79.9163 -37.9174 38
      vertex -79.9163 -37.9174 39
    endloop
  endfacet
  facet normal -0.707107 0 0.707107
    outer loop
      vertex -80 36 39
      vertex -70.1 -29.9893 48.9
      vertex -70.1 29.9893 48.9
    endloop
  endfacet
  facet normal -0.707107 0 0.707107
    outer loop
      vertex -70.1 -29.9893 48.9
      vertex -80 36 39
      vertex -80 -36 39
    endloop
  endfacet
  facet normal -0.105291 0.799851 0.59089
    outer loop
      vertex -51.82 53 47.0974
      vertex -52.9825 52.3 47.8378
      vertex -50.667 52.3 48.2504
    endloop
  endfacet
  facet normal -0.105291 0.799851 0.59089
    outer loop
      vertex -52.9825 52.3 47.8378
      vertex -51.82 53 47.0974
      vertex -54.1355 53 46.6848
    endloop
  endfacet
  facet normal -0.371034 0.581447 0.724053
    outer loop
      vertex -69 55.0526 39
      vertex -64.1705 52.0274 43.9042
      vertex -64.0583 52.0523 43.9417
    endloop
  endfacet
  facet normal -0.370622 0.581882 0.723915
    outer loop
      vertex -69 55.0526 39
      vertex -64.8362 51.8175 43.7321
      vertex -64.1705 52.0274 43.9042
    endloop
  endfacet
  facet normal -0.370729 0.581781 0.723941
    outer loop
      vertex -69 55.0526 39
      vertex -65.4809 51.5504 43.6166
      vertex -64.8362 51.8175 43.7321
    endloop
  endfacet
  facet normal -0.370657 0.58184 0.723931
    outer loop
      vertex -69 55.0526 39
      vertex -66.056 51.2511 43.5627
      vertex -65.4809 51.5504 43.6166
    endloop
  endfacet
  facet normal -0.370686 0.581819 0.723932
    outer loop
      vertex -66.056 51.2511 43.5627
      vertex -69 55.0526 39
      vertex -70.6187 54.0213 39
    endloop
  endfacet
  facet normal 0.370686 -0.581819 0.723932
    outer loop
      vertex 66.056 -51.2511 43.5627
      vertex 69 -55.0526 39
      vertex 70.6187 -54.0213 39
    endloop
  endfacet
  facet normal 0.370657 -0.58184 0.723931
    outer loop
      vertex 65.4809 -51.5504 43.6166
      vertex 69 -55.0526 39
      vertex 66.056 -51.2511 43.5627
    endloop
  endfacet
  facet normal 0.370729 -0.581781 0.723941
    outer loop
      vertex 64.8362 -51.8175 43.7321
      vertex 69 -55.0526 39
      vertex 65.4809 -51.5504 43.6166
    endloop
  endfacet
  facet normal 0.370622 -0.581882 0.723915
    outer loop
      vertex 64.1705 -52.0274 43.9042
      vertex 69 -55.0526 39
      vertex 64.8362 -51.8175 43.7321
    endloop
  endfacet
  facet normal 0.371034 -0.581447 0.724053
    outer loop
      vertex 69 -55.0526 39
      vertex 64.1705 -52.0274 43.9042
      vertex 64.0583 -52.0523 43.9417
    endloop
  endfacet
  facet normal 0.654213 -0.14504 0.742273
    outer loop
      vertex 70.1 -36.1384 48.1504
      vertex 79.6658 -39.8203 39
      vertex 70.1 -34.0125 48.5658
    endloop
  endfacet
  facet normal 0.654213 -0.145039 0.742273
    outer loop
      vertex 79.6658 -39.8203 39
      vertex 70.1 -36.1384 48.1504
      vertex 79.2504 -41.694 39
    endloop
  endfacet
  facet normal 0.483972 -0.444451 0.753813
    outer loop
      vertex 69.6175 -47.0361 44.1922
      vertex 74.853 -50.1413 39
      vertex 69.637 -46.9745 44.216
    endloop
  endfacet
  facet normal 0.484406 -0.443849 0.75389
    outer loop
      vertex 69.3504 -47.6809 43.9842
      vertex 74.853 -50.1413 39
      vertex 69.6175 -47.0361 44.1922
    endloop
  endfacet
  facet normal 0.484408 -0.443844 0.75389
    outer loop
      vertex 74.853 -50.1413 39
      vertex 69.3504 -47.6809 43.9842
      vertex 73.5564 -51.5564 39
    endloop
  endfacet
  facet normal 0.484378 -0.443877 0.75389
    outer loop
      vertex 69.0282 -48.3 43.8267
      vertex 73.5564 -51.5564 39
      vertex 69.3504 -47.6809 43.9842
    endloop
  endfacet
  facet normal 0.484393 -0.443858 0.753892
    outer loop
      vertex 73.5564 -51.5564 39
      vertex 69.0282 -48.3 43.8267
      vertex 68.7952 -48.6657 43.7611
    endloop
  endfacet
  facet normal 0.517225 -0.396955 0.758225
    outer loop
      vertex 69.9785 -45.6892 44.6558
      vertex 76.0213 -48.6187 39
      vertex 70.0686 -45.0045 44.9528
    endloop
  endfacet
  facet normal 0.51723 -0.396946 0.758226
    outer loop
      vertex 69.8274 -46.3705 44.4022
      vertex 76.0213 -48.6187 39
      vertex 69.9785 -45.6892 44.6558
    endloop
  endfacet
  facet normal 0.517257 -0.396894 0.758235
    outer loop
      vertex 76.0213 -48.6187 39
      vertex 69.8274 -46.3705 44.4022
      vertex 74.853 -50.1413 39
    endloop
  endfacet
  facet normal 0.517313 -0.396821 0.758235
    outer loop
      vertex 74.853 -50.1413 39
      vertex 69.8274 -46.3705 44.4022
      vertex 69.637 -46.9745 44.216
    endloop
  endfacet
  facet normal 0.382646 0.923895 -0
    outer loop
      vertex 67.2976 55.9388 38
      vertex 65.5244 56.6732 39
      vertex 67.2976 55.9388 39
    endloop
  endfacet
  facet normal 0.382646 0.923895 0
    outer loop
      vertex 65.5244 56.6732 39
      vertex 67.2976 55.9388 38
      vertex 65.5244 56.6732 38
    endloop
  endfacet
  facet normal 0.105291 0.799851 0.59089
    outer loop
      vertex 52.9825 52.3 47.8378
      vertex 51.82 53 47.0974
      vertex 50.667 52.3 48.2504
    endloop
  endfacet
  facet normal 0.105291 0.799851 0.59089
    outer loop
      vertex 51.82 53 47.0974
      vertex 52.9825 52.3 47.8378
      vertex 54.1355 53 46.6848
    endloop
  endfacet
  facet normal -0.105288 -0.799816 0.590938
    outer loop
      vertex -61.8203 -57.6658 39
      vertex -61 -57.5228 39.3397
      vertex -61.2935 -57.346 39.5267
    endloop
  endfacet
  facet normal -0.105291 -0.799812 0.590944
    outer loop
      vertex -61 -57.5228 39.3397
      vertex -61.8203 -57.6658 39
      vertex -60.3474 -57.8597 39
    endloop
  endfacet
  facet normal -0.105294 -0.799838 0.590908
    outer loop
      vertex -52.9825 -52.3 47.8378
      vertex -58.4082 -57 40.5092
      vertex -50.667 -52.3 48.2504
    endloop
  endfacet
  facet normal -0.105294 -0.799838 0.590908
    outer loop
      vertex -58.4082 -57 40.5092
      vertex -52.9825 -52.3 47.8378
      vertex -60.7237 -57 40.0966
    endloop
  endfacet
  facet normal 0.548021 0.349275 0.760052
    outer loop
      vertex 77.0526 47 39
      vertex 70.0695 44.9972 44.9554
      vertex 70.1 44.3 45.2538
    endloop
  endfacet
  facet normal 0.552165 0.339317 0.761563
    outer loop
      vertex 77.0526 47 39
      vertex 70.0686 45.0045 44.9528
      vertex 70.0695 44.9972 44.9554
    endloop
  endfacet
  facet normal 0.548067 0.349183 0.760062
    outer loop
      vertex 70.0686 45.0045 44.9528
      vertex 77.0526 47 39
      vertex 76.0213 48.6187 39
    endloop
  endfacet
  facet normal 0.54808 0.349154 0.760065
    outer loop
      vertex 77.0526 47 39
      vertex 70.1 44.3 45.2538
      vertex 70.1 42.7788 45.9526
    endloop
  endfacet
  facet normal 0.370686 0.581819 0.723932
    outer loop
      vertex 69 55.0526 39
      vertex 66.056 51.2511 43.5627
      vertex 70.6187 54.0213 39
    endloop
  endfacet
  facet normal 0.370657 0.58184 0.723931
    outer loop
      vertex 69 55.0526 39
      vertex 65.4809 51.5504 43.6166
      vertex 66.056 51.2511 43.5627
    endloop
  endfacet
  facet normal 0.370729 0.581781 0.723941
    outer loop
      vertex 69 55.0526 39
      vertex 64.8362 51.8175 43.7321
      vertex 65.4809 51.5504 43.6166
    endloop
  endfacet
  facet normal 0.370622 0.581882 0.723915
    outer loop
      vertex 69 55.0526 39
      vertex 64.1705 52.0274 43.9042
      vertex 64.8362 51.8175 43.7321
    endloop
  endfacet
  facet normal 0.371034 0.581447 0.724053
    outer loop
      vertex 64.1705 52.0274 43.9042
      vertex 69 55.0526 39
      vertex 64.0583 52.0523 43.9417
    endloop
  endfacet
  facet normal 0.697476 -0.0304471 0.715961
    outer loop
      vertex 70.1 -31.9575 48.8163
      vertex 80 -36 39
      vertex 70.1 -29.9893 48.9
    endloop
  endfacet
  facet normal 0.697476 -0.0304468 0.715961
    outer loop
      vertex 80 -36 39
      vertex 70.1 -31.9575 48.8163
      vertex 79.9163 -37.9174 39
    endloop
  endfacet
  facet normal 0.923895 0.382646 0
    outer loop
      vertex 78.6732 43.5244 39
      vertex 77.9388 45.2976 38
      vertex 77.9388 45.2976 39
    endloop
  endfacet
  facet normal 0.923895 0.382646 0
    outer loop
      vertex 77.9388 45.2976 38
      vertex 78.6732 43.5244 39
      vertex 78.6732 43.5244 38
    endloop
  endfacet
  facet normal 1 -0 0
    outer loop
      vertex 80 -36 39
      vertex 80 36 38
      vertex 80 36 39
    endloop
  endfacet
  facet normal 1 0 0
    outer loop
      vertex 80 36 38
      vertex 80 -36 39
      vertex 80 -36 38
    endloop
  endfacet
  facet normal 0.608751 -0.793361 0
    outer loop
      vertex 70.6187 -54.0213 38
      vertex 72.1413 -52.853 39
      vertex 70.6187 -54.0213 39
    endloop
  endfacet
  facet normal 0.608751 -0.793361 0
    outer loop
      vertex 72.1413 -52.853 39
      vertex 70.6187 -54.0213 38
      vertex 72.1413 -52.853 38
    endloop
  endfacet
  facet normal 0.537327 -0.843374 0
    outer loop
      vertex 69 -55.0526 38
      vertex 70.6187 -54.0213 39
      vertex 69 -55.0526 39
    endloop
  endfacet
  facet normal 0.537327 -0.843374 0
    outer loop
      vertex 70.6187 -54.0213 39
      vertex 69 -55.0526 38
      vertex 70.6187 -54.0213 38
    endloop
  endfacet
  facet normal 0.737303 -0.675562 0
    outer loop
      vertex 73.5564 -51.5564 39
      vertex 74.853 -50.1413 38
      vertex 74.853 -50.1413 39
    endloop
  endfacet
  facet normal 0.737303 -0.675562 0
    outer loop
      vertex 74.853 -50.1413 38
      vertex 73.5564 -51.5564 39
      vertex 73.5564 -51.5564 38
    endloop
  endfacet
  facet normal -0.300742 -0.953705 0
    outer loop
      vertex -65.5244 -56.6732 38
      vertex -63.694 -57.2504 39
      vertex -65.5244 -56.6732 39
    endloop
  endfacet
  facet normal -0.300742 -0.953705 -0
    outer loop
      vertex -63.694 -57.2504 39
      vertex -65.5244 -56.6732 38
      vertex -63.694 -57.2504 38
    endloop
  endfacet
  facet normal -0.216445 -0.976295 0
    outer loop
      vertex -63.694 -57.2504 38
      vertex -61.8203 -57.6658 39
      vertex -63.694 -57.2504 39
    endloop
  endfacet
  facet normal -0.216445 -0.976295 -0
    outer loop
      vertex -61.8203 -57.6658 39
      vertex -63.694 -57.2504 38
      vertex -61.8203 -57.6658 38
    endloop
  endfacet
  facet normal -0.168252 -0.758947 0.62904
    outer loop
      vertex -55.5405 -52.3 47.1536
      vertex -60.7237 -57 40.0966
      vertex -52.9825 -52.3 47.8378
    endloop
  endfacet
  facet normal -0.168249 -0.758948 0.629039
    outer loop
      vertex -55.5405 -52.3 47.1536
      vertex -61.7526 -57 39.8214
      vertex -60.7237 -57 40.0966
    endloop
  endfacet
  facet normal -0.168258 -0.758943 0.629043
    outer loop
      vertex -63.694 -57.2504 39
      vertex -61.7526 -57 39.8214
      vertex -55.5405 -52.3 47.1536
    endloop
  endfacet
  facet normal -0.168258 -0.758943 0.629042
    outer loop
      vertex -61.8203 -57.6658 39
      vertex -61.7526 -57 39.8214
      vertex -63.694 -57.2504 39
    endloop
  endfacet
  facet normal -0.167579 -0.759061 0.629082
    outer loop
      vertex -61.7526 -57 39.8214
      vertex -61.8203 -57.6658 39
      vertex -61.7358 -57.0144 39.8085
    endloop
  endfacet
  facet normal -0.168209 -0.758945 0.629054
    outer loop
      vertex -61.7358 -57.0144 39.8085
      vertex -61.8203 -57.6658 39
      vertex -61.2935 -57.346 39.5267
    endloop
  endfacet
  facet normal -0.608751 -0.793361 0
    outer loop
      vertex -72.1413 -52.853 38
      vertex -70.6187 -54.0213 39
      vertex -72.1413 -52.853 39
    endloop
  endfacet
  facet normal -0.608751 -0.793361 -0
    outer loop
      vertex -70.6187 -54.0213 39
      vertex -72.1413 -52.853 38
      vertex -70.6187 -54.0213 38
    endloop
  endfacet
  facet normal -0.676732 -0.0890853 0.73082
    outer loop
      vertex -79.9163 -37.9174 39
      vertex -70.1 -34.0125 48.5658
      vertex -70.1 -31.9575 48.8163
    endloop
  endfacet
  facet normal -0.676732 -0.0890858 0.73082
    outer loop
      vertex -70.1 -34.0125 48.5658
      vertex -79.9163 -37.9174 39
      vertex -79.6658 -39.8203 39
    endloop
  endfacet
  facet normal -0.577064 0.300396 0.759447
    outer loop
      vertex -77.9388 45.2976 39
      vertex -70.1 42.7788 45.9526
      vertex -77.0526 47 39
    endloop
  endfacet
  facet normal -0.577067 0.300389 0.759447
    outer loop
      vertex -70.1 42.7788 45.9526
      vertex -77.9388 45.2976 39
      vertex -70.1 40.5383 46.8388
    endloop
  endfacet
  facet normal -0.548067 0.349183 0.760062
    outer loop
      vertex -77.0526 47 39
      vertex -70.0686 45.0045 44.9528
      vertex -76.0213 48.6187 39
    endloop
  endfacet
  facet normal -0.552165 0.339317 0.761563
    outer loop
      vertex -70.0686 45.0045 44.9528
      vertex -77.0526 47 39
      vertex -70.0695 44.9972 44.9554
    endloop
  endfacet
  facet normal -0.548021 0.349275 0.760052
    outer loop
      vertex -70.0695 44.9972 44.9554
      vertex -77.0526 47 39
      vertex -70.1 44.3 45.2538
    endloop
  endfacet
  facet normal -0.54808 0.349154 0.760065
    outer loop
      vertex -70.1 44.3 45.2538
      vertex -77.0526 47 39
      vertex -70.1 42.7788 45.9526
    endloop
  endfacet
  facet normal -0.608751 0.793361 0
    outer loop
      vertex -70.6187 54.0213 38
      vertex -72.1413 52.853 39
      vertex -70.6187 54.0213 39
    endloop
  endfacet
  facet normal -0.608751 0.793361 0
    outer loop
      vertex -72.1413 52.853 39
      vertex -70.6187 54.0213 38
      vertex -72.1413 52.853 38
    endloop
  endfacet
  facet normal -0.0365721 0.837586 0.54508
    outer loop
      vertex -49.7647 53 47.2353
      vertex -50.667 52.3 48.2504
      vertex -48.6117 52.3 48.3883
    endloop
  endfacet
  facet normal -0.0365721 0.837586 0.54508
    outer loop
      vertex -50.667 52.3 48.2504
      vertex -49.7647 53 47.2353
      vertex -51.82 53 47.0974
    endloop
  endfacet
  facet normal 0 0.854799 0.518959
    outer loop
      vertex 49.7647 53 47.2353
      vertex -48.6117 52.3 48.3883
      vertex 48.6117 52.3 48.3883
    endloop
  endfacet
  facet normal 0 0.854799 0.518959
    outer loop
      vertex -48.6117 52.3 48.3883
      vertex 49.7647 53 47.2353
      vertex -49.7647 53 47.2353
    endloop
  endfacet
  facet normal 0.411449 -0.536226 0.737002
    outer loop
      vertex 67.6032 -50.0977 43.5382
      vertex 70.6187 -54.0213 39
      vertex 72.1413 -52.853 39
    endloop
  endfacet
  facet normal 0.411276 -0.536359 0.737002
    outer loop
      vertex 67.2423 -50.4283 43.499
      vertex 70.6187 -54.0213 39
      vertex 67.6032 -50.0977 43.5382
    endloop
  endfacet
  facet normal 0.411467 -0.536195 0.737014
    outer loop
      vertex 66.6886 -50.8532 43.499
      vertex 70.6187 -54.0213 39
      vertex 67.2423 -50.4283 43.499
    endloop
  endfacet
  facet normal 0.411477 -0.536186 0.737016
    outer loop
      vertex 66.1 -51.2282 43.5548
      vertex 70.6187 -54.0213 39
      vertex 66.6886 -50.8532 43.499
    endloop
  endfacet
  facet normal 0.411419 -0.536252 0.737
    outer loop
      vertex 70.6187 -54.0213 39
      vertex 66.1 -51.2282 43.5548
      vertex 66.056 -51.2511 43.5627
    endloop
  endfacet
  facet normal 0.22578 -0.716053 0.660524
    outer loop
      vertex 63.694 -57.2504 39
      vertex 58.3215 -52.3 46.203
      vertex 55.5405 -52.3 47.1536
    endloop
  endfacet
  facet normal 0.225797 -0.716042 0.660529
    outer loop
      vertex 58.3215 -52.3 46.203
      vertex 63.694 -57.2504 39
      vertex 65.5244 -56.6732 39
    endloop
  endfacet
  facet normal 0.278308 -0.671972 0.686293
    outer loop
      vertex 61.3043 -52.3 44.9933
      vertex 65.5244 -56.6732 39
      vertex 67.2976 -55.9388 39
    endloop
  endfacet
  facet normal 0.278334 -0.671955 0.686299
    outer loop
      vertex 65.5244 -56.6732 39
      vertex 61.3043 -52.3 44.9933
      vertex 58.3215 -52.3 46.203
    endloop
  endfacet
  facet normal 0.843374 -0.537327 0
    outer loop
      vertex 76.0213 -48.6187 39
      vertex 77.0526 -47 38
      vertex 77.0526 -47 39
    endloop
  endfacet
  facet normal 0.843374 -0.537327 0
    outer loop
      vertex 77.0526 -47 38
      vertex 76.0213 -48.6187 39
      vertex 76.0213 -48.6187 38
    endloop
  endfacet
  facet normal 0.604374 -0.250323 0.756354
    outer loop
      vertex 70.1 -40.5383 46.8388
      vertex 78.6732 -43.5244 39
      vertex 70.1 -38.3193 47.5732
    endloop
  endfacet
  facet normal 0.604377 -0.250313 0.756354
    outer loop
      vertex 78.6732 -43.5244 39
      vertex 70.1 -40.5383 46.8388
      vertex 77.9388 -45.2976 39
    endloop
  endfacet
  facet normal 0.577064 0.300396 0.759447
    outer loop
      vertex 70.1 42.7788 45.9526
      vertex 77.9388 45.2976 39
      vertex 77.0526 47 39
    endloop
  endfacet
  facet normal 0.577067 0.300389 0.759447
    outer loop
      vertex 77.9388 45.2976 39
      vertex 70.1 42.7788 45.9526
      vertex 70.1 40.5383 46.8388
    endloop
  endfacet
  facet normal 0.737303 0.675562 0
    outer loop
      vertex 74.853 50.1413 39
      vertex 73.5564 51.5564 38
      vertex 73.5564 51.5564 39
    endloop
  endfacet
  facet normal 0.737303 0.675562 0
    outer loop
      vertex 73.5564 51.5564 38
      vertex 74.853 50.1413 39
      vertex 74.853 50.1413 38
    endloop
  endfacet
  facet normal 0.411449 0.536226 0.737002
    outer loop
      vertex 70.6187 54.0213 39
      vertex 67.6032 50.0977 43.5382
      vertex 72.1413 52.853 39
    endloop
  endfacet
  facet normal 0.411276 0.536359 0.737002
    outer loop
      vertex 70.6187 54.0213 39
      vertex 67.2423 50.4283 43.499
      vertex 67.6032 50.0977 43.5382
    endloop
  endfacet
  facet normal 0.411467 0.536195 0.737014
    outer loop
      vertex 70.6187 54.0213 39
      vertex 66.6886 50.8532 43.499
      vertex 67.2423 50.4283 43.499
    endloop
  endfacet
  facet normal 0.411477 0.536186 0.737016
    outer loop
      vertex 70.6187 54.0213 39
      vertex 66.1 51.2282 43.5548
      vertex 66.6886 50.8532 43.499
    endloop
  endfacet
  facet normal 0.411419 0.536252 0.737
    outer loop
      vertex 66.1 51.2282 43.5548
      vertex 70.6187 54.0213 39
      vertex 66.056 51.2511 43.5627
    endloop
  endfacet
  facet normal 0.676732 -0.0890853 0.73082
    outer loop
      vertex 70.1 -34.0125 48.5658
      vertex 79.9163 -37.9174 39
      vertex 70.1 -31.9575 48.8163
    endloop
  endfacet
  facet normal 0.676732 -0.0890858 0.73082
    outer loop
      vertex 79.9163 -37.9174 39
      vertex 70.1 -34.0125 48.5658
      vertex 79.6658 -39.8203 39
    endloop
  endfacet
  facet normal 0.654213 0.145039 0.742273
    outer loop
      vertex 70.1 36.1384 48.1504
      vertex 79.6658 39.8203 39
      vertex 79.2504 41.694 39
    endloop
  endfacet
  facet normal 0.654213 0.14504 0.742273
    outer loop
      vertex 79.6658 39.8203 39
      vertex 70.1 36.1384 48.1504
      vertex 70.1 34.0125 48.5658
    endloop
  endfacet
  facet normal 0.676732 0.0890858 0.73082
    outer loop
      vertex 70.1 34.0125 48.5658
      vertex 79.9163 37.9174 39
      vertex 79.6658 39.8203 39
    endloop
  endfacet
  facet normal 0.676732 0.0890853 0.73082
    outer loop
      vertex 79.9163 37.9174 39
      vertex 70.1 34.0125 48.5658
      vertex 70.1 31.9575 48.8163
    endloop
  endfacet
  facet normal 0.707107 -0 0.707107
    outer loop
      vertex 70.1 -29.9893 48.9
      vertex 80 36 39
      vertex 70.1 29.9893 48.9
    endloop
  endfacet
  facet normal 0.707107 0 0.707107
    outer loop
      vertex 80 36 39
      vertex 70.1 -29.9893 48.9
      vertex 80 -36 39
    endloop
  endfacet
  facet normal 0.991446 -0.130515 0
    outer loop
      vertex 79.6658 -39.8203 39
      vertex 79.9163 -37.9174 38
      vertex 79.9163 -37.9174 39
    endloop
  endfacet
  facet normal 0.991446 -0.130515 0
    outer loop
      vertex 79.9163 -37.9174 38
      vertex 79.6658 -39.8203 39
      vertex 79.6658 -39.8203 38
    endloop
  endfacet
  facet normal -0.517313 -0.396821 0.758235
    outer loop
      vertex -69.8274 -46.3705 44.4022
      vertex -74.853 -50.1413 39
      vertex -69.637 -46.9745 44.216
    endloop
  endfacet
  facet normal -0.51723 -0.396946 0.758226
    outer loop
      vertex -76.0213 -48.6187 39
      vertex -69.8274 -46.3705 44.4022
      vertex -69.9785 -45.6892 44.6558
    endloop
  endfacet
  facet normal -0.517225 -0.396955 0.758225
    outer loop
      vertex -76.0213 -48.6187 39
      vertex -69.9785 -45.6892 44.6558
      vertex -70.0686 -45.0045 44.9528
    endloop
  endfacet
  facet normal -0.517257 -0.396894 0.758235
    outer loop
      vertex -69.8274 -46.3705 44.4022
      vertex -76.0213 -48.6187 39
      vertex -74.853 -50.1413 39
    endloop
  endfacet
  facet normal -0.577067 -0.300389 0.759447
    outer loop
      vertex -77.9388 -45.2976 39
      vertex -70.1 -42.7788 45.9526
      vertex -70.1 -40.5383 46.8388
    endloop
  endfacet
  facet normal -0.577064 -0.300396 0.759447
    outer loop
      vertex -70.1 -42.7788 45.9526
      vertex -77.9388 -45.2976 39
      vertex -77.0526 -47 39
    endloop
  endfacet
  facet normal -0.54808 -0.349154 0.760065
    outer loop
      vertex -77.0526 -47 39
      vertex -70.1 -44.3 45.2538
      vertex -70.1 -42.7788 45.9526
    endloop
  endfacet
  facet normal -0.548067 -0.349182 0.760062
    outer loop
      vertex -70.1 -44.3 45.2538
      vertex -77.0526 -47 39
      vertex -76.0213 -48.6187 39
    endloop
  endfacet
  facet normal -0.554281 -0.339069 0.760135
    outer loop
      vertex -70.0695 -44.9972 44.9554
      vertex -76.0213 -48.6187 39
      vertex -70.0686 -45.0045 44.9528
    endloop
  endfacet
  facet normal -0.547999 -0.34928 0.760066
    outer loop
      vertex -76.0213 -48.6187 39
      vertex -70.0695 -44.9972 44.9554
      vertex -70.1 -44.3 45.2538
    endloop
  endfacet
  facet normal -0.604374 -0.250323 0.756354
    outer loop
      vertex -78.6732 -43.5244 39
      vertex -70.1 -40.5383 46.8388
      vertex -70.1 -38.3193 47.5732
    endloop
  endfacet
  facet normal -0.604377 -0.250313 0.756354
    outer loop
      vertex -70.1 -40.5383 46.8388
      vertex -78.6732 -43.5244 39
      vertex -77.9388 -45.2976 39
    endloop
  endfacet
  facet normal -0.654213 -0.14504 0.742273
    outer loop
      vertex -79.6658 -39.8203 39
      vertex -70.1 -36.1384 48.1504
      vertex -70.1 -34.0125 48.5658
    endloop
  endfacet
  facet normal -0.654213 -0.145039 0.742273
    outer loop
      vertex -70.1 -36.1384 48.1504
      vertex -79.6658 -39.8203 39
      vertex -79.2504 -41.694 39
    endloop
  endfacet
  facet normal -0.953705 -0.300742 0
    outer loop
      vertex -78.6732 -43.5244 38
      vertex -79.2504 -41.694 39
      vertex -79.2504 -41.694 38
    endloop
  endfacet
  facet normal -0.953705 -0.300742 0
    outer loop
      vertex -79.2504 -41.694 39
      vertex -78.6732 -43.5244 38
      vertex -78.6732 -43.5244 39
    endloop
  endfacet
  facet normal -0.225797 -0.716042 0.660529
    outer loop
      vertex -63.694 -57.2504 39
      vertex -58.3215 -52.3 46.203
      vertex -65.5244 -56.6732 39
    endloop
  endfacet
  facet normal -0.22578 -0.716053 0.660524
    outer loop
      vertex -58.3215 -52.3 46.203
      vertex -63.694 -57.2504 39
      vertex -55.5405 -52.3 47.1536
    endloop
  endfacet
  facet normal -0.999049 0.0436113 0
    outer loop
      vertex -80 36 38
      vertex -79.9163 37.9174 39
      vertex -79.9163 37.9174 38
    endloop
  endfacet
  facet normal -0.999049 0.0436113 0
    outer loop
      vertex -79.9163 37.9174 39
      vertex -80 36 38
      vertex -80 36 39
    endloop
  endfacet
  facet normal -0.976295 0.216445 0
    outer loop
      vertex -79.6658 39.8203 38
      vertex -79.2504 41.694 39
      vertex -79.2504 41.694 38
    endloop
  endfacet
  facet normal -0.976295 0.216445 0
    outer loop
      vertex -79.2504 41.694 39
      vertex -79.6658 39.8203 38
      vertex -79.6658 39.8203 39
    endloop
  endfacet
  facet normal -0.953705 0.300742 0
    outer loop
      vertex -79.2504 41.694 38
      vertex -78.6732 43.5244 39
      vertex -78.6732 43.5244 38
    endloop
  endfacet
  facet normal -0.953705 0.300742 0
    outer loop
      vertex -78.6732 43.5244 39
      vertex -79.2504 41.694 38
      vertex -79.2504 41.694 39
    endloop
  endfacet
  facet normal -0.697476 0.0304468 0.715961
    outer loop
      vertex -80 36 39
      vertex -70.1 31.9575 48.8163
      vertex -79.9163 37.9174 39
    endloop
  endfacet
  facet normal -0.697476 0.0304471 0.715961
    outer loop
      vertex -70.1 31.9575 48.8163
      vertex -80 36 39
      vertex -70.1 29.9893 48.9
    endloop
  endfacet
  facet normal -0.675562 0.737303 0
    outer loop
      vertex -72.1413 52.853 38
      vertex -73.5564 51.5564 39
      vertex -72.1413 52.853 39
    endloop
  endfacet
  facet normal -0.675562 0.737303 0
    outer loop
      vertex -73.5564 51.5564 39
      vertex -72.1413 52.853 38
      vertex -73.5564 51.5564 38
    endloop
  endfacet
  facet normal -0.278313 0.671971 0.686293
    outer loop
      vertex -62 54.5334 42.5244
      vertex -65.5244 56.6732 39
      vertex -62 53 44.0258
    endloop
  endfacet
  facet normal -0.278323 0.671988 0.686271
    outer loop
      vertex -59.4744 53 45.05
      vertex -61.3043 52.3 44.9933
      vertex -58.3215 52.3 46.203
    endloop
  endfacet
  facet normal -0.278314 0.671962 0.686301
    outer loop
      vertex -62 53 44.0258
      vertex -61.3043 52.3 44.9933
      vertex -59.4744 53 45.05
    endloop
  endfacet
  facet normal -0.278339 0.671945 0.686307
    outer loop
      vertex -62 53 44.0258
      vertex -67.2976 55.9388 39
      vertex -61.3043 52.3 44.9933
    endloop
  endfacet
  facet normal -0.278309 0.671973 0.686292
    outer loop
      vertex -67.2976 55.9388 39
      vertex -62 53 44.0258
      vertex -65.5244 56.6732 39
    endloop
  endfacet
  facet normal -0.326451 0.627126 0.707208
    outer loop
      vertex -67.2976 55.9388 39
      vertex -62.1 52.3 44.626
      vertex -61.3043 52.3 44.9933
    endloop
  endfacet
  facet normal -0.326581 0.627009 0.707252
    outer loop
      vertex -67.2976 55.9388 39
      vertex -62.7972 52.2695 44.3311
      vertex -62.1 52.3 44.626
    endloop
  endfacet
  facet normal -0.326316 0.627228 0.707179
    outer loop
      vertex -67.2976 55.9388 39
      vertex -63.4892 52.1785 44.0925
      vertex -62.7972 52.2695 44.3311
    endloop
  endfacet
  facet normal -0.326462 0.62712 0.707208
    outer loop
      vertex -67.2976 55.9388 39
      vertex -64.0583 52.0523 43.9417
      vertex -63.4892 52.1785 44.0925
    endloop
  endfacet
  facet normal -0.326455 0.627124 0.707207
    outer loop
      vertex -64.0583 52.0523 43.9417
      vertex -67.2976 55.9388 39
      vertex -69 55.0526 39
    endloop
  endfacet
  facet normal -0.449327 0.490146 0.746902
    outer loop
      vertex -72.1413 52.853 39
      vertex -67.7569 49.9568 43.5382
      vertex -67.6032 50.0977 43.5382
    endloop
  endfacet
  facet normal -0.449291 0.49019 0.746895
    outer loop
      vertex -72.1413 52.853 39
      vertex -68.2283 49.4423 43.5923
      vertex -67.7569 49.9568 43.5382
    endloop
  endfacet
  facet normal -0.449216 0.490268 0.746889
    outer loop
      vertex -72.1413 52.853 39
      vertex -68.6532 48.8886 43.7002
      vertex -68.2283 49.4423 43.5923
    endloop
  endfacet
  facet normal -0.449235 0.490251 0.746889
    outer loop
      vertex -72.1413 52.853 39
      vertex -68.7952 48.6657 43.7611
      vertex -68.6532 48.8886 43.7002
    endloop
  endfacet
  facet normal -0.449214 0.490269 0.746889
    outer loop
      vertex -68.7952 48.6657 43.7611
      vertex -72.1413 52.853 39
      vertex -73.5564 51.5564 39
    endloop
  endfacet
  facet normal -0.168234 0.758958 0.62903
    outer loop
      vertex -62 57.6259 39
      vertex -63.694 57.2504 39
      vertex -62 56.2219 40.694
    endloop
  endfacet
  facet normal -0.168248 0.758962 0.629022
    outer loop
      vertex -54.1355 53 46.6848
      vertex -55.5405 52.3 47.1536
      vertex -52.9825 52.3 47.8378
    endloop
  endfacet
  facet normal -0.168252 0.758967 0.629015
    outer loop
      vertex -55.5405 52.3 47.1536
      vertex -54.1355 53 46.6848
      vertex -56.6934 53 46.0006
    endloop
  endfacet
  facet normal -0.216412 0.976302 0
    outer loop
      vertex -62 57.6259 38
      vertex -63.694 57.2504 39
      vertex -62 57.6259 39
    endloop
  endfacet
  facet normal -0.216412 0.976302 0
    outer loop
      vertex -63.694 57.2504 39
      vertex -62 57.6259 38
      vertex -63.694 57.2504 38
    endloop
  endfacet
  facet normal 0.577067 -0.300389 0.759447
    outer loop
      vertex 70.1 -42.7788 45.9526
      vertex 77.9388 -45.2976 39
      vertex 70.1 -40.5383 46.8388
    endloop
  endfacet
  facet normal 0.577064 -0.300396 0.759447
    outer loop
      vertex 77.9388 -45.2976 39
      vertex 70.1 -42.7788 45.9526
      vertex 77.0526 -47 39
    endloop
  endfacet
  facet normal 0.630067 -0.19868 0.750694
    outer loop
      vertex 70.1 -38.3193 47.5732
      vertex 79.2504 -41.694 39
      vertex 70.1 -36.1384 48.1504
    endloop
  endfacet
  facet normal 0.630065 -0.198685 0.750694
    outer loop
      vertex 79.2504 -41.694 39
      vertex 70.1 -38.3193 47.5732
      vertex 78.6732 -43.5244 39
    endloop
  endfacet
  facet normal 0.278313 0.671971 0.686293
    outer loop
      vertex 62 53 44.0258
      vertex 65.5244 56.6732 39
      vertex 62 54.5334 42.5244
    endloop
  endfacet
  facet normal 0.278309 0.671973 0.686292
    outer loop
      vertex 65.5244 56.6732 39
      vertex 62 53 44.0258
      vertex 67.2976 55.9388 39
    endloop
  endfacet
  facet normal 0.278339 0.671945 0.686307
    outer loop
      vertex 62 53 44.0258
      vertex 61.3043 52.3 44.9933
      vertex 67.2976 55.9388 39
    endloop
  endfacet
  facet normal 0.278314 0.671962 0.686301
    outer loop
      vertex 59.4744 53 45.05
      vertex 61.3043 52.3 44.9933
      vertex 62 53 44.0258
    endloop
  endfacet
  facet normal 0.278323 0.671988 0.686271
    outer loop
      vertex 61.3043 52.3 44.9933
      vertex 59.4744 53 45.05
      vertex 58.3215 52.3 46.203
    endloop
  endfacet
  facet normal 0.225795 0.716042 0.660531
    outer loop
      vertex 65.5244 56.6732 39
      vertex 62 56.2219 40.694
      vertex 62 54.5334 42.5244
    endloop
  endfacet
  facet normal 0.225796 0.716038 0.660534
    outer loop
      vertex 62 56.2219 40.694
      vertex 65.5244 56.6732 39
      vertex 63.694 57.2504 39
    endloop
  endfacet
  facet normal 0.225769 0.716084 0.660493
    outer loop
      vertex 58.3215 52.3 46.203
      vertex 56.6934 53 46.0006
      vertex 55.5405 52.3 47.1536
    endloop
  endfacet
  facet normal 0.225769 0.716084 0.660493
    outer loop
      vertex 56.6934 53 46.0006
      vertex 58.3215 52.3 46.203
      vertex 59.4744 53 45.05
    endloop
  endfacet
  facet normal 0.168234 0.758958 0.62903
    outer loop
      vertex 62 57.6259 39
      vertex 62 56.2219 40.694
      vertex 63.694 57.2504 39
    endloop
  endfacet
  facet normal 0.168248 0.758962 0.629022
    outer loop
      vertex 55.5405 52.3 47.1536
      vertex 54.1355 53 46.6848
      vertex 52.9825 52.3 47.8378
    endloop
  endfacet
  facet normal 0.168252 0.758967 0.629015
    outer loop
      vertex 54.1355 53 46.6848
      vertex 55.5405 52.3 47.1536
      vertex 56.6934 53 46.0006
    endloop
  endfacet
  facet normal 0.300742 0.953705 -0
    outer loop
      vertex 65.5244 56.6732 38
      vertex 63.694 57.2504 39
      vertex 65.5244 56.6732 39
    endloop
  endfacet
  facet normal 0.300742 0.953705 0
    outer loop
      vertex 63.694 57.2504 39
      vertex 65.5244 56.6732 38
      vertex 63.694 57.2504 38
    endloop
  endfacet
  facet normal 0.216412 0.976302 -0
    outer loop
      vertex 63.694 57.2504 38
      vertex 62 57.6259 39
      vertex 63.694 57.2504 39
    endloop
  endfacet
  facet normal 0.216412 0.976302 0
    outer loop
      vertex 62 57.6259 39
      vertex 63.694 57.2504 38
      vertex 62 57.6259 38
    endloop
  endfacet
  facet normal 0.843374 0.537327 0
    outer loop
      vertex 77.0526 47 39
      vertex 76.0213 48.6187 38
      vertex 76.0213 48.6187 39
    endloop
  endfacet
  facet normal 0.843374 0.537327 0
    outer loop
      vertex 76.0213 48.6187 38
      vertex 77.0526 47 39
      vertex 77.0526 47 38
    endloop
  endfacet
  facet normal 0.887014 0.461743 0
    outer loop
      vertex 77.9388 45.2976 39
      vertex 77.0526 47 38
      vertex 77.0526 47 39
    endloop
  endfacet
  facet normal 0.887014 0.461743 0
    outer loop
      vertex 77.0526 47 38
      vertex 77.9388 45.2976 39
      vertex 77.9388 45.2976 38
    endloop
  endfacet
  facet normal 0.793361 0.608751 0
    outer loop
      vertex 76.0213 48.6187 39
      vertex 74.853 50.1413 38
      vertex 74.853 50.1413 39
    endloop
  endfacet
  facet normal 0.793361 0.608751 0
    outer loop
      vertex 74.853 50.1413 38
      vertex 76.0213 48.6187 39
      vertex 76.0213 48.6187 38
    endloop
  endfacet
  facet normal 0.461743 0.887014 -0
    outer loop
      vertex 69 55.0526 38
      vertex 67.2976 55.9388 39
      vertex 69 55.0526 39
    endloop
  endfacet
  facet normal 0.461743 0.887014 0
    outer loop
      vertex 67.2976 55.9388 39
      vertex 69 55.0526 38
      vertex 67.2976 55.9388 38
    endloop
  endfacet
  facet normal 0.608751 0.793361 -0
    outer loop
      vertex 72.1413 52.853 38
      vertex 70.6187 54.0213 39
      vertex 72.1413 52.853 39
    endloop
  endfacet
  facet normal 0.608751 0.793361 0
    outer loop
      vertex 70.6187 54.0213 39
      vertex 72.1413 52.853 38
      vertex 70.6187 54.0213 38
    endloop
  endfacet
  facet normal 0.675562 0.737303 -0
    outer loop
      vertex 73.5564 51.5564 38
      vertex 72.1413 52.853 39
      vertex 73.5564 51.5564 39
    endloop
  endfacet
  facet normal 0.675562 0.737303 0
    outer loop
      vertex 72.1413 52.853 39
      vertex 73.5564 51.5564 38
      vertex 72.1413 52.853 38
    endloop
  endfacet
  facet normal 0.517257 0.396894 0.758235
    outer loop
      vertex 69.8274 46.3705 44.4022
      vertex 76.0213 48.6187 39
      vertex 74.853 50.1413 39
    endloop
  endfacet
  facet normal 0.517225 0.396955 0.758225
    outer loop
      vertex 76.0213 48.6187 39
      vertex 69.9785 45.6892 44.6558
      vertex 70.0686 45.0045 44.9528
    endloop
  endfacet
  facet normal 0.51723 0.396946 0.758226
    outer loop
      vertex 76.0213 48.6187 39
      vertex 69.8274 46.3705 44.4022
      vertex 69.9785 45.6892 44.6558
    endloop
  endfacet
  facet normal 0.517313 0.396821 0.758235
    outer loop
      vertex 69.8274 46.3705 44.4022
      vertex 74.853 50.1413 39
      vertex 69.637 46.9745 44.216
    endloop
  endfacet
  facet normal 0.630065 0.198685 0.750694
    outer loop
      vertex 70.1 38.3193 47.5732
      vertex 79.2504 41.694 39
      vertex 78.6732 43.5244 39
    endloop
  endfacet
  facet normal 0.630067 0.19868 0.750694
    outer loop
      vertex 79.2504 41.694 39
      vertex 70.1 38.3193 47.5732
      vertex 70.1 36.1384 48.1504
    endloop
  endfacet
  facet normal 0.953705 0.300742 0
    outer loop
      vertex 79.2504 41.694 39
      vertex 78.6732 43.5244 38
      vertex 78.6732 43.5244 39
    endloop
  endfacet
  facet normal 0.953705 0.300742 0
    outer loop
      vertex 78.6732 43.5244 38
      vertex 79.2504 41.694 39
      vertex 79.2504 41.694 38
    endloop
  endfacet
  facet normal 0.976295 0.216445 0
    outer loop
      vertex 79.6658 39.8203 39
      vertex 79.2504 41.694 38
      vertex 79.2504 41.694 39
    endloop
  endfacet
  facet normal 0.976295 0.216445 0
    outer loop
      vertex 79.2504 41.694 38
      vertex 79.6658 39.8203 39
      vertex 79.6658 39.8203 38
    endloop
  endfacet
  facet normal 0.991446 0.130515 0
    outer loop
      vertex 79.9163 37.9174 39
      vertex 79.6658 39.8203 38
      vertex 79.6658 39.8203 39
    endloop
  endfacet
  facet normal 0.991446 0.130515 0
    outer loop
      vertex 79.6658 39.8203 38
      vertex 79.9163 37.9174 39
      vertex 79.9163 37.9174 38
    endloop
  endfacet
  facet normal 0.887014 -0.461743 0
    outer loop
      vertex 77.0526 -47 39
      vertex 77.9388 -45.2976 38
      vertex 77.9388 -45.2976 39
    endloop
  endfacet
  facet normal 0.887014 -0.461743 0
    outer loop
      vertex 77.9388 -45.2976 38
      vertex 77.0526 -47 39
      vertex 77.0526 -47 38
    endloop
  endfacet
  facet normal 0.976295 -0.216445 0
    outer loop
      vertex 79.2504 -41.694 39
      vertex 79.6658 -39.8203 38
      vertex 79.6658 -39.8203 39
    endloop
  endfacet
  facet normal 0.976295 -0.216445 0
    outer loop
      vertex 79.6658 -39.8203 38
      vertex 79.2504 -41.694 39
      vertex 79.2504 -41.694 38
    endloop
  endfacet
  facet normal 0 0 -1
    outer loop
      vertex -56 -58 38
      vertex -34 -52.3 38
      vertex -34 -58 38
    endloop
  endfacet
  facet normal 0 0 -1
    outer loop
      vertex -62.1 -52.3 38
      vertex -56 -58 38
      vertex -58 -58 38
    endloop
  endfacet
  facet normal 0 0 -1
    outer loop
      vertex -62.1 -52.3 38
      vertex -58 -58 38
      vertex -59.9174 -57.9163 38
    endloop
  endfacet
  facet normal 0 0 -1
    outer loop
      vertex -62.1 -52.3 38
      vertex -59.9174 -57.9163 38
      vertex -61.8203 -57.6658 38
    endloop
  endfacet
  facet normal 0 0 -1
    outer loop
      vertex -56 -58 38
      vertex -62.1 -52.3 38
      vertex -34 -52.3 38
    endloop
  endfacet
  facet normal 0 0 -1
    outer loop
      vertex -63.694 -57.2504 38
      vertex -62.1 -52.3 38
      vertex -61.8203 -57.6658 38
    endloop
  endfacet
  facet normal -0 0 -1
    outer loop
      vertex -62.1 -52.3 38
      vertex -63.694 -57.2504 38
      vertex -62.7972 -52.2695 38
    endloop
  endfacet
  facet normal -0 0 -1
    outer loop
      vertex -62.7972 -52.2695 38
      vertex -63.694 -57.2504 38
      vertex -63.4892 -52.1785 38
    endloop
  endfacet
  facet normal 0 0 -1
    outer loop
      vertex -65.5244 -56.6732 38
      vertex -63.4892 -52.1785 38
      vertex -63.694 -57.2504 38
    endloop
  endfacet
  facet normal -0 0 -1
    outer loop
      vertex -63.4892 -52.1785 38
      vertex -65.5244 -56.6732 38
      vertex -64.1705 -52.0274 38
    endloop
  endfacet
  facet normal -0 0 -1
    outer loop
      vertex -64.1705 -52.0274 38
      vertex -65.5244 -56.6732 38
      vertex -64.8362 -51.8175 38
    endloop
  endfacet
  facet normal 0 0 -1
    outer loop
      vertex -67.2976 -55.9388 38
      vertex -64.8362 -51.8175 38
      vertex -65.5244 -56.6732 38
    endloop
  endfacet
  facet normal -0 0 -1
    outer loop
      vertex -64.8362 -51.8175 38
      vertex -67.2976 -55.9388 38
      vertex -65.4809 -51.5504 38
    endloop
  endfacet
  facet normal -0 0 -1
    outer loop
      vertex -65.4809 -51.5504 38
      vertex -67.2976 -55.9388 38
      vertex -66.1 -51.2282 38
    endloop
  endfacet
  facet normal 0 0 -1
    outer loop
      vertex -69 -55.0526 38
      vertex -66.1 -51.2282 38
      vertex -67.2976 -55.9388 38
    endloop
  endfacet
  facet normal -0 0 -1
    outer loop
      vertex -66.1 -51.2282 38
      vertex -69 -55.0526 38
      vertex -66.6886 -50.8532 38
    endloop
  endfacet
  facet normal -0 0 -1
    outer loop
      vertex -66.6886 -50.8532 38
      vertex -69 -55.0526 38
      vertex -67.2423 -50.4283 38
    endloop
  endfacet
  facet normal 0 0 -1
    outer loop
      vertex -70.6187 -54.0213 38
      vertex -67.2423 -50.4283 38
      vertex -69 -55.0526 38
    endloop
  endfacet
  facet normal -0 0 -1
    outer loop
      vertex -67.2423 -50.4283 38
      vertex -70.6187 -54.0213 38
      vertex -67.7569 -49.9568 38
    endloop
  endfacet
  facet normal 0 0 -1
    outer loop
      vertex -72.1413 -52.853 38
      vertex -67.7569 -49.9568 38
      vertex -70.6187 -54.0213 38
    endloop
  endfacet
  facet normal -0 0 -1
    outer loop
      vertex -67.7569 -49.9568 38
      vertex -72.1413 -52.853 38
      vertex -68.2283 -49.4423 38
    endloop
  endfacet
  facet normal -0 0 -1
    outer loop
      vertex -68.2283 -49.4423 38
      vertex -72.1413 -52.853 38
      vertex -68.6532 -48.8886 38
    endloop
  endfacet
  facet normal 0 0 -1
    outer loop
      vertex -73.5564 -51.5564 38
      vertex -68.6532 -48.8886 38
      vertex -72.1413 -52.853 38
    endloop
  endfacet
  facet normal -0 0 -1
    outer loop
      vertex -68.6532 -48.8886 38
      vertex -73.5564 -51.5564 38
      vertex -69.0282 -48.3 38
    endloop
  endfacet
  facet normal -0 0 -1
    outer loop
      vertex -69.0282 -48.3 38
      vertex -73.5564 -51.5564 38
      vertex -69.3504 -47.6809 38
    endloop
  endfacet
  facet normal 0 0 -1
    outer loop
      vertex -74.853 -50.1413 38
      vertex -69.3504 -47.6809 38
      vertex -73.5564 -51.5564 38
    endloop
  endfacet
  facet normal 0 0 -1
    outer loop
      vertex -76.0213 -48.6187 38
      vertex -69.8274 -46.3705 38
      vertex -74.853 -50.1413 38
    endloop
  endfacet
  facet normal -0 0 -1
    outer loop
      vertex -69.6175 -47.0361 38
      vertex -74.853 -50.1413 38
      vertex -69.8274 -46.3705 38
    endloop
  endfacet
  facet normal -0 0 -1
    outer loop
      vertex -69.3504 -47.6809 38
      vertex -74.853 -50.1413 38
      vertex -69.6175 -47.0361 38
    endloop
  endfacet
  facet normal 0 0 -1
    outer loop
      vertex 62.1 52.3 38
      vertex -62 53 38
      vertex 62 53 38
    endloop
  endfacet
  facet normal 0 0 -1
    outer loop
      vertex -62.1 52.3 38
      vertex -62 53 38
      vertex 62.1 52.3 38
    endloop
  endfacet
  facet normal 0 0 -1
    outer loop
      vertex -62.7972 52.2695 38
      vertex -62 53 38
      vertex -62.1 52.3 38
    endloop
  endfacet
  facet normal 0 0 -1
    outer loop
      vertex -63.4892 52.1785 38
      vertex -62 53 38
      vertex -62.7972 52.2695 38
    endloop
  endfacet
  facet normal -0 0 -1
    outer loop
      vertex -62 53 38
      vertex -63.4892 52.1785 38
      vertex -63.694 57.2504 38
    endloop
  endfacet
  facet normal 0 0 -1
    outer loop
      vertex -62 53 38
      vertex -63.694 57.2504 38
      vertex -62 57.6259 38
    endloop
  endfacet
  facet normal 0 0 -1
    outer loop
      vertex -65.5244 56.6732 38
      vertex -63.4892 52.1785 38
      vertex -64.1705 52.0274 38
    endloop
  endfacet
  facet normal 0 0 -1
    outer loop
      vertex -65.5244 56.6732 38
      vertex -64.1705 52.0274 38
      vertex -64.8362 51.8175 38
    endloop
  endfacet
  facet normal 0 0 -1
    outer loop
      vertex -67.2976 55.9388 38
      vertex -64.8362 51.8175 38
      vertex -65.4809 51.5504 38
    endloop
  endfacet
  facet normal 0 0 -1
    outer loop
      vertex -63.4892 52.1785 38
      vertex -65.5244 56.6732 38
      vertex -63.694 57.2504 38
    endloop
  endfacet
  facet normal 0 0 -1
    outer loop
      vertex -67.2976 55.9388 38
      vertex -65.4809 51.5504 38
      vertex -66.1 51.2282 38
    endloop
  endfacet
  facet normal 0 0 -1
    outer loop
      vertex -69 55.0526 38
      vertex -66.1 51.2282 38
      vertex -66.6886 50.8532 38
    endloop
  endfacet
  facet normal 0 0 -1
    outer loop
      vertex -69 55.0526 38
      vertex -66.6886 50.8532 38
      vertex -67.2423 50.4283 38
    endloop
  endfacet
  facet normal 0 0 -1
    outer loop
      vertex -64.8362 51.8175 38
      vertex -67.2976 55.9388 38
      vertex -65.5244 56.6732 38
    endloop
  endfacet
  facet normal 0 0 -1
    outer loop
      vertex -70.6187 54.0213 38
      vertex -67.2423 50.4283 38
      vertex -67.7569 49.9568 38
    endloop
  endfacet
  facet normal 0 0 -1
    outer loop
      vertex -72.1413 52.853 38
      vertex -67.7569 49.9568 38
      vertex -68.2283 49.4423 38
    endloop
  endfacet
  facet normal 0 0 -1
    outer loop
      vertex -72.1413 52.853 38
      vertex -68.2283 49.4423 38
      vertex -68.6532 48.8886 38
    endloop
  endfacet
  facet normal 0 0 -1
    outer loop
      vertex -66.1 51.2282 38
      vertex -69 55.0526 38
      vertex -67.2976 55.9388 38
    endloop
  endfacet
  facet normal 0 0 -1
    outer loop
      vertex -73.5564 51.5564 38
      vertex -68.6532 48.8886 38
      vertex -69.0282 48.3 38
    endloop
  endfacet
  facet normal 0 0 -1
    outer loop
      vertex -73.5564 51.5564 38
      vertex -69.0282 48.3 38
      vertex -69.3504 47.6809 38
    endloop
  endfacet
  facet normal 0 0 -1
    outer loop
      vertex -74.853 50.1413 38
      vertex -69.3504 47.6809 38
      vertex -69.6175 47.0361 38
    endloop
  endfacet
  facet normal 0 0 -1
    outer loop
      vertex -74.853 50.1413 38
      vertex -69.6175 47.0361 38
      vertex -69.8274 46.3705 38
    endloop
  endfacet
  facet normal 0 0 -1
    outer loop
      vertex -76.0213 48.6187 38
      vertex -69.8274 46.3705 38
      vertex -69.9785 45.6892 38
    endloop
  endfacet
  facet normal 0 0 -1
    outer loop
      vertex -77.0526 47 38
      vertex -69.9785 45.6892 38
      vertex -70.0695 44.9972 38
    endloop
  endfacet
  facet normal 0 0 -1
    outer loop
      vertex -67.2423 50.4283 38
      vertex -70.6187 54.0213 38
      vertex -69 55.0526 38
    endloop
  endfacet
  facet normal 0 0 -1
    outer loop
      vertex -77.0526 47 38
      vertex -70.0695 44.9972 38
      vertex -70.1 44.3 38
    endloop
  endfacet
  facet normal 0 0 -1
    outer loop
      vertex -70.1 -44.3 38
      vertex -80 -36 38
      vertex -70.1 44.3 38
    endloop
  endfacet
  facet normal -0 0 -1
    outer loop
      vertex -69.8274 -46.3705 38
      vertex -76.0213 -48.6187 38
      vertex -69.9785 -45.6892 38
    endloop
  endfacet
  facet normal 0 0 -1
    outer loop
      vertex -80 36 38
      vertex -70.1 44.3 38
      vertex -80 -36 38
    endloop
  endfacet
  facet normal 0 0 -1
    outer loop
      vertex -77.0526 -47 38
      vertex -69.9785 -45.6892 38
      vertex -76.0213 -48.6187 38
    endloop
  endfacet
  facet normal 0 -0 -1
    outer loop
      vertex -79.9163 37.9174 38
      vertex -70.1 44.3 38
      vertex -80 36 38
    endloop
  endfacet
  facet normal -0 0 -1
    outer loop
      vertex -69.9785 -45.6892 38
      vertex -77.0526 -47 38
      vertex -70.0695 -44.9972 38
    endloop
  endfacet
  facet normal 0 0 -1
    outer loop
      vertex -67.7569 49.9568 38
      vertex -72.1413 52.853 38
      vertex -70.6187 54.0213 38
    endloop
  endfacet
  facet normal -0 0 -1
    outer loop
      vertex -70.0695 -44.9972 38
      vertex -77.0526 -47 38
      vertex -70.1 -44.3 38
    endloop
  endfacet
  facet normal 0 0 -1
    outer loop
      vertex -68.6532 48.8886 38
      vertex -73.5564 51.5564 38
      vertex -72.1413 52.853 38
    endloop
  endfacet
  facet normal 0 0 -1
    outer loop
      vertex -77.9388 -45.2976 38
      vertex -70.1 -44.3 38
      vertex -77.0526 -47 38
    endloop
  endfacet
  facet normal 0 0 -1
    outer loop
      vertex -69.3504 47.6809 38
      vertex -74.853 50.1413 38
      vertex -73.5564 51.5564 38
    endloop
  endfacet
  facet normal 0 0 -1
    outer loop
      vertex -78.6732 -43.5244 38
      vertex -70.1 -44.3 38
      vertex -77.9388 -45.2976 38
    endloop
  endfacet
  facet normal 0 0 -1
    outer loop
      vertex -69.8274 46.3705 38
      vertex -76.0213 48.6187 38
      vertex -74.853 50.1413 38
    endloop
  endfacet
  facet normal 0 0 -1
    outer loop
      vertex -79.2504 -41.694 38
      vertex -70.1 -44.3 38
      vertex -78.6732 -43.5244 38
    endloop
  endfacet
  facet normal 0 0 -1
    outer loop
      vertex -69.9785 45.6892 38
      vertex -77.0526 47 38
      vertex -76.0213 48.6187 38
    endloop
  endfacet
  facet normal 0 0 -1
    outer loop
      vertex -79.6658 -39.8203 38
      vertex -70.1 -44.3 38
      vertex -79.2504 -41.694 38
    endloop
  endfacet
  facet normal 0 0 -1
    outer loop
      vertex -70.1 44.3 38
      vertex -77.9388 45.2976 38
      vertex -77.0526 47 38
    endloop
  endfacet
  facet normal 0 0 -1
    outer loop
      vertex -79.9163 -37.9174 38
      vertex -70.1 -44.3 38
      vertex -79.6658 -39.8203 38
    endloop
  endfacet
  facet normal -0 0 -1
    outer loop
      vertex -70.1 44.3 38
      vertex -78.6732 43.5244 38
      vertex -77.9388 45.2976 38
    endloop
  endfacet
  facet normal 0 0 -1
    outer loop
      vertex -70.1 -44.3 38
      vertex -79.9163 -37.9174 38
      vertex -80 -36 38
    endloop
  endfacet
  facet normal 0 0 -1
    outer loop
      vertex -70.1 44.3 38
      vertex -79.2504 41.694 38
      vertex -78.6732 43.5244 38
    endloop
  endfacet
  facet normal 0 0 -1
    outer loop
      vertex -70.1 44.3 38
      vertex -79.6658 39.8203 38
      vertex -79.2504 41.694 38
    endloop
  endfacet
  facet normal 0 0 -1
    outer loop
      vertex -70.1 44.3 38
      vertex -79.9163 37.9174 38
      vertex -79.6658 39.8203 38
    endloop
  endfacet
  facet normal 0 0 -1
    outer loop
      vertex 70.1 -44.3 38
      vertex 80 -36 38
      vertex 79.9163 -37.9174 38
    endloop
  endfacet
  facet normal -0 0 -1
    outer loop
      vertex 80 -36 38
      vertex 70.1 -44.3 38
      vertex 80 36 38
    endloop
  endfacet
  facet normal 0 0 -1
    outer loop
      vertex 70.1 -44.3 38
      vertex 79.9163 -37.9174 38
      vertex 79.6658 -39.8203 38
    endloop
  endfacet
  facet normal 0 0 -1
    outer loop
      vertex 70.1 44.3 38
      vertex 80 36 38
      vertex 70.1 -44.3 38
    endloop
  endfacet
  facet normal 0 0 -1
    outer loop
      vertex 70.1 -44.3 38
      vertex 79.6658 -39.8203 38
      vertex 79.2504 -41.694 38
    endloop
  endfacet
  facet normal 0 0 -1
    outer loop
      vertex 80 36 38
      vertex 70.1 44.3 38
      vertex 79.9163 37.9174 38
    endloop
  endfacet
  facet normal 0 0 -1
    outer loop
      vertex 70.1 -44.3 38
      vertex 79.2504 -41.694 38
      vertex 78.6732 -43.5244 38
    endloop
  endfacet
  facet normal 0 0 -1
    outer loop
      vertex 79.9163 37.9174 38
      vertex 70.1 44.3 38
      vertex 79.6658 39.8203 38
    endloop
  endfacet
  facet normal 0 0 -1
    outer loop
      vertex 70.1 -44.3 38
      vertex 78.6732 -43.5244 38
      vertex 77.9388 -45.2976 38
    endloop
  endfacet
  facet normal 0 0 -1
    outer loop
      vertex 79.6658 39.8203 38
      vertex 70.1 44.3 38
      vertex 79.2504 41.694 38
    endloop
  endfacet
  facet normal 0 0 -1
    outer loop
      vertex 70.1 -44.3 38
      vertex 77.9388 -45.2976 38
      vertex 77.0526 -47 38
    endloop
  endfacet
  facet normal 0 0 -1
    outer loop
      vertex 79.2504 41.694 38
      vertex 70.1 44.3 38
      vertex 78.6732 43.5244 38
    endloop
  endfacet
  facet normal 0 0 -1
    outer loop
      vertex 69.9785 -45.6892 38
      vertex 77.0526 -47 38
      vertex 76.0213 -48.6187 38
    endloop
  endfacet
  facet normal 0 0 -1
    outer loop
      vertex 78.6732 43.5244 38
      vertex 70.1 44.3 38
      vertex 77.9388 45.2976 38
    endloop
  endfacet
  facet normal 0 0 -1
    outer loop
      vertex 69.8274 -46.3705 38
      vertex 76.0213 -48.6187 38
      vertex 74.853 -50.1413 38
    endloop
  endfacet
  facet normal -0 0 -1
    outer loop
      vertex 77.9388 45.2976 38
      vertex 70.1 44.3 38
      vertex 77.0526 47 38
    endloop
  endfacet
  facet normal 0 0 -1
    outer loop
      vertex 69.3504 -47.6809 38
      vertex 74.853 -50.1413 38
      vertex 73.5564 -51.5564 38
    endloop
  endfacet
  facet normal 0 0 -1
    outer loop
      vertex 70.0695 44.9972 38
      vertex 77.0526 47 38
      vertex 70.1 44.3 38
    endloop
  endfacet
  facet normal 0 0 -1
    outer loop
      vertex 68.6532 -48.8886 38
      vertex 73.5564 -51.5564 38
      vertex 72.1413 -52.853 38
    endloop
  endfacet
  facet normal 0 0 -1
    outer loop
      vertex 69.9785 45.6892 38
      vertex 77.0526 47 38
      vertex 70.0695 44.9972 38
    endloop
  endfacet
  facet normal 0 0 -1
    outer loop
      vertex 67.7569 -49.9568 38
      vertex 72.1413 -52.853 38
      vertex 70.6187 -54.0213 38
    endloop
  endfacet
  facet normal -0 0 -1
    outer loop
      vertex 77.0526 47 38
      vertex 69.9785 45.6892 38
      vertex 76.0213 48.6187 38
    endloop
  endfacet
  facet normal 0 0 -1
    outer loop
      vertex 69.8274 46.3705 38
      vertex 76.0213 48.6187 38
      vertex 69.9785 45.6892 38
    endloop
  endfacet
  facet normal 0 0 -1
    outer loop
      vertex 77.0526 -47 38
      vertex 70.0695 -44.9972 38
      vertex 70.1 -44.3 38
    endloop
  endfacet
  facet normal 0 0 -1
    outer loop
      vertex 77.0526 -47 38
      vertex 69.9785 -45.6892 38
      vertex 70.0695 -44.9972 38
    endloop
  endfacet
  facet normal 0 0 -1
    outer loop
      vertex 76.0213 -48.6187 38
      vertex 69.8274 -46.3705 38
      vertex 69.9785 -45.6892 38
    endloop
  endfacet
  facet normal 0 0 -1
    outer loop
      vertex 74.853 -50.1413 38
      vertex 69.6175 -47.0361 38
      vertex 69.8274 -46.3705 38
    endloop
  endfacet
  facet normal 0 0 -1
    outer loop
      vertex 74.853 -50.1413 38
      vertex 69.3504 -47.6809 38
      vertex 69.6175 -47.0361 38
    endloop
  endfacet
  facet normal 0 0 -1
    outer loop
      vertex 73.5564 -51.5564 38
      vertex 69.0282 -48.3 38
      vertex 69.3504 -47.6809 38
    endloop
  endfacet
  facet normal 0 0 -1
    outer loop
      vertex 67.2423 -50.4283 38
      vertex 70.6187 -54.0213 38
      vertex 69 -55.0526 38
    endloop
  endfacet
  facet normal 0 0 -1
    outer loop
      vertex 73.5564 -51.5564 38
      vertex 68.6532 -48.8886 38
      vertex 69.0282 -48.3 38
    endloop
  endfacet
  facet normal 0 0 -1
    outer loop
      vertex 72.1413 -52.853 38
      vertex 68.2283 -49.4423 38
      vertex 68.6532 -48.8886 38
    endloop
  endfacet
  facet normal 0 0 -1
    outer loop
      vertex 72.1413 -52.853 38
      vertex 67.7569 -49.9568 38
      vertex 68.2283 -49.4423 38
    endloop
  endfacet
  facet normal 0 0 -1
    outer loop
      vertex 66.1 -51.2282 38
      vertex 69 -55.0526 38
      vertex 67.2976 -55.9388 38
    endloop
  endfacet
  facet normal 0 0 -1
    outer loop
      vertex 70.6187 -54.0213 38
      vertex 67.2423 -50.4283 38
      vertex 67.7569 -49.9568 38
    endloop
  endfacet
  facet normal 0 0 -1
    outer loop
      vertex 69 -55.0526 38
      vertex 66.6886 -50.8532 38
      vertex 67.2423 -50.4283 38
    endloop
  endfacet
  facet normal 0 0 -1
    outer loop
      vertex 69 -55.0526 38
      vertex 66.1 -51.2282 38
      vertex 66.6886 -50.8532 38
    endloop
  endfacet
  facet normal 0 0 -1
    outer loop
      vertex 64.8362 -51.8175 38
      vertex 67.2976 -55.9388 38
      vertex 65.5244 -56.6732 38
    endloop
  endfacet
  facet normal 0 0 -1
    outer loop
      vertex 67.2976 -55.9388 38
      vertex 65.4809 -51.5504 38
      vertex 66.1 -51.2282 38
    endloop
  endfacet
  facet normal 0 0 -1
    outer loop
      vertex 67.2976 -55.9388 38
      vertex 64.8362 -51.8175 38
      vertex 65.4809 -51.5504 38
    endloop
  endfacet
  facet normal 0 0 -1
    outer loop
      vertex 65.5244 -56.6732 38
      vertex 64.1705 -52.0274 38
      vertex 64.8362 -51.8175 38
    endloop
  endfacet
  facet normal 0 0 -1
    outer loop
      vertex 63.4892 -52.1785 38
      vertex 65.5244 -56.6732 38
      vertex 63.694 -57.2504 38
    endloop
  endfacet
  facet normal 0 0 -1
    outer loop
      vertex 65.5244 -56.6732 38
      vertex 63.4892 -52.1785 38
      vertex 64.1705 -52.0274 38
    endloop
  endfacet
  facet normal 0 0 -1
    outer loop
      vertex 63.694 -57.2504 38
      vertex 62.7972 -52.2695 38
      vertex 63.4892 -52.1785 38
    endloop
  endfacet
  facet normal 0 0 -1
    outer loop
      vertex 63.694 -57.2504 38
      vertex 62.1 -52.3 38
      vertex 62.7972 -52.2695 38
    endloop
  endfacet
  facet normal 0 0 -1
    outer loop
      vertex 61.8203 -57.6658 38
      vertex 62.1 -52.3 38
      vertex 63.694 -57.2504 38
    endloop
  endfacet
  facet normal 0 0 -1
    outer loop
      vertex 59.9174 -57.9163 38
      vertex 62.1 -52.3 38
      vertex 61.8203 -57.6658 38
    endloop
  endfacet
  facet normal 0 0 -1
    outer loop
      vertex 58 -58 38
      vertex 62.1 -52.3 38
      vertex 59.9174 -57.9163 38
    endloop
  endfacet
  facet normal 0 0 -1
    outer loop
      vertex 56 -58 38
      vertex 62.1 -52.3 38
      vertex 58 -58 38
    endloop
  endfacet
  facet normal 0 0 -1
    outer loop
      vertex 34 -52.3 38
      vertex 56 -58 38
      vertex 34 -58 38
    endloop
  endfacet
  facet normal 0 0 -1
    outer loop
      vertex 56 -58 38
      vertex 34 -52.3 38
      vertex 62.1 -52.3 38
    endloop
  endfacet
  facet normal -0 0 -1
    outer loop
      vertex 76.0213 48.6187 38
      vertex 69.8274 46.3705 38
      vertex 74.853 50.1413 38
    endloop
  endfacet
  facet normal 0 0 -1
    outer loop
      vertex 69.6175 47.0361 38
      vertex 74.853 50.1413 38
      vertex 69.8274 46.3705 38
    endloop
  endfacet
  facet normal 0 0 -1
    outer loop
      vertex 69.3504 47.6809 38
      vertex 74.853 50.1413 38
      vertex 69.6175 47.0361 38
    endloop
  endfacet
  facet normal -0 0 -1
    outer loop
      vertex 74.853 50.1413 38
      vertex 69.3504 47.6809 38
      vertex 73.5564 51.5564 38
    endloop
  endfacet
  facet normal 0 0 -1
    outer loop
      vertex 69.0282 48.3 38
      vertex 73.5564 51.5564 38
      vertex 69.3504 47.6809 38
    endloop
  endfacet
  facet normal 0 0 -1
    outer loop
      vertex 68.6532 48.8886 38
      vertex 73.5564 51.5564 38
      vertex 69.0282 48.3 38
    endloop
  endfacet
  facet normal -0 0 -1
    outer loop
      vertex 73.5564 51.5564 38
      vertex 68.6532 48.8886 38
      vertex 72.1413 52.853 38
    endloop
  endfacet
  facet normal 0 0 -1
    outer loop
      vertex 68.2283 49.4423 38
      vertex 72.1413 52.853 38
      vertex 68.6532 48.8886 38
    endloop
  endfacet
  facet normal 0 0 -1
    outer loop
      vertex 67.7569 49.9568 38
      vertex 72.1413 52.853 38
      vertex 68.2283 49.4423 38
    endloop
  endfacet
  facet normal -0 0 -1
    outer loop
      vertex 72.1413 52.853 38
      vertex 67.7569 49.9568 38
      vertex 70.6187 54.0213 38
    endloop
  endfacet
  facet normal 0 0 -1
    outer loop
      vertex 67.2423 50.4283 38
      vertex 70.6187 54.0213 38
      vertex 67.7569 49.9568 38
    endloop
  endfacet
  facet normal -0 0 -1
    outer loop
      vertex 70.6187 54.0213 38
      vertex 67.2423 50.4283 38
      vertex 69 55.0526 38
    endloop
  endfacet
  facet normal 0 0 -1
    outer loop
      vertex 66.6886 50.8532 38
      vertex 69 55.0526 38
      vertex 67.2423 50.4283 38
    endloop
  endfacet
  facet normal 0 0 -1
    outer loop
      vertex 66.1 51.2282 38
      vertex 69 55.0526 38
      vertex 66.6886 50.8532 38
    endloop
  endfacet
  facet normal -0 0 -1
    outer loop
      vertex 69 55.0526 38
      vertex 66.1 51.2282 38
      vertex 67.2976 55.9388 38
    endloop
  endfacet
  facet normal 0 0 -1
    outer loop
      vertex 65.4809 51.5504 38
      vertex 67.2976 55.9388 38
      vertex 66.1 51.2282 38
    endloop
  endfacet
  facet normal 0 0 -1
    outer loop
      vertex 64.8362 51.8175 38
      vertex 67.2976 55.9388 38
      vertex 65.4809 51.5504 38
    endloop
  endfacet
  facet normal -0 0 -1
    outer loop
      vertex 67.2976 55.9388 38
      vertex 64.8362 51.8175 38
      vertex 65.5244 56.6732 38
    endloop
  endfacet
  facet normal 0 0 -1
    outer loop
      vertex 64.1705 52.0274 38
      vertex 65.5244 56.6732 38
      vertex 64.8362 51.8175 38
    endloop
  endfacet
  facet normal 0 0 -1
    outer loop
      vertex 63.4892 52.1785 38
      vertex 65.5244 56.6732 38
      vertex 64.1705 52.0274 38
    endloop
  endfacet
  facet normal -0 0 -1
    outer loop
      vertex 65.5244 56.6732 38
      vertex 63.4892 52.1785 38
      vertex 63.694 57.2504 38
    endloop
  endfacet
  facet normal 0 0 -1
    outer loop
      vertex 62 53 38
      vertex 63.4892 52.1785 38
      vertex 62.7972 52.2695 38
    endloop
  endfacet
  facet normal 0 0 -1
    outer loop
      vertex 62 53 38
      vertex 62.7972 52.2695 38
      vertex 62.1 52.3 38
    endloop
  endfacet
  facet normal 0 0 -1
    outer loop
      vertex 63.4892 52.1785 38
      vertex 62 53 38
      vertex 63.694 57.2504 38
    endloop
  endfacet
  facet normal -0 0 -1
    outer loop
      vertex 63.694 57.2504 38
      vertex 62 53 38
      vertex 62 57.6259 38
    endloop
  endfacet
  facet normal 0 0 -1
    outer loop
      vertex 12.0399 -63.5 38
      vertex -12.0399 -63.5 38
      vertex 12.0399 -58 38
    endloop
  endfacet
  facet normal 0 0 -1
    outer loop
      vertex 12.0399 -58 38
      vertex 34 -52.3 38
      vertex 34 -58 38
    endloop
  endfacet
  facet normal 0 0 -1
    outer loop
      vertex -12.0399 -58 38
      vertex 12.0399 -58 38
      vertex -12.0399 -63.5 38
    endloop
  endfacet
  facet normal 0 0 -1
    outer loop
      vertex 12.0399 -58 38
      vertex -12.0399 -58 38
      vertex 34 -52.3 38
    endloop
  endfacet
  facet normal 0 0 -1
    outer loop
      vertex -34 -52.3 38
      vertex -12.0399 -58 38
      vertex -34 -58 38
    endloop
  endfacet
  facet normal 0 0 -1
    outer loop
      vertex -12.0399 -58 38
      vertex -34 -52.3 38
      vertex 34 -52.3 38
    endloop
  endfacet
  facet normal -0.976295 -0.216445 0
    outer loop
      vertex -79.2504 -41.694 38
      vertex -79.6658 -39.8203 39
      vertex -79.6658 -39.8203 38
    endloop
  endfacet
  facet normal -0.976295 -0.216445 0
    outer loop
      vertex -79.6658 -39.8203 39
      vertex -79.2504 -41.694 38
      vertex -79.2504 -41.694 39
    endloop
  endfacet
  facet normal -0.537327 -0.843374 0
    outer loop
      vertex -70.6187 -54.0213 38
      vertex -69 -55.0526 39
      vertex -70.6187 -54.0213 39
    endloop
  endfacet
  facet normal -0.537327 -0.843374 -0
    outer loop
      vertex -69 -55.0526 39
      vertex -70.6187 -54.0213 38
      vertex -69 -55.0526 38
    endloop
  endfacet
  facet normal -0.887014 -0.461743 0
    outer loop
      vertex -77.0526 -47 38
      vertex -77.9388 -45.2976 39
      vertex -77.9388 -45.2976 38
    endloop
  endfacet
  facet normal -0.887014 -0.461743 0
    outer loop
      vertex -77.9388 -45.2976 39
      vertex -77.0526 -47 38
      vertex -77.0526 -47 39
    endloop
  endfacet
  facet normal -0.484393 -0.443858 0.753892
    outer loop
      vertex -69.0282 -48.3 43.8267
      vertex -73.5564 -51.5564 39
      vertex -68.7952 -48.6657 43.7611
    endloop
  endfacet
  facet normal -0.484378 -0.443877 0.75389
    outer loop
      vertex -69.3504 -47.6809 43.9842
      vertex -73.5564 -51.5564 39
      vertex -69.0282 -48.3 43.8267
    endloop
  endfacet
  facet normal -0.484406 -0.443849 0.75389
    outer loop
      vertex -74.853 -50.1413 39
      vertex -69.3504 -47.6809 43.9842
      vertex -69.6175 -47.0361 44.1922
    endloop
  endfacet
  facet normal -0.483972 -0.444451 0.753813
    outer loop
      vertex -74.853 -50.1413 39
      vertex -69.6175 -47.0361 44.1922
      vertex -69.637 -46.9745 44.216
    endloop
  endfacet
  facet normal -0.484408 -0.443844 0.75389
    outer loop
      vertex -69.3504 -47.6809 43.9842
      vertex -74.853 -50.1413 39
      vertex -73.5564 -51.5564 39
    endloop
  endfacet
  facet normal -0.630067 -0.19868 0.750694
    outer loop
      vertex -79.2504 -41.694 39
      vertex -70.1 -38.3193 47.5732
      vertex -70.1 -36.1384 48.1504
    endloop
  endfacet
  facet normal -0.630065 -0.198685 0.750694
    outer loop
      vertex -70.1 -38.3193 47.5732
      vertex -79.2504 -41.694 39
      vertex -78.6732 -43.5244 39
    endloop
  endfacet
  facet normal -0.923895 0.382646 0
    outer loop
      vertex -78.6732 43.5244 38
      vertex -77.9388 45.2976 39
      vertex -77.9388 45.2976 38
    endloop
  endfacet
  facet normal -0.923895 0.382646 0
    outer loop
      vertex -77.9388 45.2976 39
      vertex -78.6732 43.5244 38
      vertex -78.6732 43.5244 39
    endloop
  endfacet
  facet normal -0.604377 0.250313 0.756354
    outer loop
      vertex -78.6732 43.5244 39
      vertex -70.1 40.5383 46.8388
      vertex -77.9388 45.2976 39
    endloop
  endfacet
  facet normal -0.604374 0.250323 0.756354
    outer loop
      vertex -70.1 40.5383 46.8388
      vertex -78.6732 43.5244 39
      vertex -70.1 38.3193 47.5732
    endloop
  endfacet
  facet normal -0.517313 0.396821 0.758235
    outer loop
      vertex -74.853 50.1413 39
      vertex -69.8274 46.3705 44.4022
      vertex -69.637 46.9745 44.216
    endloop
  endfacet
  facet normal -0.517257 0.396894 0.758235
    outer loop
      vertex -76.0213 48.6187 39
      vertex -69.8274 46.3705 44.4022
      vertex -74.853 50.1413 39
    endloop
  endfacet
  facet normal -0.51723 0.396946 0.758226
    outer loop
      vertex -69.8274 46.3705 44.4022
      vertex -76.0213 48.6187 39
      vertex -69.9785 45.6892 44.6558
    endloop
  endfacet
  facet normal -0.517225 0.396955 0.758225
    outer loop
      vertex -69.9785 45.6892 44.6558
      vertex -76.0213 48.6187 39
      vertex -70.0686 45.0045 44.9528
    endloop
  endfacet
  facet normal -0.654213 0.145039 0.742273
    outer loop
      vertex -79.6658 39.8203 39
      vertex -70.1 36.1384 48.1504
      vertex -79.2504 41.694 39
    endloop
  endfacet
  facet normal -0.654213 0.14504 0.742273
    outer loop
      vertex -70.1 36.1384 48.1504
      vertex -79.6658 39.8203 39
      vertex -70.1 34.0125 48.5658
    endloop
  endfacet
  facet normal -0.676732 0.0890858 0.73082
    outer loop
      vertex -79.9163 37.9174 39
      vertex -70.1 34.0125 48.5658
      vertex -79.6658 39.8203 39
    endloop
  endfacet
  facet normal -0.676732 0.0890853 0.73082
    outer loop
      vertex -70.1 34.0125 48.5658
      vertex -79.9163 37.9174 39
      vertex -70.1 31.9575 48.8163
    endloop
  endfacet
  facet normal -0.991446 0.130515 0
    outer loop
      vertex -79.9163 37.9174 38
      vertex -79.6658 39.8203 39
      vertex -79.6658 39.8203 38
    endloop
  endfacet
  facet normal -0.991446 0.130515 0
    outer loop
      vertex -79.6658 39.8203 39
      vertex -79.9163 37.9174 38
      vertex -79.9163 37.9174 39
    endloop
  endfacet
  facet normal -0.382646 0.923895 0
    outer loop
      vertex -65.5244 56.6732 38
      vertex -67.2976 55.9388 39
      vertex -65.5244 56.6732 39
    endloop
  endfacet
  facet normal -0.382646 0.923895 0
    outer loop
      vertex -67.2976 55.9388 39
      vertex -65.5244 56.6732 38
      vertex -67.2976 55.9388 38
    endloop
  endfacet
  facet normal -0.537327 0.843374 0
    outer loop
      vertex -69 55.0526 38
      vertex -70.6187 54.0213 39
      vertex -69 55.0526 39
    endloop
  endfacet
  facet normal -0.537327 0.843374 0
    outer loop
      vertex -70.6187 54.0213 39
      vertex -69 55.0526 38
      vertex -70.6187 54.0213 38
    endloop
  endfacet
  facet normal -0.300742 0.953705 0
    outer loop
      vertex -63.694 57.2504 38
      vertex -65.5244 56.6732 39
      vertex -63.694 57.2504 39
    endloop
  endfacet
  facet normal -0.300742 0.953705 0
    outer loop
      vertex -65.5244 56.6732 39
      vertex -63.694 57.2504 38
      vertex -65.5244 56.6732 38
    endloop
  endfacet
  facet normal 0.449214 0.490269 0.746889
    outer loop
      vertex 72.1413 52.853 39
      vertex 68.7952 48.6657 43.7611
      vertex 73.5564 51.5564 39
    endloop
  endfacet
  facet normal 0.449235 0.490251 0.746889
    outer loop
      vertex 72.1413 52.853 39
      vertex 68.6532 48.8886 43.7002
      vertex 68.7952 48.6657 43.7611
    endloop
  endfacet
  facet normal 0.449216 0.490268 0.746889
    outer loop
      vertex 72.1413 52.853 39
      vertex 68.2283 49.4423 43.5923
      vertex 68.6532 48.8886 43.7002
    endloop
  endfacet
  facet normal 0.449291 0.49019 0.746895
    outer loop
      vertex 72.1413 52.853 39
      vertex 67.7569 49.9568 43.5382
      vertex 68.2283 49.4423 43.5923
    endloop
  endfacet
  facet normal 0.449327 0.490146 0.746902
    outer loop
      vertex 67.7569 49.9568 43.5382
      vertex 72.1413 52.853 39
      vertex 67.6032 50.0977 43.5382
    endloop
  endfacet
  facet normal -0.991446 -0.130515 0
    outer loop
      vertex -79.6658 -39.8203 38
      vertex -79.9163 -37.9174 39
      vertex -79.9163 -37.9174 38
    endloop
  endfacet
  facet normal -0.991446 -0.130515 0
    outer loop
      vertex -79.9163 -37.9174 39
      vertex -79.6658 -39.8203 38
      vertex -79.6658 -39.8203 39
    endloop
  endfacet
  facet normal -0.382646 -0.923895 0
    outer loop
      vertex -67.2976 -55.9388 38
      vertex -65.5244 -56.6732 39
      vertex -67.2976 -55.9388 39
    endloop
  endfacet
  facet normal -0.382646 -0.923895 -0
    outer loop
      vertex -65.5244 -56.6732 39
      vertex -67.2976 -55.9388 38
      vertex -65.5244 -56.6732 38
    endloop
  endfacet
  facet normal -0.923895 -0.382646 0
    outer loop
      vertex -77.9388 -45.2976 38
      vertex -78.6732 -43.5244 39
      vertex -78.6732 -43.5244 38
    endloop
  endfacet
  facet normal -0.923895 -0.382646 0
    outer loop
      vertex -78.6732 -43.5244 39
      vertex -77.9388 -45.2976 38
      vertex -77.9388 -45.2976 39
    endloop
  endfacet
  facet normal -0.793361 -0.608751 0
    outer loop
      vertex -74.853 -50.1413 38
      vertex -76.0213 -48.6187 39
      vertex -76.0213 -48.6187 38
    endloop
  endfacet
  facet normal -0.793361 -0.608751 0
    outer loop
      vertex -76.0213 -48.6187 39
      vertex -74.853 -50.1413 38
      vertex -74.853 -50.1413 39
    endloop
  endfacet
  facet normal -0.887014 0.461743 0
    outer loop
      vertex -77.9388 45.2976 38
      vertex -77.0526 47 39
      vertex -77.0526 47 38
    endloop
  endfacet
  facet normal -0.887014 0.461743 0
    outer loop
      vertex -77.0526 47 39
      vertex -77.9388 45.2976 38
      vertex -77.9388 45.2976 39
    endloop
  endfacet
  facet normal -0.843374 0.537327 0
    outer loop
      vertex -77.0526 47 38
      vertex -76.0213 48.6187 39
      vertex -76.0213 48.6187 38
    endloop
  endfacet
  facet normal -0.843374 0.537327 0
    outer loop
      vertex -76.0213 48.6187 39
      vertex -77.0526 47 38
      vertex -77.0526 47 39
    endloop
  endfacet
  facet normal -0.793361 0.608751 0
    outer loop
      vertex -76.0213 48.6187 38
      vertex -74.853 50.1413 39
      vertex -74.853 50.1413 38
    endloop
  endfacet
  facet normal -0.793361 0.608751 0
    outer loop
      vertex -74.853 50.1413 39
      vertex -76.0213 48.6187 38
      vertex -76.0213 48.6187 39
    endloop
  endfacet
  facet normal -0.484393 0.443858 0.753892
    outer loop
      vertex -73.5564 51.5564 39
      vertex -69.0282 48.3 43.8267
      vertex -68.7952 48.6657 43.7611
    endloop
  endfacet
  facet normal -0.484378 0.443877 0.75389
    outer loop
      vertex -73.5564 51.5564 39
      vertex -69.3504 47.6809 43.9842
      vertex -69.0282 48.3 43.8267
    endloop
  endfacet
  facet normal -0.484408 0.443844 0.75389
    outer loop
      vertex -74.853 50.1413 39
      vertex -69.3504 47.6809 43.9842
      vertex -73.5564 51.5564 39
    endloop
  endfacet
  facet normal -0.484406 0.443849 0.75389
    outer loop
      vertex -69.3504 47.6809 43.9842
      vertex -74.853 50.1413 39
      vertex -69.6175 47.0361 44.1922
    endloop
  endfacet
  facet normal -0.483972 0.444451 0.753813
    outer loop
      vertex -69.6175 47.0361 44.1922
      vertex -74.853 50.1413 39
      vertex -69.637 46.9745 44.216
    endloop
  endfacet
  facet normal -0.737303 0.675562 0
    outer loop
      vertex -74.853 50.1413 38
      vertex -73.5564 51.5564 39
      vertex -73.5564 51.5564 38
    endloop
  endfacet
  facet normal -0.737303 0.675562 0
    outer loop
      vertex -73.5564 51.5564 39
      vertex -74.853 50.1413 38
      vertex -74.853 50.1413 39
    endloop
  endfacet
  facet normal -0.461743 0.887014 0
    outer loop
      vertex -67.2976 55.9388 38
      vertex -69 55.0526 39
      vertex -67.2976 55.9388 39
    endloop
  endfacet
  facet normal -0.461743 0.887014 0
    outer loop
      vertex -69 55.0526 39
      vertex -67.2976 55.9388 38
      vertex -69 55.0526 38
    endloop
  endfacet
  facet normal -0.225792 0.716042 0.660532
    outer loop
      vertex -63.694 57.2504 39
      vertex -62 54.5334 42.5244
      vertex -62 56.2219 40.694
    endloop
  endfacet
  facet normal -0.225797 0.71604 0.660532
    outer loop
      vertex -62 54.5334 42.5244
      vertex -63.694 57.2504 39
      vertex -65.5244 56.6732 39
    endloop
  endfacet
  facet normal -0.225769 0.716084 0.660493
    outer loop
      vertex -56.6934 53 46.0006
      vertex -58.3215 52.3 46.203
      vertex -55.5405 52.3 47.1536
    endloop
  endfacet
  facet normal -0.225769 0.716084 0.660493
    outer loop
      vertex -58.3215 52.3 46.203
      vertex -56.6934 53 46.0006
      vertex -59.4744 53 45.05
    endloop
  endfacet
  facet normal -0.675562 -0.737303 0
    outer loop
      vertex -73.5564 -51.5564 38
      vertex -72.1413 -52.853 39
      vertex -73.5564 -51.5564 39
    endloop
  endfacet
  facet normal -0.675562 -0.737303 -0
    outer loop
      vertex -72.1413 -52.853 39
      vertex -73.5564 -51.5564 38
      vertex -72.1413 -52.853 38
    endloop
  endfacet
  facet normal -0.411419 -0.536252 0.737
    outer loop
      vertex -66.1 -51.2282 43.5548
      vertex -70.6187 -54.0213 39
      vertex -66.056 -51.2511 43.5627
    endloop
  endfacet
  facet normal -0.411477 -0.536186 0.737016
    outer loop
      vertex -66.6886 -50.8532 43.499
      vertex -70.6187 -54.0213 39
      vertex -66.1 -51.2282 43.5548
    endloop
  endfacet
  facet normal -0.411467 -0.536195 0.737014
    outer loop
      vertex -67.2423 -50.4283 43.499
      vertex -70.6187 -54.0213 39
      vertex -66.6886 -50.8532 43.499
    endloop
  endfacet
  facet normal -0.411276 -0.536359 0.737002
    outer loop
      vertex -67.6032 -50.0977 43.5382
      vertex -70.6187 -54.0213 39
      vertex -67.2423 -50.4283 43.499
    endloop
  endfacet
  facet normal -0.411449 -0.536226 0.737002
    outer loop
      vertex -70.6187 -54.0213 39
      vertex -67.6032 -50.0977 43.5382
      vertex -72.1413 -52.853 39
    endloop
  endfacet
  facet normal -0.449327 -0.490146 0.746902
    outer loop
      vertex -67.7569 -49.9568 43.5382
      vertex -72.1413 -52.853 39
      vertex -67.6032 -50.0977 43.5382
    endloop
  endfacet
  facet normal -0.449291 -0.49019 0.746895
    outer loop
      vertex -68.2283 -49.4423 43.5923
      vertex -72.1413 -52.853 39
      vertex -67.7569 -49.9568 43.5382
    endloop
  endfacet
  facet normal -0.449216 -0.490268 0.746889
    outer loop
      vertex -68.6532 -48.8886 43.7002
      vertex -72.1413 -52.853 39
      vertex -68.2283 -49.4423 43.5923
    endloop
  endfacet
  facet normal -0.449235 -0.490251 0.746889
    outer loop
      vertex -68.7952 -48.6657 43.7611
      vertex -72.1413 -52.853 39
      vertex -68.6532 -48.8886 43.7002
    endloop
  endfacet
  facet normal -0.449214 -0.490269 0.746889
    outer loop
      vertex -72.1413 -52.853 39
      vertex -68.7952 -48.6657 43.7611
      vertex -73.5564 -51.5564 39
    endloop
  endfacet
  facet normal -0.461743 -0.887014 0
    outer loop
      vertex -69 -55.0526 38
      vertex -67.2976 -55.9388 39
      vertex -69 -55.0526 39
    endloop
  endfacet
  facet normal -0.461743 -0.887014 -0
    outer loop
      vertex -67.2976 -55.9388 39
      vertex -69 -55.0526 38
      vertex -67.2976 -55.9388 38
    endloop
  endfacet
  facet normal -0.843374 -0.537327 0
    outer loop
      vertex -76.0213 -48.6187 38
      vertex -77.0526 -47 39
      vertex -77.0526 -47 38
    endloop
  endfacet
  facet normal -0.843374 -0.537327 0
    outer loop
      vertex -77.0526 -47 39
      vertex -76.0213 -48.6187 38
      vertex -76.0213 -48.6187 39
    endloop
  endfacet
  facet normal -0.936525 -0.0819521 -0.340889
    outer loop
      vertex -58.1225 -35.0192 87.3413
      vertex -58.3867 -32 87.3413
      vertex -57.3135 -32 84.3929
    endloop
  endfacet
  facet normal 0.981176 -0.0858594 0.172981
    outer loop
      vertex 58.3867 -32 102.659
      vertex 58.1225 -35.0192 102.659
      vertex 58.9315 -32 99.5688
    endloop
  endfacet
  facet normal -0.527725 0.3695 -0.764837
    outer loop
      vertex -49.9412 29.1622 77.2553
      vertex -52.0227 30.364 79.2721
      vertex -50.7502 32.1814 79.2721
    endloop
  endfacet
  facet normal 0.863551 0.0755489 -0.49857
    outer loop
      vertex 55.7447 24 81.6756
      vertex 55.5207 26.5604 81.6756
      vertex 57.0657 26.8328 84.3929
    endloop
  endfacet
  facet normal 0.936536 0.0819238 -0.340864
    outer loop
      vertex 57.3135 24 84.3929
      vertex 57.0657 26.8328 84.3929
      vertex 58.1225 27.0192 87.3413
    endloop
  endfacet
  facet normal -0.951359 -0.254918 -0.173011
    outer loop
      vertex -57.8501 -38.1329 90.4312
      vertex -58.1225 -35.0192 87.3413
      vertex -57.3381 -37.9466 87.3413
    endloop
  endfacet
  facet normal -0.981176 0.0858594 0.172981
    outer loop
      vertex -58.1225 27.0192 102.659
      vertex -58.9315 24 99.5688
      vertex -58.3867 24 102.659
    endloop
  endfacet
  facet normal -0.499583 -0.0436804 0.865164
    outer loop
      vertex -48.6071 -32 114.314
      vertex -51.1675 -33.7928 112.745
      vertex -48.4916 -33.321 114.314
    endloop
  endfacet
  facet normal -0.410783 -0.287646 0.865169
    outer loop
      vertex -47.588 -35.8036 114.314
      vertex -49.9412 -37.1622 112.745
      vertex -46.8274 -36.8898 114.314
    endloop
  endfacet
  facet normal -0.981171 -0.0858343 -0.173021
    outer loop
      vertex -58.6591 -35.1138 90.4312
      vertex -58.9315 -32 90.4312
      vertex -58.1225 -35.0192 87.3413
    endloop
  endfacet
  facet normal 0 0.86603 -0.499992
    outer loop
      vertex 41 38.7447 81.6756
      vertex -41 40.3135 84.3929
      vertex 41 40.3135 84.3929
    endloop
  endfacet
  facet normal 0 0.86603 -0.499992
    outer loop
      vertex -41 40.3135 84.3929
      vertex 41 38.7447 81.6756
      vertex -41 38.7447 81.6756
    endloop
  endfacet
  facet normal -0.612956 -0.612956 -0.498567
    outer loop
      vertex -50.4777 -43.2951 81.6756
      vertex -53.4969 -42.4861 84.3929
      vertex -52.2951 -41.4777 81.6756
    endloop
  endfacet
  facet normal -0.612956 -0.612956 -0.498567
    outer loop
      vertex -53.4969 -42.4861 84.3929
      vertex -50.4777 -43.2951 81.6756
      vertex -51.4861 -44.4969 84.3929
    endloop
  endfacet
  facet normal 0.741099 -0.198574 -0.641359
    outer loop
      vertex 54.8555 -37.043 81.6756
      vertex 52.9603 -36.3532 79.2721
      vertex 55.5207 -34.5604 81.6756
    endloop
  endfacet
  facet normal 0.0858594 0.981176 0.172981
    outer loop
      vertex 41 41.9315 99.5688
      vertex 41 41.3867 102.659
      vertex 44.0192 41.1225 102.659
    endloop
  endfacet
  facet normal -0.243321 -0.908078 -0.340865
    outer loop
      vertex -44.0192 -49.1225 87.3413
      vertex -46.9466 -48.3381 87.3413
      vertex -46.5796 -47.3297 84.3929
    endloop
  endfacet
  facet normal 0.341834 0.0298879 0.939285
    outer loop
      vertex 48.4916 25.321 114.314
      vertex 45.588 24.809 115.387
      vertex 48.6071 24 114.314
    endloop
  endfacet
  facet normal 0.416245 -0.892644 0.172992
    outer loop
      vertex 49.6933 -47.0573 102.659
      vertex 46.9466 -48.3381 102.659
      vertex 47.1329 -48.8501 99.5688
    endloop
  endfacet
  facet normal 0.224354 -0.837313 -0.49857
    outer loop
      vertex 43.8328 -48.0657 84.3929
      vertex 43.5604 -46.5207 81.6756
      vertex 46.043 -45.8555 81.6756
    endloop
  endfacet
  facet normal -0.837313 -0.224354 -0.49857
    outer loop
      vertex -54.8555 -37.043 81.6756
      vertex -57.0657 -34.8328 84.3929
      vertex -55.5207 -34.5604 81.6756
    endloop
  endfacet
  facet normal 0.242634 0.242634 0.939286
    outer loop
      vertex 45.8898 29.8274 114.314
      vertex 44.5688 26.9946 115.387
      vertex 46.8274 28.8898 114.314
    endloop
  endfacet
  facet normal 0.242634 0.242634 0.939286
    outer loop
      vertex 44.5688 26.9946 115.387
      vertex 45.8898 29.8274 114.314
      vertex 43.9946 27.5688 115.387
    endloop
  endfacet
  facet normal -0.981173 -0.0858591 -0.172997
    outer loop
      vertex -58.1225 -35.0192 87.3413
      vertex -58.9315 -32 90.4312
      vertex -58.3867 -32 87.3413
    endloop
  endfacet
  facet normal 0 -0.1737 0.984799
    outer loop
      vertex -41 -33.5688 115.932
      vertex 41 -36.6587 115.387
      vertex 41 -33.5688 115.932
    endloop
  endfacet
  facet normal 0 -0.1737 0.984799
    outer loop
      vertex 41 -36.6587 115.387
      vertex -41 -33.5688 115.932
      vertex -41 -36.6587 115.387
    endloop
  endfacet
  facet normal -0.908064 -0.243314 0.340908
    outer loop
      vertex -57.0657 -34.8328 105.607
      vertex -58.1225 -35.0192 102.659
      vertex -56.3297 -37.5796 105.607
    endloop
  endfacet
  facet normal -0.906308 0.422617 0
    outer loop
      vertex -57.8501 30.1329 90.4312
      vertex -56.5291 32.9658 99.5688
      vertex -56.5291 32.9658 90.4312
    endloop
  endfacet
  facet normal -0.906308 0.422617 0
    outer loop
      vertex -56.5291 32.9658 99.5688
      vertex -57.8501 30.1329 90.4312
      vertex -57.8501 30.1329 99.5688
    endloop
  endfacet
  facet normal -0.664756 0.664756 -0.340878
    outer loop
      vertex -51.4861 36.4969 84.3929
      vertex -54.319 35.1759 87.3413
      vertex -52.1759 37.319 87.3413
    endloop
  endfacet
  facet normal -0.664756 0.664756 -0.340878
    outer loop
      vertex -54.319 35.1759 87.3413
      vertex -51.4861 36.4969 84.3929
      vertex -53.4969 34.4861 84.3929
    endloop
  endfacet
  facet normal -0.695422 -0.324276 0.641275
    outer loop
      vertex -52.0227 -38.364 110.728
      vertex -54.8555 -37.043 108.324
      vertex -53.7693 -39.3724 108.324
    endloop
  endfacet
  facet normal -0.695422 -0.324263 0.641281
    outer loop
      vertex -52.9603 -36.3532 110.728
      vertex -54.8555 -37.043 108.324
      vertex -52.0227 -38.364 110.728
    endloop
  endfacet
  facet normal 0.764404 -0.0668533 0.641262
    outer loop
      vertex 53.7279 -32 110.728
      vertex 53.5346 -34.2102 110.728
      vertex 55.5207 -34.5604 108.324
    endloop
  endfacet
  facet normal -0.17368 0.0151782 0.984685
    outer loop
      vertex -45.588 24.809 115.387
      vertex -45.6587 24 115.387
      vertex -42.545 24.2724 115.932
    endloop
  endfacet
  facet normal 0.819143 0.573589 0
    outer loop
      vertex 56.5291 32.9658 99.5688
      vertex 54.7363 35.5261 90.4312
      vertex 54.7363 35.5261 99.5688
    endloop
  endfacet
  facet normal 0.819143 0.573589 0
    outer loop
      vertex 54.7363 35.5261 90.4312
      vertex 56.5291 32.9658 99.5688
      vertex 56.5291 32.9658 90.4312
    endloop
  endfacet
  facet normal -0.766041 0 -0.642792
    outer loop
      vertex -53.7279 -32 79.2721
      vertex -55.7447 24 81.6756
      vertex -53.7279 24 79.2721
    endloop
  endfacet
  facet normal -0.766041 -0 -0.642792
    outer loop
      vertex -55.7447 24 81.6756
      vertex -53.7279 -32 79.2721
      vertex -55.7447 -32 81.6756
    endloop
  endfacet
  facet normal 0.542535 -0.542535 -0.641336
    outer loop
      vertex 50.4777 -43.2951 81.6756
      vertex 50.7502 -40.1814 79.2721
      vertex 52.2951 -41.4777 81.6756
    endloop
  endfacet
  facet normal 0.542535 -0.542535 -0.641336
    outer loop
      vertex 50.7502 -40.1814 79.2721
      vertex 50.4777 -43.2951 81.6756
      vertex 49.1814 -41.7502 79.2721
    endloop
  endfacet
  facet normal -0.0298928 0.341891 -0.939264
    outer loop
      vertex -41.809 28.588 74.6133
      vertex -42.321 31.4916 75.6865
      vertex -41 31.6071 75.6865
    endloop
  endfacet
  facet normal -0.770093 -0.539227 -0.340869
    outer loop
      vertex -53.4969 -42.4861 84.3929
      vertex -56.0573 -40.6933 87.3413
      vertex -55.1279 -40.1568 84.3929
    endloop
  endfacet
  facet normal -0.410744 -0.287619 -0.865197
    outer loop
      vertex -46.8274 -36.8898 75.6865
      vertex -49.9412 -37.1622 77.2553
      vertex -47.588 -35.8036 75.6865
    endloop
  endfacet
  facet normal -0.837313 0.224354 -0.49857
    outer loop
      vertex -55.5207 26.5604 81.6756
      vertex -57.0657 26.8328 84.3929
      vertex -54.8555 29.043 81.6756
    endloop
  endfacet
  facet normal 0.198574 0.741099 -0.641359
    outer loop
      vertex 45.3532 35.9603 79.2721
      vertex 43.5604 38.5207 81.6756
      vertex 46.043 37.8555 81.6756
    endloop
  endfacet
  facet normal 0.981176 0.0858594 0.172981
    outer loop
      vertex 58.9315 24 99.5688
      vertex 58.1225 27.0192 102.659
      vertex 58.3867 24 102.659
    endloop
  endfacet
  facet normal 0.866006 -0 0.500033
    outer loop
      vertex 55.7447 -32 108.324
      vertex 57.3135 24 105.607
      vertex 55.7447 24 108.324
    endloop
  endfacet
  facet normal 0.866006 0 0.500033
    outer loop
      vertex 57.3135 24 105.607
      vertex 55.7447 -32 108.324
      vertex 57.3135 -32 105.607
    endloop
  endfacet
  facet normal 0 1 -0
    outer loop
      vertex 41 41.9315 90.4312
      vertex -41 41.9315 99.5688
      vertex 41 41.9315 99.5688
    endloop
  endfacet
  facet normal 0 1 0
    outer loop
      vertex -41 41.9315 99.5688
      vertex 41 41.9315 90.4312
      vertex -41 41.9315 90.4312
    endloop
  endfacet
  facet normal -0.0858343 -0.981171 -0.173021
    outer loop
      vertex -41 -49.9315 90.4312
      vertex -44.1138 -49.6591 90.4312
      vertex -44.0192 -49.1225 87.3413
    endloop
  endfacet
  facet normal 0.198574 -0.741099 -0.641359
    outer loop
      vertex 46.043 -45.8555 81.6756
      vertex 43.5604 -46.5207 81.6756
      vertex 45.3532 -43.9603 79.2721
    endloop
  endfacet
  facet normal -0.422617 -0.906308 0
    outer loop
      vertex -49.9658 -47.5291 90.4312
      vertex -47.1329 -48.8501 99.5688
      vertex -49.9658 -47.5291 99.5688
    endloop
  endfacet
  facet normal -0.422617 -0.906308 -0
    outer loop
      vertex -47.1329 -48.8501 99.5688
      vertex -49.9658 -47.5291 90.4312
      vertex -47.1329 -48.8501 90.4312
    endloop
  endfacet
  facet normal 0.497207 -0.710059 0.4986
    outer loop
      vertex 50.4777 -43.2951 108.324
      vertex 48.3724 -44.7693 108.324
      vertex 49.1568 -46.1279 105.607
    endloop
  endfacet
  facet normal 0.341984 0 0.939706
    outer loop
      vertex 45.6587 24 115.387
      vertex 48.6071 -32 114.314
      vertex 48.6071 24 114.314
    endloop
  endfacet
  facet normal 0.341984 0 0.939706
    outer loop
      vertex 48.6071 -32 114.314
      vertex 45.6587 24 115.387
      vertex 45.6587 -32 115.387
    endloop
  endfacet
  facet normal 0.863527 0.0755468 0.498612
    outer loop
      vertex 57.0657 26.8328 105.607
      vertex 55.5207 26.5604 108.324
      vertex 55.7447 24 108.324
    endloop
  endfacet
  facet normal -0.0436804 -0.499583 0.865164
    outer loop
      vertex -42.321 -39.4916 114.314
      vertex -42.7928 -42.1675 112.745
      vertex -41 -39.6071 114.314
    endloop
  endfacet
  facet normal -0.145014 -0.310987 0.939286
    outer loop
      vertex -42.5934 -36.3778 115.387
      vertex -44.8036 -38.588 114.314
      vertex -43.6018 -39.1484 114.314
    endloop
  endfacet
  facet normal -0.583906 -0.272265 0.764804
    outer loop
      vertex -49.9412 -37.1622 112.745
      vertex -52.9603 -36.3532 110.728
      vertex -52.0227 -38.364 110.728
    endloop
  endfacet
  facet normal -0.331441 0.088818 0.939286
    outer loop
      vertex -45.3778 25.5934 115.387
      vertex -48.1484 26.6018 114.314
      vertex -45.588 24.809 115.387
    endloop
  endfacet
  facet normal -0.50004 0 0.866002
    outer loop
      vertex -51.3244 24 112.745
      vertex -48.6071 -32 114.314
      vertex -48.6071 24 114.314
    endloop
  endfacet
  facet normal -0.50004 0 0.866002
    outer loop
      vertex -48.6071 -32 114.314
      vertex -51.3244 24 112.745
      vertex -51.3244 -32 112.745
    endloop
  endfacet
  facet normal -0.422617 0.906308 0
    outer loop
      vertex -47.1329 40.8501 90.4312
      vertex -49.9658 39.5291 99.5688
      vertex -47.1329 40.8501 99.5688
    endloop
  endfacet
  facet normal -0.422617 0.906308 0
    outer loop
      vertex -49.9658 39.5291 99.5688
      vertex -47.1329 40.8501 90.4312
      vertex -49.9658 39.5291 90.4312
    endloop
  endfacet
  facet normal -0.863551 -0.0755489 -0.49857
    outer loop
      vertex -55.5207 -34.5604 81.6756
      vertex -57.0657 -34.8328 84.3929
      vertex -55.7447 -32 81.6756
    endloop
  endfacet
  facet normal -0.695422 0.324263 0.641281
    outer loop
      vertex -52.0227 30.364 110.728
      vertex -54.8555 29.043 108.324
      vertex -52.9603 28.3532 110.728
    endloop
  endfacet
  facet normal -0.499562 0.04372 0.865174
    outer loop
      vertex -51.1675 25.7928 112.745
      vertex -51.3244 24 112.745
      vertex -48.6071 24 114.314
    endloop
  endfacet
  facet normal -0.0858591 0.981173 -0.172997
    outer loop
      vertex -41 41.3867 87.3413
      vertex -44.0192 41.1225 87.3413
      vertex -41 41.9315 90.4312
    endloop
  endfacet
  facet normal 0.93651 0.0819508 0.34093
    outer loop
      vertex 58.1225 27.0192 102.659
      vertex 57.3135 24 105.607
      vertex 58.3867 24 102.659
    endloop
  endfacet
  facet normal 0.892644 0.416245 0.172992
    outer loop
      vertex 57.8501 30.1329 99.5688
      vertex 56.0573 32.6933 102.659
      vertex 57.3381 29.9466 102.659
    endloop
  endfacet
  facet normal -0.936536 -0.0819238 -0.340864
    outer loop
      vertex -57.0657 -34.8328 84.3929
      vertex -58.1225 -35.0192 87.3413
      vertex -57.3135 -32 84.3929
    endloop
  endfacet
  facet normal -0.628484 -0.440085 -0.641353
    outer loop
      vertex -52.2951 -41.4777 81.6756
      vertex -53.7693 -39.3724 81.6756
      vertex -52.0227 -38.364 79.2721
    endloop
  endfacet
  facet normal 0.852016 -0.397299 0.340914
    outer loop
      vertex 57.3381 -37.9466 102.659
      vertex 55.1279 -40.1568 105.607
      vertex 56.0573 -40.6933 102.659
    endloop
  endfacet
  facet normal -0.440085 -0.628484 -0.641353
    outer loop
      vertex -48.3724 -44.7693 81.6756
      vertex -50.4777 -43.2951 81.6756
      vertex -47.364 -43.0227 79.2721
    endloop
  endfacet
  facet normal 0.852029 0.397306 -0.340873
    outer loop
      vertex 57.3381 29.9466 87.3413
      vertex 55.1279 32.1568 84.3929
      vertex 56.0573 32.6933 87.3413
    endloop
  endfacet
  facet normal 0.641777 0.0561663 -0.764831
    outer loop
      vertex 51.3244 24 77.2553
      vertex 51.1675 25.7928 77.2553
      vertex 53.7279 24 79.2721
    endloop
  endfacet
  facet normal -0.564941 0.806793 0.172996
    outer loop
      vertex -49.9658 39.5291 99.5688
      vertex -52.5261 37.7363 99.5688
      vertex -49.6933 39.0573 102.659
    endloop
  endfacet
  facet normal -0.939685 0 -0.34204
    outer loop
      vertex -57.3135 -32 84.3929
      vertex -58.3867 24 87.3413
      vertex -57.3135 24 84.3929
    endloop
  endfacet
  facet normal -0.939685 -0 -0.34204
    outer loop
      vertex -58.3867 24 87.3413
      vertex -57.3135 -32 84.3929
      vertex -58.3867 -32 87.3413
    endloop
  endfacet
  facet normal -0.272246 0.583906 0.764811
    outer loop
      vertex -45.3532 35.9603 110.728
      vertex -46.1622 32.9412 112.745
      vertex -44.5311 33.7017 112.745
    endloop
  endfacet
  facet normal -0.17368 -0.0151747 0.984685
    outer loop
      vertex -42.5688 -32 115.932
      vertex -45.6587 -32 115.387
      vertex -42.545 -32.2724 115.932
    endloop
  endfacet
  facet normal -0 0.50004 0.866002
    outer loop
      vertex -41 34.3244 112.745
      vertex 41 31.6071 114.314
      vertex 41 34.3244 112.745
    endloop
  endfacet
  facet normal 0 0.50004 0.866002
    outer loop
      vertex 41 31.6071 114.314
      vertex -41 34.3244 112.745
      vertex -41 31.6071 114.314
    endloop
  endfacet
  facet normal -0.0858343 0.981171 -0.173021
    outer loop
      vertex -44.0192 41.1225 87.3413
      vertex -44.1138 41.6591 90.4312
      vertex -41 41.9315 90.4312
    endloop
  endfacet
  facet normal -0.324235 -0.695363 -0.64136
    outer loop
      vertex -46.043 -45.8555 81.6756
      vertex -47.364 -43.0227 79.2721
      vertex -45.3532 -43.9603 79.2721
    endloop
  endfacet
  facet normal -0.440123 -0.628538 0.641274
    outer loop
      vertex -47.364 -43.0227 110.728
      vertex -50.4777 -43.2951 108.324
      vertex -48.3724 -44.7693 108.324
    endloop
  endfacet
  facet normal 0.0755398 -0.863556 -0.498563
    outer loop
      vertex 43.8328 -48.0657 84.3929
      vertex 41 -48.3135 84.3929
      vertex 41 -46.7447 81.6756
    endloop
  endfacet
  facet normal 0.852028 -0.397318 -0.340863
    outer loop
      vertex 57.3381 -37.9466 87.3413
      vertex 55.1279 -40.1568 84.3929
      vertex 56.3297 -37.5796 84.3929
    endloop
  endfacet
  facet normal -0.892642 -0.416243 -0.173008
    outer loop
      vertex -56.0573 -40.6933 87.3413
      vertex -57.8501 -38.1329 90.4312
      vertex -57.3381 -37.9466 87.3413
    endloop
  endfacet
  facet normal -0.410782 -0.287648 0.865168
    outer loop
      vertex -46.8274 -36.8898 114.314
      vertex -49.9412 -37.1622 112.745
      vertex -48.9089 -38.6364 112.745
    endloop
  endfacet
  facet normal -0.310987 -0.145014 0.939286
    outer loop
      vertex -45.3778 -33.5934 115.387
      vertex -48.1484 -34.6018 114.314
      vertex -47.588 -35.8036 114.314
    endloop
  endfacet
  facet normal -0.936522 0.0819225 0.340904
    outer loop
      vertex -57.0657 26.8328 105.607
      vertex -58.1225 27.0192 102.659
      vertex -57.3135 24 105.607
    endloop
  endfacet
  facet normal -0.397306 -0.852029 -0.340873
    outer loop
      vertex -46.9466 -48.3381 87.3413
      vertex -49.6933 -47.0573 87.3413
      vertex -49.1568 -46.1279 84.3929
    endloop
  endfacet
  facet normal 0.996195 -0.0871487 0
    outer loop
      vertex 58.6591 -35.1138 99.5688
      vertex 58.9315 -32 90.4312
      vertex 58.9315 -32 99.5688
    endloop
  endfacet
  facet normal 0.996195 -0.0871487 0
    outer loop
      vertex 58.9315 -32 90.4312
      vertex 58.6591 -35.1138 99.5688
      vertex 58.6591 -35.1138 90.4312
    endloop
  endfacet
  facet normal 0.806793 -0.564941 0.172996
    outer loop
      vertex 56.0573 -40.6933 102.659
      vertex 54.7363 -43.5261 99.5688
      vertex 56.5291 -40.9658 99.5688
    endloop
  endfacet
  facet normal 0.936522 0.0819225 0.340904
    outer loop
      vertex 58.1225 27.0192 102.659
      vertex 57.0657 26.8328 105.607
      vertex 57.3135 24 105.607
    endloop
  endfacet
  facet normal 0.583906 0.272265 0.764804
    outer loop
      vertex 52.0227 30.364 110.728
      vertex 49.9412 29.1622 112.745
      vertex 52.9603 28.3532 110.728
    endloop
  endfacet
  facet normal -0.0451268 -0.168399 0.984685
    outer loop
      vertex -41.5366 -33.4742 115.932
      vertex -42.5934 -36.3778 115.387
      vertex -41.809 -36.588 115.387
    endloop
  endfacet
  facet normal -0.951355 -0.254926 -0.17302
    outer loop
      vertex -57.8501 -38.1329 90.4312
      vertex -58.6591 -35.1138 90.4312
      vertex -58.1225 -35.0192 87.3413
    endloop
  endfacet
  facet normal -0.981174 -0.0858346 0.173004
    outer loop
      vertex -58.1225 -35.0192 102.659
      vertex -58.9315 -32 99.5688
      vertex -58.6591 -35.1138 99.5688
    endloop
  endfacet
  facet normal -0.908064 -0.243317 0.340905
    outer loop
      vertex -56.3297 -37.5796 105.607
      vertex -58.1225 -35.0192 102.659
      vertex -57.3381 -37.9466 102.659
    endloop
  endfacet
  facet normal -0.785619 -0.366334 0.4986
    outer loop
      vertex -54.8555 -37.043 108.324
      vertex -55.1279 -40.1568 105.607
      vertex -53.7693 -39.3724 108.324
    endloop
  endfacet
  facet normal -0.499562 -0.04372 0.865174
    outer loop
      vertex -48.6071 -32 114.314
      vertex -51.3244 -32 112.745
      vertex -51.1675 -33.7928 112.745
    endloop
  endfacet
  facet normal -0.764326 -0.0668681 -0.641353
    outer loop
      vertex -55.5207 -34.5604 81.6756
      vertex -55.7447 -32 81.6756
      vertex -53.7279 -32 79.2721
    endloop
  endfacet
  facet normal -0.0668681 -0.764326 -0.641353
    outer loop
      vertex -41 -46.7447 81.6756
      vertex -43.5604 -46.5207 81.6756
      vertex -41 -44.7279 79.2721
    endloop
  endfacet
  facet normal -0.142808 -0.0999999 0.984686
    outer loop
      vertex -42.3586 -32.7844 115.932
      vertex -45.0346 -34.3294 115.387
      vertex -44.5688 -34.9946 115.387
    endloop
  endfacet
  facet normal -0.0298732 -0.341831 0.939287
    outer loop
      vertex -41 -36.6587 115.387
      vertex -41.809 -36.588 115.387
      vertex -41 -39.6071 114.314
    endloop
  endfacet
  facet normal -0.641815 -0.0561695 0.7648
    outer loop
      vertex -51.3244 -32 112.745
      vertex -53.7279 -32 110.728
      vertex -51.1675 -33.7928 112.745
    endloop
  endfacet
  facet normal -0.341831 0.0298732 0.939287
    outer loop
      vertex -45.588 24.809 115.387
      vertex -48.6071 24 114.314
      vertex -45.6587 24 115.387
    endloop
  endfacet
  facet normal -0.64283 0 0.766009
    outer loop
      vertex -53.7279 24 110.728
      vertex -51.3244 -32 112.745
      vertex -51.3244 24 112.745
    endloop
  endfacet
  facet normal -0.64283 0 0.766009
    outer loop
      vertex -51.3244 -32 112.745
      vertex -53.7279 24 110.728
      vertex -53.7279 -32 110.728
    endloop
  endfacet
  facet normal -0.410782 0.287648 0.865168
    outer loop
      vertex -48.9089 30.6364 112.745
      vertex -49.9412 29.1622 112.745
      vertex -46.8274 28.8898 114.314
    endloop
  endfacet
  facet normal 0.0819238 0.936536 -0.340864
    outer loop
      vertex 43.8328 40.0657 84.3929
      vertex 41 40.3135 84.3929
      vertex 44.0192 41.1225 87.3413
    endloop
  endfacet
  facet normal 0.892642 0.416243 -0.173008
    outer loop
      vertex 57.3381 29.9466 87.3413
      vertex 56.0573 32.6933 87.3413
      vertex 57.8501 30.1329 90.4312
    endloop
  endfacet
  facet normal 0.564921 0.806808 -0.172988
    outer loop
      vertex 52.1759 37.319 87.3413
      vertex 49.6933 39.0573 87.3413
      vertex 52.5261 37.7363 90.4312
    endloop
  endfacet
  facet normal 0.573589 0.819143 -0
    outer loop
      vertex 52.5261 37.7363 90.4312
      vertex 49.9658 39.5291 99.5688
      vertex 52.5261 37.7363 99.5688
    endloop
  endfacet
  facet normal 0.573589 0.819143 0
    outer loop
      vertex 49.9658 39.5291 99.5688
      vertex 52.5261 37.7363 90.4312
      vertex 49.9658 39.5291 90.4312
    endloop
  endfacet
  facet normal 0.564939 0.80679 -0.173012
    outer loop
      vertex 52.5261 37.7363 90.4312
      vertex 49.6933 39.0573 87.3413
      vertex 49.9658 39.5291 90.4312
    endloop
  endfacet
  facet normal 0.906308 0.422617 0
    outer loop
      vertex 57.8501 30.1329 99.5688
      vertex 56.5291 32.9658 90.4312
      vertex 56.5291 32.9658 99.5688
    endloop
  endfacet
  facet normal 0.906308 0.422617 0
    outer loop
      vertex 56.5291 32.9658 90.4312
      vertex 57.8501 30.1329 99.5688
      vertex 57.8501 30.1329 90.4312
    endloop
  endfacet
  facet normal -0.622266 -0.166744 -0.764841
    outer loop
      vertex -50.7017 -35.5311 77.2553
      vertex -52.9603 -36.3532 79.2721
      vertex -51.1675 -33.7928 77.2553
    endloop
  endfacet
  facet normal -0.0561663 0.641777 -0.764831
    outer loop
      vertex -41 34.3244 77.2553
      vertex -42.7928 34.1675 77.2553
      vertex -41 36.7279 79.2721
    endloop
  endfacet
  facet normal -0.0819508 -0.93651 0.34093
    outer loop
      vertex -41 -48.3135 105.607
      vertex -44.0192 -49.1225 102.659
      vertex -41 -49.3867 102.659
    endloop
  endfacet
  facet normal 0.981173 -0.0858591 -0.172997
    outer loop
      vertex 58.9315 -32 90.4312
      vertex 58.1225 -35.0192 87.3413
      vertex 58.3867 -32 87.3413
    endloop
  endfacet
  facet normal 0.965923 -0.258829 0
    outer loop
      vertex 57.8501 -38.1329 99.5688
      vertex 58.6591 -35.1138 90.4312
      vertex 58.6591 -35.1138 99.5688
    endloop
  endfacet
  facet normal 0.965923 -0.258829 0
    outer loop
      vertex 58.6591 -35.1138 90.4312
      vertex 57.8501 -38.1329 99.5688
      vertex 57.8501 -38.1329 90.4312
    endloop
  endfacet
  facet normal 0.863556 -0.0755398 -0.498563
    outer loop
      vertex 57.0657 -34.8328 84.3929
      vertex 55.7447 -32 81.6756
      vertex 57.3135 -32 84.3929
    endloop
  endfacet
  facet normal 0.710079 -0.49722 -0.498558
    outer loop
      vertex 55.1279 -40.1568 84.3929
      vertex 52.2951 -41.4777 81.6756
      vertex 53.7693 -39.3724 81.6756
    endloop
  endfacet
  facet normal 0.628512 -0.440069 -0.641336
    outer loop
      vertex 52.2951 -41.4777 81.6756
      vertex 50.7502 -40.1814 79.2721
      vertex 52.0227 -38.364 79.2721
    endloop
  endfacet
  facet normal 0 -0.766041 -0.642792
    outer loop
      vertex -41 -44.7279 79.2721
      vertex 41 -46.7447 81.6756
      vertex -41 -46.7447 81.6756
    endloop
  endfacet
  facet normal 0 -0.766041 -0.642792
    outer loop
      vertex 41 -46.7447 81.6756
      vertex -41 -44.7279 79.2721
      vertex 41 -44.7279 79.2721
    endloop
  endfacet
  facet normal 0.741099 0.198574 -0.641359
    outer loop
      vertex 55.5207 26.5604 81.6756
      vertex 52.9603 28.3532 79.2721
      vertex 54.8555 29.043 81.6756
    endloop
  endfacet
  facet normal 0.642792 0 -0.766041
    outer loop
      vertex 51.3244 -32 77.2553
      vertex 53.7279 24 79.2721
      vertex 53.7279 -32 79.2721
    endloop
  endfacet
  facet normal 0.642792 0 -0.766041
    outer loop
      vertex 53.7279 24 79.2721
      vertex 51.3244 -32 77.2553
      vertex 51.3244 24 77.2553
    endloop
  endfacet
  facet normal -1 0 0
    outer loop
      vertex -58.9315 -32 90.4312
      vertex -58.9315 24 99.5688
      vertex -58.9315 24 90.4312
    endloop
  endfacet
  facet normal -1 -0 0
    outer loop
      vertex -58.9315 24 99.5688
      vertex -58.9315 -32 90.4312
      vertex -58.9315 -32 99.5688
    endloop
  endfacet
  facet normal 0.0736802 0.157941 -0.984696
    outer loop
      vertex 41.7844 25.3586 74.0685
      vertex 41.5366 25.4742 74.0685
      vertex 42.5934 28.3778 74.6133
    endloop
  endfacet
  facet normal 0.254918 0.951359 -0.173011
    outer loop
      vertex 46.9466 40.3381 87.3413
      vertex 44.0192 41.1225 87.3413
      vertex 47.1329 40.8501 90.4312
    endloop
  endfacet
  facet normal 0.785641 0.366345 -0.498558
    outer loop
      vertex 54.8555 29.043 81.6756
      vertex 53.7693 31.3724 81.6756
      vertex 55.1279 32.1568 84.3929
    endloop
  endfacet
  facet normal -0.908064 0.243317 0.340905
    outer loop
      vertex -57.3381 29.9466 102.659
      vertex -58.1225 27.0192 102.659
      vertex -56.3297 29.5796 105.607
    endloop
  endfacet
  facet normal -0.83729 0.224348 0.498611
    outer loop
      vertex -54.8555 29.043 108.324
      vertex -57.0657 26.8328 105.607
      vertex -55.5207 26.5604 108.324
    endloop
  endfacet
  facet normal 0 0.766107 0.642714
    outer loop
      vertex 41 38.7447 108.324
      vertex -41 36.7279 110.728
      vertex 41 36.7279 110.728
    endloop
  endfacet
  facet normal 0 0.766107 0.642714
    outer loop
      vertex -41 36.7279 110.728
      vertex 41 38.7447 108.324
      vertex -41 38.7447 108.324
    endloop
  endfacet
  facet normal -0.198591 0.741162 0.64128
    outer loop
      vertex -43.5604 38.5207 108.324
      vertex -46.043 37.8555 108.324
      vertex -45.3532 35.9603 110.728
    endloop
  endfacet
  facet normal -0.0819521 0.936525 -0.340889
    outer loop
      vertex -41 40.3135 84.3929
      vertex -44.0192 41.1225 87.3413
      vertex -41 41.3867 87.3413
    endloop
  endfacet
  facet normal 0 0.499992 -0.86603
    outer loop
      vertex -41 31.6071 75.6865
      vertex 41 34.3244 77.2553
      vertex 41 31.6071 75.6865
    endloop
  endfacet
  facet normal 0 0.499992 -0.86603
    outer loop
      vertex 41 34.3244 77.2553
      vertex -41 31.6071 75.6865
      vertex -41 34.3244 77.2553
    endloop
  endfacet
  facet normal -0.243321 0.908078 -0.340865
    outer loop
      vertex -46.5796 39.3297 84.3929
      vertex -46.9466 40.3381 87.3413
      vertex -44.0192 41.1225 87.3413
    endloop
  endfacet
  facet normal -0.696446 0.696446 -0.17299
    outer loop
      vertex -52.1759 37.319 87.3413
      vertex -54.7363 35.5261 90.4312
      vertex -52.5261 37.7363 90.4312
    endloop
  endfacet
  facet normal -0.696446 0.696446 -0.17299
    outer loop
      vertex -54.7363 35.5261 90.4312
      vertex -52.1759 37.319 87.3413
      vertex -54.319 35.1759 87.3413
    endloop
  endfacet
  facet normal 0.0888129 0.331444 0.939285
    outer loop
      vertex 42.321 31.4916 114.314
      vertex 41.809 28.588 115.387
      vertex 43.6018 31.1484 114.314
    endloop
  endfacet
  facet normal 0.04372 0.499562 0.865174
    outer loop
      vertex 41 34.3244 112.745
      vertex 41 31.6071 114.314
      vertex 42.7928 34.1675 112.745
    endloop
  endfacet
  facet normal -0.628566 0.440107 0.641257
    outer loop
      vertex -50.7502 32.1814 110.728
      vertex -52.2951 33.4777 108.324
      vertex -52.0227 30.364 110.728
    endloop
  endfacet
  facet normal -0.242634 0.242634 0.939286
    outer loop
      vertex -45.8898 29.8274 114.314
      vertex -44.5688 26.9946 115.387
      vertex -43.9946 27.5688 115.387
    endloop
  endfacet
  facet normal -0.242634 0.242634 0.939286
    outer loop
      vertex -44.5688 26.9946 115.387
      vertex -45.8898 29.8274 114.314
      vertex -46.8274 28.8898 114.314
    endloop
  endfacet
  facet normal 0.785608 0.366345 0.49861
    outer loop
      vertex 55.1279 32.1568 105.607
      vertex 54.8555 29.043 108.324
      vertex 56.3297 29.5796 105.607
    endloop
  endfacet
  facet normal 0.258829 0.965923 -0
    outer loop
      vertex 47.1329 40.8501 90.4312
      vertex 44.1138 41.6591 99.5688
      vertex 47.1329 40.8501 99.5688
    endloop
  endfacet
  facet normal 0.258829 0.965923 0
    outer loop
      vertex 44.1138 41.6591 99.5688
      vertex 47.1329 40.8501 90.4312
      vertex 44.1138 41.6591 90.4312
    endloop
  endfacet
  facet normal 0.254927 0.951358 0.173003
    outer loop
      vertex 44.1138 41.6591 99.5688
      vertex 44.0192 41.1225 102.659
      vertex 47.1329 40.8501 99.5688
    endloop
  endfacet
  facet normal 0 0.939671 0.342081
    outer loop
      vertex 41 41.3867 102.659
      vertex -41 40.3135 105.607
      vertex 41 40.3135 105.607
    endloop
  endfacet
  facet normal 0 0.939671 0.342081
    outer loop
      vertex -41 40.3135 105.607
      vertex 41 41.3867 102.659
      vertex -41 41.3867 102.659
    endloop
  endfacet
  facet normal -0.0819225 0.936522 0.340904
    outer loop
      vertex -41 40.3135 105.607
      vertex -44.0192 41.1225 102.659
      vertex -43.8328 40.0657 105.607
    endloop
  endfacet
  facet normal -0.416245 0.892644 0.172992
    outer loop
      vertex -47.1329 40.8501 99.5688
      vertex -49.6933 39.0573 102.659
      vertex -46.9466 40.3381 102.659
    endloop
  endfacet
  facet normal -0.0871487 0.996195 0
    outer loop
      vertex -41 41.9315 90.4312
      vertex -44.1138 41.6591 99.5688
      vertex -41 41.9315 99.5688
    endloop
  endfacet
  facet normal -0.0871487 0.996195 0
    outer loop
      vertex -44.1138 41.6591 99.5688
      vertex -41 41.9315 90.4312
      vertex -44.1138 41.6591 90.4312
    endloop
  endfacet
  facet normal 0 0.984812 0.173622
    outer loop
      vertex 41 41.9315 99.5688
      vertex -41 41.3867 102.659
      vertex 41 41.3867 102.659
    endloop
  endfacet
  facet normal 0 0.984812 0.173622
    outer loop
      vertex -41 41.3867 102.659
      vertex 41 41.9315 99.5688
      vertex -41 41.9315 99.5688
    endloop
  endfacet
  facet normal 0 -0.34204 -0.939685
    outer loop
      vertex -41 -39.6071 75.6865
      vertex 41 -36.6587 74.6133
      vertex 41 -39.6071 75.6865
    endloop
  endfacet
  facet normal -0 -0.34204 -0.939685
    outer loop
      vertex 41 -36.6587 74.6133
      vertex -41 -39.6071 75.6865
      vertex -41 -36.6587 74.6133
    endloop
  endfacet
  facet normal -0.281122 -0.196853 -0.939265
    outer loop
      vertex -44.5688 -34.9946 74.6133
      vertex -47.588 -35.8036 75.6865
      vertex -45.0346 -34.3294 74.6133
    endloop
  endfacet
  facet normal 0.0819238 -0.936536 -0.340864
    outer loop
      vertex 44.0192 -49.1225 87.3413
      vertex 41 -48.3135 84.3929
      vertex 43.8328 -48.0657 84.3929
    endloop
  endfacet
  facet normal -0.564921 -0.806808 -0.172988
    outer loop
      vertex -49.6933 -47.0573 87.3413
      vertex -52.5261 -45.7363 90.4312
      vertex -52.1759 -45.319 87.3413
    endloop
  endfacet
  facet normal 0.440069 -0.628512 -0.641336
    outer loop
      vertex 50.4777 -43.2951 81.6756
      vertex 47.364 -43.0227 79.2721
      vertex 49.1814 -41.7502 79.2721
    endloop
  endfacet
  facet normal 0.416245 -0.892642 -0.173007
    outer loop
      vertex 49.9658 -47.5291 90.4312
      vertex 47.1329 -48.8501 90.4312
      vertex 49.6933 -47.0573 87.3413
    endloop
  endfacet
  facet normal -0.0871487 -0.996195 0
    outer loop
      vertex -44.1138 -49.6591 90.4312
      vertex -41 -49.9315 99.5688
      vertex -44.1138 -49.6591 99.5688
    endloop
  endfacet
  facet normal -0.0871487 -0.996195 -0
    outer loop
      vertex -41 -49.9315 99.5688
      vertex -44.1138 -49.6591 90.4312
      vertex -41 -49.9315 90.4312
    endloop
  endfacet
  facet normal 0 -1 0
    outer loop
      vertex -41 -49.9315 90.4312
      vertex 41 -49.9315 99.5688
      vertex -41 -49.9315 99.5688
    endloop
  endfacet
  facet normal 0 -1 -0
    outer loop
      vertex 41 -49.9315 99.5688
      vertex -41 -49.9315 90.4312
      vertex 41 -49.9315 90.4312
    endloop
  endfacet
  facet normal -0.497206 -0.710081 -0.498568
    outer loop
      vertex -49.1568 -46.1279 84.3929
      vertex -51.4861 -44.4969 84.3929
      vertex -50.4777 -43.2951 81.6756
    endloop
  endfacet
  facet normal -0.49722 -0.710079 -0.498558
    outer loop
      vertex -49.1568 -46.1279 84.3929
      vertex -50.4777 -43.2951 81.6756
      vertex -48.3724 -44.7693 81.6756
    endloop
  endfacet
  facet normal -0.852029 -0.397306 -0.340873
    outer loop
      vertex -56.0573 -40.6933 87.3413
      vertex -57.3381 -37.9466 87.3413
      vertex -55.1279 -40.1568 84.3929
    endloop
  endfacet
  facet normal -0.908078 -0.243321 -0.340865
    outer loop
      vertex -57.3381 -37.9466 87.3413
      vertex -58.1225 -35.0192 87.3413
      vertex -56.3297 -37.5796 84.3929
    endloop
  endfacet
  facet normal -0.542535 -0.542535 -0.641336
    outer loop
      vertex -50.4777 -43.2951 81.6756
      vertex -50.7502 -40.1814 79.2721
      vertex -49.1814 -41.7502 79.2721
    endloop
  endfacet
  facet normal -0.542535 -0.542535 -0.641336
    outer loop
      vertex -50.7502 -40.1814 79.2721
      vertex -50.4777 -43.2951 81.6756
      vertex -52.2951 -41.4777 81.6756
    endloop
  endfacet
  facet normal -0.785641 -0.366345 -0.498558
    outer loop
      vertex -53.7693 -39.3724 81.6756
      vertex -55.1279 -40.1568 84.3929
      vertex -54.8555 -37.043 81.6756
    endloop
  endfacet
  facet normal -0.852016 -0.397299 0.340914
    outer loop
      vertex -55.1279 -40.1568 105.607
      vertex -57.3381 -37.9466 102.659
      vertex -56.0573 -40.6933 102.659
    endloop
  endfacet
  facet normal -0.542581 -0.542581 0.641257
    outer loop
      vertex -50.7502 -40.1814 110.728
      vertex -50.4777 -43.2951 108.324
      vertex -49.1814 -41.7502 110.728
    endloop
  endfacet
  facet normal -0.542581 -0.542581 0.641257
    outer loop
      vertex -50.4777 -43.2951 108.324
      vertex -50.7502 -40.1814 110.728
      vertex -52.2951 -41.4777 108.324
    endloop
  endfacet
  facet normal -0.0561695 -0.641815 0.7648
    outer loop
      vertex -41 -42.3244 112.745
      vertex -42.7928 -42.1675 112.745
      vertex -41 -44.7279 110.728
    endloop
  endfacet
  facet normal -0.354601 -0.354601 0.865168
    outer loop
      vertex -46.8274 -36.8898 114.314
      vertex -47.6364 -39.9089 112.745
      vertex -45.8898 -37.8274 114.314
    endloop
  endfacet
  facet normal -0.354601 -0.354601 0.865168
    outer loop
      vertex -47.6364 -39.9089 112.745
      vertex -46.8274 -36.8898 114.314
      vertex -48.9089 -38.6364 112.745
    endloop
  endfacet
  facet normal -0.281076 -0.196821 0.939286
    outer loop
      vertex -44.5688 -34.9946 115.387
      vertex -47.588 -35.8036 114.314
      vertex -46.8274 -36.8898 114.314
    endloop
  endfacet
  facet normal -0.397311 -0.852014 0.340904
    outer loop
      vertex -46.5796 -47.3297 105.607
      vertex -49.1568 -46.1279 105.607
      vertex -46.9466 -48.3381 102.659
    endloop
  endfacet
  facet normal -0.416243 -0.892642 -0.173008
    outer loop
      vertex -47.1329 -48.8501 90.4312
      vertex -49.6933 -47.0573 87.3413
      vertex -46.9466 -48.3381 87.3413
    endloop
  endfacet
  facet normal -0.908078 -0.243318 -0.340867
    outer loop
      vertex -56.3297 -37.5796 84.3929
      vertex -58.1225 -35.0192 87.3413
      vertex -57.0657 -34.8328 84.3929
    endloop
  endfacet
  facet normal -0.837314 -0.224357 -0.498568
    outer loop
      vertex -56.3297 -37.5796 84.3929
      vertex -57.0657 -34.8328 84.3929
      vertex -54.8555 -37.043 81.6756
    endloop
  endfacet
  facet normal 0.981171 -0.0858343 -0.173021
    outer loop
      vertex 58.6591 -35.1138 90.4312
      vertex 58.1225 -35.0192 87.3413
      vertex 58.9315 -32 90.4312
    endloop
  endfacet
  facet normal 0.939671 -0 0.342081
    outer loop
      vertex 57.3135 -32 105.607
      vertex 58.3867 24 102.659
      vertex 57.3135 24 105.607
    endloop
  endfacet
  facet normal 0.939671 0 0.342081
    outer loop
      vertex 58.3867 24 102.659
      vertex 57.3135 -32 105.607
      vertex 58.3867 -32 102.659
    endloop
  endfacet
  facet normal 0.397299 -0.852016 0.340914
    outer loop
      vertex 49.1568 -46.1279 105.607
      vertex 46.9466 -48.3381 102.659
      vertex 49.6933 -47.0573 102.659
    endloop
  endfacet
  facet normal 0.211932 -0.454496 0.865169
    outer loop
      vertex 44.8036 -38.588 114.314
      vertex 43.6018 -39.1484 114.314
      vertex 46.1622 -40.9412 112.745
    endloop
  endfacet
  facet normal 0 -0.341984 0.939706
    outer loop
      vertex -41 -36.6587 115.387
      vertex 41 -39.6071 114.314
      vertex 41 -36.6587 115.387
    endloop
  endfacet
  facet normal 0 -0.341984 0.939706
    outer loop
      vertex 41 -39.6071 114.314
      vertex -41 -36.6587 115.387
      vertex -41 -39.6071 114.314
    endloop
  endfacet
  facet normal -0.0755377 -0.863532 0.498605
    outer loop
      vertex -41 -46.7447 108.324
      vertex -43.8328 -48.0657 105.607
      vertex -41 -48.3135 105.607
    endloop
  endfacet
  facet normal 0.852014 -0.397311 0.340904
    outer loop
      vertex 56.3297 -37.5796 105.607
      vertex 55.1279 -40.1568 105.607
      vertex 57.3381 -37.9466 102.659
    endloop
  endfacet
  facet normal 0.50004 0 0.866002
    outer loop
      vertex 48.6071 24 114.314
      vertex 51.3244 -32 112.745
      vertex 51.3244 24 112.745
    endloop
  endfacet
  facet normal 0.50004 0 0.866002
    outer loop
      vertex 51.3244 -32 112.745
      vertex 48.6071 24 114.314
      vertex 48.6071 -32 114.314
    endloop
  endfacet
  facet normal 0.0755468 0.863527 0.498612
    outer loop
      vertex 43.8328 40.0657 105.607
      vertex 41 38.7447 108.324
      vertex 43.5604 38.5207 108.324
    endloop
  endfacet
  facet normal 0.0451268 0.168399 0.984685
    outer loop
      vertex 41.809 28.588 115.387
      vertex 41.5366 25.4742 115.932
      vertex 42.5934 28.3778 115.387
    endloop
  endfacet
  facet normal -0.996195 -0.0871487 0
    outer loop
      vertex -58.6591 -35.1138 90.4312
      vertex -58.9315 -32 99.5688
      vertex -58.9315 -32 90.4312
    endloop
  endfacet
  facet normal -0.996195 -0.0871487 0
    outer loop
      vertex -58.9315 -32 99.5688
      vertex -58.6591 -35.1138 90.4312
      vertex -58.6591 -35.1138 99.5688
    endloop
  endfacet
  facet normal -0.965923 -0.258829 0
    outer loop
      vertex -57.8501 -38.1329 90.4312
      vertex -58.6591 -35.1138 99.5688
      vertex -58.6591 -35.1138 90.4312
    endloop
  endfacet
  facet normal -0.965923 -0.258829 0
    outer loop
      vertex -58.6591 -35.1138 99.5688
      vertex -57.8501 -38.1329 90.4312
      vertex -57.8501 -38.1329 99.5688
    endloop
  endfacet
  facet normal -0.696448 -0.696448 0.172974
    outer loop
      vertex -54.7363 -43.5261 99.5688
      vertex -52.1759 -45.319 102.659
      vertex -54.319 -43.1759 102.659
    endloop
  endfacet
  facet normal -0.696448 -0.696448 0.172974
    outer loop
      vertex -52.1759 -45.319 102.659
      vertex -54.7363 -43.5261 99.5688
      vertex -52.5261 -45.7363 99.5688
    endloop
  endfacet
  facet normal -0.984812 0 0.173622
    outer loop
      vertex -58.9315 -32 99.5688
      vertex -58.3867 24 102.659
      vertex -58.9315 24 99.5688
    endloop
  endfacet
  facet normal -0.984812 0 0.173622
    outer loop
      vertex -58.3867 24 102.659
      vertex -58.9315 -32 99.5688
      vertex -58.3867 -32 102.659
    endloop
  endfacet
  facet normal -0.939671 0 0.342081
    outer loop
      vertex -58.3867 -32 102.659
      vertex -57.3135 24 105.607
      vertex -58.3867 24 102.659
    endloop
  endfacet
  facet normal -0.939671 0 0.342081
    outer loop
      vertex -57.3135 24 105.607
      vertex -58.3867 -32 102.659
      vertex -57.3135 -32 105.607
    endloop
  endfacet
  facet normal -0.710059 -0.497207 0.4986
    outer loop
      vertex -53.7693 -39.3724 108.324
      vertex -55.1279 -40.1568 105.607
      vertex -52.2951 -41.4777 108.324
    endloop
  endfacet
  facet normal -0.628538 -0.440123 0.641274
    outer loop
      vertex -52.0227 -38.364 110.728
      vertex -53.7693 -39.3724 108.324
      vertex -52.2951 -41.4777 108.324
    endloop
  endfacet
  facet normal -0.93651 -0.0819508 0.34093
    outer loop
      vertex -57.3135 -32 105.607
      vertex -58.3867 -32 102.659
      vertex -58.1225 -35.0192 102.659
    endloop
  endfacet
  facet normal -0.211912 -0.454453 -0.865197
    outer loop
      vertex -43.6018 -39.1484 75.6865
      vertex -46.1622 -40.9412 77.2553
      vertex -44.8036 -38.588 75.6865
    endloop
  endfacet
  facet normal -0.440069 -0.628512 -0.641336
    outer loop
      vertex -47.364 -43.0227 79.2721
      vertex -50.4777 -43.2951 81.6756
      vertex -49.1814 -41.7502 79.2721
    endloop
  endfacet
  facet normal 0.499535 -0.0436762 -0.865192
    outer loop
      vertex 51.1675 -33.7928 77.2553
      vertex 48.4916 -33.321 75.6865
      vertex 48.6071 -32 75.6865
    endloop
  endfacet
  facet normal -0.819143 0.573589 0
    outer loop
      vertex -56.5291 32.9658 90.4312
      vertex -54.7363 35.5261 99.5688
      vertex -54.7363 35.5261 90.4312
    endloop
  endfacet
  facet normal -0.819143 0.573589 0
    outer loop
      vertex -54.7363 35.5261 99.5688
      vertex -56.5291 32.9658 90.4312
      vertex -56.5291 32.9658 99.5688
    endloop
  endfacet
  facet normal -0.951359 0.254918 -0.173011
    outer loop
      vertex -57.3381 29.9466 87.3413
      vertex -58.1225 27.0192 87.3413
      vertex -57.8501 30.1329 90.4312
    endloop
  endfacet
  facet normal -0.0151782 -0.17368 0.984685
    outer loop
      vertex -41.2724 -33.545 115.932
      vertex -41.809 -36.588 115.387
      vertex -41 -36.6587 115.387
    endloop
  endfacet
  facet normal -0.196821 -0.281076 0.939286
    outer loop
      vertex -43.9946 -35.5688 115.387
      vertex -44.8036 -38.588 114.314
      vertex -43.3294 -36.0346 115.387
    endloop
  endfacet
  facet normal -0.145014 -0.310987 0.939286
    outer loop
      vertex -43.3294 -36.0346 115.387
      vertex -44.8036 -38.588 114.314
      vertex -42.5934 -36.3778 115.387
    endloop
  endfacet
  facet normal -0.341984 0 0.939706
    outer loop
      vertex -48.6071 24 114.314
      vertex -45.6587 -32 115.387
      vertex -45.6587 24 115.387
    endloop
  endfacet
  facet normal -0.341984 0 0.939706
    outer loop
      vertex -45.6587 -32 115.387
      vertex -48.6071 24 114.314
      vertex -48.6071 -32 114.314
    endloop
  endfacet
  facet normal -0.741162 -0.198591 0.64128
    outer loop
      vertex -52.9603 -36.3532 110.728
      vertex -55.5207 -34.5604 108.324
      vertex -54.8555 -37.043 108.324
    endloop
  endfacet
  facet normal 0.173618 0.0151693 -0.984696
    outer loop
      vertex 42.5688 24 74.0685
      vertex 42.545 24.2724 74.0685
      vertex 45.6587 24 74.6133
    endloop
  endfacet
  facet normal 0.0755489 0.863551 -0.49857
    outer loop
      vertex 43.5604 38.5207 81.6756
      vertex 41 38.7447 81.6756
      vertex 43.8328 40.0657 84.3929
    endloop
  endfacet
  facet normal 0.806808 0.564921 -0.172988
    outer loop
      vertex 56.0573 32.6933 87.3413
      vertex 54.319 35.1759 87.3413
      vertex 54.7363 35.5261 90.4312
    endloop
  endfacet
  facet normal 0.311039 0.145037 -0.939265
    outer loop
      vertex 48.1484 26.6018 75.6865
      vertex 45.3778 25.5934 74.6133
      vertex 47.588 27.8036 75.6865
    endloop
  endfacet
  facet normal 0.622266 0.166744 -0.764841
    outer loop
      vertex 51.1675 25.7928 77.2553
      vertex 50.7017 27.5311 77.2553
      vertex 52.9603 28.3532 79.2721
    endloop
  endfacet
  facet normal 0.0871487 0.996195 -0
    outer loop
      vertex 44.1138 41.6591 90.4312
      vertex 41 41.9315 99.5688
      vertex 44.1138 41.6591 99.5688
    endloop
  endfacet
  facet normal 0.0871487 0.996195 0
    outer loop
      vertex 41 41.9315 99.5688
      vertex 44.1138 41.6591 90.4312
      vertex 41 41.9315 90.4312
    endloop
  endfacet
  facet normal 0.0858346 0.981174 0.173004
    outer loop
      vertex 44.1138 41.6591 99.5688
      vertex 41 41.9315 99.5688
      vertex 44.0192 41.1225 102.659
    endloop
  endfacet
  facet normal 0.996195 0.0871487 0
    outer loop
      vertex 58.9315 24 99.5688
      vertex 58.6591 27.1138 90.4312
      vertex 58.6591 27.1138 99.5688
    endloop
  endfacet
  facet normal 0.996195 0.0871487 0
    outer loop
      vertex 58.6591 27.1138 90.4312
      vertex 58.9315 24 99.5688
      vertex 58.9315 24 90.4312
    endloop
  endfacet
  facet normal 0.908078 0.243318 -0.340867
    outer loop
      vertex 57.0657 26.8328 84.3929
      vertex 56.3297 29.5796 84.3929
      vertex 58.1225 27.0192 87.3413
    endloop
  endfacet
  facet normal -0.863556 -0.0755398 -0.498563
    outer loop
      vertex -57.0657 -34.8328 84.3929
      vertex -57.3135 -32 84.3929
      vertex -55.7447 -32 81.6756
    endloop
  endfacet
  facet normal -0.86603 0 -0.499992
    outer loop
      vertex -55.7447 -32 81.6756
      vertex -57.3135 24 84.3929
      vertex -55.7447 24 81.6756
    endloop
  endfacet
  facet normal -0.86603 -0 -0.499992
    outer loop
      vertex -57.3135 24 84.3929
      vertex -55.7447 -32 81.6756
      vertex -57.3135 -32 84.3929
    endloop
  endfacet
  facet normal 0.892644 -0.416246 0.172991
    outer loop
      vertex 57.8501 -38.1329 99.5688
      vertex 56.0573 -40.6933 102.659
      vertex 56.5291 -40.9658 99.5688
    endloop
  endfacet
  facet normal 0.837291 -0.224351 0.498609
    outer loop
      vertex 57.0657 -34.8328 105.607
      vertex 54.8555 -37.043 108.324
      vertex 56.3297 -37.5796 105.607
    endloop
  endfacet
  facet normal 0.86603 0 -0.499992
    outer loop
      vertex 57.3135 -32 84.3929
      vertex 55.7447 24 81.6756
      vertex 57.3135 24 84.3929
    endloop
  endfacet
  facet normal 0.86603 0 -0.499992
    outer loop
      vertex 55.7447 24 81.6756
      vertex 57.3135 -32 84.3929
      vertex 55.7447 -32 81.6756
    endloop
  endfacet
  facet normal 0.939685 0 -0.34204
    outer loop
      vertex 58.3867 -32 87.3413
      vertex 57.3135 24 84.3929
      vertex 58.3867 24 87.3413
    endloop
  endfacet
  facet normal 0.939685 0 -0.34204
    outer loop
      vertex 57.3135 24 84.3929
      vertex 58.3867 -32 87.3413
      vertex 57.3135 -32 84.3929
    endloop
  endfacet
  facet normal 0.695363 -0.324248 -0.641353
    outer loop
      vertex 53.7693 -39.3724 81.6756
      vertex 52.0227 -38.364 79.2721
      vertex 54.8555 -37.043 81.6756
    endloop
  endfacet
  facet normal 0.641777 -0.0561663 -0.764831
    outer loop
      vertex 53.7279 -32 79.2721
      vertex 51.1675 -33.7928 77.2553
      vertex 51.3244 -32 77.2553
    endloop
  endfacet
  facet normal 0.863551 -0.0755489 -0.49857
    outer loop
      vertex 57.0657 -34.8328 84.3929
      vertex 55.5207 -34.5604 81.6756
      vertex 55.7447 -32 81.6756
    endloop
  endfacet
  facet normal 0.622255 -0.166757 -0.764847
    outer loop
      vertex 52.9603 -36.3532 79.2721
      vertex 51.1675 -33.7928 77.2553
      vertex 53.5346 -34.2102 79.2721
    endloop
  endfacet
  facet normal -0.0298782 0.341887 -0.939266
    outer loop
      vertex -41 28.6587 74.6133
      vertex -41.809 28.588 74.6133
      vertex -41 31.6071 75.6865
    endloop
  endfacet
  facet normal -0.539227 0.770093 -0.340869
    outer loop
      vertex -49.1568 38.1279 84.3929
      vertex -51.4861 36.4969 84.3929
      vertex -49.6933 39.0573 87.3413
    endloop
  endfacet
  facet normal 0.0151728 0.173618 -0.984696
    outer loop
      vertex 41.2724 25.545 74.0685
      vertex 41 28.6587 74.6133
      vertex 41.809 28.588 74.6133
    endloop
  endfacet
  facet normal -0.454453 0.211912 -0.865197
    outer loop
      vertex -48.1484 26.6018 75.6865
      vertex -49.9412 29.1622 77.2553
      vertex -47.588 27.8036 75.6865
    endloop
  endfacet
  facet normal 0.0858343 0.981171 -0.173021
    outer loop
      vertex 44.0192 41.1225 87.3413
      vertex 41 41.9315 90.4312
      vertex 44.1138 41.6591 90.4312
    endloop
  endfacet
  facet normal -0.770084 0.539208 0.34092
    outer loop
      vertex -54.319 35.1759 102.659
      vertex -56.0573 32.6933 102.659
      vertex -53.4969 34.4861 105.607
    endloop
  endfacet
  facet normal -0.440123 0.628538 0.641274
    outer loop
      vertex -48.3724 36.7693 108.324
      vertex -50.4777 35.2951 108.324
      vertex -47.364 35.0227 110.728
    endloop
  endfacet
  facet normal -0.397311 0.852014 0.340904
    outer loop
      vertex -46.9466 40.3381 102.659
      vertex -49.1568 38.1279 105.607
      vertex -46.5796 39.3297 105.607
    endloop
  endfacet
  facet normal -0 0.64283 0.766009
    outer loop
      vertex -41 36.7279 110.728
      vertex 41 34.3244 112.745
      vertex 41 36.7279 110.728
    endloop
  endfacet
  facet normal 0 0.64283 0.766009
    outer loop
      vertex 41 34.3244 112.745
      vertex -41 36.7279 110.728
      vertex -41 34.3244 112.745
    endloop
  endfacet
  facet normal -0.099944 0.142777 -0.984696
    outer loop
      vertex -42.0084 25.2018 74.0685
      vertex -43.9946 27.5688 74.6133
      vertex -41.7844 25.3586 74.0685
    endloop
  endfacet
  facet normal -0.707107 0.707107 0
    outer loop
      vertex -54.7363 35.5261 90.4312
      vertex -52.5261 37.7363 99.5688
      vertex -52.5261 37.7363 90.4312
    endloop
  endfacet
  facet normal -0.707107 0.707107 0
    outer loop
      vertex -52.5261 37.7363 99.5688
      vertex -54.7363 35.5261 90.4312
      vertex -54.7363 35.5261 99.5688
    endloop
  endfacet
  facet normal -0.852028 0.397318 -0.340863
    outer loop
      vertex -56.3297 29.5796 84.3929
      vertex -57.3381 29.9466 87.3413
      vertex -55.1279 32.1568 84.3929
    endloop
  endfacet
  facet normal -0.410783 0.287646 0.865169
    outer loop
      vertex -46.8274 28.8898 114.314
      vertex -49.9412 29.1622 112.745
      vertex -47.588 27.8036 114.314
    endloop
  endfacet
  facet normal -0.6418 0.0561306 0.764815
    outer loop
      vertex -53.5346 26.2102 110.728
      vertex -53.7279 24 110.728
      vertex -51.1675 25.7928 112.745
    endloop
  endfacet
  facet normal -0.641815 0.0561695 0.7648
    outer loop
      vertex -51.1675 25.7928 112.745
      vertex -53.7279 24 110.728
      vertex -51.3244 24 112.745
    endloop
  endfacet
  facet normal -0.454513 0.211917 0.865164
    outer loop
      vertex -49.9412 29.1622 112.745
      vertex -50.7017 27.5311 112.745
      vertex -48.1484 26.6018 114.314
    endloop
  endfacet
  facet normal -0.455552 0.455552 0.764817
    outer loop
      vertex -49.1814 33.7502 110.728
      vertex -48.9089 30.6364 112.745
      vertex -47.6364 31.9089 112.745
    endloop
  endfacet
  facet normal -0.455552 0.455552 0.764817
    outer loop
      vertex -48.9089 30.6364 112.745
      vertex -49.1814 33.7502 110.728
      vertex -50.7502 32.1814 110.728
    endloop
  endfacet
  facet normal -0.129799 0.484401 0.865164
    outer loop
      vertex -42.321 31.4916 114.314
      vertex -44.5311 33.7017 112.745
      vertex -43.6018 31.1484 114.314
    endloop
  endfacet
  facet normal -0.145014 0.310987 0.939286
    outer loop
      vertex -43.6018 31.1484 114.314
      vertex -44.8036 30.588 114.314
      vertex -42.5934 28.3778 115.387
    endloop
  endfacet
  facet normal -0.04372 0.499562 0.865174
    outer loop
      vertex -41 34.3244 112.745
      vertex -42.7928 34.1675 112.745
      vertex -41 31.6071 114.314
    endloop
  endfacet
  facet normal -0.224348 0.83729 0.498611
    outer loop
      vertex -43.8328 40.0657 105.607
      vertex -46.043 37.8555 108.324
      vertex -43.5604 38.5207 108.324
    endloop
  endfacet
  facet normal 0.497193 0.710062 0.498609
    outer loop
      vertex 51.4861 36.4969 105.607
      vertex 49.1568 38.1279 105.607
      vertex 50.4777 35.2951 108.324
    endloop
  endfacet
  facet normal 0.366334 0.785619 0.4986
    outer loop
      vertex 49.1568 38.1279 105.607
      vertex 46.043 37.8555 108.324
      vertex 48.3724 36.7693 108.324
    endloop
  endfacet
  facet normal 0.707107 0.707107 0
    outer loop
      vertex 54.7363 35.5261 99.5688
      vertex 52.5261 37.7363 90.4312
      vertex 52.5261 37.7363 99.5688
    endloop
  endfacet
  facet normal 0.707107 0.707107 0
    outer loop
      vertex 52.5261 37.7363 90.4312
      vertex 54.7363 35.5261 99.5688
      vertex 54.7363 35.5261 90.4312
    endloop
  endfacet
  facet normal 0.243321 0.908078 -0.340865
    outer loop
      vertex 46.5796 39.3297 84.3929
      vertex 44.0192 41.1225 87.3413
      vertex 46.9466 40.3381 87.3413
    endloop
  endfacet
  facet normal 0.254926 0.951355 -0.17302
    outer loop
      vertex 47.1329 40.8501 90.4312
      vertex 44.0192 41.1225 87.3413
      vertex 44.1138 41.6591 90.4312
    endloop
  endfacet
  facet normal 0.0819508 0.93651 0.34093
    outer loop
      vertex 41 41.3867 102.659
      vertex 41 40.3135 105.607
      vertex 44.0192 41.1225 102.659
    endloop
  endfacet
  facet normal 0.416246 0.892644 0.172991
    outer loop
      vertex 49.9658 39.5291 99.5688
      vertex 47.1329 40.8501 99.5688
      vertex 49.6933 39.0573 102.659
    endloop
  endfacet
  facet normal -0.416243 0.892642 -0.173008
    outer loop
      vertex -46.9466 40.3381 87.3413
      vertex -49.6933 39.0573 87.3413
      vertex -47.1329 40.8501 90.4312
    endloop
  endfacet
  facet normal -0.224351 0.837291 0.498609
    outer loop
      vertex -43.8328 40.0657 105.607
      vertex -46.5796 39.3297 105.607
      vertex -46.043 37.8555 108.324
    endloop
  endfacet
  facet normal -0.366345 0.785608 0.49861
    outer loop
      vertex -46.5796 39.3297 105.607
      vertex -49.1568 38.1279 105.607
      vertex -46.043 37.8555 108.324
    endloop
  endfacet
  facet normal -0.0755377 0.863532 0.498605
    outer loop
      vertex -41 40.3135 105.607
      vertex -43.8328 40.0657 105.607
      vertex -41 38.7447 108.324
    endloop
  endfacet
  facet normal 0 0.866006 0.500033
    outer loop
      vertex 41 40.3135 105.607
      vertex -41 38.7447 108.324
      vertex 41 38.7447 108.324
    endloop
  endfacet
  facet normal 0 0.866006 0.500033
    outer loop
      vertex -41 38.7447 108.324
      vertex 41 40.3135 105.607
      vertex -41 40.3135 105.607
    endloop
  endfacet
  facet normal -0.224357 -0.837314 -0.498568
    outer loop
      vertex -43.8328 -48.0657 84.3929
      vertex -46.5796 -47.3297 84.3929
      vertex -46.043 -45.8555 81.6756
    endloop
  endfacet
  facet normal -0.366345 -0.785641 -0.498558
    outer loop
      vertex -46.043 -45.8555 81.6756
      vertex -49.1568 -46.1279 84.3929
      vertex -48.3724 -44.7693 81.6756
    endloop
  endfacet
  facet normal -0.254926 -0.951355 -0.17302
    outer loop
      vertex -44.1138 -49.6591 90.4312
      vertex -47.1329 -48.8501 90.4312
      vertex -44.0192 -49.1225 87.3413
    endloop
  endfacet
  facet normal 0.622266 -0.166744 -0.764841
    outer loop
      vertex 52.9603 -36.3532 79.2721
      vertex 50.7017 -35.5311 77.2553
      vertex 51.1675 -33.7928 77.2553
    endloop
  endfacet
  facet normal 0.527696 -0.369516 -0.76485
    outer loop
      vertex 50.7502 -40.1814 79.2721
      vertex 48.9089 -38.6364 77.2553
      vertex 49.9412 -37.1622 77.2553
    endloop
  endfacet
  facet normal 0.366355 -0.785629 -0.498569
    outer loop
      vertex 46.5796 -47.3297 84.3929
      vertex 46.043 -45.8555 81.6756
      vertex 49.1568 -46.1279 84.3929
    endloop
  endfacet
  facet normal 0.254927 -0.951358 0.173003
    outer loop
      vertex 47.1329 -48.8501 99.5688
      vertex 44.0192 -49.1225 102.659
      vertex 44.1138 -49.6591 99.5688
    endloop
  endfacet
  facet normal -0.539216 -0.770096 -0.340879
    outer loop
      vertex -49.6933 -47.0573 87.3413
      vertex -52.1759 -45.319 87.3413
      vertex -51.4861 -44.4969 84.3929
    endloop
  endfacet
  facet normal -0.785629 -0.366355 -0.498569
    outer loop
      vertex -55.1279 -40.1568 84.3929
      vertex -56.3297 -37.5796 84.3929
      vertex -54.8555 -37.043 81.6756
    endloop
  endfacet
  facet normal -0.852028 -0.397318 -0.340863
    outer loop
      vertex -55.1279 -40.1568 84.3929
      vertex -57.3381 -37.9466 87.3413
      vertex -56.3297 -37.5796 84.3929
    endloop
  endfacet
  facet normal -0.852014 -0.397311 0.340904
    outer loop
      vertex -56.3297 -37.5796 105.607
      vertex -57.3381 -37.9466 102.659
      vertex -55.1279 -40.1568 105.607
    endloop
  endfacet
  facet normal -0.664746 -0.664746 0.340919
    outer loop
      vertex -54.319 -43.1759 102.659
      vertex -51.4861 -44.4969 105.607
      vertex -53.4969 -42.4861 105.607
    endloop
  endfacet
  facet normal -0.664746 -0.664746 0.340919
    outer loop
      vertex -51.4861 -44.4969 105.607
      vertex -54.319 -43.1759 102.659
      vertex -52.1759 -45.319 102.659
    endloop
  endfacet
  facet normal -0.04372 -0.499562 0.865174
    outer loop
      vertex -41 -39.6071 114.314
      vertex -42.7928 -42.1675 112.745
      vertex -41 -42.3244 112.745
    endloop
  endfacet
  facet normal -0.196821 -0.281076 0.939286
    outer loop
      vertex -43.9946 -35.5688 115.387
      vertex -45.8898 -37.8274 114.314
      vertex -44.8036 -38.588 114.314
    endloop
  endfacet
  facet normal -0.497207 -0.710059 0.4986
    outer loop
      vertex -48.3724 -44.7693 108.324
      vertex -50.4777 -43.2951 108.324
      vertex -49.1568 -46.1279 105.607
    endloop
  endfacet
  facet normal -0.61294 -0.61294 0.498608
    outer loop
      vertex -51.4861 -44.4969 105.607
      vertex -52.2951 -41.4777 108.324
      vertex -53.4969 -42.4861 105.607
    endloop
  endfacet
  facet normal -0.61294 -0.61294 0.498608
    outer loop
      vertex -52.2951 -41.4777 108.324
      vertex -51.4861 -44.4969 105.607
      vertex -50.4777 -43.2951 108.324
    endloop
  endfacet
  facet normal 0.908078 -0.243321 -0.340865
    outer loop
      vertex 57.3381 -37.9466 87.3413
      vertex 56.3297 -37.5796 84.3929
      vertex 58.1225 -35.0192 87.3413
    endloop
  endfacet
  facet normal 0.707107 -0.707107 0
    outer loop
      vertex 52.5261 -45.7363 99.5688
      vertex 54.7363 -43.5261 90.4312
      vertex 54.7363 -43.5261 99.5688
    endloop
  endfacet
  facet normal 0.707107 -0.707107 0
    outer loop
      vertex 54.7363 -43.5261 90.4312
      vertex 52.5261 -45.7363 99.5688
      vertex 52.5261 -45.7363 90.4312
    endloop
  endfacet
  facet normal 0.440085 -0.628484 -0.641353
    outer loop
      vertex 48.3724 -44.7693 81.6756
      vertex 47.364 -43.0227 79.2721
      vertex 50.4777 -43.2951 81.6756
    endloop
  endfacet
  facet normal 0.272249 -0.583873 -0.764835
    outer loop
      vertex 47.364 -43.0227 79.2721
      vertex 45.3532 -43.9603 79.2721
      vertex 46.1622 -40.9412 77.2553
    endloop
  endfacet
  facet normal 0.936536 -0.0819238 -0.340864
    outer loop
      vertex 58.1225 -35.0192 87.3413
      vertex 57.0657 -34.8328 84.3929
      vertex 57.3135 -32 84.3929
    endloop
  endfacet
  facet normal 0.936525 -0.0819521 -0.340889
    outer loop
      vertex 58.1225 -35.0192 87.3413
      vertex 57.3135 -32 84.3929
      vertex 58.3867 -32 87.3413
    endloop
  endfacet
  facet normal 0.440107 -0.628566 0.641257
    outer loop
      vertex 49.1814 -41.7502 110.728
      vertex 47.364 -43.0227 110.728
      vertex 50.4777 -43.2951 108.324
    endloop
  endfacet
  facet normal 0.710059 -0.497207 0.4986
    outer loop
      vertex 53.7693 -39.3724 108.324
      vertex 52.2951 -41.4777 108.324
      vertex 55.1279 -40.1568 105.607
    endloop
  endfacet
  facet normal 0 -0.50004 0.866002
    outer loop
      vertex -41 -39.6071 114.314
      vertex 41 -42.3244 112.745
      vertex 41 -39.6071 114.314
    endloop
  endfacet
  facet normal 0 -0.50004 0.866002
    outer loop
      vertex 41 -42.3244 112.745
      vertex -41 -39.6071 114.314
      vertex -41 -42.3244 112.745
    endloop
  endfacet
  facet normal -0.397299 -0.852016 0.340914
    outer loop
      vertex -49.1568 -46.1279 105.607
      vertex -49.6933 -47.0573 102.659
      vertex -46.9466 -48.3381 102.659
    endloop
  endfacet
  facet normal -0.198591 -0.741162 0.64128
    outer loop
      vertex -45.3532 -43.9603 110.728
      vertex -46.043 -45.8555 108.324
      vertex -43.5604 -46.5207 108.324
    endloop
  endfacet
  facet normal -0.366345 -0.785608 0.49861
    outer loop
      vertex -46.043 -45.8555 108.324
      vertex -49.1568 -46.1279 105.607
      vertex -46.5796 -47.3297 105.607
    endloop
  endfacet
  facet normal 0.0668738 -0.764392 0.641275
    outer loop
      vertex 41 -44.7279 110.728
      vertex 41 -46.7447 108.324
      vertex 43.5604 -46.5207 108.324
    endloop
  endfacet
  facet normal 0.764392 0.0668738 0.641275
    outer loop
      vertex 55.5207 26.5604 108.324
      vertex 53.7279 24 110.728
      vertex 55.7447 24 108.324
    endloop
  endfacet
  facet normal 0.341831 0.0298732 0.939287
    outer loop
      vertex 48.6071 24 114.314
      vertex 45.588 24.809 115.387
      vertex 45.6587 24 115.387
    endloop
  endfacet
  facet normal 0.196821 -0.281076 0.939286
    outer loop
      vertex 45.8898 -37.8274 114.314
      vertex 43.9946 -35.5688 115.387
      vertex 44.8036 -38.588 114.314
    endloop
  endfacet
  facet normal 0.287646 -0.410783 0.865169
    outer loop
      vertex 45.8898 -37.8274 114.314
      vertex 44.8036 -38.588 114.314
      vertex 46.1622 -40.9412 112.745
    endloop
  endfacet
  facet normal -0.0298879 0.341834 0.939285
    outer loop
      vertex -41 31.6071 114.314
      vertex -42.321 31.4916 114.314
      vertex -41.809 28.588 115.387
    endloop
  endfacet
  facet normal 0.0151782 0.17368 0.984685
    outer loop
      vertex 41.809 28.588 115.387
      vertex 41 28.6587 115.387
      vertex 41.2724 25.545 115.932
    endloop
  endfacet
  facet normal -0.951358 -0.254927 0.173003
    outer loop
      vertex -58.1225 -35.0192 102.659
      vertex -58.6591 -35.1138 99.5688
      vertex -57.8501 -38.1329 99.5688
    endloop
  endfacet
  facet normal -0.892644 -0.416246 0.172991
    outer loop
      vertex -56.0573 -40.6933 102.659
      vertex -57.8501 -38.1329 99.5688
      vertex -56.5291 -40.9658 99.5688
    endloop
  endfacet
  facet normal -0.664756 -0.664756 -0.340878
    outer loop
      vertex -51.4861 -44.4969 84.3929
      vertex -54.319 -43.1759 87.3413
      vertex -53.4969 -42.4861 84.3929
    endloop
  endfacet
  facet normal -0.664756 -0.664756 -0.340878
    outer loop
      vertex -54.319 -43.1759 87.3413
      vertex -51.4861 -44.4969 84.3929
      vertex -52.1759 -45.319 87.3413
    endloop
  endfacet
  facet normal -0.892642 -0.416245 -0.173007
    outer loop
      vertex -56.5291 -40.9658 90.4312
      vertex -57.8501 -38.1329 90.4312
      vertex -56.0573 -40.6933 87.3413
    endloop
  endfacet
  facet normal -0.93651 0.0819508 0.34093
    outer loop
      vertex -58.1225 27.0192 102.659
      vertex -58.3867 24 102.659
      vertex -57.3135 24 105.607
    endloop
  endfacet
  facet normal -0.764404 0.0668533 0.641262
    outer loop
      vertex -53.5346 26.2102 110.728
      vertex -55.5207 26.5604 108.324
      vertex -53.7279 24 110.728
    endloop
  endfacet
  facet normal -0.766107 0 0.642714
    outer loop
      vertex -55.7447 -32 108.324
      vertex -53.7279 24 110.728
      vertex -55.7447 24 108.324
    endloop
  endfacet
  facet normal -0.766107 0 0.642714
    outer loop
      vertex -53.7279 24 110.728
      vertex -55.7447 -32 108.324
      vertex -53.7279 -32 110.728
    endloop
  endfacet
  facet normal -0.484399 -0.129801 0.865164
    outer loop
      vertex -48.4916 -33.321 114.314
      vertex -51.1675 -33.7928 112.745
      vertex -50.7017 -35.5311 112.745
    endloop
  endfacet
  facet normal -0.455552 -0.455552 0.764817
    outer loop
      vertex -48.9089 -38.6364 112.745
      vertex -49.1814 -41.7502 110.728
      vertex -47.6364 -39.9089 112.745
    endloop
  endfacet
  facet normal -0.455552 -0.455552 0.764817
    outer loop
      vertex -49.1814 -41.7502 110.728
      vertex -48.9089 -38.6364 112.745
      vertex -50.7502 -40.1814 110.728
    endloop
  endfacet
  facet normal -0.527727 -0.369537 0.764818
    outer loop
      vertex -49.9412 -37.1622 112.745
      vertex -50.7502 -40.1814 110.728
      vertex -48.9089 -38.6364 112.745
    endloop
  endfacet
  facet normal -0.863532 -0.0755377 0.498605
    outer loop
      vertex -55.7447 -32 108.324
      vertex -57.3135 -32 105.607
      vertex -57.0657 -34.8328 105.607
    endloop
  endfacet
  facet normal -0.936522 -0.0819225 0.340904
    outer loop
      vertex -57.3135 -32 105.607
      vertex -58.1225 -35.0192 102.659
      vertex -57.0657 -34.8328 105.607
    endloop
  endfacet
  facet normal -0.981176 -0.0858594 0.172981
    outer loop
      vertex -58.3867 -32 102.659
      vertex -58.9315 -32 99.5688
      vertex -58.1225 -35.0192 102.659
    endloop
  endfacet
  facet normal -0.3695 -0.527725 -0.764837
    outer loop
      vertex -47.364 -43.0227 79.2721
      vertex -49.1814 -41.7502 79.2721
      vertex -46.1622 -40.9412 77.2553
    endloop
  endfacet
  facet normal -0.324248 -0.695363 -0.641353
    outer loop
      vertex -46.043 -45.8555 81.6756
      vertex -48.3724 -44.7693 81.6756
      vertex -47.364 -43.0227 79.2721
    endloop
  endfacet
  facet normal -0.695363 -0.324248 -0.641353
    outer loop
      vertex -53.7693 -39.3724 81.6756
      vertex -54.8555 -37.043 81.6756
      vertex -52.0227 -38.364 79.2721
    endloop
  endfacet
  facet normal -0.583872 -0.27223 -0.764842
    outer loop
      vertex -49.9412 -37.1622 77.2553
      vertex -52.9603 -36.3532 79.2721
      vertex -50.7017 -35.5311 77.2553
    endloop
  endfacet
  facet normal 0.766041 0 -0.642792
    outer loop
      vertex 55.7447 -32 81.6756
      vertex 53.7279 24 79.2721
      vertex 55.7447 24 81.6756
    endloop
  endfacet
  facet normal 0.766041 0 -0.642792
    outer loop
      vertex 53.7279 24 79.2721
      vertex 55.7447 -32 81.6756
      vertex 53.7279 -32 79.2721
    endloop
  endfacet
  facet normal 0.331495 0.0888326 -0.939265
    outer loop
      vertex 45.588 24.809 74.6133
      vertex 45.3778 25.5934 74.6133
      vertex 48.1484 26.6018 75.6865
    endloop
  endfacet
  facet normal -0.484401 -0.129799 0.865164
    outer loop
      vertex -48.4916 -33.321 114.314
      vertex -50.7017 -35.5311 112.745
      vertex -48.1484 -34.6018 114.314
    endloop
  endfacet
  facet normal -0.454513 -0.211917 0.865164
    outer loop
      vertex -48.1484 -34.6018 114.314
      vertex -50.7017 -35.5311 112.745
      vertex -49.9412 -37.1622 112.745
    endloop
  endfacet
  facet normal -0.1737 0 0.984799
    outer loop
      vertex -45.6587 24 115.387
      vertex -42.5688 -32 115.932
      vertex -42.5688 24 115.932
    endloop
  endfacet
  facet normal -0.1737 0 0.984799
    outer loop
      vertex -42.5688 -32 115.932
      vertex -45.6587 24 115.387
      vertex -45.6587 -32 115.387
    endloop
  endfacet
  facet normal -0.17368 0.0151747 0.984685
    outer loop
      vertex -42.545 24.2724 115.932
      vertex -45.6587 24 115.387
      vertex -42.5688 24 115.932
    endloop
  endfacet
  facet normal 0 0 1
    outer loop
      vertex 41 25.5688 115.932
      vertex 42.5688 24 115.932
      vertex 42.545 24.2724 115.932
    endloop
  endfacet
  facet normal 0 0 1
    outer loop
      vertex 42.5688 24 115.932
      vertex 41 25.5688 115.932
      vertex 42.5688 -32 115.932
    endloop
  endfacet
  facet normal 0 0 1
    outer loop
      vertex 41 25.5688 115.932
      vertex 42.545 24.2724 115.932
      vertex 42.4742 24.5366 115.932
    endloop
  endfacet
  facet normal 0 0 1
    outer loop
      vertex 41 -33.5688 115.932
      vertex 42.5688 -32 115.932
      vertex 41 25.5688 115.932
    endloop
  endfacet
  facet normal 0 0 1
    outer loop
      vertex 41 25.5688 115.932
      vertex 42.4742 24.5366 115.932
      vertex 42.3586 24.7844 115.932
    endloop
  endfacet
  facet normal 0 0 1
    outer loop
      vertex 42.5688 -32 115.932
      vertex 41 -33.5688 115.932
      vertex 42.545 -32.2724 115.932
    endloop
  endfacet
  facet normal 0 0 1
    outer loop
      vertex 41 25.5688 115.932
      vertex 42.3586 24.7844 115.932
      vertex 42.2018 25.0084 115.932
    endloop
  endfacet
  facet normal 0 0 1
    outer loop
      vertex 42.545 -32.2724 115.932
      vertex 41 -33.5688 115.932
      vertex 42.4742 -32.5366 115.932
    endloop
  endfacet
  facet normal 0 0 1
    outer loop
      vertex 41 25.5688 115.932
      vertex 42.2018 25.0084 115.932
      vertex 42.0084 25.2018 115.932
    endloop
  endfacet
  facet normal 0 0 1
    outer loop
      vertex 42.4742 -32.5366 115.932
      vertex 41 -33.5688 115.932
      vertex 42.3586 -32.7844 115.932
    endloop
  endfacet
  facet normal 0 0 1
    outer loop
      vertex 41 25.5688 115.932
      vertex 42.0084 25.2018 115.932
      vertex 41.7844 25.3586 115.932
    endloop
  endfacet
  facet normal 0 0 1
    outer loop
      vertex 42.3586 -32.7844 115.932
      vertex 41 -33.5688 115.932
      vertex 42.2018 -33.0084 115.932
    endloop
  endfacet
  facet normal 0 0 1
    outer loop
      vertex 41 25.5688 115.932
      vertex 41.7844 25.3586 115.932
      vertex 41.5366 25.4742 115.932
    endloop
  endfacet
  facet normal 0 0 1
    outer loop
      vertex 42.2018 -33.0084 115.932
      vertex 41 -33.5688 115.932
      vertex 42.0084 -33.2018 115.932
    endloop
  endfacet
  facet normal 0 0 1
    outer loop
      vertex 41 25.5688 115.932
      vertex 41.5366 25.4742 115.932
      vertex 41.2724 25.545 115.932
    endloop
  endfacet
  facet normal 0 0 1
    outer loop
      vertex 42.0084 -33.2018 115.932
      vertex 41 -33.5688 115.932
      vertex 41.7844 -33.3586 115.932
    endloop
  endfacet
  facet normal 0 0 1
    outer loop
      vertex 41.7844 -33.3586 115.932
      vertex 41 -33.5688 115.932
      vertex 41.5366 -33.4742 115.932
    endloop
  endfacet
  facet normal 0 0 1
    outer loop
      vertex 41.5366 -33.4742 115.932
      vertex 41 -33.5688 115.932
      vertex 41.2724 -33.545 115.932
    endloop
  endfacet
  facet normal -0 0 1
    outer loop
      vertex -41 25.5688 115.932
      vertex 41 -33.5688 115.932
      vertex 41 25.5688 115.932
    endloop
  endfacet
  facet normal 0 0 1
    outer loop
      vertex -41 25.5688 115.932
      vertex -41 -33.5688 115.932
      vertex 41 -33.5688 115.932
    endloop
  endfacet
  facet normal 0 0 1
    outer loop
      vertex -42.5688 24 115.932
      vertex -41 25.5688 115.932
      vertex -41.2724 25.545 115.932
    endloop
  endfacet
  facet normal 0 0 1
    outer loop
      vertex -41 25.5688 115.932
      vertex -42.5688 24 115.932
      vertex -41 -33.5688 115.932
    endloop
  endfacet
  facet normal 0 0 1
    outer loop
      vertex -42.5688 24 115.932
      vertex -41.2724 25.545 115.932
      vertex -41.5366 25.4742 115.932
    endloop
  endfacet
  facet normal -0 0 1
    outer loop
      vertex -42.5688 -32 115.932
      vertex -41 -33.5688 115.932
      vertex -42.5688 24 115.932
    endloop
  endfacet
  facet normal 0 0 1
    outer loop
      vertex -42.5688 24 115.932
      vertex -41.5366 25.4742 115.932
      vertex -41.7844 25.3586 115.932
    endloop
  endfacet
  facet normal 0 0 1
    outer loop
      vertex -41 -33.5688 115.932
      vertex -42.5688 -32 115.932
      vertex -41.2724 -33.545 115.932
    endloop
  endfacet
  facet normal 0 0 1
    outer loop
      vertex -42.5688 24 115.932
      vertex -41.7844 25.3586 115.932
      vertex -42.0084 25.2018 115.932
    endloop
  endfacet
  facet normal 0 0 1
    outer loop
      vertex -41.2724 -33.545 115.932
      vertex -42.5688 -32 115.932
      vertex -41.5366 -33.4742 115.932
    endloop
  endfacet
  facet normal 0 0 1
    outer loop
      vertex -42.5688 24 115.932
      vertex -42.0084 25.2018 115.932
      vertex -42.2018 25.0084 115.932
    endloop
  endfacet
  facet normal 0 0 1
    outer loop
      vertex -41.5366 -33.4742 115.932
      vertex -42.5688 -32 115.932
      vertex -41.7844 -33.3586 115.932
    endloop
  endfacet
  facet normal 0 0 1
    outer loop
      vertex -42.5688 24 115.932
      vertex -42.2018 25.0084 115.932
      vertex -42.3586 24.7844 115.932
    endloop
  endfacet
  facet normal 0 0 1
    outer loop
      vertex -41.7844 -33.3586 115.932
      vertex -42.5688 -32 115.932
      vertex -42.0084 -33.2018 115.932
    endloop
  endfacet
  facet normal 0 0 1
    outer loop
      vertex -42.5688 24 115.932
      vertex -42.3586 24.7844 115.932
      vertex -42.4742 24.5366 115.932
    endloop
  endfacet
  facet normal 0 0 1
    outer loop
      vertex -42.0084 -33.2018 115.932
      vertex -42.5688 -32 115.932
      vertex -42.2018 -33.0084 115.932
    endloop
  endfacet
  facet normal 0 0 1
    outer loop
      vertex -42.5688 24 115.932
      vertex -42.4742 24.5366 115.932
      vertex -42.545 24.2724 115.932
    endloop
  endfacet
  facet normal 0 0 1
    outer loop
      vertex -42.2018 -33.0084 115.932
      vertex -42.5688 -32 115.932
      vertex -42.3586 -32.7844 115.932
    endloop
  endfacet
  facet normal 0 0 1
    outer loop
      vertex -42.3586 -32.7844 115.932
      vertex -42.5688 -32 115.932
      vertex -42.4742 -32.5366 115.932
    endloop
  endfacet
  facet normal 0 0 1
    outer loop
      vertex -42.4742 -32.5366 115.932
      vertex -42.5688 -32 115.932
      vertex -42.545 -32.2724 115.932
    endloop
  endfacet
  facet normal -0.622291 0.166767 0.764816
    outer loop
      vertex -52.9603 28.3532 110.728
      vertex -53.5346 26.2102 110.728
      vertex -51.1675 25.7928 112.745
    endloop
  endfacet
  facet normal -0.695422 0.324276 0.641275
    outer loop
      vertex -53.7693 31.3724 108.324
      vertex -54.8555 29.043 108.324
      vertex -52.0227 30.364 110.728
    endloop
  endfacet
  facet normal -0.863532 0.0755377 0.498605
    outer loop
      vertex -57.0657 26.8328 105.607
      vertex -57.3135 24 105.607
      vertex -55.7447 24 108.324
    endloop
  endfacet
  facet normal 0.542535 0.542535 -0.641336
    outer loop
      vertex 50.7502 32.1814 79.2721
      vertex 50.4777 35.2951 81.6756
      vertex 52.2951 33.4777 81.6756
    endloop
  endfacet
  facet normal 0.542535 0.542535 -0.641336
    outer loop
      vertex 50.4777 35.2951 81.6756
      vertex 50.7502 32.1814 79.2721
      vertex 49.1814 33.7502 79.2721
    endloop
  endfacet
  facet normal 0.0888275 0.331499 -0.939265
    outer loop
      vertex 43.6018 31.1484 75.6865
      vertex 41.809 28.588 74.6133
      vertex 42.321 31.4916 75.6865
    endloop
  endfacet
  facet normal 0.272249 0.583873 -0.764835
    outer loop
      vertex 46.1622 32.9412 77.2553
      vertex 45.3532 35.9603 79.2721
      vertex 47.364 35.0227 79.2721
    endloop
  endfacet
  facet normal 0.397318 0.852028 -0.340863
    outer loop
      vertex 49.1568 38.1279 84.3929
      vertex 46.5796 39.3297 84.3929
      vertex 46.9466 40.3381 87.3413
    endloop
  endfacet
  facet normal 0.770096 0.539216 -0.340879
    outer loop
      vertex 56.0573 32.6933 87.3413
      vertex 53.4969 34.4861 84.3929
      vertex 54.319 35.1759 87.3413
    endloop
  endfacet
  facet normal 0.770093 0.539227 -0.340869
    outer loop
      vertex 55.1279 32.1568 84.3929
      vertex 53.4969 34.4861 84.3929
      vertex 56.0573 32.6933 87.3413
    endloop
  endfacet
  facet normal 0.981173 0.0858591 -0.172997
    outer loop
      vertex 58.3867 24 87.3413
      vertex 58.1225 27.0192 87.3413
      vertex 58.9315 24 90.4312
    endloop
  endfacet
  facet normal 0.852028 0.397318 -0.340863
    outer loop
      vertex 56.3297 29.5796 84.3929
      vertex 55.1279 32.1568 84.3929
      vertex 57.3381 29.9466 87.3413
    endloop
  endfacet
  facet normal 0.951358 0.254927 0.173003
    outer loop
      vertex 58.6591 27.1138 99.5688
      vertex 57.8501 30.1329 99.5688
      vertex 58.1225 27.0192 102.659
    endloop
  endfacet
  facet normal 0.892642 0.416245 -0.173007
    outer loop
      vertex 57.8501 30.1329 90.4312
      vertex 56.0573 32.6933 87.3413
      vertex 56.5291 32.9658 90.4312
    endloop
  endfacet
  facet normal 0.80679 0.564939 -0.173012
    outer loop
      vertex 56.0573 32.6933 87.3413
      vertex 54.7363 35.5261 90.4312
      vertex 56.5291 32.9658 90.4312
    endloop
  endfacet
  facet normal 0.936525 0.0819521 -0.340889
    outer loop
      vertex 58.3867 24 87.3413
      vertex 57.3135 24 84.3929
      vertex 58.1225 27.0192 87.3413
    endloop
  endfacet
  facet normal 0.98481 0 -0.173638
    outer loop
      vertex 58.9315 -32 90.4312
      vertex 58.3867 24 87.3413
      vertex 58.9315 24 90.4312
    endloop
  endfacet
  facet normal 0.98481 0 -0.173638
    outer loop
      vertex 58.3867 24 87.3413
      vertex 58.9315 -32 90.4312
      vertex 58.3867 -32 87.3413
    endloop
  endfacet
  facet normal -0.499514 -0.0437158 -0.865202
    outer loop
      vertex -51.1675 -33.7928 77.2553
      vertex -51.3244 -32 77.2553
      vertex -48.6071 -32 75.6865
    endloop
  endfacet
  facet normal 0.892644 -0.416245 0.172992
    outer loop
      vertex 57.3381 -37.9466 102.659
      vertex 56.0573 -40.6933 102.659
      vertex 57.8501 -38.1329 99.5688
    endloop
  endfacet
  facet normal 1 -0 0
    outer loop
      vertex 58.9315 -32 99.5688
      vertex 58.9315 24 90.4312
      vertex 58.9315 24 99.5688
    endloop
  endfacet
  facet normal 1 0 0
    outer loop
      vertex 58.9315 24 90.4312
      vertex 58.9315 -32 99.5688
      vertex 58.9315 -32 90.4312
    endloop
  endfacet
  facet normal 0.281076 -0.196821 0.939286
    outer loop
      vertex 47.588 -35.8036 114.314
      vertex 44.5688 -34.9946 115.387
      vertex 46.8274 -36.8898 114.314
    endloop
  endfacet
  facet normal 0.785608 -0.366345 0.49861
    outer loop
      vertex 56.3297 -37.5796 105.607
      vertex 54.8555 -37.043 108.324
      vertex 55.1279 -40.1568 105.607
    endloop
  endfacet
  facet normal 0.0755377 -0.863532 0.498605
    outer loop
      vertex 41 -46.7447 108.324
      vertex 41 -48.3135 105.607
      vertex 43.8328 -48.0657 105.607
    endloop
  endfacet
  facet normal 0.863532 0.0755377 0.498605
    outer loop
      vertex 57.0657 26.8328 105.607
      vertex 55.7447 24 108.324
      vertex 57.3135 24 105.607
    endloop
  endfacet
  facet normal 0.908064 0.243314 0.340908
    outer loop
      vertex 58.1225 27.0192 102.659
      vertex 56.3297 29.5796 105.607
      vertex 57.0657 26.8328 105.607
    endloop
  endfacet
  facet normal 0.695363 -0.324235 -0.64136
    outer loop
      vertex 54.8555 -37.043 81.6756
      vertex 52.0227 -38.364 79.2721
      vertex 52.9603 -36.3532 79.2721
    endloop
  endfacet
  facet normal 0.837313 -0.224354 -0.49857
    outer loop
      vertex 57.0657 -34.8328 84.3929
      vertex 54.8555 -37.043 81.6756
      vertex 55.5207 -34.5604 81.6756
    endloop
  endfacet
  facet normal 0.224357 -0.837314 -0.498568
    outer loop
      vertex 46.5796 -47.3297 84.3929
      vertex 43.8328 -48.0657 84.3929
      vertex 46.043 -45.8555 81.6756
    endloop
  endfacet
  facet normal 0.0437158 -0.499514 -0.865202
    outer loop
      vertex 42.7928 -42.1675 77.2553
      vertex 41 -42.3244 77.2553
      vertex 41 -39.6071 75.6865
    endloop
  endfacet
  facet normal 0.741105 -0.198608 -0.641341
    outer loop
      vertex 55.5207 -34.5604 81.6756
      vertex 52.9603 -36.3532 79.2721
      vertex 53.5346 -34.2102 79.2721
    endloop
  endfacet
  facet normal 0.764326 -0.0668681 -0.641353
    outer loop
      vertex 55.5207 -34.5604 81.6756
      vertex 53.7279 -32 79.2721
      vertex 55.7447 -32 81.6756
    endloop
  endfacet
  facet normal 0.583873 0.272249 -0.764835
    outer loop
      vertex 52.9603 28.3532 79.2721
      vertex 49.9412 29.1622 77.2553
      vertex 52.0227 30.364 79.2721
    endloop
  endfacet
  facet normal 0.0561273 0.641762 -0.764847
    outer loop
      vertex 42.7928 34.1675 77.2553
      vertex 41 36.7279 79.2721
      vertex 43.2102 36.5346 79.2721
    endloop
  endfacet
  facet normal 0 0.34204 -0.939685
    outer loop
      vertex -41 28.6587 74.6133
      vertex 41 31.6071 75.6865
      vertex 41 28.6587 74.6133
    endloop
  endfacet
  facet normal 0 0.34204 -0.939685
    outer loop
      vertex 41 31.6071 75.6865
      vertex -41 28.6587 74.6133
      vertex -41 31.6071 75.6865
    endloop
  endfacet
  facet normal -0.764326 0.0668681 -0.641353
    outer loop
      vertex -53.7279 24 79.2721
      vertex -55.7447 24 81.6756
      vertex -55.5207 26.5604 81.6756
    endloop
  endfacet
  facet normal -0.166744 0.622266 -0.764841
    outer loop
      vertex -44.5311 33.7017 77.2553
      vertex -45.3532 35.9603 79.2721
      vertex -42.7928 34.1675 77.2553
    endloop
  endfacet
  facet normal 0 0.98481 -0.173638
    outer loop
      vertex 41 41.3867 87.3413
      vertex -41 41.9315 90.4312
      vertex 41 41.9315 90.4312
    endloop
  endfacet
  facet normal 0 0.98481 -0.173638
    outer loop
      vertex -41 41.9315 90.4312
      vertex 41 41.3867 87.3413
      vertex -41 41.3867 87.3413
    endloop
  endfacet
  facet normal 0.366355 0.785629 -0.498569
    outer loop
      vertex 49.1568 38.1279 84.3929
      vertex 46.043 37.8555 81.6756
      vertex 46.5796 39.3297 84.3929
    endloop
  endfacet
  facet normal 0.324248 0.695363 -0.641353
    outer loop
      vertex 47.364 35.0227 79.2721
      vertex 46.043 37.8555 81.6756
      vertex 48.3724 36.7693 81.6756
    endloop
  endfacet
  facet normal -0.852014 0.397311 0.340904
    outer loop
      vertex -55.1279 32.1568 105.607
      vertex -57.3381 29.9466 102.659
      vertex -56.3297 29.5796 105.607
    endloop
  endfacet
  facet normal -0.80681 0.564923 0.172972
    outer loop
      vertex -54.7363 35.5261 99.5688
      vertex -56.0573 32.6933 102.659
      vertex -54.319 35.1759 102.659
    endloop
  endfacet
  facet normal -0.416246 0.892644 0.172991
    outer loop
      vertex -47.1329 40.8501 99.5688
      vertex -49.9658 39.5291 99.5688
      vertex -49.6933 39.0573 102.659
    endloop
  endfacet
  facet normal -0.539218 0.77008 0.34091
    outer loop
      vertex -49.6933 39.0573 102.659
      vertex -51.4861 36.4969 105.607
      vertex -49.1568 38.1279 105.607
    endloop
  endfacet
  facet normal -0.324263 0.695422 0.641281
    outer loop
      vertex -46.043 37.8555 108.324
      vertex -47.364 35.0227 110.728
      vertex -45.3532 35.9603 110.728
    endloop
  endfacet
  facet normal -0.324276 0.695422 0.641275
    outer loop
      vertex -46.043 37.8555 108.324
      vertex -48.3724 36.7693 108.324
      vertex -47.364 35.0227 110.728
    endloop
  endfacet
  facet normal -0.764338 0.0668476 -0.641341
    outer loop
      vertex -53.7279 24 79.2721
      vertex -55.5207 26.5604 81.6756
      vertex -53.5346 26.2102 79.2721
    endloop
  endfacet
  facet normal -0.484354 0.129786 -0.865192
    outer loop
      vertex -48.4916 25.321 75.6865
      vertex -50.7017 27.5311 77.2553
      vertex -48.1484 26.6018 75.6865
    endloop
  endfacet
  facet normal -0.965923 0.258829 0
    outer loop
      vertex -58.6591 27.1138 90.4312
      vertex -57.8501 30.1329 99.5688
      vertex -57.8501 30.1329 90.4312
    endloop
  endfacet
  facet normal -0.965923 0.258829 0
    outer loop
      vertex -57.8501 30.1329 99.5688
      vertex -58.6591 27.1138 90.4312
      vertex -58.6591 27.1138 99.5688
    endloop
  endfacet
  facet normal -0.996195 0.0871487 0
    outer loop
      vertex -58.9315 24 90.4312
      vertex -58.6591 27.1138 99.5688
      vertex -58.6591 27.1138 90.4312
    endloop
  endfacet
  facet normal -0.996195 0.0871487 0
    outer loop
      vertex -58.6591 27.1138 99.5688
      vertex -58.9315 24 90.4312
      vertex -58.9315 24 99.5688
    endloop
  endfacet
  facet normal -0.354601 0.354601 0.865168
    outer loop
      vertex -47.6364 31.9089 112.745
      vertex -46.8274 28.8898 114.314
      vertex -45.8898 29.8274 114.314
    endloop
  endfacet
  facet normal -0.354601 0.354601 0.865168
    outer loop
      vertex -46.8274 28.8898 114.314
      vertex -47.6364 31.9089 112.745
      vertex -48.9089 30.6364 112.745
    endloop
  endfacet
  facet normal -0.331444 0.0888129 0.939285
    outer loop
      vertex -48.1484 26.6018 114.314
      vertex -48.4916 25.321 114.314
      vertex -45.588 24.809 115.387
    endloop
  endfacet
  facet normal -0.622302 0.166754 0.764809
    outer loop
      vertex -50.7017 27.5311 112.745
      vertex -52.9603 28.3532 110.728
      vertex -51.1675 25.7928 112.745
    endloop
  endfacet
  facet normal -0.281076 0.196821 0.939286
    outer loop
      vertex -46.8274 28.8898 114.314
      vertex -47.588 27.8036 114.314
      vertex -44.5688 26.9946 115.387
    endloop
  endfacet
  facet normal -0.168399 0.0451268 0.984685
    outer loop
      vertex -45.3778 25.5934 115.387
      vertex -45.588 24.809 115.387
      vertex -42.4742 24.5366 115.932
    endloop
  endfacet
  facet normal -0.281076 0.196821 0.939286
    outer loop
      vertex -44.5688 26.9946 115.387
      vertex -47.588 27.8036 114.314
      vertex -45.0346 26.3294 115.387
    endloop
  endfacet
  facet normal -0.287646 0.410783 0.865169
    outer loop
      vertex -44.8036 30.588 114.314
      vertex -46.1622 32.9412 112.745
      vertex -45.8898 29.8274 114.314
    endloop
  endfacet
  facet normal -0.129801 0.484399 0.865164
    outer loop
      vertex -42.7928 34.1675 112.745
      vertex -44.5311 33.7017 112.745
      vertex -42.321 31.4916 114.314
    endloop
  endfacet
  facet normal -0.0436804 0.499583 0.865164
    outer loop
      vertex -41 31.6071 114.314
      vertex -42.7928 34.1675 112.745
      vertex -42.321 31.4916 114.314
    endloop
  endfacet
  facet normal -0.0755468 0.863527 0.498612
    outer loop
      vertex -41 38.7447 108.324
      vertex -43.8328 40.0657 105.607
      vertex -43.5604 38.5207 108.324
    endloop
  endfacet
  facet normal -0.0561695 0.641815 0.7648
    outer loop
      vertex -41 36.7279 110.728
      vertex -42.7928 34.1675 112.745
      vertex -41 34.3244 112.745
    endloop
  endfacet
  facet normal 0.539218 0.77008 0.34091
    outer loop
      vertex 49.6933 39.0573 102.659
      vertex 49.1568 38.1279 105.607
      vertex 51.4861 36.4969 105.607
    endloop
  endfacet
  facet normal 0.527755 0.369522 0.764806
    outer loop
      vertex 50.7502 32.1814 110.728
      vertex 49.9412 29.1622 112.745
      vertex 52.0227 30.364 110.728
    endloop
  endfacet
  facet normal 0.770084 0.539208 0.34092
    outer loop
      vertex 54.319 35.1759 102.659
      vertex 53.4969 34.4861 105.607
      vertex 56.0573 32.6933 102.659
    endloop
  endfacet
  facet normal 0.785619 0.366334 0.4986
    outer loop
      vertex 55.1279 32.1568 105.607
      vertex 53.7693 31.3724 108.324
      vertex 54.8555 29.043 108.324
    endloop
  endfacet
  facet normal 0.416245 0.892642 -0.173007
    outer loop
      vertex 49.6933 39.0573 87.3413
      vertex 47.1329 40.8501 90.4312
      vertex 49.9658 39.5291 90.4312
    endloop
  endfacet
  facet normal 0.422617 0.906308 -0
    outer loop
      vertex 49.9658 39.5291 90.4312
      vertex 47.1329 40.8501 99.5688
      vertex 49.9658 39.5291 99.5688
    endloop
  endfacet
  facet normal 0.422617 0.906308 0
    outer loop
      vertex 47.1329 40.8501 99.5688
      vertex 49.9658 39.5291 90.4312
      vertex 47.1329 40.8501 90.4312
    endloop
  endfacet
  facet normal 0.416243 0.892642 -0.173008
    outer loop
      vertex 49.6933 39.0573 87.3413
      vertex 46.9466 40.3381 87.3413
      vertex 47.1329 40.8501 90.4312
    endloop
  endfacet
  facet normal 0.397306 0.852029 -0.340873
    outer loop
      vertex 49.1568 38.1279 84.3929
      vertex 46.9466 40.3381 87.3413
      vertex 49.6933 39.0573 87.3413
    endloop
  endfacet
  facet normal -0.258829 0.965923 0
    outer loop
      vertex -44.1138 41.6591 90.4312
      vertex -47.1329 40.8501 99.5688
      vertex -44.1138 41.6591 99.5688
    endloop
  endfacet
  facet normal -0.258829 0.965923 0
    outer loop
      vertex -47.1329 40.8501 99.5688
      vertex -44.1138 41.6591 90.4312
      vertex -47.1329 40.8501 90.4312
    endloop
  endfacet
  facet normal -0.366345 0.785641 -0.498558
    outer loop
      vertex -48.3724 36.7693 81.6756
      vertex -49.1568 38.1279 84.3929
      vertex -46.043 37.8555 81.6756
    endloop
  endfacet
  facet normal -0.573589 0.819143 0
    outer loop
      vertex -49.9658 39.5291 90.4312
      vertex -52.5261 37.7363 99.5688
      vertex -49.9658 39.5291 99.5688
    endloop
  endfacet
  facet normal -0.573589 0.819143 0
    outer loop
      vertex -52.5261 37.7363 99.5688
      vertex -49.9658 39.5291 90.4312
      vertex -52.5261 37.7363 90.4312
    endloop
  endfacet
  facet normal -0.397318 -0.852028 -0.340863
    outer loop
      vertex -46.9466 -48.3381 87.3413
      vertex -49.1568 -46.1279 84.3929
      vertex -46.5796 -47.3297 84.3929
    endloop
  endfacet
  facet normal -0.366355 -0.785629 -0.498569
    outer loop
      vertex -46.5796 -47.3297 84.3929
      vertex -49.1568 -46.1279 84.3929
      vertex -46.043 -45.8555 81.6756
    endloop
  endfacet
  facet normal -0.0858594 -0.981176 0.172981
    outer loop
      vertex -41 -49.3867 102.659
      vertex -44.0192 -49.1225 102.659
      vertex -41 -49.9315 99.5688
    endloop
  endfacet
  facet normal -0.243318 -0.908078 -0.340867
    outer loop
      vertex -44.0192 -49.1225 87.3413
      vertex -46.5796 -47.3297 84.3929
      vertex -43.8328 -48.0657 84.3929
    endloop
  endfacet
  facet normal 0 -0.98481 -0.173638
    outer loop
      vertex -41 -49.3867 87.3413
      vertex 41 -49.9315 90.4312
      vertex -41 -49.9315 90.4312
    endloop
  endfacet
  facet normal 0 -0.98481 -0.173638
    outer loop
      vertex 41 -49.9315 90.4312
      vertex -41 -49.3867 87.3413
      vertex 41 -49.3867 87.3413
    endloop
  endfacet
  facet normal -0.0755398 -0.863556 -0.498563
    outer loop
      vertex -41 -48.3135 84.3929
      vertex -43.8328 -48.0657 84.3929
      vertex -41 -46.7447 81.6756
    endloop
  endfacet
  facet normal 0 -0.86603 -0.499992
    outer loop
      vertex -41 -46.7447 81.6756
      vertex 41 -48.3135 84.3929
      vertex -41 -48.3135 84.3929
    endloop
  endfacet
  facet normal 0 -0.86603 -0.499992
    outer loop
      vertex 41 -48.3135 84.3929
      vertex -41 -46.7447 81.6756
      vertex 41 -46.7447 81.6756
    endloop
  endfacet
  facet normal -0.0755489 -0.863551 -0.49857
    outer loop
      vertex -41 -46.7447 81.6756
      vertex -43.8328 -48.0657 84.3929
      vertex -43.5604 -46.5207 81.6756
    endloop
  endfacet
  facet normal -0.224354 -0.837313 -0.49857
    outer loop
      vertex -43.8328 -48.0657 84.3929
      vertex -46.043 -45.8555 81.6756
      vertex -43.5604 -46.5207 81.6756
    endloop
  endfacet
  facet normal -0.0668476 -0.764338 -0.641341
    outer loop
      vertex -41 -44.7279 79.2721
      vertex -43.5604 -46.5207 81.6756
      vertex -43.2102 -44.5346 79.2721
    endloop
  endfacet
  facet normal 0.0888275 -0.331499 -0.939265
    outer loop
      vertex 42.321 -39.4916 75.6865
      vertex 41.809 -36.588 74.6133
      vertex 43.6018 -39.1484 75.6865
    endloop
  endfacet
  facet normal 0.0888326 0.331495 -0.939265
    outer loop
      vertex 42.5934 28.3778 74.6133
      vertex 41.809 28.588 74.6133
      vertex 43.6018 31.1484 75.6865
    endloop
  endfacet
  facet normal 0.243318 -0.908078 -0.340867
    outer loop
      vertex 44.0192 -49.1225 87.3413
      vertex 43.8328 -48.0657 84.3929
      vertex 46.5796 -47.3297 84.3929
    endloop
  endfacet
  facet normal 0.564939 -0.80679 -0.173012
    outer loop
      vertex 49.9658 -47.5291 90.4312
      vertex 49.6933 -47.0573 87.3413
      vertex 52.5261 -45.7363 90.4312
    endloop
  endfacet
  facet normal 0.416246 -0.892644 0.172991
    outer loop
      vertex 49.6933 -47.0573 102.659
      vertex 47.1329 -48.8501 99.5688
      vertex 49.9658 -47.5291 99.5688
    endloop
  endfacet
  facet normal -0.254927 -0.951358 0.173003
    outer loop
      vertex -44.0192 -49.1225 102.659
      vertex -47.1329 -48.8501 99.5688
      vertex -44.1138 -49.6591 99.5688
    endloop
  endfacet
  facet normal -0.573589 -0.819143 0
    outer loop
      vertex -52.5261 -45.7363 90.4312
      vertex -49.9658 -47.5291 99.5688
      vertex -52.5261 -45.7363 99.5688
    endloop
  endfacet
  facet normal -0.573589 -0.819143 -0
    outer loop
      vertex -49.9658 -47.5291 99.5688
      vertex -52.5261 -45.7363 90.4312
      vertex -49.9658 -47.5291 90.4312
    endloop
  endfacet
  facet normal -0.696446 -0.696446 -0.17299
    outer loop
      vertex -52.1759 -45.319 87.3413
      vertex -54.7363 -43.5261 90.4312
      vertex -54.319 -43.1759 87.3413
    endloop
  endfacet
  facet normal -0.696446 -0.696446 -0.17299
    outer loop
      vertex -54.7363 -43.5261 90.4312
      vertex -52.1759 -45.319 87.3413
      vertex -52.5261 -45.7363 90.4312
    endloop
  endfacet
  facet normal -0.707107 -0.707107 0
    outer loop
      vertex -52.5261 -45.7363 90.4312
      vertex -54.7363 -43.5261 99.5688
      vertex -54.7363 -43.5261 90.4312
    endloop
  endfacet
  facet normal -0.707107 -0.707107 0
    outer loop
      vertex -54.7363 -43.5261 99.5688
      vertex -52.5261 -45.7363 90.4312
      vertex -52.5261 -45.7363 99.5688
    endloop
  endfacet
  facet normal -0.710079 -0.49722 -0.498558
    outer loop
      vertex -52.2951 -41.4777 81.6756
      vertex -55.1279 -40.1568 84.3929
      vertex -53.7693 -39.3724 81.6756
    endloop
  endfacet
  facet normal -0.710081 -0.497206 -0.498568
    outer loop
      vertex -53.4969 -42.4861 84.3929
      vertex -55.1279 -40.1568 84.3929
      vertex -52.2951 -41.4777 81.6756
    endloop
  endfacet
  facet normal -0.764392 -0.0668738 0.641275
    outer loop
      vertex -53.7279 -32 110.728
      vertex -55.7447 -32 108.324
      vertex -55.5207 -34.5604 108.324
    endloop
  endfacet
  facet normal -0.866006 0 0.500033
    outer loop
      vertex -57.3135 -32 105.607
      vertex -55.7447 24 108.324
      vertex -57.3135 24 105.607
    endloop
  endfacet
  facet normal -0.866006 0 0.500033
    outer loop
      vertex -55.7447 24 108.324
      vertex -57.3135 -32 105.607
      vertex -55.7447 -32 108.324
    endloop
  endfacet
  facet normal -0.710062 -0.497193 0.498609
    outer loop
      vertex -52.2951 -41.4777 108.324
      vertex -55.1279 -40.1568 105.607
      vertex -53.4969 -42.4861 105.607
    endloop
  endfacet
  facet normal -0.77008 -0.539218 0.34091
    outer loop
      vertex -55.1279 -40.1568 105.607
      vertex -56.0573 -40.6933 102.659
      vertex -53.4969 -42.4861 105.607
    endloop
  endfacet
  facet normal 0.422617 -0.906308 0
    outer loop
      vertex 47.1329 -48.8501 90.4312
      vertex 49.9658 -47.5291 99.5688
      vertex 47.1329 -48.8501 99.5688
    endloop
  endfacet
  facet normal 0.422617 -0.906308 0
    outer loop
      vertex 49.9658 -47.5291 99.5688
      vertex 47.1329 -48.8501 90.4312
      vertex 49.9658 -47.5291 90.4312
    endloop
  endfacet
  facet normal 0.366345 -0.785641 -0.498558
    outer loop
      vertex 49.1568 -46.1279 84.3929
      vertex 46.043 -45.8555 81.6756
      vertex 48.3724 -44.7693 81.6756
    endloop
  endfacet
  facet normal 0.696446 -0.696446 -0.17299
    outer loop
      vertex 54.7363 -43.5261 90.4312
      vertex 52.1759 -45.319 87.3413
      vertex 54.319 -43.1759 87.3413
    endloop
  endfacet
  facet normal 0.696446 -0.696446 -0.17299
    outer loop
      vertex 52.1759 -45.319 87.3413
      vertex 54.7363 -43.5261 90.4312
      vertex 52.5261 -45.7363 90.4312
    endloop
  endfacet
  facet normal 0.770096 -0.539216 -0.340879
    outer loop
      vertex 54.319 -43.1759 87.3413
      vertex 53.4969 -42.4861 84.3929
      vertex 56.0573 -40.6933 87.3413
    endloop
  endfacet
  facet normal 0.80679 -0.564939 -0.173012
    outer loop
      vertex 56.5291 -40.9658 90.4312
      vertex 54.7363 -43.5261 90.4312
      vertex 56.0573 -40.6933 87.3413
    endloop
  endfacet
  facet normal 0.819143 -0.573589 0
    outer loop
      vertex 54.7363 -43.5261 99.5688
      vertex 56.5291 -40.9658 90.4312
      vertex 56.5291 -40.9658 99.5688
    endloop
  endfacet
  facet normal 0.819143 -0.573589 0
    outer loop
      vertex 56.5291 -40.9658 90.4312
      vertex 54.7363 -43.5261 99.5688
      vertex 54.7363 -43.5261 90.4312
    endloop
  endfacet
  facet normal 0.785641 -0.366345 -0.498558
    outer loop
      vertex 55.1279 -40.1568 84.3929
      vertex 53.7693 -39.3724 81.6756
      vertex 54.8555 -37.043 81.6756
    endloop
  endfacet
  facet normal 0.785629 -0.366355 -0.498569
    outer loop
      vertex 55.1279 -40.1568 84.3929
      vertex 54.8555 -37.043 81.6756
      vertex 56.3297 -37.5796 84.3929
    endloop
  endfacet
  facet normal 0.211917 -0.454513 0.865164
    outer loop
      vertex 46.1622 -40.9412 112.745
      vertex 43.6018 -39.1484 114.314
      vertex 44.5311 -41.7017 112.745
    endloop
  endfacet
  facet normal 0.272246 -0.583906 0.764811
    outer loop
      vertex 46.1622 -40.9412 112.745
      vertex 44.5311 -41.7017 112.745
      vertex 45.3532 -43.9603 110.728
    endloop
  endfacet
  facet normal 0 -0.64283 0.766009
    outer loop
      vertex -41 -42.3244 112.745
      vertex 41 -44.7279 110.728
      vertex 41 -42.3244 112.745
    endloop
  endfacet
  facet normal 0 -0.64283 0.766009
    outer loop
      vertex 41 -44.7279 110.728
      vertex -41 -42.3244 112.745
      vertex -41 -44.7279 110.728
    endloop
  endfacet
  facet normal -0.198625 -0.741169 0.641262
    outer loop
      vertex -43.2102 -44.5346 110.728
      vertex -45.3532 -43.9603 110.728
      vertex -43.5604 -46.5207 108.324
    endloop
  endfacet
  facet normal -0.0298879 -0.341834 0.939285
    outer loop
      vertex -41.809 -36.588 115.387
      vertex -42.321 -39.4916 114.314
      vertex -41 -39.6071 114.314
    endloop
  endfacet
  facet normal -0.369537 -0.527727 0.764818
    outer loop
      vertex -47.6364 -39.9089 112.745
      vertex -49.1814 -41.7502 110.728
      vertex -46.1622 -40.9412 112.745
    endloop
  endfacet
  facet normal -0.287648 -0.410782 0.865168
    outer loop
      vertex -45.8898 -37.8274 114.314
      vertex -47.6364 -39.9089 112.745
      vertex -46.1622 -40.9412 112.745
    endloop
  endfacet
  facet normal -0.369522 -0.527755 0.764806
    outer loop
      vertex -46.1622 -40.9412 112.745
      vertex -49.1814 -41.7502 110.728
      vertex -47.364 -43.0227 110.728
    endloop
  endfacet
  facet normal -0.539208 -0.770084 0.34092
    outer loop
      vertex -51.4861 -44.4969 105.607
      vertex -52.1759 -45.319 102.659
      vertex -49.6933 -47.0573 102.659
    endloop
  endfacet
  facet normal -0.416245 -0.892644 0.172992
    outer loop
      vertex -46.9466 -48.3381 102.659
      vertex -49.6933 -47.0573 102.659
      vertex -47.1329 -48.8501 99.5688
    endloop
  endfacet
  facet normal 0 -0.866006 0.500033
    outer loop
      vertex -41 -48.3135 105.607
      vertex 41 -46.7447 108.324
      vertex -41 -46.7447 108.324
    endloop
  endfacet
  facet normal 0 -0.866006 0.500033
    outer loop
      vertex 41 -46.7447 108.324
      vertex -41 -48.3135 105.607
      vertex 41 -48.3135 105.607
    endloop
  endfacet
  facet normal -0.224351 -0.837291 0.498609
    outer loop
      vertex -46.043 -45.8555 108.324
      vertex -46.5796 -47.3297 105.607
      vertex -43.8328 -48.0657 105.607
    endloop
  endfacet
  facet normal 0 -0.939671 0.342081
    outer loop
      vertex -41 -49.3867 102.659
      vertex 41 -48.3135 105.607
      vertex -41 -48.3135 105.607
    endloop
  endfacet
  facet normal 0 -0.939671 0.342081
    outer loop
      vertex 41 -48.3135 105.607
      vertex -41 -49.3867 102.659
      vertex 41 -49.3867 102.659
    endloop
  endfacet
  facet normal 0.0755468 -0.863527 0.498612
    outer loop
      vertex 43.5604 -46.5207 108.324
      vertex 41 -46.7447 108.324
      vertex 43.8328 -48.0657 105.607
    endloop
  endfacet
  facet normal 0.397311 -0.852014 0.340904
    outer loop
      vertex 49.1568 -46.1279 105.607
      vertex 46.5796 -47.3297 105.607
      vertex 46.9466 -48.3381 102.659
    endloop
  endfacet
  facet normal 0.17368 0.0151782 0.984685
    outer loop
      vertex 45.588 24.809 115.387
      vertex 42.545 24.2724 115.932
      vertex 45.6587 24 115.387
    endloop
  endfacet
  facet normal 0.837291 0.224351 0.498609
    outer loop
      vertex 56.3297 29.5796 105.607
      vertex 54.8555 29.043 108.324
      vertex 57.0657 26.8328 105.607
    endloop
  endfacet
  facet normal -0.0451274 -0.168399 0.984685
    outer loop
      vertex -41.5366 -33.4742 115.932
      vertex -41.809 -36.588 115.387
      vertex -41.2724 -33.545 115.932
    endloop
  endfacet
  facet normal 0.158005 -0.0736783 0.984686
    outer loop
      vertex 45.3778 -33.5934 115.387
      vertex 42.3586 -32.7844 115.932
      vertex 45.0346 -34.3294 115.387
    endloop
  endfacet
  facet normal 0.0888129 -0.331444 0.939285
    outer loop
      vertex 43.6018 -39.1484 114.314
      vertex 41.809 -36.588 115.387
      vertex 42.321 -39.4916 114.314
    endloop
  endfacet
  facet normal 0.341834 -0.0298879 0.939285
    outer loop
      vertex 48.6071 -32 114.314
      vertex 45.588 -32.809 115.387
      vertex 48.4916 -33.321 114.314
    endloop
  endfacet
  facet normal -0.0999796 0.142828 0.984685
    outer loop
      vertex -41.7844 25.3586 115.932
      vertex -43.9946 27.5688 115.387
      vertex -42.0084 25.2018 115.932
    endloop
  endfacet
  facet normal -0.0736783 0.158005 0.984686
    outer loop
      vertex -42.5934 28.3778 115.387
      vertex -43.3294 28.0346 115.387
      vertex -41.7844 25.3586 115.932
    endloop
  endfacet
  facet normal -0.906308 -0.422617 0
    outer loop
      vertex -56.5291 -40.9658 90.4312
      vertex -57.8501 -38.1329 99.5688
      vertex -57.8501 -38.1329 90.4312
    endloop
  endfacet
  facet normal -0.906308 -0.422617 0
    outer loop
      vertex -57.8501 -38.1329 99.5688
      vertex -56.5291 -40.9658 90.4312
      vertex -56.5291 -40.9658 99.5688
    endloop
  endfacet
  facet normal -0.806793 -0.564941 0.172996
    outer loop
      vertex -56.0573 -40.6933 102.659
      vertex -56.5291 -40.9658 99.5688
      vertex -54.7363 -43.5261 99.5688
    endloop
  endfacet
  facet normal -0.892644 -0.416245 0.172992
    outer loop
      vertex -57.3381 -37.9466 102.659
      vertex -57.8501 -38.1329 99.5688
      vertex -56.0573 -40.6933 102.659
    endloop
  endfacet
  facet normal -0.951362 -0.254918 0.172995
    outer loop
      vertex -57.3381 -37.9466 102.659
      vertex -58.1225 -35.0192 102.659
      vertex -57.8501 -38.1329 99.5688
    endloop
  endfacet
  facet normal -0.622291 -0.166767 0.764816
    outer loop
      vertex -51.1675 -33.7928 112.745
      vertex -53.5346 -34.2102 110.728
      vertex -52.9603 -36.3532 110.728
    endloop
  endfacet
  facet normal -0.6418 -0.0561306 0.764815
    outer loop
      vertex -51.1675 -33.7928 112.745
      vertex -53.7279 -32 110.728
      vertex -53.5346 -34.2102 110.728
    endloop
  endfacet
  facet normal -0.440107 -0.628566 0.641257
    outer loop
      vertex -49.1814 -41.7502 110.728
      vertex -50.4777 -43.2951 108.324
      vertex -47.364 -43.0227 110.728
    endloop
  endfacet
  facet normal -0.837291 -0.224351 0.498609
    outer loop
      vertex -54.8555 -37.043 108.324
      vertex -57.0657 -34.8328 105.607
      vertex -56.3297 -37.5796 105.607
    endloop
  endfacet
  facet normal -0.785608 -0.366345 0.49861
    outer loop
      vertex -54.8555 -37.043 108.324
      vertex -56.3297 -37.5796 105.607
      vertex -55.1279 -40.1568 105.607
    endloop
  endfacet
  facet normal -0.455526 -0.455526 -0.764848
    outer loop
      vertex -49.1814 -41.7502 79.2721
      vertex -48.9089 -38.6364 77.2553
      vertex -47.6364 -39.9089 77.2553
    endloop
  endfacet
  facet normal -0.455526 -0.455526 -0.764848
    outer loop
      vertex -48.9089 -38.6364 77.2553
      vertex -49.1814 -41.7502 79.2721
      vertex -50.7502 -40.1814 79.2721
    endloop
  endfacet
  facet normal -0.583873 -0.272249 -0.764835
    outer loop
      vertex -52.0227 -38.364 79.2721
      vertex -52.9603 -36.3532 79.2721
      vertex -49.9412 -37.1622 77.2553
    endloop
  endfacet
  facet normal -0.198608 -0.741105 -0.641341
    outer loop
      vertex -43.5604 -46.5207 81.6756
      vertex -45.3532 -43.9603 79.2721
      vertex -43.2102 -44.5346 79.2721
    endloop
  endfacet
  facet normal -0.198574 -0.741099 -0.641359
    outer loop
      vertex -43.5604 -46.5207 81.6756
      vertex -46.043 -45.8555 81.6756
      vertex -45.3532 -43.9603 79.2721
    endloop
  endfacet
  facet normal -0.641777 -0.0561663 -0.764831
    outer loop
      vertex -51.1675 -33.7928 77.2553
      vertex -53.7279 -32 79.2721
      vertex -51.3244 -32 77.2553
    endloop
  endfacet
  facet normal -0.0437158 -0.499514 -0.865202
    outer loop
      vertex -41 -42.3244 77.2553
      vertex -42.7928 -42.1675 77.2553
      vertex -41 -39.6071 75.6865
    endloop
  endfacet
  facet normal 0.168339 0.0451108 -0.984696
    outer loop
      vertex 45.588 24.809 74.6133
      vertex 42.4742 24.5366 74.0685
      vertex 45.3778 25.5934 74.6133
    endloop
  endfacet
  facet normal 0.0736521 0.157949 -0.984697
    outer loop
      vertex 43.3294 28.0346 74.6133
      vertex 41.7844 25.3586 74.0685
      vertex 42.5934 28.3778 74.6133
    endloop
  endfacet
  facet normal 0.129786 0.484354 -0.865192
    outer loop
      vertex 43.6018 31.1484 75.6865
      vertex 42.321 31.4916 75.6865
      vertex 44.5311 33.7017 77.2553
    endloop
  endfacet
  facet normal -0.242634 -0.242634 0.939286
    outer loop
      vertex -44.5688 -34.9946 115.387
      vertex -45.8898 -37.8274 114.314
      vertex -43.9946 -35.5688 115.387
    endloop
  endfacet
  facet normal -0.242634 -0.242634 0.939286
    outer loop
      vertex -45.8898 -37.8274 114.314
      vertex -44.5688 -34.9946 115.387
      vertex -46.8274 -36.8898 114.314
    endloop
  endfacet
  facet normal -0.454496 -0.211932 0.865169
    outer loop
      vertex -48.1484 -34.6018 114.314
      vertex -49.9412 -37.1622 112.745
      vertex -47.588 -35.8036 114.314
    endloop
  endfacet
  facet normal -0.341834 -0.0298879 0.939285
    outer loop
      vertex -45.588 -32.809 115.387
      vertex -48.6071 -32 114.314
      vertex -48.4916 -33.321 114.314
    endloop
  endfacet
  facet normal -0.157997 -0.0737065 0.984685
    outer loop
      vertex -42.4742 -32.5366 115.932
      vertex -45.3778 -33.5934 115.387
      vertex -42.3586 -32.7844 115.932
    endloop
  endfacet
  facet normal -0.622302 -0.166754 0.764809
    outer loop
      vertex -51.1675 -33.7928 112.745
      vertex -52.9603 -36.3532 110.728
      vertex -50.7017 -35.5311 112.745
    endloop
  endfacet
  facet normal -0.583906 -0.272246 0.764811
    outer loop
      vertex -50.7017 -35.5311 112.745
      vertex -52.9603 -36.3532 110.728
      vertex -49.9412 -37.1622 112.745
    endloop
  endfacet
  facet normal -0.741169 0.198625 0.641262
    outer loop
      vertex -52.9603 28.3532 110.728
      vertex -55.5207 26.5604 108.324
      vertex -53.5346 26.2102 110.728
    endloop
  endfacet
  facet normal -0.741162 0.198591 0.64128
    outer loop
      vertex -54.8555 29.043 108.324
      vertex -55.5207 26.5604 108.324
      vertex -52.9603 28.3532 110.728
    endloop
  endfacet
  facet normal -0.785608 0.366345 0.49861
    outer loop
      vertex -55.1279 32.1568 105.607
      vertex -56.3297 29.5796 105.607
      vertex -54.8555 29.043 108.324
    endloop
  endfacet
  facet normal -0.710062 0.497193 0.498609
    outer loop
      vertex -53.4969 34.4861 105.607
      vertex -55.1279 32.1568 105.607
      vertex -52.2951 33.4777 108.324
    endloop
  endfacet
  facet normal -0.583906 0.272265 0.764804
    outer loop
      vertex -52.0227 30.364 110.728
      vertex -52.9603 28.3532 110.728
      vertex -49.9412 29.1622 112.745
    endloop
  endfacet
  facet normal 0.224357 0.837314 -0.498568
    outer loop
      vertex 46.043 37.8555 81.6756
      vertex 43.8328 40.0657 84.3929
      vertex 46.5796 39.3297 84.3929
    endloop
  endfacet
  facet normal 0.243318 0.908078 -0.340867
    outer loop
      vertex 46.5796 39.3297 84.3929
      vertex 43.8328 40.0657 84.3929
      vertex 44.0192 41.1225 87.3413
    endloop
  endfacet
  facet normal 0.628512 0.440069 -0.641336
    outer loop
      vertex 52.0227 30.364 79.2721
      vertex 50.7502 32.1814 79.2721
      vertex 52.2951 33.4777 81.6756
    endloop
  endfacet
  facet normal 0.454453 0.211912 -0.865197
    outer loop
      vertex 48.1484 26.6018 75.6865
      vertex 47.588 27.8036 75.6865
      vertex 49.9412 29.1622 77.2553
    endloop
  endfacet
  facet normal 0.484353 0.129789 -0.865192
    outer loop
      vertex 51.1675 25.7928 77.2553
      vertex 48.4916 25.321 75.6865
      vertex 50.7017 27.5311 77.2553
    endloop
  endfacet
  facet normal 0.612956 0.612956 -0.498567
    outer loop
      vertex 53.4969 34.4861 84.3929
      vertex 50.4777 35.2951 81.6756
      vertex 51.4861 36.4969 84.3929
    endloop
  endfacet
  facet normal 0.612956 0.612956 -0.498567
    outer loop
      vertex 50.4777 35.2951 81.6756
      vertex 53.4969 34.4861 84.3929
      vertex 52.2951 33.4777 81.6756
    endloop
  endfacet
  facet normal 0.440069 0.628512 -0.641336
    outer loop
      vertex 49.1814 33.7502 79.2721
      vertex 47.364 35.0227 79.2721
      vertex 50.4777 35.2951 81.6756
    endloop
  endfacet
  facet normal 0.696446 0.696446 -0.17299
    outer loop
      vertex 54.7363 35.5261 90.4312
      vertex 52.1759 37.319 87.3413
      vertex 52.5261 37.7363 90.4312
    endloop
  endfacet
  facet normal 0.696446 0.696446 -0.17299
    outer loop
      vertex 52.1759 37.319 87.3413
      vertex 54.7363 35.5261 90.4312
      vertex 54.319 35.1759 87.3413
    endloop
  endfacet
  facet normal 0.837314 0.224357 -0.498568
    outer loop
      vertex 57.0657 26.8328 84.3929
      vertex 54.8555 29.043 81.6756
      vertex 56.3297 29.5796 84.3929
    endloop
  endfacet
  facet normal 0.785629 0.366355 -0.498569
    outer loop
      vertex 56.3297 29.5796 84.3929
      vertex 54.8555 29.043 81.6756
      vertex 55.1279 32.1568 84.3929
    endloop
  endfacet
  facet normal 0.892644 0.416246 0.172991
    outer loop
      vertex 56.5291 32.9658 99.5688
      vertex 56.0573 32.6933 102.659
      vertex 57.8501 30.1329 99.5688
    endloop
  endfacet
  facet normal 0.806793 0.564941 0.172996
    outer loop
      vertex 56.5291 32.9658 99.5688
      vertex 54.7363 35.5261 99.5688
      vertex 56.0573 32.6933 102.659
    endloop
  endfacet
  facet normal 0.981174 -0.0858346 0.173004
    outer loop
      vertex 58.9315 -32 99.5688
      vertex 58.1225 -35.0192 102.659
      vertex 58.6591 -35.1138 99.5688
    endloop
  endfacet
  facet normal 0.965923 0.258829 0
    outer loop
      vertex 58.6591 27.1138 99.5688
      vertex 57.8501 30.1329 90.4312
      vertex 57.8501 30.1329 99.5688
    endloop
  endfacet
  facet normal 0.965923 0.258829 0
    outer loop
      vertex 57.8501 30.1329 90.4312
      vertex 58.6591 27.1138 99.5688
      vertex 58.6591 27.1138 90.4312
    endloop
  endfacet
  facet normal 0.908078 0.243321 -0.340865
    outer loop
      vertex 58.1225 27.0192 87.3413
      vertex 56.3297 29.5796 84.3929
      vertex 57.3381 29.9466 87.3413
    endloop
  endfacet
  facet normal 0.951359 0.254918 -0.173011
    outer loop
      vertex 58.1225 27.0192 87.3413
      vertex 57.3381 29.9466 87.3413
      vertex 57.8501 30.1329 90.4312
    endloop
  endfacet
  facet normal 0.951358 -0.254927 0.173003
    outer loop
      vertex 58.1225 -35.0192 102.659
      vertex 57.8501 -38.1329 99.5688
      vertex 58.6591 -35.1138 99.5688
    endloop
  endfacet
  facet normal 0.892642 -0.416243 -0.173008
    outer loop
      vertex 57.8501 -38.1329 90.4312
      vertex 56.0573 -40.6933 87.3413
      vertex 57.3381 -37.9466 87.3413
    endloop
  endfacet
  facet normal 0.951359 -0.254918 -0.173011
    outer loop
      vertex 57.8501 -38.1329 90.4312
      vertex 57.3381 -37.9466 87.3413
      vertex 58.1225 -35.0192 87.3413
    endloop
  endfacet
  facet normal 0.984812 -0 0.173622
    outer loop
      vertex 58.3867 -32 102.659
      vertex 58.9315 24 99.5688
      vertex 58.3867 24 102.659
    endloop
  endfacet
  facet normal 0.984812 0 0.173622
    outer loop
      vertex 58.9315 24 99.5688
      vertex 58.3867 -32 102.659
      vertex 58.9315 -32 99.5688
    endloop
  endfacet
  facet normal 0.331441 -0.088818 0.939286
    outer loop
      vertex 45.588 -32.809 115.387
      vertex 45.3778 -33.5934 115.387
      vertex 48.1484 -34.6018 114.314
    endloop
  endfacet
  facet normal 0.80681 -0.564923 0.172972
    outer loop
      vertex 56.0573 -40.6933 102.659
      vertex 54.319 -43.1759 102.659
      vertex 54.7363 -43.5261 99.5688
    endloop
  endfacet
  facet normal 0.61294 -0.61294 0.498608
    outer loop
      vertex 50.4777 -43.2951 108.324
      vertex 53.4969 -42.4861 105.607
      vertex 52.2951 -41.4777 108.324
    endloop
  endfacet
  facet normal 0.61294 -0.61294 0.498608
    outer loop
      vertex 53.4969 -42.4861 105.607
      vertex 50.4777 -43.2951 108.324
      vertex 51.4861 -44.4969 105.607
    endloop
  endfacet
  facet normal 0.908064 -0.243317 0.340905
    outer loop
      vertex 58.1225 -35.0192 102.659
      vertex 56.3297 -37.5796 105.607
      vertex 57.3381 -37.9466 102.659
    endloop
  endfacet
  facet normal 0.766107 -0 0.642714
    outer loop
      vertex 53.7279 -32 110.728
      vertex 55.7447 24 108.324
      vertex 53.7279 24 110.728
    endloop
  endfacet
  facet normal 0.766107 0 0.642714
    outer loop
      vertex 55.7447 24 108.324
      vertex 53.7279 -32 110.728
      vertex 55.7447 -32 108.324
    endloop
  endfacet
  facet normal 0.499514 -0.0437158 -0.865202
    outer loop
      vertex 51.1675 -33.7928 77.2553
      vertex 48.6071 -32 75.6865
      vertex 51.3244 -32 77.2553
    endloop
  endfacet
  facet normal 0.484354 -0.129786 -0.865192
    outer loop
      vertex 50.7017 -35.5311 77.2553
      vertex 48.1484 -34.6018 75.6865
      vertex 48.4916 -33.321 75.6865
    endloop
  endfacet
  facet normal 0.583872 -0.27223 -0.764842
    outer loop
      vertex 52.9603 -36.3532 79.2721
      vertex 49.9412 -37.1622 77.2553
      vertex 50.7017 -35.5311 77.2553
    endloop
  endfacet
  facet normal 0.583873 -0.272249 -0.764835
    outer loop
      vertex 52.0227 -38.364 79.2721
      vertex 49.9412 -37.1622 77.2553
      vertex 52.9603 -36.3532 79.2721
    endloop
  endfacet
  facet normal 0.641762 -0.0561273 -0.764847
    outer loop
      vertex 53.5346 -34.2102 79.2721
      vertex 51.1675 -33.7928 77.2553
      vertex 53.7279 -32 79.2721
    endloop
  endfacet
  facet normal 0.764338 -0.0668476 -0.641341
    outer loop
      vertex 55.5207 -34.5604 81.6756
      vertex 53.5346 -34.2102 79.2721
      vertex 53.7279 -32 79.2721
    endloop
  endfacet
  facet normal 0.27223 0.583872 -0.764842
    outer loop
      vertex 46.1622 32.9412 77.2553
      vertex 44.5311 33.7017 77.2553
      vertex 45.3532 35.9603 79.2721
    endloop
  endfacet
  facet normal 0.224354 0.837313 -0.49857
    outer loop
      vertex 46.043 37.8555 81.6756
      vertex 43.5604 38.5207 81.6756
      vertex 43.8328 40.0657 84.3929
    endloop
  endfacet
  facet normal 0.281123 0.196853 -0.939265
    outer loop
      vertex 47.588 27.8036 75.6865
      vertex 44.5688 26.9946 74.6133
      vertex 46.8274 28.8898 75.6865
    endloop
  endfacet
  facet normal 0.455526 0.455526 -0.764848
    outer loop
      vertex 48.9089 30.6364 77.2553
      vertex 49.1814 33.7502 79.2721
      vertex 50.7502 32.1814 79.2721
    endloop
  endfacet
  facet normal 0.455526 0.455526 -0.764848
    outer loop
      vertex 49.1814 33.7502 79.2721
      vertex 48.9089 30.6364 77.2553
      vertex 47.6364 31.9089 77.2553
    endloop
  endfacet
  facet normal 0 0.642792 -0.766041
    outer loop
      vertex -41 34.3244 77.2553
      vertex 41 36.7279 79.2721
      vertex 41 34.3244 77.2553
    endloop
  endfacet
  facet normal 0 0.642792 -0.766041
    outer loop
      vertex 41 36.7279 79.2721
      vertex -41 34.3244 77.2553
      vertex -41 36.7279 79.2721
    endloop
  endfacet
  facet normal -0.564921 0.806808 -0.172988
    outer loop
      vertex -52.1759 37.319 87.3413
      vertex -52.5261 37.7363 90.4312
      vertex -49.6933 39.0573 87.3413
    endloop
  endfacet
  facet normal -0.622255 0.166757 -0.764847
    outer loop
      vertex -51.1675 25.7928 77.2553
      vertex -53.5346 26.2102 79.2721
      vertex -52.9603 28.3532 79.2721
    endloop
  endfacet
  facet normal 0 0 -1
    outer loop
      vertex 41 -33.5688 74.0685
      vertex 42.5688 -32 74.0685
      vertex 42.545 -32.2724 74.0685
    endloop
  endfacet
  facet normal -0 0 -1
    outer loop
      vertex 42.5688 -32 74.0685
      vertex 41 -33.5688 74.0685
      vertex 42.5688 24 74.0685
    endloop
  endfacet
  facet normal 0 0 -1
    outer loop
      vertex 41 -33.5688 74.0685
      vertex 42.545 -32.2724 74.0685
      vertex 42.4742 -32.5366 74.0685
    endloop
  endfacet
  facet normal 0 0 -1
    outer loop
      vertex 41 25.5688 74.0685
      vertex 42.5688 24 74.0685
      vertex 41 -33.5688 74.0685
    endloop
  endfacet
  facet normal 0 0 -1
    outer loop
      vertex 41 -33.5688 74.0685
      vertex 42.4742 -32.5366 74.0685
      vertex 42.3586 -32.7844 74.0685
    endloop
  endfacet
  facet normal 0 0 -1
    outer loop
      vertex 42.5688 24 74.0685
      vertex 41 25.5688 74.0685
      vertex 42.545 24.2724 74.0685
    endloop
  endfacet
  facet normal 0 0 -1
    outer loop
      vertex 41 -33.5688 74.0685
      vertex 42.3586 -32.7844 74.0685
      vertex 42.2018 -33.0084 74.0685
    endloop
  endfacet
  facet normal 0 0 -1
    outer loop
      vertex 42.545 24.2724 74.0685
      vertex 41 25.5688 74.0685
      vertex 42.4742 24.5366 74.0685
    endloop
  endfacet
  facet normal 0 0 -1
    outer loop
      vertex 41 -33.5688 74.0685
      vertex 42.2018 -33.0084 74.0685
      vertex 42.0084 -33.2018 74.0685
    endloop
  endfacet
  facet normal 0 0 -1
    outer loop
      vertex 42.4742 24.5366 74.0685
      vertex 41 25.5688 74.0685
      vertex 42.3586 24.7844 74.0685
    endloop
  endfacet
  facet normal 0 0 -1
    outer loop
      vertex 41 -33.5688 74.0685
      vertex 42.0084 -33.2018 74.0685
      vertex 41.7844 -33.3586 74.0685
    endloop
  endfacet
  facet normal 0 0 -1
    outer loop
      vertex 42.3586 24.7844 74.0685
      vertex 41 25.5688 74.0685
      vertex 42.2018 25.0084 74.0685
    endloop
  endfacet
  facet normal 0 0 -1
    outer loop
      vertex 41 -33.5688 74.0685
      vertex 41.7844 -33.3586 74.0685
      vertex 41.5366 -33.4742 74.0685
    endloop
  endfacet
  facet normal 0 0 -1
    outer loop
      vertex 42.2018 25.0084 74.0685
      vertex 41 25.5688 74.0685
      vertex 42.0084 25.2018 74.0685
    endloop
  endfacet
  facet normal 0 0 -1
    outer loop
      vertex 41 -33.5688 74.0685
      vertex 41.5366 -33.4742 74.0685
      vertex 41.2724 -33.545 74.0685
    endloop
  endfacet
  facet normal 0 0 -1
    outer loop
      vertex 42.0084 25.2018 74.0685
      vertex 41 25.5688 74.0685
      vertex 41.7844 25.3586 74.0685
    endloop
  endfacet
  facet normal 0 0 -1
    outer loop
      vertex 41.7844 25.3586 74.0685
      vertex 41 25.5688 74.0685
      vertex 41.5366 25.4742 74.0685
    endloop
  endfacet
  facet normal 0 0 -1
    outer loop
      vertex 41.5366 25.4742 74.0685
      vertex 41 25.5688 74.0685
      vertex 41.2724 25.545 74.0685
    endloop
  endfacet
  facet normal 0 0 -1
    outer loop
      vertex -41 -33.5688 74.0685
      vertex 41 25.5688 74.0685
      vertex 41 -33.5688 74.0685
    endloop
  endfacet
  facet normal 0 0 -1
    outer loop
      vertex -41 -33.5688 74.0685
      vertex -41 25.5688 74.0685
      vertex 41 25.5688 74.0685
    endloop
  endfacet
  facet normal 0 0 -1
    outer loop
      vertex -42.5688 -32 74.0685
      vertex -41 -33.5688 74.0685
      vertex -41.2724 -33.545 74.0685
    endloop
  endfacet
  facet normal 0 0 -1
    outer loop
      vertex -41 -33.5688 74.0685
      vertex -42.5688 -32 74.0685
      vertex -41 25.5688 74.0685
    endloop
  endfacet
  facet normal 0 0 -1
    outer loop
      vertex -42.5688 -32 74.0685
      vertex -41.2724 -33.545 74.0685
      vertex -41.5366 -33.4742 74.0685
    endloop
  endfacet
  facet normal 0 0 -1
    outer loop
      vertex -42.5688 24 74.0685
      vertex -41 25.5688 74.0685
      vertex -42.5688 -32 74.0685
    endloop
  endfacet
  facet normal 0 0 -1
    outer loop
      vertex -42.5688 -32 74.0685
      vertex -41.5366 -33.4742 74.0685
      vertex -41.7844 -33.3586 74.0685
    endloop
  endfacet
  facet normal 0 0 -1
    outer loop
      vertex -41 25.5688 74.0685
      vertex -42.5688 24 74.0685
      vertex -41.2724 25.545 74.0685
    endloop
  endfacet
  facet normal 0 0 -1
    outer loop
      vertex -42.5688 -32 74.0685
      vertex -41.7844 -33.3586 74.0685
      vertex -42.0084 -33.2018 74.0685
    endloop
  endfacet
  facet normal 0 0 -1
    outer loop
      vertex -41.2724 25.545 74.0685
      vertex -42.5688 24 74.0685
      vertex -41.5366 25.4742 74.0685
    endloop
  endfacet
  facet normal 0 0 -1
    outer loop
      vertex -42.5688 -32 74.0685
      vertex -42.0084 -33.2018 74.0685
      vertex -42.2018 -33.0084 74.0685
    endloop
  endfacet
  facet normal 0 0 -1
    outer loop
      vertex -41.5366 25.4742 74.0685
      vertex -42.5688 24 74.0685
      vertex -41.7844 25.3586 74.0685
    endloop
  endfacet
  facet normal 0 0 -1
    outer loop
      vertex -42.5688 -32 74.0685
      vertex -42.2018 -33.0084 74.0685
      vertex -42.3586 -32.7844 74.0685
    endloop
  endfacet
  facet normal 0 0 -1
    outer loop
      vertex -41.7844 25.3586 74.0685
      vertex -42.5688 24 74.0685
      vertex -42.0084 25.2018 74.0685
    endloop
  endfacet
  facet normal 0 0 -1
    outer loop
      vertex -42.5688 -32 74.0685
      vertex -42.3586 -32.7844 74.0685
      vertex -42.4742 -32.5366 74.0685
    endloop
  endfacet
  facet normal 0 0 -1
    outer loop
      vertex -42.0084 25.2018 74.0685
      vertex -42.5688 24 74.0685
      vertex -42.2018 25.0084 74.0685
    endloop
  endfacet
  facet normal 0 0 -1
    outer loop
      vertex -42.5688 -32 74.0685
      vertex -42.4742 -32.5366 74.0685
      vertex -42.545 -32.2724 74.0685
    endloop
  endfacet
  facet normal 0 0 -1
    outer loop
      vertex -42.2018 25.0084 74.0685
      vertex -42.5688 24 74.0685
      vertex -42.3586 24.7844 74.0685
    endloop
  endfacet
  facet normal 0 0 -1
    outer loop
      vertex -42.3586 24.7844 74.0685
      vertex -42.5688 24 74.0685
      vertex -42.4742 24.5366 74.0685
    endloop
  endfacet
  facet normal 0 0 -1
    outer loop
      vertex -42.4742 24.5366 74.0685
      vertex -42.5688 24 74.0685
      vertex -42.545 24.2724 74.0685
    endloop
  endfacet
  facet normal -0.0151728 0.173618 -0.984696
    outer loop
      vertex -41.2724 25.545 74.0685
      vertex -41.809 28.588 74.6133
      vertex -41 28.6587 74.6133
    endloop
  endfacet
  facet normal -0.0151693 0.173618 -0.984696
    outer loop
      vertex -41 25.5688 74.0685
      vertex -41.2724 25.545 74.0685
      vertex -41 28.6587 74.6133
    endloop
  endfacet
  facet normal -0.254926 0.951355 -0.17302
    outer loop
      vertex -44.0192 41.1225 87.3413
      vertex -47.1329 40.8501 90.4312
      vertex -44.1138 41.6591 90.4312
    endloop
  endfacet
  facet normal 0 0.939685 -0.34204
    outer loop
      vertex 41 40.3135 84.3929
      vertex -41 41.3867 87.3413
      vertex 41 41.3867 87.3413
    endloop
  endfacet
  facet normal 0 0.939685 -0.34204
    outer loop
      vertex -41 41.3867 87.3413
      vertex 41 40.3135 84.3929
      vertex -41 40.3135 84.3929
    endloop
  endfacet
  facet normal 0.0858591 0.981173 -0.172997
    outer loop
      vertex 44.0192 41.1225 87.3413
      vertex 41 41.3867 87.3413
      vertex 41 41.9315 90.4312
    endloop
  endfacet
  facet normal 0.0819521 0.936525 -0.340889
    outer loop
      vertex 44.0192 41.1225 87.3413
      vertex 41 40.3135 84.3929
      vertex 41 41.3867 87.3413
    endloop
  endfacet
  facet normal -0.664746 0.664746 0.340919
    outer loop
      vertex -54.319 35.1759 102.659
      vertex -51.4861 36.4969 105.607
      vertex -52.1759 37.319 102.659
    endloop
  endfacet
  facet normal -0.664746 0.664746 0.340919
    outer loop
      vertex -51.4861 36.4969 105.607
      vertex -54.319 35.1759 102.659
      vertex -53.4969 34.4861 105.607
    endloop
  endfacet
  facet normal -0.497193 0.710062 0.498609
    outer loop
      vertex -49.1568 38.1279 105.607
      vertex -51.4861 36.4969 105.607
      vertex -50.4777 35.2951 108.324
    endloop
  endfacet
  facet normal -0.539208 0.770084 0.34092
    outer loop
      vertex -49.6933 39.0573 102.659
      vertex -52.1759 37.319 102.659
      vertex -51.4861 36.4969 105.607
    endloop
  endfacet
  facet normal -0.0819508 0.93651 0.34093
    outer loop
      vertex -41 41.3867 102.659
      vertex -44.0192 41.1225 102.659
      vertex -41 40.3135 105.607
    endloop
  endfacet
  facet normal -0.0858594 0.981176 0.172981
    outer loop
      vertex -41 41.9315 99.5688
      vertex -44.0192 41.1225 102.659
      vertex -41 41.3867 102.659
    endloop
  endfacet
  facet normal -0.542581 0.542581 0.641257
    outer loop
      vertex -50.4777 35.2951 108.324
      vertex -50.7502 32.1814 110.728
      vertex -49.1814 33.7502 110.728
    endloop
  endfacet
  facet normal -0.542581 0.542581 0.641257
    outer loop
      vertex -50.7502 32.1814 110.728
      vertex -50.4777 35.2951 108.324
      vertex -52.2951 33.4777 108.324
    endloop
  endfacet
  facet normal -0.272265 0.583906 0.764804
    outer loop
      vertex -45.3532 35.9603 110.728
      vertex -47.364 35.0227 110.728
      vertex -46.1622 32.9412 112.745
    endloop
  endfacet
  facet normal -0.243318 0.908078 -0.340867
    outer loop
      vertex -43.8328 40.0657 84.3929
      vertex -46.5796 39.3297 84.3929
      vertex -44.0192 41.1225 87.3413
    endloop
  endfacet
  facet normal -0.0755489 0.863551 -0.49857
    outer loop
      vertex -43.5604 38.5207 81.6756
      vertex -43.8328 40.0657 84.3929
      vertex -41 38.7447 81.6756
    endloop
  endfacet
  facet normal -0.908078 0.243321 -0.340865
    outer loop
      vertex -56.3297 29.5796 84.3929
      vertex -58.1225 27.0192 87.3413
      vertex -57.3381 29.9466 87.3413
    endloop
  endfacet
  facet normal -0.98481 0 -0.173638
    outer loop
      vertex -58.3867 -32 87.3413
      vertex -58.9315 24 90.4312
      vertex -58.3867 24 87.3413
    endloop
  endfacet
  facet normal -0.98481 -0 -0.173638
    outer loop
      vertex -58.9315 24 90.4312
      vertex -58.3867 -32 87.3413
      vertex -58.9315 -32 90.4312
    endloop
  endfacet
  facet normal -0.981174 0.0858346 0.173004
    outer loop
      vertex -58.6591 27.1138 99.5688
      vertex -58.9315 24 99.5688
      vertex -58.1225 27.0192 102.659
    endloop
  endfacet
  facet normal -0.892644 0.416246 0.172991
    outer loop
      vertex -56.5291 32.9658 99.5688
      vertex -57.8501 30.1329 99.5688
      vertex -56.0573 32.6933 102.659
    endloop
  endfacet
  facet normal -0.863551 0.0755489 -0.49857
    outer loop
      vertex -55.7447 24 81.6756
      vertex -57.0657 26.8328 84.3929
      vertex -55.5207 26.5604 81.6756
    endloop
  endfacet
  facet normal -0.863556 0.0755398 -0.498563
    outer loop
      vertex -55.7447 24 81.6756
      vertex -57.3135 24 84.3929
      vertex -57.0657 26.8328 84.3929
    endloop
  endfacet
  facet normal -0.583906 0.272246 0.764811
    outer loop
      vertex -49.9412 29.1622 112.745
      vertex -52.9603 28.3532 110.728
      vertex -50.7017 27.5311 112.745
    endloop
  endfacet
  facet normal -0.454496 0.211932 0.865169
    outer loop
      vertex -47.588 27.8036 114.314
      vertex -49.9412 29.1622 112.745
      vertex -48.1484 26.6018 114.314
    endloop
  endfacet
  facet normal -0.310987 0.145014 0.939286
    outer loop
      vertex -47.588 27.8036 114.314
      vertex -48.1484 26.6018 114.314
      vertex -45.3778 25.5934 115.387
    endloop
  endfacet
  facet normal -0.0888129 0.331444 0.939285
    outer loop
      vertex -42.321 31.4916 114.314
      vertex -43.6018 31.1484 114.314
      vertex -41.809 28.588 115.387
    endloop
  endfacet
  facet normal -0.499583 0.0436804 0.865164
    outer loop
      vertex -48.4916 25.321 114.314
      vertex -51.1675 25.7928 112.745
      vertex -48.6071 24 114.314
    endloop
  endfacet
  facet normal -0.341834 0.0298879 0.939285
    outer loop
      vertex -48.4916 25.321 114.314
      vertex -48.6071 24 114.314
      vertex -45.588 24.809 115.387
    endloop
  endfacet
  facet normal -0.168399 0.0451274 0.984685
    outer loop
      vertex -42.4742 24.5366 115.932
      vertex -45.588 24.809 115.387
      vertex -42.545 24.2724 115.932
    endloop
  endfacet
  facet normal -0.0298732 0.341831 0.939287
    outer loop
      vertex -41 31.6071 114.314
      vertex -41.809 28.588 115.387
      vertex -41 28.6587 115.387
    endloop
  endfacet
  facet normal -0.0999999 0.142808 0.984686
    outer loop
      vertex -43.3294 28.0346 115.387
      vertex -43.9946 27.5688 115.387
      vertex -41.7844 25.3586 115.932
    endloop
  endfacet
  facet normal -0.287648 0.410782 0.865168
    outer loop
      vertex -46.1622 32.9412 112.745
      vertex -47.6364 31.9089 112.745
      vertex -45.8898 29.8274 114.314
    endloop
  endfacet
  facet normal -0.166767 0.622291 0.764816
    outer loop
      vertex -43.2102 36.5346 110.728
      vertex -45.3532 35.9603 110.728
      vertex -42.7928 34.1675 112.745
    endloop
  endfacet
  facet normal -0.166754 0.622302 0.764809
    outer loop
      vertex -42.7928 34.1675 112.745
      vertex -45.3532 35.9603 110.728
      vertex -44.5311 33.7017 112.745
    endloop
  endfacet
  facet normal -0.0561306 0.6418 0.764815
    outer loop
      vertex -41 36.7279 110.728
      vertex -43.2102 36.5346 110.728
      vertex -42.7928 34.1675 112.745
    endloop
  endfacet
  facet normal -0.0668738 0.764392 0.641275
    outer loop
      vertex -41 38.7447 108.324
      vertex -43.5604 38.5207 108.324
      vertex -41 36.7279 110.728
    endloop
  endfacet
  facet normal 0.710062 0.497193 0.498609
    outer loop
      vertex 53.4969 34.4861 105.607
      vertex 52.2951 33.4777 108.324
      vertex 55.1279 32.1568 105.607
    endloop
  endfacet
  facet normal 0.0561306 0.6418 0.764815
    outer loop
      vertex 43.2102 36.5346 110.728
      vertex 41 36.7279 110.728
      vertex 42.7928 34.1675 112.745
    endloop
  endfacet
  facet normal 0.77008 0.539218 0.34091
    outer loop
      vertex 56.0573 32.6933 102.659
      vertex 53.4969 34.4861 105.607
      vertex 55.1279 32.1568 105.607
    endloop
  endfacet
  facet normal 0.224348 0.83729 0.498611
    outer loop
      vertex 43.8328 40.0657 105.607
      vertex 43.5604 38.5207 108.324
      vertex 46.043 37.8555 108.324
    endloop
  endfacet
  facet normal -0.254927 0.951358 0.173003
    outer loop
      vertex -44.1138 41.6591 99.5688
      vertex -47.1329 40.8501 99.5688
      vertex -44.0192 41.1225 102.659
    endloop
  endfacet
  facet normal -0.0858346 0.981174 0.173004
    outer loop
      vertex -41 41.9315 99.5688
      vertex -44.1138 41.6591 99.5688
      vertex -44.0192 41.1225 102.659
    endloop
  endfacet
  facet normal -0.564939 0.80679 -0.173012
    outer loop
      vertex -49.6933 39.0573 87.3413
      vertex -52.5261 37.7363 90.4312
      vertex -49.9658 39.5291 90.4312
    endloop
  endfacet
  facet normal -0.416245 0.892642 -0.173007
    outer loop
      vertex -49.6933 39.0573 87.3413
      vertex -49.9658 39.5291 90.4312
      vertex -47.1329 40.8501 90.4312
    endloop
  endfacet
  facet normal 0.0858343 -0.981171 -0.173021
    outer loop
      vertex 44.1138 -49.6591 90.4312
      vertex 41 -49.9315 90.4312
      vertex 44.0192 -49.1225 87.3413
    endloop
  endfacet
  facet normal -0.0819238 -0.936536 -0.340864
    outer loop
      vertex -41 -48.3135 84.3929
      vertex -44.0192 -49.1225 87.3413
      vertex -43.8328 -48.0657 84.3929
    endloop
  endfacet
  facet normal -0.27223 -0.583872 -0.764842
    outer loop
      vertex -45.3532 -43.9603 79.2721
      vertex -46.1622 -40.9412 77.2553
      vertex -44.5311 -41.7017 77.2553
    endloop
  endfacet
  facet normal -0.0436762 -0.499535 -0.865192
    outer loop
      vertex -41 -39.6071 75.6865
      vertex -42.7928 -42.1675 77.2553
      vertex -42.321 -39.4916 75.6865
    endloop
  endfacet
  facet normal 0.0755489 -0.863551 -0.49857
    outer loop
      vertex 43.8328 -48.0657 84.3929
      vertex 41 -46.7447 81.6756
      vertex 43.5604 -46.5207 81.6756
    endloop
  endfacet
  facet normal 0.324248 -0.695363 -0.641353
    outer loop
      vertex 48.3724 -44.7693 81.6756
      vertex 46.043 -45.8555 81.6756
      vertex 47.364 -43.0227 79.2721
    endloop
  endfacet
  facet normal 0.49722 -0.710079 -0.498558
    outer loop
      vertex 49.1568 -46.1279 84.3929
      vertex 48.3724 -44.7693 81.6756
      vertex 50.4777 -43.2951 81.6756
    endloop
  endfacet
  facet normal 0 -0.642792 -0.766041
    outer loop
      vertex -41 -44.7279 79.2721
      vertex 41 -42.3244 77.2553
      vertex 41 -44.7279 79.2721
    endloop
  endfacet
  facet normal -0 -0.642792 -0.766041
    outer loop
      vertex 41 -42.3244 77.2553
      vertex -41 -44.7279 79.2721
      vertex -41 -42.3244 77.2553
    endloop
  endfacet
  facet normal 0.0819521 -0.936525 -0.340889
    outer loop
      vertex 44.0192 -49.1225 87.3413
      vertex 41 -49.3867 87.3413
      vertex 41 -48.3135 84.3929
    endloop
  endfacet
  facet normal 0.0858591 -0.981173 -0.172997
    outer loop
      vertex 44.0192 -49.1225 87.3413
      vertex 41 -49.9315 90.4312
      vertex 41 -49.3867 87.3413
    endloop
  endfacet
  facet normal -0.539227 -0.770093 -0.340869
    outer loop
      vertex -49.6933 -47.0573 87.3413
      vertex -51.4861 -44.4969 84.3929
      vertex -49.1568 -46.1279 84.3929
    endloop
  endfacet
  facet normal -0.258829 -0.965923 0
    outer loop
      vertex -47.1329 -48.8501 90.4312
      vertex -44.1138 -49.6591 99.5688
      vertex -47.1329 -48.8501 99.5688
    endloop
  endfacet
  facet normal -0.258829 -0.965923 -0
    outer loop
      vertex -44.1138 -49.6591 99.5688
      vertex -47.1329 -48.8501 90.4312
      vertex -44.1138 -49.6591 90.4312
    endloop
  endfacet
  facet normal -0.564923 -0.80681 0.172972
    outer loop
      vertex -52.1759 -45.319 102.659
      vertex -52.5261 -45.7363 99.5688
      vertex -49.6933 -47.0573 102.659
    endloop
  endfacet
  facet normal -0.254918 -0.951359 -0.173011
    outer loop
      vertex -44.0192 -49.1225 87.3413
      vertex -47.1329 -48.8501 90.4312
      vertex -46.9466 -48.3381 87.3413
    endloop
  endfacet
  facet normal -0.80679 -0.564939 -0.173012
    outer loop
      vertex -54.7363 -43.5261 90.4312
      vertex -56.5291 -40.9658 90.4312
      vertex -56.0573 -40.6933 87.3413
    endloop
  endfacet
  facet normal -0.819143 -0.573589 0
    outer loop
      vertex -54.7363 -43.5261 90.4312
      vertex -56.5291 -40.9658 99.5688
      vertex -56.5291 -40.9658 90.4312
    endloop
  endfacet
  facet normal -0.819143 -0.573589 0
    outer loop
      vertex -56.5291 -40.9658 99.5688
      vertex -54.7363 -43.5261 90.4312
      vertex -54.7363 -43.5261 99.5688
    endloop
  endfacet
  facet normal -0.806808 -0.564921 -0.172988
    outer loop
      vertex -54.7363 -43.5261 90.4312
      vertex -56.0573 -40.6933 87.3413
      vertex -54.319 -43.1759 87.3413
    endloop
  endfacet
  facet normal -0.770096 -0.539216 -0.340879
    outer loop
      vertex -54.319 -43.1759 87.3413
      vertex -56.0573 -40.6933 87.3413
      vertex -53.4969 -42.4861 84.3929
    endloop
  endfacet
  facet normal -0.628566 -0.440107 0.641257
    outer loop
      vertex -52.0227 -38.364 110.728
      vertex -52.2951 -41.4777 108.324
      vertex -50.7502 -40.1814 110.728
    endloop
  endfacet
  facet normal -0.527755 -0.369522 0.764806
    outer loop
      vertex -49.9412 -37.1622 112.745
      vertex -52.0227 -38.364 110.728
      vertex -50.7502 -40.1814 110.728
    endloop
  endfacet
  facet normal 0.397306 -0.852029 -0.340873
    outer loop
      vertex 49.6933 -47.0573 87.3413
      vertex 46.9466 -48.3381 87.3413
      vertex 49.1568 -46.1279 84.3929
    endloop
  endfacet
  facet normal 0.416243 -0.892642 -0.173008
    outer loop
      vertex 47.1329 -48.8501 90.4312
      vertex 46.9466 -48.3381 87.3413
      vertex 49.6933 -47.0573 87.3413
    endloop
  endfacet
  facet normal 0.573589 -0.819143 0
    outer loop
      vertex 49.9658 -47.5291 90.4312
      vertex 52.5261 -45.7363 99.5688
      vertex 49.9658 -47.5291 99.5688
    endloop
  endfacet
  facet normal 0.573589 -0.819143 0
    outer loop
      vertex 52.5261 -45.7363 99.5688
      vertex 49.9658 -47.5291 90.4312
      vertex 52.5261 -45.7363 90.4312
    endloop
  endfacet
  facet normal 0.564923 -0.80681 0.172972
    outer loop
      vertex 52.1759 -45.319 102.659
      vertex 49.6933 -47.0573 102.659
      vertex 52.5261 -45.7363 99.5688
    endloop
  endfacet
  facet normal 0.852029 -0.397306 -0.340873
    outer loop
      vertex 56.0573 -40.6933 87.3413
      vertex 55.1279 -40.1568 84.3929
      vertex 57.3381 -37.9466 87.3413
    endloop
  endfacet
  facet normal 0.628484 -0.440085 -0.641353
    outer loop
      vertex 52.2951 -41.4777 81.6756
      vertex 52.0227 -38.364 79.2721
      vertex 53.7693 -39.3724 81.6756
    endloop
  endfacet
  facet normal 0.806808 -0.564921 -0.172988
    outer loop
      vertex 54.7363 -43.5261 90.4312
      vertex 54.319 -43.1759 87.3413
      vertex 56.0573 -40.6933 87.3413
    endloop
  endfacet
  facet normal 0.770093 -0.539227 -0.340869
    outer loop
      vertex 56.0573 -40.6933 87.3413
      vertex 53.4969 -42.4861 84.3929
      vertex 55.1279 -40.1568 84.3929
    endloop
  endfacet
  facet normal 0.710081 -0.497206 -0.498568
    outer loop
      vertex 53.4969 -42.4861 84.3929
      vertex 52.2951 -41.4777 81.6756
      vertex 55.1279 -40.1568 84.3929
    endloop
  endfacet
  facet normal 0.0561695 -0.641815 0.7648
    outer loop
      vertex 41 -42.3244 112.745
      vertex 41 -44.7279 110.728
      vertex 42.7928 -42.1675 112.745
    endloop
  endfacet
  facet normal 0.04372 -0.499562 0.865174
    outer loop
      vertex 41 -39.6071 114.314
      vertex 41 -42.3244 112.745
      vertex 42.7928 -42.1675 112.745
    endloop
  endfacet
  facet normal 0.354601 -0.354601 0.865168
    outer loop
      vertex 46.8274 -36.8898 114.314
      vertex 47.6364 -39.9089 112.745
      vertex 48.9089 -38.6364 112.745
    endloop
  endfacet
  facet normal 0.354601 -0.354601 0.865168
    outer loop
      vertex 47.6364 -39.9089 112.745
      vertex 46.8274 -36.8898 114.314
      vertex 45.8898 -37.8274 114.314
    endloop
  endfacet
  facet normal 0.542581 -0.542581 0.641257
    outer loop
      vertex 50.7502 -40.1814 110.728
      vertex 50.4777 -43.2951 108.324
      vertex 52.2951 -41.4777 108.324
    endloop
  endfacet
  facet normal 0.542581 -0.542581 0.641257
    outer loop
      vertex 50.4777 -43.2951 108.324
      vertex 50.7502 -40.1814 110.728
      vertex 49.1814 -41.7502 110.728
    endloop
  endfacet
  facet normal 0.129799 -0.484401 0.865164
    outer loop
      vertex 43.6018 -39.1484 114.314
      vertex 42.321 -39.4916 114.314
      vertex 44.5311 -41.7017 112.745
    endloop
  endfacet
  facet normal 0.088818 -0.331441 0.939286
    outer loop
      vertex 42.5934 -36.3778 115.387
      vertex 41.809 -36.588 115.387
      vertex 43.6018 -39.1484 114.314
    endloop
  endfacet
  facet normal -0.0888129 -0.331444 0.939285
    outer loop
      vertex -41.809 -36.588 115.387
      vertex -43.6018 -39.1484 114.314
      vertex -42.321 -39.4916 114.314
    endloop
  endfacet
  facet normal -0.088818 -0.331441 0.939286
    outer loop
      vertex -42.5934 -36.3778 115.387
      vertex -43.6018 -39.1484 114.314
      vertex -41.809 -36.588 115.387
    endloop
  endfacet
  facet normal -0.497193 -0.710062 0.498609
    outer loop
      vertex -50.4777 -43.2951 108.324
      vertex -51.4861 -44.4969 105.607
      vertex -49.1568 -46.1279 105.607
    endloop
  endfacet
  facet normal -0.539218 -0.77008 0.34091
    outer loop
      vertex -49.1568 -46.1279 105.607
      vertex -51.4861 -44.4969 105.607
      vertex -49.6933 -47.0573 102.659
    endloop
  endfacet
  facet normal -0.254918 -0.951362 0.172995
    outer loop
      vertex -46.9466 -48.3381 102.659
      vertex -47.1329 -48.8501 99.5688
      vertex -44.0192 -49.1225 102.659
    endloop
  endfacet
  facet normal -0.243317 -0.908064 0.340905
    outer loop
      vertex -46.5796 -47.3297 105.607
      vertex -46.9466 -48.3381 102.659
      vertex -44.0192 -49.1225 102.659
    endloop
  endfacet
  facet normal 0.0858346 -0.981174 0.173004
    outer loop
      vertex 44.0192 -49.1225 102.659
      vertex 41 -49.9315 99.5688
      vertex 44.1138 -49.6591 99.5688
    endloop
  endfacet
  facet normal 0.0819508 -0.93651 0.34093
    outer loop
      vertex 41 -48.3135 105.607
      vertex 41 -49.3867 102.659
      vertex 44.0192 -49.1225 102.659
    endloop
  endfacet
  facet normal -0.366334 -0.785619 0.4986
    outer loop
      vertex -48.3724 -44.7693 108.324
      vertex -49.1568 -46.1279 105.607
      vertex -46.043 -45.8555 108.324
    endloop
  endfacet
  facet normal -0.324276 -0.695422 0.641275
    outer loop
      vertex -47.364 -43.0227 110.728
      vertex -48.3724 -44.7693 108.324
      vertex -46.043 -45.8555 108.324
    endloop
  endfacet
  facet normal -0.324263 -0.695422 0.641281
    outer loop
      vertex -45.3532 -43.9603 110.728
      vertex -47.364 -43.0227 110.728
      vertex -46.043 -45.8555 108.324
    endloop
  endfacet
  facet normal -0.272265 -0.583906 0.764804
    outer loop
      vertex -46.1622 -40.9412 112.745
      vertex -47.364 -43.0227 110.728
      vertex -45.3532 -43.9603 110.728
    endloop
  endfacet
  facet normal 0.366345 -0.785608 0.49861
    outer loop
      vertex 49.1568 -46.1279 105.607
      vertex 46.043 -45.8555 108.324
      vertex 46.5796 -47.3297 105.607
    endloop
  endfacet
  facet normal 0.0819225 -0.936522 0.340904
    outer loop
      vertex 43.8328 -48.0657 105.607
      vertex 41 -48.3135 105.607
      vertex 44.0192 -49.1225 102.659
    endloop
  endfacet
  facet normal 0.1737 0 0.984799
    outer loop
      vertex 42.5688 24 115.932
      vertex 45.6587 -32 115.387
      vertex 45.6587 24 115.387
    endloop
  endfacet
  facet normal 0.1737 0 0.984799
    outer loop
      vertex 45.6587 -32 115.387
      vertex 42.5688 24 115.932
      vertex 42.5688 -32 115.932
    endloop
  endfacet
  facet normal 0.484401 0.129799 0.865164
    outer loop
      vertex 50.7017 27.5311 112.745
      vertex 48.1484 26.6018 114.314
      vertex 48.4916 25.321 114.314
    endloop
  endfacet
  facet normal 0.454496 0.211932 0.865169
    outer loop
      vertex 49.9412 29.1622 112.745
      vertex 47.588 27.8036 114.314
      vertex 48.1484 26.6018 114.314
    endloop
  endfacet
  facet normal 0.83729 0.224348 0.498611
    outer loop
      vertex 57.0657 26.8328 105.607
      vertex 54.8555 29.043 108.324
      vertex 55.5207 26.5604 108.324
    endloop
  endfacet
  facet normal 0.695422 0.324263 0.641281
    outer loop
      vertex 54.8555 29.043 108.324
      vertex 52.0227 30.364 110.728
      vertex 52.9603 28.3532 110.728
    endloop
  endfacet
  facet normal -0.0999796 -0.142828 0.984685
    outer loop
      vertex -42.0084 -33.2018 115.932
      vertex -43.9946 -35.5688 115.387
      vertex -41.7844 -33.3586 115.932
    endloop
  endfacet
  facet normal 0.281076 -0.196821 0.939286
    outer loop
      vertex 45.0346 -34.3294 115.387
      vertex 44.5688 -34.9946 115.387
      vertex 47.588 -35.8036 114.314
    endloop
  endfacet
  facet normal 0.0737065 0.157997 0.984685
    outer loop
      vertex 42.5934 28.3778 115.387
      vertex 41.5366 25.4742 115.932
      vertex 41.7844 25.3586 115.932
    endloop
  endfacet
  facet normal 0.0298879 0.341834 0.939285
    outer loop
      vertex 42.321 31.4916 114.314
      vertex 41 31.6071 114.314
      vertex 41.809 28.588 115.387
    endloop
  endfacet
  facet normal 0.0298732 0.341831 0.939287
    outer loop
      vertex 41 31.6071 114.314
      vertex 41 28.6587 115.387
      vertex 41.809 28.588 115.387
    endloop
  endfacet
  facet normal -0.088818 0.331441 0.939286
    outer loop
      vertex -41.809 28.588 115.387
      vertex -43.6018 31.1484 114.314
      vertex -42.5934 28.3778 115.387
    endloop
  endfacet
  facet normal 0.0151747 0.17368 0.984685
    outer loop
      vertex 41 28.6587 115.387
      vertex 41 25.5688 115.932
      vertex 41.2724 25.545 115.932
    endloop
  endfacet
  facet normal -0.770084 -0.539208 0.34092
    outer loop
      vertex -53.4969 -42.4861 105.607
      vertex -56.0573 -40.6933 102.659
      vertex -54.319 -43.1759 102.659
    endloop
  endfacet
  facet normal -0.80681 -0.564923 0.172972
    outer loop
      vertex -54.319 -43.1759 102.659
      vertex -56.0573 -40.6933 102.659
      vertex -54.7363 -43.5261 99.5688
    endloop
  endfacet
  facet normal -0.863527 -0.0755468 0.498612
    outer loop
      vertex -55.7447 -32 108.324
      vertex -57.0657 -34.8328 105.607
      vertex -55.5207 -34.5604 108.324
    endloop
  endfacet
  facet normal -0.83729 -0.224348 0.498611
    outer loop
      vertex -55.5207 -34.5604 108.324
      vertex -57.0657 -34.8328 105.607
      vertex -54.8555 -37.043 108.324
    endloop
  endfacet
  facet normal -0.741169 -0.198625 0.641262
    outer loop
      vertex -53.5346 -34.2102 110.728
      vertex -55.5207 -34.5604 108.324
      vertex -52.9603 -36.3532 110.728
    endloop
  endfacet
  facet normal -0.764404 -0.0668533 0.641262
    outer loop
      vertex -53.7279 -32 110.728
      vertex -55.5207 -34.5604 108.324
      vertex -53.5346 -34.2102 110.728
    endloop
  endfacet
  facet normal -0.628512 -0.440069 -0.641336
    outer loop
      vertex -50.7502 -40.1814 79.2721
      vertex -52.2951 -41.4777 81.6756
      vertex -52.0227 -38.364 79.2721
    endloop
  endfacet
  facet normal -0.0451108 -0.168339 -0.984696
    outer loop
      vertex -41.809 -36.588 74.6133
      vertex -42.5934 -36.3778 74.6133
      vertex -41.5366 -33.4742 74.0685
    endloop
  endfacet
  facet normal -0.142757 -0.0999643 -0.984697
    outer loop
      vertex -44.5688 -34.9946 74.6133
      vertex -45.0346 -34.3294 74.6133
      vertex -42.3586 -32.7844 74.0685
    endloop
  endfacet
  facet normal -0.331499 -0.0888275 -0.939265
    outer loop
      vertex -48.1484 -34.6018 75.6865
      vertex -48.4916 -33.321 75.6865
      vertex -45.588 -32.809 74.6133
    endloop
  endfacet
  facet normal -0.695363 -0.324235 -0.64136
    outer loop
      vertex -52.0227 -38.364 79.2721
      vertex -54.8555 -37.043 81.6756
      vertex -52.9603 -36.3532 79.2721
    endloop
  endfacet
  facet normal -0.741099 -0.198574 -0.641359
    outer loop
      vertex -54.8555 -37.043 81.6756
      vertex -55.5207 -34.5604 81.6756
      vertex -52.9603 -36.3532 79.2721
    endloop
  endfacet
  facet normal -0.764338 -0.0668476 -0.641341
    outer loop
      vertex -53.5346 -34.2102 79.2721
      vertex -55.5207 -34.5604 81.6756
      vertex -53.7279 -32 79.2721
    endloop
  endfacet
  facet normal -0.641762 -0.0561273 -0.764847
    outer loop
      vertex -53.5346 -34.2102 79.2721
      vertex -53.7279 -32 79.2721
      vertex -51.1675 -33.7928 77.2553
    endloop
  endfacet
  facet normal 0.341891 0.0298928 -0.939264
    outer loop
      vertex 48.6071 24 75.6865
      vertex 45.588 24.809 74.6133
      vertex 48.4916 25.321 75.6865
    endloop
  endfacet
  facet normal 0.369516 0.527696 -0.76485
    outer loop
      vertex 47.6364 31.9089 77.2553
      vertex 46.1622 32.9412 77.2553
      vertex 49.1814 33.7502 79.2721
    endloop
  endfacet
  facet normal 0.211912 0.454453 -0.865197
    outer loop
      vertex 44.8036 30.588 75.6865
      vertex 43.6018 31.1484 75.6865
      vertex 46.1622 32.9412 77.2553
    endloop
  endfacet
  facet normal -0.281076 -0.196821 0.939286
    outer loop
      vertex -45.0346 -34.3294 115.387
      vertex -47.588 -35.8036 114.314
      vertex -44.5688 -34.9946 115.387
    endloop
  endfacet
  facet normal -0.310987 -0.145014 0.939286
    outer loop
      vertex -45.3778 -33.5934 115.387
      vertex -47.588 -35.8036 114.314
      vertex -45.0346 -34.3294 115.387
    endloop
  endfacet
  facet normal -0.863527 0.0755468 0.498612
    outer loop
      vertex -55.5207 26.5604 108.324
      vertex -57.0657 26.8328 105.607
      vertex -55.7447 24 108.324
    endloop
  endfacet
  facet normal -0.764392 0.0668738 0.641275
    outer loop
      vertex -55.5207 26.5604 108.324
      vertex -55.7447 24 108.324
      vertex -53.7279 24 110.728
    endloop
  endfacet
  facet normal -0.837291 0.224351 0.498609
    outer loop
      vertex -56.3297 29.5796 105.607
      vertex -57.0657 26.8328 105.607
      vertex -54.8555 29.043 108.324
    endloop
  endfacet
  facet normal -0.908064 0.243314 0.340908
    outer loop
      vertex -56.3297 29.5796 105.607
      vertex -58.1225 27.0192 102.659
      vertex -57.0657 26.8328 105.607
    endloop
  endfacet
  facet normal -0.77008 0.539218 0.34091
    outer loop
      vertex -53.4969 34.4861 105.607
      vertex -56.0573 32.6933 102.659
      vertex -55.1279 32.1568 105.607
    endloop
  endfacet
  facet normal -0.852016 0.397299 0.340914
    outer loop
      vertex -56.0573 32.6933 102.659
      vertex -57.3381 29.9466 102.659
      vertex -55.1279 32.1568 105.607
    endloop
  endfacet
  facet normal -0.369537 0.527727 0.764818
    outer loop
      vertex -46.1622 32.9412 112.745
      vertex -49.1814 33.7502 110.728
      vertex -47.6364 31.9089 112.745
    endloop
  endfacet
  facet normal -0.628538 0.440123 0.641274
    outer loop
      vertex -52.2951 33.4777 108.324
      vertex -53.7693 31.3724 108.324
      vertex -52.0227 30.364 110.728
    endloop
  endfacet
  facet normal 0.0668681 0.764326 -0.641353
    outer loop
      vertex 43.5604 38.5207 81.6756
      vertex 41 36.7279 79.2721
      vertex 41 38.7447 81.6756
    endloop
  endfacet
  facet normal 0.0755398 0.863556 -0.498563
    outer loop
      vertex 43.8328 40.0657 84.3929
      vertex 41 38.7447 81.6756
      vertex 41 40.3135 84.3929
    endloop
  endfacet
  facet normal 0.539227 0.770093 -0.340869
    outer loop
      vertex 51.4861 36.4969 84.3929
      vertex 49.1568 38.1279 84.3929
      vertex 49.6933 39.0573 87.3413
    endloop
  endfacet
  facet normal 0.366345 0.785641 -0.498558
    outer loop
      vertex 48.3724 36.7693 81.6756
      vertex 46.043 37.8555 81.6756
      vertex 49.1568 38.1279 84.3929
    endloop
  endfacet
  facet normal 0.863556 0.0755398 -0.498563
    outer loop
      vertex 57.3135 24 84.3929
      vertex 55.7447 24 81.6756
      vertex 57.0657 26.8328 84.3929
    endloop
  endfacet
  facet normal 0.440085 0.628484 -0.641353
    outer loop
      vertex 50.4777 35.2951 81.6756
      vertex 47.364 35.0227 79.2721
      vertex 48.3724 36.7693 81.6756
    endloop
  endfacet
  facet normal 0.710081 0.497206 -0.498568
    outer loop
      vertex 55.1279 32.1568 84.3929
      vertex 52.2951 33.4777 81.6756
      vertex 53.4969 34.4861 84.3929
    endloop
  endfacet
  facet normal 0.695363 0.324248 -0.641353
    outer loop
      vertex 54.8555 29.043 81.6756
      vertex 52.0227 30.364 79.2721
      vertex 53.7693 31.3724 81.6756
    endloop
  endfacet
  facet normal 0.695363 0.324235 -0.64136
    outer loop
      vertex 52.9603 28.3532 79.2721
      vertex 52.0227 30.364 79.2721
      vertex 54.8555 29.043 81.6756
    endloop
  endfacet
  facet normal 0.852016 0.397299 0.340914
    outer loop
      vertex 56.0573 32.6933 102.659
      vertex 55.1279 32.1568 105.607
      vertex 57.3381 29.9466 102.659
    endloop
  endfacet
  facet normal 0.852014 0.397311 0.340904
    outer loop
      vertex 57.3381 29.9466 102.659
      vertex 55.1279 32.1568 105.607
      vertex 56.3297 29.5796 105.607
    endloop
  endfacet
  facet normal 0.981174 0.0858346 0.173004
    outer loop
      vertex 58.6591 27.1138 99.5688
      vertex 58.1225 27.0192 102.659
      vertex 58.9315 24 99.5688
    endloop
  endfacet
  facet normal 0.981171 0.0858343 -0.173021
    outer loop
      vertex 58.9315 24 90.4312
      vertex 58.1225 27.0192 87.3413
      vertex 58.6591 27.1138 90.4312
    endloop
  endfacet
  facet normal 0.951355 0.254926 -0.17302
    outer loop
      vertex 58.1225 27.0192 87.3413
      vertex 57.8501 30.1329 90.4312
      vertex 58.6591 27.1138 90.4312
    endloop
  endfacet
  facet normal 0.764392 -0.0668738 0.641275
    outer loop
      vertex 55.7447 -32 108.324
      vertex 53.7279 -32 110.728
      vertex 55.5207 -34.5604 108.324
    endloop
  endfacet
  facet normal 0.93651 -0.0819508 0.34093
    outer loop
      vertex 58.3867 -32 102.659
      vertex 57.3135 -32 105.607
      vertex 58.1225 -35.0192 102.659
    endloop
  endfacet
  facet normal 0.951355 -0.254926 -0.17302
    outer loop
      vertex 58.6591 -35.1138 90.4312
      vertex 57.8501 -38.1329 90.4312
      vertex 58.1225 -35.0192 87.3413
    endloop
  endfacet
  facet normal 0.892642 -0.416245 -0.173007
    outer loop
      vertex 56.5291 -40.9658 90.4312
      vertex 56.0573 -40.6933 87.3413
      vertex 57.8501 -38.1329 90.4312
    endloop
  endfacet
  facet normal 0.906308 -0.422617 0
    outer loop
      vertex 56.5291 -40.9658 99.5688
      vertex 57.8501 -38.1329 90.4312
      vertex 57.8501 -38.1329 99.5688
    endloop
  endfacet
  facet normal 0.906308 -0.422617 0
    outer loop
      vertex 57.8501 -38.1329 90.4312
      vertex 56.5291 -40.9658 99.5688
      vertex 56.5291 -40.9658 90.4312
    endloop
  endfacet
  facet normal 0.499562 -0.04372 0.865174
    outer loop
      vertex 51.3244 -32 112.745
      vertex 48.6071 -32 114.314
      vertex 51.1675 -33.7928 112.745
    endloop
  endfacet
  facet normal 0.641815 -0.0561695 0.7648
    outer loop
      vertex 51.3244 -32 112.745
      vertex 51.1675 -33.7928 112.745
      vertex 53.7279 -32 110.728
    endloop
  endfacet
  facet normal 0.951362 -0.254918 0.172995
    outer loop
      vertex 58.1225 -35.0192 102.659
      vertex 57.3381 -37.9466 102.659
      vertex 57.8501 -38.1329 99.5688
    endloop
  endfacet
  facet normal 0.622302 -0.166754 0.764809
    outer loop
      vertex 51.1675 -33.7928 112.745
      vertex 50.7017 -35.5311 112.745
      vertex 52.9603 -36.3532 110.728
    endloop
  endfacet
  facet normal 0.770084 -0.539208 0.34092
    outer loop
      vertex 56.0573 -40.6933 102.659
      vertex 53.4969 -42.4861 105.607
      vertex 54.319 -43.1759 102.659
    endloop
  endfacet
  facet normal 0.564941 -0.806793 0.172996
    outer loop
      vertex 52.5261 -45.7363 99.5688
      vertex 49.6933 -47.0573 102.659
      vertex 49.9658 -47.5291 99.5688
    endloop
  endfacet
  facet normal 0.484353 -0.129789 -0.865192
    outer loop
      vertex 50.7017 -35.5311 77.2553
      vertex 48.4916 -33.321 75.6865
      vertex 51.1675 -33.7928 77.2553
    endloop
  endfacet
  facet normal 0.341891 -0.0298928 -0.939264
    outer loop
      vertex 48.4916 -33.321 75.6865
      vertex 45.588 -32.809 74.6133
      vertex 48.6071 -32 75.6865
    endloop
  endfacet
  facet normal 0.166757 0.622255 -0.764847
    outer loop
      vertex 45.3532 35.9603 79.2721
      vertex 42.7928 34.1675 77.2553
      vertex 43.2102 36.5346 79.2721
    endloop
  endfacet
  facet normal 0.166744 0.622266 -0.764841
    outer loop
      vertex 44.5311 33.7017 77.2553
      vertex 42.7928 34.1675 77.2553
      vertex 45.3532 35.9603 79.2721
    endloop
  endfacet
  facet normal 0.3695 0.527725 -0.764837
    outer loop
      vertex 49.1814 33.7502 79.2721
      vertex 46.1622 32.9412 77.2553
      vertex 47.364 35.0227 79.2721
    endloop
  endfacet
  facet normal 0.324235 0.695363 -0.64136
    outer loop
      vertex 47.364 35.0227 79.2721
      vertex 45.3532 35.9603 79.2721
      vertex 46.043 37.8555 81.6756
    endloop
  endfacet
  facet normal -0.331499 0.0888275 -0.939265
    outer loop
      vertex -45.588 24.809 74.6133
      vertex -48.4916 25.321 75.6865
      vertex -48.1484 26.6018 75.6865
    endloop
  endfacet
  facet normal 0.099944 0.142777 -0.984696
    outer loop
      vertex 42.0084 25.2018 74.0685
      vertex 41.7844 25.3586 74.0685
      vertex 43.9946 27.5688 74.6133
    endloop
  endfacet
  facet normal -0.0451113 0.168339 -0.984696
    outer loop
      vertex -41.5366 25.4742 74.0685
      vertex -41.809 28.588 74.6133
      vertex -41.2724 25.545 74.0685
    endloop
  endfacet
  facet normal -0.0819238 0.936536 -0.340864
    outer loop
      vertex -43.8328 40.0657 84.3929
      vertex -44.0192 41.1225 87.3413
      vertex -41 40.3135 84.3929
    endloop
  endfacet
  facet normal -0.254918 0.951359 -0.173011
    outer loop
      vertex -46.9466 40.3381 87.3413
      vertex -47.1329 40.8501 90.4312
      vertex -44.0192 41.1225 87.3413
    endloop
  endfacet
  facet normal -0.696448 0.696448 0.172974
    outer loop
      vertex -54.7363 35.5261 99.5688
      vertex -52.1759 37.319 102.659
      vertex -52.5261 37.7363 99.5688
    endloop
  endfacet
  facet normal -0.696448 0.696448 0.172974
    outer loop
      vertex -52.1759 37.319 102.659
      vertex -54.7363 35.5261 99.5688
      vertex -54.319 35.1759 102.659
    endloop
  endfacet
  facet normal -0.564923 0.80681 0.172972
    outer loop
      vertex -49.6933 39.0573 102.659
      vertex -52.5261 37.7363 99.5688
      vertex -52.1759 37.319 102.659
    endloop
  endfacet
  facet normal -0.366334 0.785619 0.4986
    outer loop
      vertex -46.043 37.8555 108.324
      vertex -49.1568 38.1279 105.607
      vertex -48.3724 36.7693 108.324
    endloop
  endfacet
  facet normal -0.497207 0.710059 0.4986
    outer loop
      vertex -49.1568 38.1279 105.607
      vertex -50.4777 35.2951 108.324
      vertex -48.3724 36.7693 108.324
    endloop
  endfacet
  facet normal -0.243314 0.908064 0.340908
    outer loop
      vertex -44.0192 41.1225 102.659
      vertex -46.5796 39.3297 105.607
      vertex -43.8328 40.0657 105.607
    endloop
  endfacet
  facet normal -0.397299 0.852016 0.340914
    outer loop
      vertex -46.9466 40.3381 102.659
      vertex -49.6933 39.0573 102.659
      vertex -49.1568 38.1279 105.607
    endloop
  endfacet
  facet normal -0.243317 0.908064 0.340905
    outer loop
      vertex -44.0192 41.1225 102.659
      vertex -46.9466 40.3381 102.659
      vertex -46.5796 39.3297 105.607
    endloop
  endfacet
  facet normal -0.254918 0.951362 0.172995
    outer loop
      vertex -44.0192 41.1225 102.659
      vertex -47.1329 40.8501 99.5688
      vertex -46.9466 40.3381 102.659
    endloop
  endfacet
  facet normal -0.211932 0.454496 0.865169
    outer loop
      vertex -43.6018 31.1484 114.314
      vertex -46.1622 32.9412 112.745
      vertex -44.8036 30.588 114.314
    endloop
  endfacet
  facet normal -0.211917 0.454513 0.865164
    outer loop
      vertex -44.5311 33.7017 112.745
      vertex -46.1622 32.9412 112.745
      vertex -43.6018 31.1484 114.314
    endloop
  endfacet
  facet normal -0.369522 0.527755 0.764806
    outer loop
      vertex -47.364 35.0227 110.728
      vertex -49.1814 33.7502 110.728
      vertex -46.1622 32.9412 112.745
    endloop
  endfacet
  facet normal -0.440107 0.628566 0.641257
    outer loop
      vertex -47.364 35.0227 110.728
      vertex -50.4777 35.2951 108.324
      vertex -49.1814 33.7502 110.728
    endloop
  endfacet
  facet normal -0.710081 0.497206 -0.498568
    outer loop
      vertex -52.2951 33.4777 81.6756
      vertex -55.1279 32.1568 84.3929
      vertex -53.4969 34.4861 84.3929
    endloop
  endfacet
  facet normal -0.354567 0.354567 -0.865196
    outer loop
      vertex -46.8274 28.8898 75.6865
      vertex -47.6364 31.9089 77.2553
      vertex -45.8898 29.8274 75.6865
    endloop
  endfacet
  facet normal -0.354567 0.354567 -0.865196
    outer loop
      vertex -47.6364 31.9089 77.2553
      vertex -46.8274 28.8898 75.6865
      vertex -48.9089 30.6364 77.2553
    endloop
  endfacet
  facet normal -0.440085 0.628484 -0.641353
    outer loop
      vertex -47.364 35.0227 79.2721
      vertex -50.4777 35.2951 81.6756
      vertex -48.3724 36.7693 81.6756
    endloop
  endfacet
  facet normal -0.80679 0.564939 -0.173012
    outer loop
      vertex -56.0573 32.6933 87.3413
      vertex -56.5291 32.9658 90.4312
      vertex -54.7363 35.5261 90.4312
    endloop
  endfacet
  facet normal -0.806808 0.564921 -0.172988
    outer loop
      vertex -54.319 35.1759 87.3413
      vertex -56.0573 32.6933 87.3413
      vertex -54.7363 35.5261 90.4312
    endloop
  endfacet
  facet normal -0.892644 0.416245 0.172992
    outer loop
      vertex -56.0573 32.6933 102.659
      vertex -57.8501 30.1329 99.5688
      vertex -57.3381 29.9466 102.659
    endloop
  endfacet
  facet normal -0.936525 0.0819521 -0.340889
    outer loop
      vertex -57.3135 24 84.3929
      vertex -58.3867 24 87.3413
      vertex -58.1225 27.0192 87.3413
    endloop
  endfacet
  facet normal -0.951355 0.254926 -0.17302
    outer loop
      vertex -58.1225 27.0192 87.3413
      vertex -58.6591 27.1138 90.4312
      vertex -57.8501 30.1329 90.4312
    endloop
  endfacet
  facet normal -0.484399 0.129801 0.865164
    outer loop
      vertex -50.7017 27.5311 112.745
      vertex -51.1675 25.7928 112.745
      vertex -48.4916 25.321 114.314
    endloop
  endfacet
  facet normal -0.484401 0.129799 0.865164
    outer loop
      vertex -48.1484 26.6018 114.314
      vertex -50.7017 27.5311 112.745
      vertex -48.4916 25.321 114.314
    endloop
  endfacet
  facet normal -0.310987 0.145014 0.939286
    outer loop
      vertex -45.0346 26.3294 115.387
      vertex -47.588 27.8036 114.314
      vertex -45.3778 25.5934 115.387
    endloop
  endfacet
  facet normal -0.142808 0.0999999 0.984686
    outer loop
      vertex -44.5688 26.9946 115.387
      vertex -45.0346 26.3294 115.387
      vertex -42.3586 24.7844 115.932
    endloop
  endfacet
  facet normal -0.142828 0.0999796 0.984685
    outer loop
      vertex -42.2018 25.0084 115.932
      vertex -44.5688 26.9946 115.387
      vertex -42.3586 24.7844 115.932
    endloop
  endfacet
  facet normal -0.0668533 0.764404 0.641262
    outer loop
      vertex -41 36.7279 110.728
      vertex -43.5604 38.5207 108.324
      vertex -43.2102 36.5346 110.728
    endloop
  endfacet
  facet normal -0.198625 0.741169 0.641262
    outer loop
      vertex -43.5604 38.5207 108.324
      vertex -45.3532 35.9603 110.728
      vertex -43.2102 36.5346 110.728
    endloop
  endfacet
  facet normal 0.542581 0.542581 0.641257
    outer loop
      vertex 50.4777 35.2951 108.324
      vertex 50.7502 32.1814 110.728
      vertex 52.2951 33.4777 108.324
    endloop
  endfacet
  facet normal 0.542581 0.542581 0.641257
    outer loop
      vertex 50.7502 32.1814 110.728
      vertex 50.4777 35.2951 108.324
      vertex 49.1814 33.7502 110.728
    endloop
  endfacet
  facet normal 0.0668738 0.764392 0.641275
    outer loop
      vertex 41 38.7447 108.324
      vertex 41 36.7279 110.728
      vertex 43.5604 38.5207 108.324
    endloop
  endfacet
  facet normal 0.166754 0.622302 0.764809
    outer loop
      vertex 45.3532 35.9603 110.728
      vertex 42.7928 34.1675 112.745
      vertex 44.5311 33.7017 112.745
    endloop
  endfacet
  facet normal 0.0436804 0.499583 0.865164
    outer loop
      vertex 42.7928 34.1675 112.745
      vertex 41 31.6071 114.314
      vertex 42.321 31.4916 114.314
    endloop
  endfacet
  facet normal 0.366345 0.785608 0.49861
    outer loop
      vertex 46.5796 39.3297 105.607
      vertex 46.043 37.8555 108.324
      vertex 49.1568 38.1279 105.607
    endloop
  endfacet
  facet normal 0.198591 0.741162 0.64128
    outer loop
      vertex 46.043 37.8555 108.324
      vertex 43.5604 38.5207 108.324
      vertex 45.3532 35.9603 110.728
    endloop
  endfacet
  facet normal 0.80681 0.564923 0.172972
    outer loop
      vertex 54.7363 35.5261 99.5688
      vertex 54.319 35.1759 102.659
      vertex 56.0573 32.6933 102.659
    endloop
  endfacet
  facet normal 0.564923 0.80681 0.172972
    outer loop
      vertex 52.5261 37.7363 99.5688
      vertex 49.6933 39.0573 102.659
      vertex 52.1759 37.319 102.659
    endloop
  endfacet
  facet normal 0.0871487 -0.996195 0
    outer loop
      vertex 41 -49.9315 90.4312
      vertex 44.1138 -49.6591 99.5688
      vertex 41 -49.9315 99.5688
    endloop
  endfacet
  facet normal 0.0871487 -0.996195 0
    outer loop
      vertex 44.1138 -49.6591 99.5688
      vertex 41 -49.9315 90.4312
      vertex 44.1138 -49.6591 90.4312
    endloop
  endfacet
  facet normal -0.129786 -0.484354 -0.865192
    outer loop
      vertex -42.321 -39.4916 75.6865
      vertex -44.5311 -41.7017 77.2553
      vertex -43.6018 -39.1484 75.6865
    endloop
  endfacet
  facet normal -0.0561273 -0.641762 -0.764847
    outer loop
      vertex -41 -44.7279 79.2721
      vertex -43.2102 -44.5346 79.2721
      vertex -42.7928 -42.1675 77.2553
    endloop
  endfacet
  facet normal -0.272249 -0.583873 -0.764835
    outer loop
      vertex -45.3532 -43.9603 79.2721
      vertex -47.364 -43.0227 79.2721
      vertex -46.1622 -40.9412 77.2553
    endloop
  endfacet
  facet normal 0.455526 -0.455526 -0.764848
    outer loop
      vertex 49.1814 -41.7502 79.2721
      vertex 48.9089 -38.6364 77.2553
      vertex 50.7502 -40.1814 79.2721
    endloop
  endfacet
  facet normal 0.455526 -0.455526 -0.764848
    outer loop
      vertex 48.9089 -38.6364 77.2553
      vertex 49.1814 -41.7502 79.2721
      vertex 47.6364 -39.9089 77.2553
    endloop
  endfacet
  facet normal 0.527725 -0.3695 -0.764837
    outer loop
      vertex 50.7502 -40.1814 79.2721
      vertex 49.9412 -37.1622 77.2553
      vertex 52.0227 -38.364 79.2721
    endloop
  endfacet
  facet normal 0.198608 -0.741105 -0.641341
    outer loop
      vertex 43.5604 -46.5207 81.6756
      vertex 43.2102 -44.5346 79.2721
      vertex 45.3532 -43.9603 79.2721
    endloop
  endfacet
  facet normal 0.0668681 -0.764326 -0.641353
    outer loop
      vertex 43.5604 -46.5207 81.6756
      vertex 41 -46.7447 81.6756
      vertex 41 -44.7279 79.2721
    endloop
  endfacet
  facet normal 0.145037 -0.311039 -0.939265
    outer loop
      vertex 43.6018 -39.1484 75.6865
      vertex 42.5934 -36.3778 74.6133
      vertex 44.8036 -38.588 75.6865
    endloop
  endfacet
  facet normal 0.3695 -0.527725 -0.764837
    outer loop
      vertex 47.364 -43.0227 79.2721
      vertex 46.1622 -40.9412 77.2553
      vertex 49.1814 -41.7502 79.2721
    endloop
  endfacet
  facet normal 0.287621 -0.410743 -0.865196
    outer loop
      vertex 46.1622 -40.9412 77.2553
      vertex 45.8898 -37.8274 75.6865
      vertex 47.6364 -39.9089 77.2553
    endloop
  endfacet
  facet normal 0.324235 -0.695363 -0.64136
    outer loop
      vertex 46.043 -45.8555 81.6756
      vertex 45.3532 -43.9603 79.2721
      vertex 47.364 -43.0227 79.2721
    endloop
  endfacet
  facet normal 0.254926 -0.951355 -0.17302
    outer loop
      vertex 44.1138 -49.6591 90.4312
      vertex 44.0192 -49.1225 87.3413
      vertex 47.1329 -48.8501 90.4312
    endloop
  endfacet
  facet normal 0.258829 -0.965923 0
    outer loop
      vertex 44.1138 -49.6591 90.4312
      vertex 47.1329 -48.8501 99.5688
      vertex 44.1138 -49.6591 99.5688
    endloop
  endfacet
  facet normal 0.258829 -0.965923 0
    outer loop
      vertex 47.1329 -48.8501 99.5688
      vertex 44.1138 -49.6591 90.4312
      vertex 47.1329 -48.8501 90.4312
    endloop
  endfacet
  facet normal -0.0858591 -0.981173 -0.172997
    outer loop
      vertex -41 -49.9315 90.4312
      vertex -44.0192 -49.1225 87.3413
      vertex -41 -49.3867 87.3413
    endloop
  endfacet
  facet normal -0.416246 -0.892644 0.172991
    outer loop
      vertex -49.6933 -47.0573 102.659
      vertex -49.9658 -47.5291 99.5688
      vertex -47.1329 -48.8501 99.5688
    endloop
  endfacet
  facet normal -0.564941 -0.806793 0.172996
    outer loop
      vertex -49.6933 -47.0573 102.659
      vertex -52.5261 -45.7363 99.5688
      vertex -49.9658 -47.5291 99.5688
    endloop
  endfacet
  facet normal 0.254918 -0.951359 -0.173011
    outer loop
      vertex 47.1329 -48.8501 90.4312
      vertex 44.0192 -49.1225 87.3413
      vertex 46.9466 -48.3381 87.3413
    endloop
  endfacet
  facet normal 0.243321 -0.908078 -0.340865
    outer loop
      vertex 46.9466 -48.3381 87.3413
      vertex 44.0192 -49.1225 87.3413
      vertex 46.5796 -47.3297 84.3929
    endloop
  endfacet
  facet normal 0.397318 -0.852028 -0.340863
    outer loop
      vertex 46.9466 -48.3381 87.3413
      vertex 46.5796 -47.3297 84.3929
      vertex 49.1568 -46.1279 84.3929
    endloop
  endfacet
  facet normal 0.837314 -0.224357 -0.498568
    outer loop
      vertex 56.3297 -37.5796 84.3929
      vertex 54.8555 -37.043 81.6756
      vertex 57.0657 -34.8328 84.3929
    endloop
  endfacet
  facet normal 0.908078 -0.243318 -0.340867
    outer loop
      vertex 58.1225 -35.0192 87.3413
      vertex 56.3297 -37.5796 84.3929
      vertex 57.0657 -34.8328 84.3929
    endloop
  endfacet
  facet normal 0.0151782 -0.17368 0.984685
    outer loop
      vertex 41.2724 -33.545 115.932
      vertex 41 -36.6587 115.387
      vertex 41.809 -36.588 115.387
    endloop
  endfacet
  facet normal 0.272265 -0.583906 0.764804
    outer loop
      vertex 46.1622 -40.9412 112.745
      vertex 45.3532 -43.9603 110.728
      vertex 47.364 -43.0227 110.728
    endloop
  endfacet
  facet normal 0.369522 -0.527755 0.764806
    outer loop
      vertex 49.1814 -41.7502 110.728
      vertex 46.1622 -40.9412 112.745
      vertex 47.364 -43.0227 110.728
    endloop
  endfacet
  facet normal 0.539208 -0.770084 0.34092
    outer loop
      vertex 51.4861 -44.4969 105.607
      vertex 49.6933 -47.0573 102.659
      vertex 52.1759 -45.319 102.659
    endloop
  endfacet
  facet normal 0.539218 -0.77008 0.34091
    outer loop
      vertex 51.4861 -44.4969 105.607
      vertex 49.1568 -46.1279 105.607
      vertex 49.6933 -47.0573 102.659
    endloop
  endfacet
  facet normal 0.499583 -0.0436804 0.865164
    outer loop
      vertex 48.6071 -32 114.314
      vertex 48.4916 -33.321 114.314
      vertex 51.1675 -33.7928 112.745
    endloop
  endfacet
  facet normal 0.785619 -0.366334 0.4986
    outer loop
      vertex 54.8555 -37.043 108.324
      vertex 53.7693 -39.3724 108.324
      vertex 55.1279 -40.1568 105.607
    endloop
  endfacet
  facet normal 0.242634 -0.242634 0.939286
    outer loop
      vertex 44.5688 -34.9946 115.387
      vertex 45.8898 -37.8274 114.314
      vertex 46.8274 -36.8898 114.314
    endloop
  endfacet
  facet normal 0.242634 -0.242634 0.939286
    outer loop
      vertex 45.8898 -37.8274 114.314
      vertex 44.5688 -34.9946 115.387
      vertex 43.9946 -35.5688 115.387
    endloop
  endfacet
  facet normal 0.0451268 -0.168399 0.984685
    outer loop
      vertex 42.5934 -36.3778 115.387
      vertex 41.5366 -33.4742 115.932
      vertex 41.809 -36.588 115.387
    endloop
  endfacet
  facet normal 0.0436804 -0.499583 0.865164
    outer loop
      vertex 42.321 -39.4916 114.314
      vertex 41 -39.6071 114.314
      vertex 42.7928 -42.1675 112.745
    endloop
  endfacet
  facet normal 0.129801 -0.484399 0.865164
    outer loop
      vertex 44.5311 -41.7017 112.745
      vertex 42.321 -39.4916 114.314
      vertex 42.7928 -42.1675 112.745
    endloop
  endfacet
  facet normal -0.211932 -0.454496 0.865169
    outer loop
      vertex -44.8036 -38.588 114.314
      vertex -46.1622 -40.9412 112.745
      vertex -43.6018 -39.1484 114.314
    endloop
  endfacet
  facet normal -0.287646 -0.410783 0.865169
    outer loop
      vertex -45.8898 -37.8274 114.314
      vertex -46.1622 -40.9412 112.745
      vertex -44.8036 -38.588 114.314
    endloop
  endfacet
  facet normal -0.224348 -0.83729 0.498611
    outer loop
      vertex -43.5604 -46.5207 108.324
      vertex -46.043 -45.8555 108.324
      vertex -43.8328 -48.0657 105.607
    endloop
  endfacet
  facet normal -0.0755468 -0.863527 0.498612
    outer loop
      vertex -43.5604 -46.5207 108.324
      vertex -43.8328 -48.0657 105.607
      vertex -41 -46.7447 108.324
    endloop
  endfacet
  facet normal -0.0858346 -0.981174 0.173004
    outer loop
      vertex -44.0192 -49.1225 102.659
      vertex -44.1138 -49.6591 99.5688
      vertex -41 -49.9315 99.5688
    endloop
  endfacet
  facet normal -0.0668533 -0.764404 0.641262
    outer loop
      vertex -43.2102 -44.5346 110.728
      vertex -43.5604 -46.5207 108.324
      vertex -41 -44.7279 110.728
    endloop
  endfacet
  facet normal -0.0561306 -0.6418 0.764815
    outer loop
      vertex -42.7928 -42.1675 112.745
      vertex -43.2102 -44.5346 110.728
      vertex -41 -44.7279 110.728
    endloop
  endfacet
  facet normal 0.324263 -0.695422 0.641281
    outer loop
      vertex 47.364 -43.0227 110.728
      vertex 45.3532 -43.9603 110.728
      vertex 46.043 -45.8555 108.324
    endloop
  endfacet
  facet normal 0.224348 -0.83729 0.498611
    outer loop
      vertex 46.043 -45.8555 108.324
      vertex 43.5604 -46.5207 108.324
      vertex 43.8328 -48.0657 105.607
    endloop
  endfacet
  facet normal 0.243314 -0.908064 0.340908
    outer loop
      vertex 46.5796 -47.3297 105.607
      vertex 43.8328 -48.0657 105.607
      vertex 44.0192 -49.1225 102.659
    endloop
  endfacet
  facet normal 0.224351 -0.837291 0.498609
    outer loop
      vertex 46.043 -45.8555 108.324
      vertex 43.8328 -48.0657 105.607
      vertex 46.5796 -47.3297 105.607
    endloop
  endfacet
  facet normal 0.243317 -0.908064 0.340905
    outer loop
      vertex 46.5796 -47.3297 105.607
      vertex 44.0192 -49.1225 102.659
      vertex 46.9466 -48.3381 102.659
    endloop
  endfacet
  facet normal 0.254918 -0.951362 0.172995
    outer loop
      vertex 46.9466 -48.3381 102.659
      vertex 44.0192 -49.1225 102.659
      vertex 47.1329 -48.8501 99.5688
    endloop
  endfacet
  facet normal 0.366334 -0.785619 0.4986
    outer loop
      vertex 48.3724 -44.7693 108.324
      vertex 46.043 -45.8555 108.324
      vertex 49.1568 -46.1279 105.607
    endloop
  endfacet
  facet normal 0.17368 0.0151747 0.984685
    outer loop
      vertex 45.6587 24 115.387
      vertex 42.545 24.2724 115.932
      vertex 42.5688 24 115.932
    endloop
  endfacet
  facet normal 0.61294 0.61294 0.498608
    outer loop
      vertex 50.4777 35.2951 108.324
      vertex 53.4969 34.4861 105.607
      vertex 51.4861 36.4969 105.607
    endloop
  endfacet
  facet normal 0.61294 0.61294 0.498608
    outer loop
      vertex 53.4969 34.4861 105.607
      vertex 50.4777 35.2951 108.324
      vertex 52.2951 33.4777 108.324
    endloop
  endfacet
  facet normal 0.440123 0.628538 0.641274
    outer loop
      vertex 48.3724 36.7693 108.324
      vertex 47.364 35.0227 110.728
      vertex 50.4777 35.2951 108.324
    endloop
  endfacet
  facet normal 0.354601 0.354601 0.865168
    outer loop
      vertex 47.6364 31.9089 112.745
      vertex 46.8274 28.8898 114.314
      vertex 48.9089 30.6364 112.745
    endloop
  endfacet
  facet normal 0.354601 0.354601 0.865168
    outer loop
      vertex 46.8274 28.8898 114.314
      vertex 47.6364 31.9089 112.745
      vertex 45.8898 29.8274 114.314
    endloop
  endfacet
  facet normal 0.710059 0.497207 0.4986
    outer loop
      vertex 55.1279 32.1568 105.607
      vertex 52.2951 33.4777 108.324
      vertex 53.7693 31.3724 108.324
    endloop
  endfacet
  facet normal 0.454513 0.211917 0.865164
    outer loop
      vertex 49.9412 29.1622 112.745
      vertex 48.1484 26.6018 114.314
      vertex 50.7017 27.5311 112.745
    endloop
  endfacet
  facet normal 0.6418 0.0561306 0.764815
    outer loop
      vertex 53.5346 26.2102 110.728
      vertex 51.1675 25.7928 112.745
      vertex 53.7279 24 110.728
    endloop
  endfacet
  facet normal 0.410783 0.287646 0.865169
    outer loop
      vertex 49.9412 29.1622 112.745
      vertex 46.8274 28.8898 114.314
      vertex 47.588 27.8036 114.314
    endloop
  endfacet
  facet normal 0.168399 0.0451268 0.984685
    outer loop
      vertex 45.3778 25.5934 115.387
      vertex 42.4742 24.5366 115.932
      vertex 45.588 24.809 115.387
    endloop
  endfacet
  facet normal 0.0736783 0.158005 0.984686
    outer loop
      vertex 42.5934 28.3778 115.387
      vertex 41.7844 25.3586 115.932
      vertex 43.3294 28.0346 115.387
    endloop
  endfacet
  facet normal 0.123278 0.123278 0.984685
    outer loop
      vertex 43.9946 27.5688 115.387
      vertex 42.2018 25.0084 115.932
      vertex 44.5688 26.9946 115.387
    endloop
  endfacet
  facet normal 0.123278 0.123278 0.984685
    outer loop
      vertex 42.2018 25.0084 115.932
      vertex 43.9946 27.5688 115.387
      vertex 42.0084 25.2018 115.932
    endloop
  endfacet
  facet normal -0.0151747 -0.17368 0.984685
    outer loop
      vertex -41 -33.5688 115.932
      vertex -41.2724 -33.545 115.932
      vertex -41 -36.6587 115.387
    endloop
  endfacet
  facet normal 0.0151747 -0.17368 0.984685
    outer loop
      vertex 41 -33.5688 115.932
      vertex 41 -36.6587 115.387
      vertex 41.2724 -33.545 115.932
    endloop
  endfacet
  facet normal 0.123278 -0.123278 0.984685
    outer loop
      vertex 42.2018 -33.0084 115.932
      vertex 43.9946 -35.5688 115.387
      vertex 44.5688 -34.9946 115.387
    endloop
  endfacet
  facet normal 0.123278 -0.123278 0.984685
    outer loop
      vertex 43.9946 -35.5688 115.387
      vertex 42.2018 -33.0084 115.932
      vertex 42.0084 -33.2018 115.932
    endloop
  endfacet
  facet normal 0.0451274 -0.168399 0.984685
    outer loop
      vertex 41.5366 -33.4742 115.932
      vertex 41.2724 -33.545 115.932
      vertex 41.809 -36.588 115.387
    endloop
  endfacet
  facet normal 0.145014 -0.310987 0.939286
    outer loop
      vertex 44.8036 -38.588 114.314
      vertex 42.5934 -36.3778 115.387
      vertex 43.6018 -39.1484 114.314
    endloop
  endfacet
  facet normal 0.168399 -0.0451274 0.984685
    outer loop
      vertex 42.545 -32.2724 115.932
      vertex 42.4742 -32.5366 115.932
      vertex 45.588 -32.809 115.387
    endloop
  endfacet
  facet normal 0.0451274 0.168399 0.984685
    outer loop
      vertex 41.809 28.588 115.387
      vertex 41.2724 25.545 115.932
      vertex 41.5366 25.4742 115.932
    endloop
  endfacet
  facet normal -0.0151782 0.17368 0.984685
    outer loop
      vertex -41 28.6587 115.387
      vertex -41.809 28.588 115.387
      vertex -41.2724 25.545 115.932
    endloop
  endfacet
  facet normal -0.0151747 0.17368 0.984685
    outer loop
      vertex -41 28.6587 115.387
      vertex -41.2724 25.545 115.932
      vertex -41 25.5688 115.932
    endloop
  endfacet
  facet normal -0.527696 -0.369516 -0.76485
    outer loop
      vertex -48.9089 -38.6364 77.2553
      vertex -50.7502 -40.1814 79.2721
      vertex -49.9412 -37.1622 77.2553
    endloop
  endfacet
  facet normal -0.527725 -0.3695 -0.764837
    outer loop
      vertex -50.7502 -40.1814 79.2721
      vertex -52.0227 -38.364 79.2721
      vertex -49.9412 -37.1622 77.2553
    endloop
  endfacet
  facet normal -0.341887 0.0298782 -0.939266
    outer loop
      vertex -45.6587 24 74.6133
      vertex -48.6071 24 75.6865
      vertex -45.588 24.809 74.6133
    endloop
  endfacet
  facet normal -0.622266 0.166744 -0.764841
    outer loop
      vertex -51.1675 25.7928 77.2553
      vertex -52.9603 28.3532 79.2721
      vertex -50.7017 27.5311 77.2553
    endloop
  endfacet
  facet normal -0.622255 -0.166757 -0.764847
    outer loop
      vertex -52.9603 -36.3532 79.2721
      vertex -53.5346 -34.2102 79.2721
      vertex -51.1675 -33.7928 77.2553
    endloop
  endfacet
  facet normal -0.741105 -0.198608 -0.641341
    outer loop
      vertex -52.9603 -36.3532 79.2721
      vertex -55.5207 -34.5604 81.6756
      vertex -53.5346 -34.2102 79.2721
    endloop
  endfacet
  facet normal 0.281122 0.196853 -0.939265
    outer loop
      vertex 45.0346 26.3294 74.6133
      vertex 44.5688 26.9946 74.6133
      vertex 47.588 27.8036 75.6865
    endloop
  endfacet
  facet normal 0.341887 0.0298782 -0.939266
    outer loop
      vertex 45.6587 24 74.6133
      vertex 45.588 24.809 74.6133
      vertex 48.6071 24 75.6865
    endloop
  endfacet
  facet normal 0.173618 0.0151728 -0.984696
    outer loop
      vertex 45.6587 24 74.6133
      vertex 42.545 24.2724 74.0685
      vertex 45.588 24.809 74.6133
    endloop
  endfacet
  facet normal 0.484354 0.129786 -0.865192
    outer loop
      vertex 48.4916 25.321 75.6865
      vertex 48.1484 26.6018 75.6865
      vertex 50.7017 27.5311 77.2553
    endloop
  endfacet
  facet normal 0.331499 0.0888275 -0.939265
    outer loop
      vertex 48.4916 25.321 75.6865
      vertex 45.588 24.809 74.6133
      vertex 48.1484 26.6018 75.6865
    endloop
  endfacet
  facet normal 0.741105 0.198608 -0.641341
    outer loop
      vertex 53.5346 26.2102 79.2721
      vertex 52.9603 28.3532 79.2721
      vertex 55.5207 26.5604 81.6756
    endloop
  endfacet
  facet normal 0.622255 0.166757 -0.764847
    outer loop
      vertex 53.5346 26.2102 79.2721
      vertex 51.1675 25.7928 77.2553
      vertex 52.9603 28.3532 79.2721
    endloop
  endfacet
  facet normal 0.0436762 0.499535 -0.865192
    outer loop
      vertex 42.321 31.4916 75.6865
      vertex 41 31.6071 75.6865
      vertex 42.7928 34.1675 77.2553
    endloop
  endfacet
  facet normal 0.129789 0.484353 -0.865192
    outer loop
      vertex 44.5311 33.7017 77.2553
      vertex 42.321 31.4916 75.6865
      vertex 42.7928 34.1675 77.2553
    endloop
  endfacet
  facet normal -0.331444 -0.0888129 0.939285
    outer loop
      vertex -45.588 -32.809 115.387
      vertex -48.4916 -33.321 114.314
      vertex -48.1484 -34.6018 114.314
    endloop
  endfacet
  facet normal -0.331441 -0.088818 0.939286
    outer loop
      vertex -45.588 -32.809 115.387
      vertex -48.1484 -34.6018 114.314
      vertex -45.3778 -33.5934 115.387
    endloop
  endfacet
  facet normal -0.0737065 -0.157997 0.984685
    outer loop
      vertex -41.7844 -33.3586 115.932
      vertex -42.5934 -36.3778 115.387
      vertex -41.5366 -33.4742 115.932
    endloop
  endfacet
  facet normal -0.710059 0.497207 0.4986
    outer loop
      vertex -52.2951 33.4777 108.324
      vertex -55.1279 32.1568 105.607
      vertex -53.7693 31.3724 108.324
    endloop
  endfacet
  facet normal -0.785619 0.366334 0.4986
    outer loop
      vertex -53.7693 31.3724 108.324
      vertex -55.1279 32.1568 105.607
      vertex -54.8555 29.043 108.324
    endloop
  endfacet
  facet normal -0.527755 0.369522 0.764806
    outer loop
      vertex -50.7502 32.1814 110.728
      vertex -52.0227 30.364 110.728
      vertex -49.9412 29.1622 112.745
    endloop
  endfacet
  facet normal -0.527727 0.369537 0.764818
    outer loop
      vertex -48.9089 30.6364 112.745
      vertex -50.7502 32.1814 110.728
      vertex -49.9412 29.1622 112.745
    endloop
  endfacet
  facet normal 0.198608 0.741105 -0.641341
    outer loop
      vertex 45.3532 35.9603 79.2721
      vertex 43.2102 36.5346 79.2721
      vertex 43.5604 38.5207 81.6756
    endloop
  endfacet
  facet normal 0.0668476 0.764338 -0.641341
    outer loop
      vertex 43.2102 36.5346 79.2721
      vertex 41 36.7279 79.2721
      vertex 43.5604 38.5207 81.6756
    endloop
  endfacet
  facet normal 0.539216 0.770096 -0.340879
    outer loop
      vertex 51.4861 36.4969 84.3929
      vertex 49.6933 39.0573 87.3413
      vertex 52.1759 37.319 87.3413
    endloop
  endfacet
  facet normal 0.664756 0.664756 -0.340878
    outer loop
      vertex 54.319 35.1759 87.3413
      vertex 51.4861 36.4969 84.3929
      vertex 52.1759 37.319 87.3413
    endloop
  endfacet
  facet normal 0.664756 0.664756 -0.340878
    outer loop
      vertex 51.4861 36.4969 84.3929
      vertex 54.319 35.1759 87.3413
      vertex 53.4969 34.4861 84.3929
    endloop
  endfacet
  facet normal 0.628484 0.440085 -0.641353
    outer loop
      vertex 53.7693 31.3724 81.6756
      vertex 52.0227 30.364 79.2721
      vertex 52.2951 33.4777 81.6756
    endloop
  endfacet
  facet normal 0.710079 0.49722 -0.498558
    outer loop
      vertex 53.7693 31.3724 81.6756
      vertex 52.2951 33.4777 81.6756
      vertex 55.1279 32.1568 84.3929
    endloop
  endfacet
  facet normal 0.49722 0.710079 -0.498558
    outer loop
      vertex 50.4777 35.2951 81.6756
      vertex 48.3724 36.7693 81.6756
      vertex 49.1568 38.1279 84.3929
    endloop
  endfacet
  facet normal 0.497206 0.710081 -0.498568
    outer loop
      vertex 50.4777 35.2951 81.6756
      vertex 49.1568 38.1279 84.3929
      vertex 51.4861 36.4969 84.3929
    endloop
  endfacet
  facet normal 0.583872 0.27223 -0.764842
    outer loop
      vertex 50.7017 27.5311 77.2553
      vertex 49.9412 29.1622 77.2553
      vertex 52.9603 28.3532 79.2721
    endloop
  endfacet
  facet normal 0.45447 0.211896 -0.865192
    outer loop
      vertex 50.7017 27.5311 77.2553
      vertex 48.1484 26.6018 75.6865
      vertex 49.9412 29.1622 77.2553
    endloop
  endfacet
  facet normal 0.564941 0.806793 0.172996
    outer loop
      vertex 49.9658 39.5291 99.5688
      vertex 49.6933 39.0573 102.659
      vertex 52.5261 37.7363 99.5688
    endloop
  endfacet
  facet normal 0.539208 0.770084 0.34092
    outer loop
      vertex 52.1759 37.319 102.659
      vertex 49.6933 39.0573 102.659
      vertex 51.4861 36.4969 105.607
    endloop
  endfacet
  facet normal 0.908064 0.243317 0.340905
    outer loop
      vertex 57.3381 29.9466 102.659
      vertex 56.3297 29.5796 105.607
      vertex 58.1225 27.0192 102.659
    endloop
  endfacet
  facet normal 0.951362 0.254918 0.172995
    outer loop
      vertex 57.8501 30.1329 99.5688
      vertex 57.3381 29.9466 102.659
      vertex 58.1225 27.0192 102.659
    endloop
  endfacet
  facet normal 0.454513 -0.211917 0.865164
    outer loop
      vertex 50.7017 -35.5311 112.745
      vertex 48.1484 -34.6018 114.314
      vertex 49.9412 -37.1622 112.745
    endloop
  endfacet
  facet normal 0.6418 -0.0561306 0.764815
    outer loop
      vertex 53.7279 -32 110.728
      vertex 51.1675 -33.7928 112.745
      vertex 53.5346 -34.2102 110.728
    endloop
  endfacet
  facet normal 0.341831 -0.0298732 0.939287
    outer loop
      vertex 45.6587 -32 115.387
      vertex 45.588 -32.809 115.387
      vertex 48.6071 -32 114.314
    endloop
  endfacet
  facet normal 0.17368 -0.0151782 0.984685
    outer loop
      vertex 45.6587 -32 115.387
      vertex 42.545 -32.2724 115.932
      vertex 45.588 -32.809 115.387
    endloop
  endfacet
  facet normal 0.77008 -0.539218 0.34091
    outer loop
      vertex 55.1279 -40.1568 105.607
      vertex 53.4969 -42.4861 105.607
      vertex 56.0573 -40.6933 102.659
    endloop
  endfacet
  facet normal 0.710062 -0.497193 0.498609
    outer loop
      vertex 55.1279 -40.1568 105.607
      vertex 52.2951 -41.4777 108.324
      vertex 53.4969 -42.4861 105.607
    endloop
  endfacet
  facet normal 0.499992 0 -0.86603
    outer loop
      vertex 48.6071 -32 75.6865
      vertex 51.3244 24 77.2553
      vertex 51.3244 -32 77.2553
    endloop
  endfacet
  facet normal 0.499992 0 -0.86603
    outer loop
      vertex 51.3244 24 77.2553
      vertex 48.6071 -32 75.6865
      vertex 48.6071 24 75.6865
    endloop
  endfacet
  facet normal 0.341887 -0.0298782 -0.939266
    outer loop
      vertex 48.6071 -32 75.6865
      vertex 45.588 -32.809 74.6133
      vertex 45.6587 -32 74.6133
    endloop
  endfacet
  facet normal 0.0437158 0.499514 -0.865202
    outer loop
      vertex 42.7928 34.1675 77.2553
      vertex 41 31.6071 75.6865
      vertex 41 34.3244 77.2553
    endloop
  endfacet
  facet normal 0.0561663 0.641777 -0.764831
    outer loop
      vertex 42.7928 34.1675 77.2553
      vertex 41 34.3244 77.2553
      vertex 41 36.7279 79.2721
    endloop
  endfacet
  facet normal 0.196853 0.281123 -0.939265
    outer loop
      vertex 45.8898 29.8274 75.6865
      vertex 43.9946 27.5688 74.6133
      vertex 44.8036 30.588 75.6865
    endloop
  endfacet
  facet normal 0.211896 0.45447 -0.865192
    outer loop
      vertex 46.1622 32.9412 77.2553
      vertex 43.6018 31.1484 75.6865
      vertex 44.5311 33.7017 77.2553
    endloop
  endfacet
  facet normal -0.0888275 0.331499 -0.939265
    outer loop
      vertex -41.809 28.588 74.6133
      vertex -43.6018 31.1484 75.6865
      vertex -42.321 31.4916 75.6865
    endloop
  endfacet
  facet normal -0.145038 0.311038 -0.939265
    outer loop
      vertex -43.3294 28.0346 74.6133
      vertex -44.8036 30.588 75.6865
      vertex -42.5934 28.3778 74.6133
    endloop
  endfacet
  facet normal -0.142757 0.0999643 -0.984697
    outer loop
      vertex -42.3586 24.7844 74.0685
      vertex -45.0346 26.3294 74.6133
      vertex -44.5688 26.9946 74.6133
    endloop
  endfacet
  facet normal -0.341891 0.0298928 -0.939264
    outer loop
      vertex -45.588 24.809 74.6133
      vertex -48.6071 24 75.6865
      vertex -48.4916 25.321 75.6865
    endloop
  endfacet
  facet normal -0.628512 0.440069 -0.641336
    outer loop
      vertex -52.0227 30.364 79.2721
      vertex -52.2951 33.4777 81.6756
      vertex -50.7502 32.1814 79.2721
    endloop
  endfacet
  facet normal -0.0755398 0.863556 -0.498563
    outer loop
      vertex -41 38.7447 81.6756
      vertex -43.8328 40.0657 84.3929
      vertex -41 40.3135 84.3929
    endloop
  endfacet
  facet normal -0.61294 0.61294 0.498608
    outer loop
      vertex -51.4861 36.4969 105.607
      vertex -52.2951 33.4777 108.324
      vertex -50.4777 35.2951 108.324
    endloop
  endfacet
  facet normal -0.61294 0.61294 0.498608
    outer loop
      vertex -52.2951 33.4777 108.324
      vertex -51.4861 36.4969 105.607
      vertex -53.4969 34.4861 105.607
    endloop
  endfacet
  facet normal -0.628484 0.440085 -0.641353
    outer loop
      vertex -52.0227 30.364 79.2721
      vertex -53.7693 31.3724 81.6756
      vertex -52.2951 33.4777 81.6756
    endloop
  endfacet
  facet normal -0.539216 0.770096 -0.340879
    outer loop
      vertex -51.4861 36.4969 84.3929
      vertex -52.1759 37.319 87.3413
      vertex -49.6933 39.0573 87.3413
    endloop
  endfacet
  facet normal -0.837314 0.224357 -0.498568
    outer loop
      vertex -54.8555 29.043 81.6756
      vertex -57.0657 26.8328 84.3929
      vertex -56.3297 29.5796 84.3929
    endloop
  endfacet
  facet normal -0.695363 0.324248 -0.641353
    outer loop
      vertex -52.0227 30.364 79.2721
      vertex -54.8555 29.043 81.6756
      vertex -53.7693 31.3724 81.6756
    endloop
  endfacet
  facet normal -0.440069 0.628512 -0.641336
    outer loop
      vertex -49.1814 33.7502 79.2721
      vertex -50.4777 35.2951 81.6756
      vertex -47.364 35.0227 79.2721
    endloop
  endfacet
  facet normal -0.49722 0.710079 -0.498558
    outer loop
      vertex -48.3724 36.7693 81.6756
      vertex -50.4777 35.2951 81.6756
      vertex -49.1568 38.1279 84.3929
    endloop
  endfacet
  facet normal -0.981173 0.0858591 -0.172997
    outer loop
      vertex -58.3867 24 87.3413
      vertex -58.9315 24 90.4312
      vertex -58.1225 27.0192 87.3413
    endloop
  endfacet
  facet normal -0.981171 0.0858343 -0.173021
    outer loop
      vertex -58.1225 27.0192 87.3413
      vertex -58.9315 24 90.4312
      vertex -58.6591 27.1138 90.4312
    endloop
  endfacet
  facet normal -0.806793 0.564941 0.172996
    outer loop
      vertex -54.7363 35.5261 99.5688
      vertex -56.5291 32.9658 99.5688
      vertex -56.0573 32.6933 102.659
    endloop
  endfacet
  facet normal -0.196821 0.281076 0.939286
    outer loop
      vertex -44.8036 30.588 114.314
      vertex -45.8898 29.8274 114.314
      vertex -43.9946 27.5688 115.387
    endloop
  endfacet
  facet normal -0.158005 0.0736783 0.984686
    outer loop
      vertex -45.0346 26.3294 115.387
      vertex -45.3778 25.5934 115.387
      vertex -42.3586 24.7844 115.932
    endloop
  endfacet
  facet normal -0.157997 0.0737065 0.984685
    outer loop
      vertex -42.3586 24.7844 115.932
      vertex -45.3778 25.5934 115.387
      vertex -42.4742 24.5366 115.932
    endloop
  endfacet
  facet normal 0.497207 0.710059 0.4986
    outer loop
      vertex 49.1568 38.1279 105.607
      vertex 48.3724 36.7693 108.324
      vertex 50.4777 35.2951 108.324
    endloop
  endfacet
  facet normal 0.243314 0.908064 0.340908
    outer loop
      vertex 44.0192 41.1225 102.659
      vertex 43.8328 40.0657 105.607
      vertex 46.5796 39.3297 105.607
    endloop
  endfacet
  facet normal 0.0668533 0.764404 0.641262
    outer loop
      vertex 43.5604 38.5207 108.324
      vertex 41 36.7279 110.728
      vertex 43.2102 36.5346 110.728
    endloop
  endfacet
  facet normal 0.0561695 0.641815 0.7648
    outer loop
      vertex 41 36.7279 110.728
      vertex 41 34.3244 112.745
      vertex 42.7928 34.1675 112.745
    endloop
  endfacet
  facet normal 0.088818 0.331441 0.939286
    outer loop
      vertex 43.6018 31.1484 114.314
      vertex 41.809 28.588 115.387
      vertex 42.5934 28.3778 115.387
    endloop
  endfacet
  facet normal 0.324263 0.695422 0.641281
    outer loop
      vertex 46.043 37.8555 108.324
      vertex 45.3532 35.9603 110.728
      vertex 47.364 35.0227 110.728
    endloop
  endfacet
  facet normal 0.628566 0.440107 0.641257
    outer loop
      vertex 52.2951 33.4777 108.324
      vertex 50.7502 32.1814 110.728
      vertex 52.0227 30.364 110.728
    endloop
  endfacet
  facet normal 0.157997 0.0737065 0.984685
    outer loop
      vertex 45.3778 25.5934 115.387
      vertex 42.3586 24.7844 115.932
      vertex 42.4742 24.5366 115.932
    endloop
  endfacet
  facet normal 0.416245 0.892644 0.172992
    outer loop
      vertex 47.1329 40.8501 99.5688
      vertex 46.9466 40.3381 102.659
      vertex 49.6933 39.0573 102.659
    endloop
  endfacet
  facet normal 0.254918 0.951362 0.172995
    outer loop
      vertex 47.1329 40.8501 99.5688
      vertex 44.0192 41.1225 102.659
      vertex 46.9466 40.3381 102.659
    endloop
  endfacet
  facet normal -0.0888275 -0.331499 -0.939265
    outer loop
      vertex -42.321 -39.4916 75.6865
      vertex -43.6018 -39.1484 75.6865
      vertex -41.809 -36.588 74.6133
    endloop
  endfacet
  facet normal -0.281123 -0.196853 -0.939265
    outer loop
      vertex -46.8274 -36.8898 75.6865
      vertex -47.588 -35.8036 75.6865
      vertex -44.5688 -34.9946 74.6133
    endloop
  endfacet
  facet normal -0.157941 -0.0736802 -0.984696
    outer loop
      vertex -42.3586 -32.7844 74.0685
      vertex -45.3778 -33.5934 74.6133
      vertex -42.4742 -32.5366 74.0685
    endloop
  endfacet
  facet normal -0.157949 -0.0736521 -0.984697
    outer loop
      vertex -45.0346 -34.3294 74.6133
      vertex -45.3778 -33.5934 74.6133
      vertex -42.3586 -32.7844 74.0685
    endloop
  endfacet
  facet normal -0.369516 -0.527696 -0.76485
    outer loop
      vertex -46.1622 -40.9412 77.2553
      vertex -49.1814 -41.7502 79.2721
      vertex -47.6364 -39.9089 77.2553
    endloop
  endfacet
  facet normal -0.287619 -0.410744 -0.865197
    outer loop
      vertex -44.8036 -38.588 75.6865
      vertex -46.1622 -40.9412 77.2553
      vertex -45.8898 -37.8274 75.6865
    endloop
  endfacet
  facet normal 0.0561663 -0.641777 -0.764831
    outer loop
      vertex 42.7928 -42.1675 77.2553
      vertex 41 -44.7279 79.2721
      vertex 41 -42.3244 77.2553
    endloop
  endfacet
  facet normal 0.0668476 -0.764338 -0.641341
    outer loop
      vertex 43.5604 -46.5207 81.6756
      vertex 41 -44.7279 79.2721
      vertex 43.2102 -44.5346 79.2721
    endloop
  endfacet
  facet normal 0.173618 -0.0151728 -0.984696
    outer loop
      vertex 45.588 -32.809 74.6133
      vertex 42.545 -32.2724 74.0685
      vertex 45.6587 -32 74.6133
    endloop
  endfacet
  facet normal 0.281123 -0.196853 -0.939265
    outer loop
      vertex 46.8274 -36.8898 75.6865
      vertex 44.5688 -34.9946 74.6133
      vertex 47.588 -35.8036 75.6865
    endloop
  endfacet
  facet normal 0.369516 -0.527696 -0.76485
    outer loop
      vertex 49.1814 -41.7502 79.2721
      vertex 46.1622 -40.9412 77.2553
      vertex 47.6364 -39.9089 77.2553
    endloop
  endfacet
  facet normal 0.166744 -0.622266 -0.764841
    outer loop
      vertex 45.3532 -43.9603 79.2721
      vertex 42.7928 -42.1675 77.2553
      vertex 44.5311 -41.7017 77.2553
    endloop
  endfacet
  facet normal -0.166757 -0.622255 -0.764847
    outer loop
      vertex -43.2102 -44.5346 79.2721
      vertex -45.3532 -43.9603 79.2721
      vertex -42.7928 -42.1675 77.2553
    endloop
  endfacet
  facet normal 0 -0.499992 -0.86603
    outer loop
      vertex -41 -42.3244 77.2553
      vertex 41 -39.6071 75.6865
      vertex 41 -42.3244 77.2553
    endloop
  endfacet
  facet normal -0 -0.499992 -0.86603
    outer loop
      vertex 41 -39.6071 75.6865
      vertex -41 -42.3244 77.2553
      vertex -41 -39.6071 75.6865
    endloop
  endfacet
  facet normal -0.0819521 -0.936525 -0.340889
    outer loop
      vertex -41 -49.3867 87.3413
      vertex -44.0192 -49.1225 87.3413
      vertex -41 -48.3135 84.3929
    endloop
  endfacet
  facet normal 0 -0.939685 -0.34204
    outer loop
      vertex -41 -48.3135 84.3929
      vertex 41 -49.3867 87.3413
      vertex -41 -49.3867 87.3413
    endloop
  endfacet
  facet normal 0 -0.939685 -0.34204
    outer loop
      vertex 41 -49.3867 87.3413
      vertex -41 -48.3135 84.3929
      vertex 41 -48.3135 84.3929
    endloop
  endfacet
  facet normal -0.564939 -0.80679 -0.173012
    outer loop
      vertex -49.9658 -47.5291 90.4312
      vertex -52.5261 -45.7363 90.4312
      vertex -49.6933 -47.0573 87.3413
    endloop
  endfacet
  facet normal -0.416245 -0.892642 -0.173007
    outer loop
      vertex -47.1329 -48.8501 90.4312
      vertex -49.9658 -47.5291 90.4312
      vertex -49.6933 -47.0573 87.3413
    endloop
  endfacet
  facet normal 0.664756 -0.664756 -0.340878
    outer loop
      vertex 54.319 -43.1759 87.3413
      vertex 51.4861 -44.4969 84.3929
      vertex 53.4969 -42.4861 84.3929
    endloop
  endfacet
  facet normal 0.664756 -0.664756 -0.340878
    outer loop
      vertex 51.4861 -44.4969 84.3929
      vertex 54.319 -43.1759 87.3413
      vertex 52.1759 -45.319 87.3413
    endloop
  endfacet
  facet normal 0.539227 -0.770093 -0.340869
    outer loop
      vertex 49.6933 -47.0573 87.3413
      vertex 49.1568 -46.1279 84.3929
      vertex 51.4861 -44.4969 84.3929
    endloop
  endfacet
  facet normal 0.484399 -0.129801 0.865164
    outer loop
      vertex 51.1675 -33.7928 112.745
      vertex 48.4916 -33.321 114.314
      vertex 50.7017 -35.5311 112.745
    endloop
  endfacet
  facet normal 0.628538 -0.440123 0.641274
    outer loop
      vertex 53.7693 -39.3724 108.324
      vertex 52.0227 -38.364 110.728
      vertex 52.2951 -41.4777 108.324
    endloop
  endfacet
  facet normal 0.908064 -0.243314 0.340908
    outer loop
      vertex 57.0657 -34.8328 105.607
      vertex 56.3297 -37.5796 105.607
      vertex 58.1225 -35.0192 102.659
    endloop
  endfacet
  facet normal 0.936522 -0.0819225 0.340904
    outer loop
      vertex 57.3135 -32 105.607
      vertex 57.0657 -34.8328 105.607
      vertex 58.1225 -35.0192 102.659
    endloop
  endfacet
  facet normal 0.741169 -0.198625 0.641262
    outer loop
      vertex 53.5346 -34.2102 110.728
      vertex 52.9603 -36.3532 110.728
      vertex 55.5207 -34.5604 108.324
    endloop
  endfacet
  facet normal 0.622291 -0.166767 0.764816
    outer loop
      vertex 53.5346 -34.2102 110.728
      vertex 51.1675 -33.7928 112.745
      vertex 52.9603 -36.3532 110.728
    endloop
  endfacet
  facet normal -0.243314 -0.908064 0.340908
    outer loop
      vertex -43.8328 -48.0657 105.607
      vertex -46.5796 -47.3297 105.607
      vertex -44.0192 -49.1225 102.659
    endloop
  endfacet
  facet normal -0.0819225 -0.936522 0.340904
    outer loop
      vertex -43.8328 -48.0657 105.607
      vertex -44.0192 -49.1225 102.659
      vertex -41 -48.3135 105.607
    endloop
  endfacet
  facet normal 0.0858594 -0.981176 0.172981
    outer loop
      vertex 41 -49.3867 102.659
      vertex 41 -49.9315 99.5688
      vertex 44.0192 -49.1225 102.659
    endloop
  endfacet
  facet normal 0 -0.984812 0.173622
    outer loop
      vertex -41 -49.9315 99.5688
      vertex 41 -49.3867 102.659
      vertex -41 -49.3867 102.659
    endloop
  endfacet
  facet normal 0 -0.984812 0.173622
    outer loop
      vertex 41 -49.3867 102.659
      vertex -41 -49.9315 99.5688
      vertex 41 -49.9315 99.5688
    endloop
  endfacet
  facet normal -0.0668738 -0.764392 0.641275
    outer loop
      vertex -41 -44.7279 110.728
      vertex -43.5604 -46.5207 108.324
      vertex -41 -46.7447 108.324
    endloop
  endfacet
  facet normal 0 -0.766107 0.642714
    outer loop
      vertex -41 -46.7447 108.324
      vertex 41 -44.7279 110.728
      vertex -41 -44.7279 110.728
    endloop
  endfacet
  facet normal 0 -0.766107 0.642714
    outer loop
      vertex 41 -44.7279 110.728
      vertex -41 -46.7447 108.324
      vertex 41 -46.7447 108.324
    endloop
  endfacet
  facet normal -0.129799 -0.484401 0.865164
    outer loop
      vertex -43.6018 -39.1484 114.314
      vertex -44.5311 -41.7017 112.745
      vertex -42.321 -39.4916 114.314
    endloop
  endfacet
  facet normal -0.129801 -0.484399 0.865164
    outer loop
      vertex -42.321 -39.4916 114.314
      vertex -44.5311 -41.7017 112.745
      vertex -42.7928 -42.1675 112.745
    endloop
  endfacet
  facet normal 0.0668533 -0.764404 0.641262
    outer loop
      vertex 43.2102 -44.5346 110.728
      vertex 41 -44.7279 110.728
      vertex 43.5604 -46.5207 108.324
    endloop
  endfacet
  facet normal 0.198591 -0.741162 0.64128
    outer loop
      vertex 45.3532 -43.9603 110.728
      vertex 43.5604 -46.5207 108.324
      vertex 46.043 -45.8555 108.324
    endloop
  endfacet
  facet normal 0.440123 -0.628538 0.641274
    outer loop
      vertex 50.4777 -43.2951 108.324
      vertex 47.364 -43.0227 110.728
      vertex 48.3724 -44.7693 108.324
    endloop
  endfacet
  facet normal 0.324276 -0.695422 0.641275
    outer loop
      vertex 47.364 -43.0227 110.728
      vertex 46.043 -45.8555 108.324
      vertex 48.3724 -44.7693 108.324
    endloop
  endfacet
  facet normal 0.764404 0.0668533 0.641262
    outer loop
      vertex 55.5207 26.5604 108.324
      vertex 53.5346 26.2102 110.728
      vertex 53.7279 24 110.728
    endloop
  endfacet
  facet normal 0.741162 0.198591 0.64128
    outer loop
      vertex 54.8555 29.043 108.324
      vertex 52.9603 28.3532 110.728
      vertex 55.5207 26.5604 108.324
    endloop
  endfacet
  facet normal 0.628538 0.440123 0.641274
    outer loop
      vertex 52.2951 33.4777 108.324
      vertex 52.0227 30.364 110.728
      vertex 53.7693 31.3724 108.324
    endloop
  endfacet
  facet normal 0.695422 0.324276 0.641275
    outer loop
      vertex 53.7693 31.3724 108.324
      vertex 52.0227 30.364 110.728
      vertex 54.8555 29.043 108.324
    endloop
  endfacet
  facet normal 0.324276 0.695422 0.641275
    outer loop
      vertex 48.3724 36.7693 108.324
      vertex 46.043 37.8555 108.324
      vertex 47.364 35.0227 110.728
    endloop
  endfacet
  facet normal 0.287648 0.410782 0.865168
    outer loop
      vertex 46.1622 32.9412 112.745
      vertex 45.8898 29.8274 114.314
      vertex 47.6364 31.9089 112.745
    endloop
  endfacet
  facet normal 0.310987 0.145014 0.939286
    outer loop
      vertex 47.588 27.8036 114.314
      vertex 45.0346 26.3294 115.387
      vertex 45.3778 25.5934 115.387
    endloop
  endfacet
  facet normal 0.331444 0.0888129 0.939285
    outer loop
      vertex 48.1484 26.6018 114.314
      vertex 45.588 24.809 115.387
      vertex 48.4916 25.321 114.314
    endloop
  endfacet
  facet normal 0.64283 0 0.766009
    outer loop
      vertex 51.3244 24 112.745
      vertex 53.7279 -32 110.728
      vertex 53.7279 24 110.728
    endloop
  endfacet
  facet normal 0.64283 0 0.766009
    outer loop
      vertex 53.7279 -32 110.728
      vertex 51.3244 24 112.745
      vertex 51.3244 -32 112.745
    endloop
  endfacet
  facet normal 0.142808 0.0999999 0.984686
    outer loop
      vertex 44.5688 26.9946 115.387
      vertex 42.3586 24.7844 115.932
      vertex 45.0346 26.3294 115.387
    endloop
  endfacet
  facet normal 0.142828 0.0999796 0.984685
    outer loop
      vertex 44.5688 26.9946 115.387
      vertex 42.2018 25.0084 115.932
      vertex 42.3586 24.7844 115.932
    endloop
  endfacet
  facet normal 0.158005 0.0736783 0.984686
    outer loop
      vertex 45.0346 26.3294 115.387
      vertex 42.3586 24.7844 115.932
      vertex 45.3778 25.5934 115.387
    endloop
  endfacet
  facet normal 0.168399 0.0451274 0.984685
    outer loop
      vertex 45.588 24.809 115.387
      vertex 42.4742 24.5366 115.932
      vertex 42.545 24.2724 115.932
    endloop
  endfacet
  facet normal 0.0999796 0.142828 0.984685
    outer loop
      vertex 43.9946 27.5688 115.387
      vertex 41.7844 25.3586 115.932
      vertex 42.0084 25.2018 115.932
    endloop
  endfacet
  facet normal 0.196821 -0.281076 0.939286
    outer loop
      vertex 43.9946 -35.5688 115.387
      vertex 43.3294 -36.0346 115.387
      vertex 44.8036 -38.588 114.314
    endloop
  endfacet
  facet normal 0.0999999 -0.142808 0.984686
    outer loop
      vertex 43.9946 -35.5688 115.387
      vertex 41.7844 -33.3586 115.932
      vertex 43.3294 -36.0346 115.387
    endloop
  endfacet
  facet normal 0.0737065 -0.157997 0.984685
    outer loop
      vertex 41.7844 -33.3586 115.932
      vertex 41.5366 -33.4742 115.932
      vertex 42.5934 -36.3778 115.387
    endloop
  endfacet
  facet normal 0.0298732 -0.341831 0.939287
    outer loop
      vertex 41 -36.6587 115.387
      vertex 41 -39.6071 114.314
      vertex 41.809 -36.588 115.387
    endloop
  endfacet
  facet normal 0.0298879 -0.341834 0.939285
    outer loop
      vertex 41.809 -36.588 115.387
      vertex 41 -39.6071 114.314
      vertex 42.321 -39.4916 114.314
    endloop
  endfacet
  facet normal 0.142808 -0.0999999 0.984686
    outer loop
      vertex 45.0346 -34.3294 115.387
      vertex 42.3586 -32.7844 115.932
      vertex 44.5688 -34.9946 115.387
    endloop
  endfacet
  facet normal 0.331444 -0.0888129 0.939285
    outer loop
      vertex 48.4916 -33.321 114.314
      vertex 45.588 -32.809 115.387
      vertex 48.1484 -34.6018 114.314
    endloop
  endfacet
  facet normal 0.310987 -0.145014 0.939286
    outer loop
      vertex 45.3778 -33.5934 115.387
      vertex 45.0346 -34.3294 115.387
      vertex 47.588 -35.8036 114.314
    endloop
  endfacet
  facet normal -0.0451268 0.168399 0.984685
    outer loop
      vertex -41.809 28.588 115.387
      vertex -42.5934 28.3778 115.387
      vertex -41.5366 25.4742 115.932
    endloop
  endfacet
  facet normal -0.0737065 0.157997 0.984685
    outer loop
      vertex -41.5366 25.4742 115.932
      vertex -42.5934 28.3778 115.387
      vertex -41.7844 25.3586 115.932
    endloop
  endfacet
  facet normal -0 0.1737 0.984799
    outer loop
      vertex -41 28.6587 115.387
      vertex 41 25.5688 115.932
      vertex 41 28.6587 115.387
    endloop
  endfacet
  facet normal 0 0.1737 0.984799
    outer loop
      vertex 41 25.5688 115.932
      vertex -41 28.6587 115.387
      vertex -41 25.5688 115.932
    endloop
  endfacet
  facet normal -0 0.341984 0.939706
    outer loop
      vertex -41 31.6071 114.314
      vertex 41 28.6587 115.387
      vertex 41 31.6071 114.314
    endloop
  endfacet
  facet normal 0 0.341984 0.939706
    outer loop
      vertex 41 28.6587 115.387
      vertex -41 31.6071 114.314
      vertex -41 28.6587 115.387
    endloop
  endfacet
  facet normal -0.311039 -0.145037 -0.939265
    outer loop
      vertex -47.588 -35.8036 75.6865
      vertex -48.1484 -34.6018 75.6865
      vertex -45.3778 -33.5934 74.6133
    endloop
  endfacet
  facet normal -0.454453 -0.211912 -0.865197
    outer loop
      vertex -47.588 -35.8036 75.6865
      vertex -49.9412 -37.1622 77.2553
      vertex -48.1484 -34.6018 75.6865
    endloop
  endfacet
  facet normal -0.642792 0 -0.766041
    outer loop
      vertex -53.7279 -32 79.2721
      vertex -51.3244 24 77.2553
      vertex -51.3244 -32 77.2553
    endloop
  endfacet
  facet normal -0.642792 0 -0.766041
    outer loop
      vertex -51.3244 24 77.2553
      vertex -53.7279 -32 79.2721
      vertex -53.7279 24 79.2721
    endloop
  endfacet
  facet normal -0.499992 0 -0.86603
    outer loop
      vertex -51.3244 -32 77.2553
      vertex -48.6071 24 75.6865
      vertex -48.6071 -32 75.6865
    endloop
  endfacet
  facet normal -0.499992 0 -0.86603
    outer loop
      vertex -48.6071 24 75.6865
      vertex -51.3244 -32 77.2553
      vertex -51.3244 24 77.2553
    endloop
  endfacet
  facet normal -0.741099 0.198574 -0.641359
    outer loop
      vertex -52.9603 28.3532 79.2721
      vertex -55.5207 26.5604 81.6756
      vertex -54.8555 29.043 81.6756
    endloop
  endfacet
  facet normal -0.695363 0.324235 -0.64136
    outer loop
      vertex -52.9603 28.3532 79.2721
      vertex -54.8555 29.043 81.6756
      vertex -52.0227 30.364 79.2721
    endloop
  endfacet
  facet normal 0.142757 0.0999643 -0.984697
    outer loop
      vertex 45.0346 26.3294 74.6133
      vertex 42.3586 24.7844 74.0685
      vertex 44.5688 26.9946 74.6133
    endloop
  endfacet
  facet normal 0.157941 0.0736802 -0.984696
    outer loop
      vertex 42.4742 24.5366 74.0685
      vertex 42.3586 24.7844 74.0685
      vertex 45.3778 25.5934 74.6133
    endloop
  endfacet
  facet normal 0.145037 0.311039 -0.939265
    outer loop
      vertex 44.8036 30.588 75.6865
      vertex 42.5934 28.3778 74.6133
      vertex 43.6018 31.1484 75.6865
    endloop
  endfacet
  facet normal 0.410743 0.287621 -0.865196
    outer loop
      vertex 49.9412 29.1622 77.2553
      vertex 46.8274 28.8898 75.6865
      vertex 48.9089 30.6364 77.2553
    endloop
  endfacet
  facet normal 0.0298782 0.341887 -0.939266
    outer loop
      vertex 41.809 28.588 74.6133
      vertex 41 28.6587 74.6133
      vertex 41 31.6071 75.6865
    endloop
  endfacet
  facet normal 0.0298928 0.341891 -0.939264
    outer loop
      vertex 41.809 28.588 74.6133
      vertex 41 31.6071 75.6865
      vertex 42.321 31.4916 75.6865
    endloop
  endfacet
  facet normal -0.142828 -0.0999796 0.984685
    outer loop
      vertex -42.3586 -32.7844 115.932
      vertex -44.5688 -34.9946 115.387
      vertex -42.2018 -33.0084 115.932
    endloop
  endfacet
  facet normal -0.17368 -0.0151782 0.984685
    outer loop
      vertex -42.545 -32.2724 115.932
      vertex -45.6587 -32 115.387
      vertex -45.588 -32.809 115.387
    endloop
  endfacet
  facet normal -0.341831 -0.0298732 0.939287
    outer loop
      vertex -45.6587 -32 115.387
      vertex -48.6071 -32 114.314
      vertex -45.588 -32.809 115.387
    endloop
  endfacet
  facet normal -0.0999999 -0.142808 0.984686
    outer loop
      vertex -41.7844 -33.3586 115.932
      vertex -43.9946 -35.5688 115.387
      vertex -43.3294 -36.0346 115.387
    endloop
  endfacet
  facet normal -0.0736783 -0.158005 0.984686
    outer loop
      vertex -41.7844 -33.3586 115.932
      vertex -43.3294 -36.0346 115.387
      vertex -42.5934 -36.3778 115.387
    endloop
  endfacet
  facet normal 0.837313 0.224354 -0.49857
    outer loop
      vertex 55.5207 26.5604 81.6756
      vertex 54.8555 29.043 81.6756
      vertex 57.0657 26.8328 84.3929
    endloop
  endfacet
  facet normal 0.641762 0.0561273 -0.764847
    outer loop
      vertex 53.7279 24 79.2721
      vertex 51.1675 25.7928 77.2553
      vertex 53.5346 26.2102 79.2721
    endloop
  endfacet
  facet normal 0.497193 -0.710062 0.498609
    outer loop
      vertex 50.4777 -43.2951 108.324
      vertex 49.1568 -46.1279 105.607
      vertex 51.4861 -44.4969 105.607
    endloop
  endfacet
  facet normal 0.45447 -0.211896 -0.865192
    outer loop
      vertex 49.9412 -37.1622 77.2553
      vertex 48.1484 -34.6018 75.6865
      vertex 50.7017 -35.5311 77.2553
    endloop
  endfacet
  facet normal 0.499535 0.0436762 -0.865192
    outer loop
      vertex 48.6071 24 75.6865
      vertex 48.4916 25.321 75.6865
      vertex 51.1675 25.7928 77.2553
    endloop
  endfacet
  facet normal 0.499514 0.0437158 -0.865202
    outer loop
      vertex 51.3244 24 77.2553
      vertex 48.6071 24 75.6865
      vertex 51.1675 25.7928 77.2553
    endloop
  endfacet
  facet normal 0.173638 0 -0.98481
    outer loop
      vertex 42.5688 -32 74.0685
      vertex 45.6587 24 74.6133
      vertex 45.6587 -32 74.6133
    endloop
  endfacet
  facet normal 0.173638 0 -0.98481
    outer loop
      vertex 45.6587 24 74.6133
      vertex 42.5688 -32 74.0685
      vertex 42.5688 24 74.0685
    endloop
  endfacet
  facet normal 0.34204 0 -0.939685
    outer loop
      vertex 45.6587 -32 74.6133
      vertex 48.6071 24 75.6865
      vertex 48.6071 -32 75.6865
    endloop
  endfacet
  facet normal 0.34204 0 -0.939685
    outer loop
      vertex 48.6071 24 75.6865
      vertex 45.6587 -32 74.6133
      vertex 45.6587 24 74.6133
    endloop
  endfacet
  facet normal -0.145037 0.311039 -0.939265
    outer loop
      vertex -42.5934 28.3778 74.6133
      vertex -44.8036 30.588 75.6865
      vertex -43.6018 31.1484 75.6865
    endloop
  endfacet
  facet normal -0.0736802 0.157941 -0.984696
    outer loop
      vertex -41.7844 25.3586 74.0685
      vertex -42.5934 28.3778 74.6133
      vertex -41.5366 25.4742 74.0685
    endloop
  endfacet
  facet normal -0.0451108 0.168339 -0.984696
    outer loop
      vertex -41.5366 25.4742 74.0685
      vertex -42.5934 28.3778 74.6133
      vertex -41.809 28.588 74.6133
    endloop
  endfacet
  facet normal -0.242674 0.242674 -0.939265
    outer loop
      vertex -44.5688 26.9946 74.6133
      vertex -45.8898 29.8274 75.6865
      vertex -43.9946 27.5688 74.6133
    endloop
  endfacet
  facet normal -0.242674 0.242674 -0.939265
    outer loop
      vertex -45.8898 29.8274 75.6865
      vertex -44.5688 26.9946 74.6133
      vertex -46.8274 28.8898 75.6865
    endloop
  endfacet
  facet normal -0.196853 0.281122 -0.939265
    outer loop
      vertex -43.9946 27.5688 74.6133
      vertex -44.8036 30.588 75.6865
      vertex -43.3294 28.0346 74.6133
    endloop
  endfacet
  facet normal -0.583873 0.272249 -0.764835
    outer loop
      vertex -49.9412 29.1622 77.2553
      vertex -52.9603 28.3532 79.2721
      vertex -52.0227 30.364 79.2721
    endloop
  endfacet
  facet normal -0.281123 0.196853 -0.939265
    outer loop
      vertex -44.5688 26.9946 74.6133
      vertex -47.588 27.8036 75.6865
      vertex -46.8274 28.8898 75.6865
    endloop
  endfacet
  facet normal -0.410744 0.287619 -0.865197
    outer loop
      vertex -47.588 27.8036 75.6865
      vertex -49.9412 29.1622 77.2553
      vertex -46.8274 28.8898 75.6865
    endloop
  endfacet
  facet normal -0.331495 0.0888326 -0.939265
    outer loop
      vertex -45.588 24.809 74.6133
      vertex -48.1484 26.6018 75.6865
      vertex -45.3778 25.5934 74.6133
    endloop
  endfacet
  facet normal 0.0451108 0.168339 -0.984696
    outer loop
      vertex 42.5934 28.3778 74.6133
      vertex 41.5366 25.4742 74.0685
      vertex 41.809 28.588 74.6133
    endloop
  endfacet
  facet normal 0.0999643 0.142757 -0.984697
    outer loop
      vertex 43.9946 27.5688 74.6133
      vertex 41.7844 25.3586 74.0685
      vertex 43.3294 28.0346 74.6133
    endloop
  endfacet
  facet normal 0 0.173638 -0.98481
    outer loop
      vertex -41 25.5688 74.0685
      vertex 41 28.6587 74.6133
      vertex 41 25.5688 74.0685
    endloop
  endfacet
  facet normal 0 0.173638 -0.98481
    outer loop
      vertex 41 28.6587 74.6133
      vertex -41 25.5688 74.0685
      vertex -41 28.6587 74.6133
    endloop
  endfacet
  facet normal 0.0151693 0.173618 -0.984696
    outer loop
      vertex 41.2724 25.545 74.0685
      vertex 41 25.5688 74.0685
      vertex 41 28.6587 74.6133
    endloop
  endfacet
  facet normal -0.785629 0.366355 -0.498569
    outer loop
      vertex -54.8555 29.043 81.6756
      vertex -56.3297 29.5796 84.3929
      vertex -55.1279 32.1568 84.3929
    endloop
  endfacet
  facet normal -0.770096 0.539216 -0.340879
    outer loop
      vertex -53.4969 34.4861 84.3929
      vertex -56.0573 32.6933 87.3413
      vertex -54.319 35.1759 87.3413
    endloop
  endfacet
  facet normal -0.542535 0.542535 -0.641336
    outer loop
      vertex -50.7502 32.1814 79.2721
      vertex -50.4777 35.2951 81.6756
      vertex -49.1814 33.7502 79.2721
    endloop
  endfacet
  facet normal -0.542535 0.542535 -0.641336
    outer loop
      vertex -50.4777 35.2951 81.6756
      vertex -50.7502 32.1814 79.2721
      vertex -52.2951 33.4777 81.6756
    endloop
  endfacet
  facet normal -0.455526 0.455526 -0.764848
    outer loop
      vertex -48.9089 30.6364 77.2553
      vertex -49.1814 33.7502 79.2721
      vertex -47.6364 31.9089 77.2553
    endloop
  endfacet
  facet normal -0.455526 0.455526 -0.764848
    outer loop
      vertex -49.1814 33.7502 79.2721
      vertex -48.9089 30.6364 77.2553
      vertex -50.7502 32.1814 79.2721
    endloop
  endfacet
  facet normal -0.785641 0.366345 -0.498558
    outer loop
      vertex -54.8555 29.043 81.6756
      vertex -55.1279 32.1568 84.3929
      vertex -53.7693 31.3724 81.6756
    endloop
  endfacet
  facet normal -0.710079 0.49722 -0.498558
    outer loop
      vertex -53.7693 31.3724 81.6756
      vertex -55.1279 32.1568 84.3929
      vertex -52.2951 33.4777 81.6756
    endloop
  endfacet
  facet normal -0.324248 0.695363 -0.641353
    outer loop
      vertex -47.364 35.0227 79.2721
      vertex -48.3724 36.7693 81.6756
      vertex -46.043 37.8555 81.6756
    endloop
  endfacet
  facet normal -0.0668681 0.764326 -0.641353
    outer loop
      vertex -41 36.7279 79.2721
      vertex -43.5604 38.5207 81.6756
      vertex -41 38.7447 81.6756
    endloop
  endfacet
  facet normal -0.129789 0.484353 -0.865192
    outer loop
      vertex -42.321 31.4916 75.6865
      vertex -44.5311 33.7017 77.2553
      vertex -42.7928 34.1675 77.2553
    endloop
  endfacet
  facet normal -0.166757 0.622255 -0.764847
    outer loop
      vertex -42.7928 34.1675 77.2553
      vertex -45.3532 35.9603 79.2721
      vertex -43.2102 36.5346 79.2721
    endloop
  endfacet
  facet normal -0.397306 0.852029 -0.340873
    outer loop
      vertex -49.1568 38.1279 84.3929
      vertex -49.6933 39.0573 87.3413
      vertex -46.9466 40.3381 87.3413
    endloop
  endfacet
  facet normal -0.224357 0.837314 -0.498568
    outer loop
      vertex -46.043 37.8555 81.6756
      vertex -46.5796 39.3297 84.3929
      vertex -43.8328 40.0657 84.3929
    endloop
  endfacet
  facet normal -0.0561273 0.641762 -0.764847
    outer loop
      vertex -42.7928 34.1675 77.2553
      vertex -43.2102 36.5346 79.2721
      vertex -41 36.7279 79.2721
    endloop
  endfacet
  facet normal 0 0.766041 -0.642792
    outer loop
      vertex 41 36.7279 79.2721
      vertex -41 38.7447 81.6756
      vertex 41 38.7447 81.6756
    endloop
  endfacet
  facet normal 0 0.766041 -0.642792
    outer loop
      vertex -41 38.7447 81.6756
      vertex 41 36.7279 79.2721
      vertex -41 36.7279 79.2721
    endloop
  endfacet
  facet normal -0.892642 0.416245 -0.173007
    outer loop
      vertex -56.0573 32.6933 87.3413
      vertex -57.8501 30.1329 90.4312
      vertex -56.5291 32.9658 90.4312
    endloop
  endfacet
  facet normal -0.892642 0.416243 -0.173008
    outer loop
      vertex -57.3381 29.9466 87.3413
      vertex -57.8501 30.1329 90.4312
      vertex -56.0573 32.6933 87.3413
    endloop
  endfacet
  facet normal -0.908078 0.243318 -0.340867
    outer loop
      vertex -57.0657 26.8328 84.3929
      vertex -58.1225 27.0192 87.3413
      vertex -56.3297 29.5796 84.3929
    endloop
  endfacet
  facet normal -0.936536 0.0819238 -0.340864
    outer loop
      vertex -57.3135 24 84.3929
      vertex -58.1225 27.0192 87.3413
      vertex -57.0657 26.8328 84.3929
    endloop
  endfacet
  facet normal -0.951358 0.254927 0.173003
    outer loop
      vertex -57.8501 30.1329 99.5688
      vertex -58.6591 27.1138 99.5688
      vertex -58.1225 27.0192 102.659
    endloop
  endfacet
  facet normal -0.951362 0.254918 0.172995
    outer loop
      vertex -57.8501 30.1329 99.5688
      vertex -58.1225 27.0192 102.659
      vertex -57.3381 29.9466 102.659
    endloop
  endfacet
  facet normal 0.166767 0.622291 0.764816
    outer loop
      vertex 43.2102 36.5346 110.728
      vertex 42.7928 34.1675 112.745
      vertex 45.3532 35.9603 110.728
    endloop
  endfacet
  facet normal 0.198625 0.741169 0.641262
    outer loop
      vertex 43.5604 38.5207 108.324
      vertex 43.2102 36.5346 110.728
      vertex 45.3532 35.9603 110.728
    endloop
  endfacet
  facet normal 0.211917 0.454513 0.865164
    outer loop
      vertex 44.5311 33.7017 112.745
      vertex 43.6018 31.1484 114.314
      vertex 46.1622 32.9412 112.745
    endloop
  endfacet
  facet normal 0.145014 0.310987 0.939286
    outer loop
      vertex 43.6018 31.1484 114.314
      vertex 42.5934 28.3778 115.387
      vertex 44.8036 30.588 114.314
    endloop
  endfacet
  facet normal 0.129799 0.484401 0.865164
    outer loop
      vertex 44.5311 33.7017 112.745
      vertex 42.321 31.4916 114.314
      vertex 43.6018 31.1484 114.314
    endloop
  endfacet
  facet normal 0.129801 0.484399 0.865164
    outer loop
      vertex 42.7928 34.1675 112.745
      vertex 42.321 31.4916 114.314
      vertex 44.5311 33.7017 112.745
    endloop
  endfacet
  facet normal 0.243317 0.908064 0.340905
    outer loop
      vertex 46.9466 40.3381 102.659
      vertex 44.0192 41.1225 102.659
      vertex 46.5796 39.3297 105.607
    endloop
  endfacet
  facet normal 0.224351 0.837291 0.498609
    outer loop
      vertex 46.5796 39.3297 105.607
      vertex 43.8328 40.0657 105.607
      vertex 46.043 37.8555 108.324
    endloop
  endfacet
  facet normal -0.0561663 -0.641777 -0.764831
    outer loop
      vertex -41 -44.7279 79.2721
      vertex -42.7928 -42.1675 77.2553
      vertex -41 -42.3244 77.2553
    endloop
  endfacet
  facet normal -0.211896 -0.45447 -0.865192
    outer loop
      vertex -44.5311 -41.7017 77.2553
      vertex -46.1622 -40.9412 77.2553
      vertex -43.6018 -39.1484 75.6865
    endloop
  endfacet
  facet normal -0.354567 -0.354567 -0.865196
    outer loop
      vertex -47.6364 -39.9089 77.2553
      vertex -46.8274 -36.8898 75.6865
      vertex -45.8898 -37.8274 75.6865
    endloop
  endfacet
  facet normal -0.354567 -0.354567 -0.865196
    outer loop
      vertex -46.8274 -36.8898 75.6865
      vertex -47.6364 -39.9089 77.2553
      vertex -48.9089 -38.6364 77.2553
    endloop
  endfacet
  facet normal -0.410743 -0.287621 -0.865196
    outer loop
      vertex -48.9089 -38.6364 77.2553
      vertex -49.9412 -37.1622 77.2553
      vertex -46.8274 -36.8898 75.6865
    endloop
  endfacet
  facet normal -0.145037 -0.311039 -0.939265
    outer loop
      vertex -43.6018 -39.1484 75.6865
      vertex -44.8036 -38.588 75.6865
      vertex -42.5934 -36.3778 74.6133
    endloop
  endfacet
  facet normal -0.484353 -0.129789 -0.865192
    outer loop
      vertex -50.7017 -35.5311 77.2553
      vertex -51.1675 -33.7928 77.2553
      vertex -48.4916 -33.321 75.6865
    endloop
  endfacet
  facet normal -0.499535 -0.0436762 -0.865192
    outer loop
      vertex -48.4916 -33.321 75.6865
      vertex -51.1675 -33.7928 77.2553
      vertex -48.6071 -32 75.6865
    endloop
  endfacet
  facet normal 0.0561273 -0.641762 -0.764847
    outer loop
      vertex 43.2102 -44.5346 79.2721
      vertex 41 -44.7279 79.2721
      vertex 42.7928 -42.1675 77.2553
    endloop
  endfacet
  facet normal 0.166757 -0.622255 -0.764847
    outer loop
      vertex 43.2102 -44.5346 79.2721
      vertex 42.7928 -42.1675 77.2553
      vertex 45.3532 -43.9603 79.2721
    endloop
  endfacet
  facet normal 0.0436762 -0.499535 -0.865192
    outer loop
      vertex 42.7928 -42.1675 77.2553
      vertex 41 -39.6071 75.6865
      vertex 42.321 -39.4916 75.6865
    endloop
  endfacet
  facet normal 0.196853 -0.281123 -0.939265
    outer loop
      vertex 44.8036 -38.588 75.6865
      vertex 43.9946 -35.5688 74.6133
      vertex 45.8898 -37.8274 75.6865
    endloop
  endfacet
  facet normal 0 -0.173638 -0.98481
    outer loop
      vertex -41 -36.6587 74.6133
      vertex 41 -33.5688 74.0685
      vertex 41 -36.6587 74.6133
    endloop
  endfacet
  facet normal -0 -0.173638 -0.98481
    outer loop
      vertex 41 -33.5688 74.0685
      vertex -41 -36.6587 74.6133
      vertex -41 -33.5688 74.0685
    endloop
  endfacet
  facet normal 0.354567 -0.354567 -0.865196
    outer loop
      vertex 47.6364 -39.9089 77.2553
      vertex 46.8274 -36.8898 75.6865
      vertex 48.9089 -38.6364 77.2553
    endloop
  endfacet
  facet normal 0.354567 -0.354567 -0.865196
    outer loop
      vertex 46.8274 -36.8898 75.6865
      vertex 47.6364 -39.9089 77.2553
      vertex 45.8898 -37.8274 75.6865
    endloop
  endfacet
  facet normal 0.211896 -0.45447 -0.865192
    outer loop
      vertex 44.5311 -41.7017 77.2553
      vertex 43.6018 -39.1484 75.6865
      vertex 46.1622 -40.9412 77.2553
    endloop
  endfacet
  facet normal 0.27223 -0.583872 -0.764842
    outer loop
      vertex 45.3532 -43.9603 79.2721
      vertex 44.5311 -41.7017 77.2553
      vertex 46.1622 -40.9412 77.2553
    endloop
  endfacet
  facet normal -0.166744 -0.622266 -0.764841
    outer loop
      vertex -42.7928 -42.1675 77.2553
      vertex -45.3532 -43.9603 79.2721
      vertex -44.5311 -41.7017 77.2553
    endloop
  endfacet
  facet normal -0.129789 -0.484353 -0.865192
    outer loop
      vertex -42.7928 -42.1675 77.2553
      vertex -44.5311 -41.7017 77.2553
      vertex -42.321 -39.4916 75.6865
    endloop
  endfacet
  facet normal 0.612956 -0.612956 -0.498567
    outer loop
      vertex 53.4969 -42.4861 84.3929
      vertex 50.4777 -43.2951 81.6756
      vertex 52.2951 -41.4777 81.6756
    endloop
  endfacet
  facet normal 0.612956 -0.612956 -0.498567
    outer loop
      vertex 50.4777 -43.2951 81.6756
      vertex 53.4969 -42.4861 84.3929
      vertex 51.4861 -44.4969 84.3929
    endloop
  endfacet
  facet normal 0.497206 -0.710081 -0.498568
    outer loop
      vertex 51.4861 -44.4969 84.3929
      vertex 49.1568 -46.1279 84.3929
      vertex 50.4777 -43.2951 81.6756
    endloop
  endfacet
  facet normal 0.564921 -0.806808 -0.172988
    outer loop
      vertex 52.5261 -45.7363 90.4312
      vertex 49.6933 -47.0573 87.3413
      vertex 52.1759 -45.319 87.3413
    endloop
  endfacet
  facet normal 0.539216 -0.770096 -0.340879
    outer loop
      vertex 52.1759 -45.319 87.3413
      vertex 49.6933 -47.0573 87.3413
      vertex 51.4861 -44.4969 84.3929
    endloop
  endfacet
  facet normal 0.863532 -0.0755377 0.498605
    outer loop
      vertex 57.3135 -32 105.607
      vertex 55.7447 -32 108.324
      vertex 57.0657 -34.8328 105.607
    endloop
  endfacet
  facet normal 0.863527 -0.0755468 0.498612
    outer loop
      vertex 55.7447 -32 108.324
      vertex 55.5207 -34.5604 108.324
      vertex 57.0657 -34.8328 105.607
    endloop
  endfacet
  facet normal 0.454496 -0.211932 0.865169
    outer loop
      vertex 48.1484 -34.6018 114.314
      vertex 47.588 -35.8036 114.314
      vertex 49.9412 -37.1622 112.745
    endloop
  endfacet
  facet normal 0.628566 -0.440107 0.641257
    outer loop
      vertex 52.0227 -38.364 110.728
      vertex 50.7502 -40.1814 110.728
      vertex 52.2951 -41.4777 108.324
    endloop
  endfacet
  facet normal -0.166767 -0.622291 0.764816
    outer loop
      vertex -42.7928 -42.1675 112.745
      vertex -45.3532 -43.9603 110.728
      vertex -43.2102 -44.5346 110.728
    endloop
  endfacet
  facet normal -0.166754 -0.622302 0.764809
    outer loop
      vertex -44.5311 -41.7017 112.745
      vertex -45.3532 -43.9603 110.728
      vertex -42.7928 -42.1675 112.745
    endloop
  endfacet
  facet normal 0.166754 -0.622302 0.764809
    outer loop
      vertex 44.5311 -41.7017 112.745
      vertex 42.7928 -42.1675 112.745
      vertex 45.3532 -43.9603 110.728
    endloop
  endfacet
  facet normal 0.198625 -0.741169 0.641262
    outer loop
      vertex 45.3532 -43.9603 110.728
      vertex 43.2102 -44.5346 110.728
      vertex 43.5604 -46.5207 108.324
    endloop
  endfacet
  facet normal 0.583906 0.272246 0.764811
    outer loop
      vertex 52.9603 28.3532 110.728
      vertex 49.9412 29.1622 112.745
      vertex 50.7017 27.5311 112.745
    endloop
  endfacet
  facet normal 0.741169 0.198625 0.641262
    outer loop
      vertex 55.5207 26.5604 108.324
      vertex 52.9603 28.3532 110.728
      vertex 53.5346 26.2102 110.728
    endloop
  endfacet
  facet normal 0.272265 0.583906 0.764804
    outer loop
      vertex 47.364 35.0227 110.728
      vertex 45.3532 35.9603 110.728
      vertex 46.1622 32.9412 112.745
    endloop
  endfacet
  facet normal 0.410782 0.287648 0.865168
    outer loop
      vertex 48.9089 30.6364 112.745
      vertex 46.8274 28.8898 114.314
      vertex 49.9412 29.1622 112.745
    endloop
  endfacet
  facet normal 0.281076 0.196821 0.939286
    outer loop
      vertex 46.8274 28.8898 114.314
      vertex 44.5688 26.9946 115.387
      vertex 47.588 27.8036 114.314
    endloop
  endfacet
  facet normal 0.281076 0.196821 0.939286
    outer loop
      vertex 47.588 27.8036 114.314
      vertex 44.5688 26.9946 115.387
      vertex 45.0346 26.3294 115.387
    endloop
  endfacet
  facet normal 0.499583 0.0436804 0.865164
    outer loop
      vertex 51.1675 25.7928 112.745
      vertex 48.4916 25.321 114.314
      vertex 48.6071 24 114.314
    endloop
  endfacet
  facet normal 0.484399 0.129801 0.865164
    outer loop
      vertex 50.7017 27.5311 112.745
      vertex 48.4916 25.321 114.314
      vertex 51.1675 25.7928 112.745
    endloop
  endfacet
  facet normal 0.331441 0.088818 0.939286
    outer loop
      vertex 48.1484 26.6018 114.314
      vertex 45.3778 25.5934 115.387
      vertex 45.588 24.809 115.387
    endloop
  endfacet
  facet normal 0.310987 0.145014 0.939286
    outer loop
      vertex 47.588 27.8036 114.314
      vertex 45.3778 25.5934 115.387
      vertex 48.1484 26.6018 114.314
    endloop
  endfacet
  facet normal 0.0736783 -0.158005 0.984686
    outer loop
      vertex 43.3294 -36.0346 115.387
      vertex 41.7844 -33.3586 115.932
      vertex 42.5934 -36.3778 115.387
    endloop
  endfacet
  facet normal 0.145014 -0.310987 0.939286
    outer loop
      vertex 43.3294 -36.0346 115.387
      vertex 42.5934 -36.3778 115.387
      vertex 44.8036 -38.588 114.314
    endloop
  endfacet
  facet normal 0.157997 -0.0737065 0.984685
    outer loop
      vertex 42.4742 -32.5366 115.932
      vertex 42.3586 -32.7844 115.932
      vertex 45.3778 -33.5934 115.387
    endloop
  endfacet
  facet normal 0.168399 -0.0451268 0.984685
    outer loop
      vertex 45.588 -32.809 115.387
      vertex 42.4742 -32.5366 115.932
      vertex 45.3778 -33.5934 115.387
    endloop
  endfacet
  facet normal 0.0999796 -0.142828 0.984685
    outer loop
      vertex 42.0084 -33.2018 115.932
      vertex 41.7844 -33.3586 115.932
      vertex 43.9946 -35.5688 115.387
    endloop
  endfacet
  facet normal 0.527727 -0.369537 0.764818
    outer loop
      vertex 49.9412 -37.1622 112.745
      vertex 48.9089 -38.6364 112.745
      vertex 50.7502 -40.1814 110.728
    endloop
  endfacet
  facet normal 0.310987 -0.145014 0.939286
    outer loop
      vertex 48.1484 -34.6018 114.314
      vertex 45.3778 -33.5934 115.387
      vertex 47.588 -35.8036 114.314
    endloop
  endfacet
  facet normal 0.484401 -0.129799 0.865164
    outer loop
      vertex 48.4916 -33.321 114.314
      vertex 48.1484 -34.6018 114.314
      vertex 50.7017 -35.5311 112.745
    endloop
  endfacet
  facet normal -0.123278 0.123278 0.984685
    outer loop
      vertex -43.9946 27.5688 115.387
      vertex -42.2018 25.0084 115.932
      vertex -42.0084 25.2018 115.932
    endloop
  endfacet
  facet normal -0.123278 0.123278 0.984685
    outer loop
      vertex -42.2018 25.0084 115.932
      vertex -43.9946 27.5688 115.387
      vertex -44.5688 26.9946 115.387
    endloop
  endfacet
  facet normal -0.0451274 0.168399 0.984685
    outer loop
      vertex -41.2724 25.545 115.932
      vertex -41.809 28.588 115.387
      vertex -41.5366 25.4742 115.932
    endloop
  endfacet
  facet normal -0.641762 0.0561273 -0.764847
    outer loop
      vertex -51.1675 25.7928 77.2553
      vertex -53.7279 24 79.2721
      vertex -53.5346 26.2102 79.2721
    endloop
  endfacet
  facet normal -0.741105 0.198608 -0.641341
    outer loop
      vertex -53.5346 26.2102 79.2721
      vertex -55.5207 26.5604 81.6756
      vertex -52.9603 28.3532 79.2721
    endloop
  endfacet
  facet normal 0.123234 0.123234 -0.984696
    outer loop
      vertex 42.2018 25.0084 74.0685
      vertex 43.9946 27.5688 74.6133
      vertex 44.5688 26.9946 74.6133
    endloop
  endfacet
  facet normal 0.123234 0.123234 -0.984696
    outer loop
      vertex 43.9946 27.5688 74.6133
      vertex 42.2018 25.0084 74.0685
      vertex 42.0084 25.2018 74.0685
    endloop
  endfacet
  facet normal 0.142777 0.099944 -0.984696
    outer loop
      vertex 42.3586 24.7844 74.0685
      vertex 42.2018 25.0084 74.0685
      vertex 44.5688 26.9946 74.6133
    endloop
  endfacet
  facet normal 0.311038 0.145038 -0.939265
    outer loop
      vertex 45.3778 25.5934 74.6133
      vertex 45.0346 26.3294 74.6133
      vertex 47.588 27.8036 75.6865
    endloop
  endfacet
  facet normal 0.157949 0.0736521 -0.984697
    outer loop
      vertex 45.3778 25.5934 74.6133
      vertex 42.3586 24.7844 74.0685
      vertex 45.0346 26.3294 74.6133
    endloop
  endfacet
  facet normal 0.168339 0.0451113 -0.984696
    outer loop
      vertex 42.545 24.2724 74.0685
      vertex 42.4742 24.5366 74.0685
      vertex 45.588 24.809 74.6133
    endloop
  endfacet
  facet normal 0.287619 0.410744 -0.865197
    outer loop
      vertex 45.8898 29.8274 75.6865
      vertex 44.8036 30.588 75.6865
      vertex 46.1622 32.9412 77.2553
    endloop
  endfacet
  facet normal 0.287621 0.410743 -0.865196
    outer loop
      vertex 47.6364 31.9089 77.2553
      vertex 45.8898 29.8274 75.6865
      vertex 46.1622 32.9412 77.2553
    endloop
  endfacet
  facet normal -0.168399 -0.0451268 0.984685
    outer loop
      vertex -42.4742 -32.5366 115.932
      vertex -45.588 -32.809 115.387
      vertex -45.3778 -33.5934 115.387
    endloop
  endfacet
  facet normal -0.158005 -0.0736783 0.984686
    outer loop
      vertex -42.3586 -32.7844 115.932
      vertex -45.3778 -33.5934 115.387
      vertex -45.0346 -34.3294 115.387
    endloop
  endfacet
  facet normal 0.764326 0.0668681 -0.641353
    outer loop
      vertex 55.7447 24 81.6756
      vertex 53.7279 24 79.2721
      vertex 55.5207 26.5604 81.6756
    endloop
  endfacet
  facet normal 0.764338 0.0668476 -0.641341
    outer loop
      vertex 53.7279 24 79.2721
      vertex 53.5346 26.2102 79.2721
      vertex 55.5207 26.5604 81.6756
    endloop
  endfacet
  facet normal 0.527725 0.3695 -0.764837
    outer loop
      vertex 52.0227 30.364 79.2721
      vertex 49.9412 29.1622 77.2553
      vertex 50.7502 32.1814 79.2721
    endloop
  endfacet
  facet normal 0.527696 0.369516 -0.76485
    outer loop
      vertex 49.9412 29.1622 77.2553
      vertex 48.9089 30.6364 77.2553
      vertex 50.7502 32.1814 79.2721
    endloop
  endfacet
  facet normal 0.664746 0.664746 0.340919
    outer loop
      vertex 51.4861 36.4969 105.607
      vertex 54.319 35.1759 102.659
      vertex 52.1759 37.319 102.659
    endloop
  endfacet
  facet normal 0.664746 0.664746 0.340919
    outer loop
      vertex 54.319 35.1759 102.659
      vertex 51.4861 36.4969 105.607
      vertex 53.4969 34.4861 105.607
    endloop
  endfacet
  facet normal 0.696448 0.696448 0.172974
    outer loop
      vertex 52.1759 37.319 102.659
      vertex 54.7363 35.5261 99.5688
      vertex 52.5261 37.7363 99.5688
    endloop
  endfacet
  facet normal 0.696448 0.696448 0.172974
    outer loop
      vertex 54.7363 35.5261 99.5688
      vertex 52.1759 37.319 102.659
      vertex 54.319 35.1759 102.659
    endloop
  endfacet
  facet normal 0.696448 -0.696448 0.172974
    outer loop
      vertex 52.1759 -45.319 102.659
      vertex 54.7363 -43.5261 99.5688
      vertex 54.319 -43.1759 102.659
    endloop
  endfacet
  facet normal 0.696448 -0.696448 0.172974
    outer loop
      vertex 54.7363 -43.5261 99.5688
      vertex 52.1759 -45.319 102.659
      vertex 52.5261 -45.7363 99.5688
    endloop
  endfacet
  facet normal 0.664746 -0.664746 0.340919
    outer loop
      vertex 51.4861 -44.4969 105.607
      vertex 54.319 -43.1759 102.659
      vertex 53.4969 -42.4861 105.607
    endloop
  endfacet
  facet normal 0.664746 -0.664746 0.340919
    outer loop
      vertex 54.319 -43.1759 102.659
      vertex 51.4861 -44.4969 105.607
      vertex 52.1759 -45.319 102.659
    endloop
  endfacet
  facet normal 0.331495 -0.0888326 -0.939265
    outer loop
      vertex 48.1484 -34.6018 75.6865
      vertex 45.3778 -33.5934 74.6133
      vertex 45.588 -32.809 74.6133
    endloop
  endfacet
  facet normal 0.454453 -0.211912 -0.865197
    outer loop
      vertex 49.9412 -37.1622 77.2553
      vertex 47.588 -35.8036 75.6865
      vertex 48.1484 -34.6018 75.6865
    endloop
  endfacet
  facet normal -0.211896 0.45447 -0.865192
    outer loop
      vertex -43.6018 31.1484 75.6865
      vertex -46.1622 32.9412 77.2553
      vertex -44.5311 33.7017 77.2553
    endloop
  endfacet
  facet normal -0.0888326 0.331495 -0.939265
    outer loop
      vertex -42.5934 28.3778 74.6133
      vertex -43.6018 31.1484 75.6865
      vertex -41.809 28.588 74.6133
    endloop
  endfacet
  facet normal -0.142777 0.099944 -0.984696
    outer loop
      vertex -42.3586 24.7844 74.0685
      vertex -44.5688 26.9946 74.6133
      vertex -42.2018 25.0084 74.0685
    endloop
  endfacet
  facet normal -0.123234 0.123234 -0.984696
    outer loop
      vertex -42.2018 25.0084 74.0685
      vertex -43.9946 27.5688 74.6133
      vertex -42.0084 25.2018 74.0685
    endloop
  endfacet
  facet normal -0.123234 0.123234 -0.984696
    outer loop
      vertex -43.9946 27.5688 74.6133
      vertex -42.2018 25.0084 74.0685
      vertex -44.5688 26.9946 74.6133
    endloop
  endfacet
  facet normal -0.173618 0.0151693 -0.984696
    outer loop
      vertex -42.5688 24 74.0685
      vertex -45.6587 24 74.6133
      vertex -42.545 24.2724 74.0685
    endloop
  endfacet
  facet normal -0.173618 0.0151728 -0.984696
    outer loop
      vertex -42.545 24.2724 74.0685
      vertex -45.6587 24 74.6133
      vertex -45.588 24.809 74.6133
    endloop
  endfacet
  facet normal -0.527696 0.369516 -0.76485
    outer loop
      vertex -49.9412 29.1622 77.2553
      vertex -50.7502 32.1814 79.2721
      vertex -48.9089 30.6364 77.2553
    endloop
  endfacet
  facet normal -0.410743 0.287621 -0.865196
    outer loop
      vertex -46.8274 28.8898 75.6865
      vertex -49.9412 29.1622 77.2553
      vertex -48.9089 30.6364 77.2553
    endloop
  endfacet
  facet normal -0.168339 0.0451108 -0.984696
    outer loop
      vertex -42.4742 24.5366 74.0685
      vertex -45.588 24.809 74.6133
      vertex -45.3778 25.5934 74.6133
    endloop
  endfacet
  facet normal -0.157941 0.0736802 -0.984696
    outer loop
      vertex -42.4742 24.5366 74.0685
      vertex -45.3778 25.5934 74.6133
      vertex -42.3586 24.7844 74.0685
    endloop
  endfacet
  facet normal 0.0451113 0.168339 -0.984696
    outer loop
      vertex 41.5366 25.4742 74.0685
      vertex 41.2724 25.545 74.0685
      vertex 41.809 28.588 74.6133
    endloop
  endfacet
  facet normal 0.145038 0.311038 -0.939265
    outer loop
      vertex 43.3294 28.0346 74.6133
      vertex 42.5934 28.3778 74.6133
      vertex 44.8036 30.588 75.6865
    endloop
  endfacet
  facet normal 0.196853 0.281122 -0.939265
    outer loop
      vertex 43.9946 27.5688 74.6133
      vertex 43.3294 28.0346 74.6133
      vertex 44.8036 30.588 75.6865
    endloop
  endfacet
  facet normal -0.497206 0.710081 -0.498568
    outer loop
      vertex -50.4777 35.2951 81.6756
      vertex -51.4861 36.4969 84.3929
      vertex -49.1568 38.1279 84.3929
    endloop
  endfacet
  facet normal -0.612956 0.612956 -0.498567
    outer loop
      vertex -50.4777 35.2951 81.6756
      vertex -53.4969 34.4861 84.3929
      vertex -51.4861 36.4969 84.3929
    endloop
  endfacet
  facet normal -0.612956 0.612956 -0.498567
    outer loop
      vertex -53.4969 34.4861 84.3929
      vertex -50.4777 35.2951 81.6756
      vertex -52.2951 33.4777 81.6756
    endloop
  endfacet
  facet normal -0.852029 0.397306 -0.340873
    outer loop
      vertex -55.1279 32.1568 84.3929
      vertex -57.3381 29.9466 87.3413
      vertex -56.0573 32.6933 87.3413
    endloop
  endfacet
  facet normal -0.770093 0.539227 -0.340869
    outer loop
      vertex -55.1279 32.1568 84.3929
      vertex -56.0573 32.6933 87.3413
      vertex -53.4969 34.4861 84.3929
    endloop
  endfacet
  facet normal -0.324235 0.695363 -0.64136
    outer loop
      vertex -45.3532 35.9603 79.2721
      vertex -47.364 35.0227 79.2721
      vertex -46.043 37.8555 81.6756
    endloop
  endfacet
  facet normal -0.3695 0.527725 -0.764837
    outer loop
      vertex -46.1622 32.9412 77.2553
      vertex -49.1814 33.7502 79.2721
      vertex -47.364 35.0227 79.2721
    endloop
  endfacet
  facet normal -0.198574 0.741099 -0.641359
    outer loop
      vertex -45.3532 35.9603 79.2721
      vertex -46.043 37.8555 81.6756
      vertex -43.5604 38.5207 81.6756
    endloop
  endfacet
  facet normal -0.224354 0.837313 -0.49857
    outer loop
      vertex -43.5604 38.5207 81.6756
      vertex -46.043 37.8555 81.6756
      vertex -43.8328 40.0657 84.3929
    endloop
  endfacet
  facet normal -0.0437158 0.499514 -0.865202
    outer loop
      vertex -41 31.6071 75.6865
      vertex -42.7928 34.1675 77.2553
      vertex -41 34.3244 77.2553
    endloop
  endfacet
  facet normal -0.0436762 0.499535 -0.865192
    outer loop
      vertex -42.321 31.4916 75.6865
      vertex -42.7928 34.1675 77.2553
      vertex -41 31.6071 75.6865
    endloop
  endfacet
  facet normal 0.145014 0.310987 0.939286
    outer loop
      vertex 44.8036 30.588 114.314
      vertex 42.5934 28.3778 115.387
      vertex 43.3294 28.0346 115.387
    endloop
  endfacet
  facet normal 0.196821 0.281076 0.939286
    outer loop
      vertex 44.8036 30.588 114.314
      vertex 43.9946 27.5688 115.387
      vertex 45.8898 29.8274 114.314
    endloop
  endfacet
  facet normal 0.0819225 0.936522 0.340904
    outer loop
      vertex 44.0192 41.1225 102.659
      vertex 41 40.3135 105.607
      vertex 43.8328 40.0657 105.607
    endloop
  endfacet
  facet normal 0.0755377 0.863532 0.498605
    outer loop
      vertex 41 40.3135 105.607
      vertex 41 38.7447 108.324
      vertex 43.8328 40.0657 105.607
    endloop
  endfacet
  facet normal 0.397299 0.852016 0.340914
    outer loop
      vertex 49.6933 39.0573 102.659
      vertex 46.9466 40.3381 102.659
      vertex 49.1568 38.1279 105.607
    endloop
  endfacet
  facet normal 0.397311 0.852014 0.340904
    outer loop
      vertex 46.9466 40.3381 102.659
      vertex 46.5796 39.3297 105.607
      vertex 49.1568 38.1279 105.607
    endloop
  endfacet
  facet normal -0.142777 -0.099944 -0.984696
    outer loop
      vertex -42.2018 -33.0084 74.0685
      vertex -44.5688 -34.9946 74.6133
      vertex -42.3586 -32.7844 74.0685
    endloop
  endfacet
  facet normal -0.287621 -0.410743 -0.865196
    outer loop
      vertex -46.1622 -40.9412 77.2553
      vertex -47.6364 -39.9089 77.2553
      vertex -45.8898 -37.8274 75.6865
    endloop
  endfacet
  facet normal -0.0451113 -0.168339 -0.984696
    outer loop
      vertex -41.2724 -33.545 74.0685
      vertex -41.809 -36.588 74.6133
      vertex -41.5366 -33.4742 74.0685
    endloop
  endfacet
  facet normal -0.0888326 -0.331495 -0.939265
    outer loop
      vertex -41.809 -36.588 74.6133
      vertex -43.6018 -39.1484 75.6865
      vertex -42.5934 -36.3778 74.6133
    endloop
  endfacet
  facet normal -0.145038 -0.311038 -0.939265
    outer loop
      vertex -42.5934 -36.3778 74.6133
      vertex -44.8036 -38.588 75.6865
      vertex -43.3294 -36.0346 74.6133
    endloop
  endfacet
  facet normal -0.341891 -0.0298928 -0.939264
    outer loop
      vertex -48.4916 -33.321 75.6865
      vertex -48.6071 -32 75.6865
      vertex -45.588 -32.809 74.6133
    endloop
  endfacet
  facet normal -0.173618 -0.0151693 -0.984696
    outer loop
      vertex -42.545 -32.2724 74.0685
      vertex -45.6587 -32 74.6133
      vertex -42.5688 -32 74.0685
    endloop
  endfacet
  facet normal -0.173618 -0.0151728 -0.984696
    outer loop
      vertex -45.588 -32.809 74.6133
      vertex -45.6587 -32 74.6133
      vertex -42.545 -32.2724 74.0685
    endloop
  endfacet
  facet normal 0.0298928 -0.341891 -0.939264
    outer loop
      vertex 42.321 -39.4916 75.6865
      vertex 41 -39.6071 75.6865
      vertex 41.809 -36.588 74.6133
    endloop
  endfacet
  facet normal 0.0298782 -0.341887 -0.939266
    outer loop
      vertex 41.809 -36.588 74.6133
      vertex 41 -39.6071 75.6865
      vertex 41 -36.6587 74.6133
    endloop
  endfacet
  facet normal 0.168339 -0.0451108 -0.984696
    outer loop
      vertex 45.3778 -33.5934 74.6133
      vertex 42.4742 -32.5366 74.0685
      vertex 45.588 -32.809 74.6133
    endloop
  endfacet
  facet normal 0.196853 -0.281122 -0.939265
    outer loop
      vertex 44.8036 -38.588 75.6865
      vertex 43.3294 -36.0346 74.6133
      vertex 43.9946 -35.5688 74.6133
    endloop
  endfacet
  facet normal 0.0151693 -0.173618 -0.984696
    outer loop
      vertex 41.2724 -33.545 74.0685
      vertex 41 -36.6587 74.6133
      vertex 41 -33.5688 74.0685
    endloop
  endfacet
  facet normal 0.287619 -0.410744 -0.865197
    outer loop
      vertex 46.1622 -40.9412 77.2553
      vertex 44.8036 -38.588 75.6865
      vertex 45.8898 -37.8274 75.6865
    endloop
  endfacet
  facet normal 0.211912 -0.454453 -0.865197
    outer loop
      vertex 46.1622 -40.9412 77.2553
      vertex 43.6018 -39.1484 75.6865
      vertex 44.8036 -38.588 75.6865
    endloop
  endfacet
  facet normal 0.129789 -0.484353 -0.865192
    outer loop
      vertex 42.7928 -42.1675 77.2553
      vertex 42.321 -39.4916 75.6865
      vertex 44.5311 -41.7017 77.2553
    endloop
  endfacet
  facet normal 0.129786 -0.484354 -0.865192
    outer loop
      vertex 44.5311 -41.7017 77.2553
      vertex 42.321 -39.4916 75.6865
      vertex 43.6018 -39.1484 75.6865
    endloop
  endfacet
  facet normal 0.741162 -0.198591 0.64128
    outer loop
      vertex 55.5207 -34.5604 108.324
      vertex 52.9603 -36.3532 110.728
      vertex 54.8555 -37.043 108.324
    endloop
  endfacet
  facet normal 0.83729 -0.224348 0.498611
    outer loop
      vertex 55.5207 -34.5604 108.324
      vertex 54.8555 -37.043 108.324
      vertex 57.0657 -34.8328 105.607
    endloop
  endfacet
  facet normal 0.287648 -0.410782 0.865168
    outer loop
      vertex 47.6364 -39.9089 112.745
      vertex 45.8898 -37.8274 114.314
      vertex 46.1622 -40.9412 112.745
    endloop
  endfacet
  facet normal 0.583906 -0.272246 0.764811
    outer loop
      vertex 50.7017 -35.5311 112.745
      vertex 49.9412 -37.1622 112.745
      vertex 52.9603 -36.3532 110.728
    endloop
  endfacet
  facet normal -0.211917 -0.454513 0.865164
    outer loop
      vertex -43.6018 -39.1484 114.314
      vertex -46.1622 -40.9412 112.745
      vertex -44.5311 -41.7017 112.745
    endloop
  endfacet
  facet normal -0.272246 -0.583906 0.764811
    outer loop
      vertex -44.5311 -41.7017 112.745
      vertex -46.1622 -40.9412 112.745
      vertex -45.3532 -43.9603 110.728
    endloop
  endfacet
  facet normal 0.166767 -0.622291 0.764816
    outer loop
      vertex 45.3532 -43.9603 110.728
      vertex 42.7928 -42.1675 112.745
      vertex 43.2102 -44.5346 110.728
    endloop
  endfacet
  facet normal 0.0561306 -0.6418 0.764815
    outer loop
      vertex 42.7928 -42.1675 112.745
      vertex 41 -44.7279 110.728
      vertex 43.2102 -44.5346 110.728
    endloop
  endfacet
  facet normal 0.622291 0.166767 0.764816
    outer loop
      vertex 52.9603 28.3532 110.728
      vertex 51.1675 25.7928 112.745
      vertex 53.5346 26.2102 110.728
    endloop
  endfacet
  facet normal 0.622302 0.166754 0.764809
    outer loop
      vertex 52.9603 28.3532 110.728
      vertex 50.7017 27.5311 112.745
      vertex 51.1675 25.7928 112.745
    endloop
  endfacet
  facet normal 0.369522 0.527755 0.764806
    outer loop
      vertex 47.364 35.0227 110.728
      vertex 46.1622 32.9412 112.745
      vertex 49.1814 33.7502 110.728
    endloop
  endfacet
  facet normal 0.272246 0.583906 0.764811
    outer loop
      vertex 45.3532 35.9603 110.728
      vertex 44.5311 33.7017 112.745
      vertex 46.1622 32.9412 112.745
    endloop
  endfacet
  facet normal 0.17368 -0.0151747 0.984685
    outer loop
      vertex 42.5688 -32 115.932
      vertex 42.545 -32.2724 115.932
      vertex 45.6587 -32 115.387
    endloop
  endfacet
  facet normal 0.142828 -0.0999796 0.984685
    outer loop
      vertex 42.3586 -32.7844 115.932
      vertex 42.2018 -33.0084 115.932
      vertex 44.5688 -34.9946 115.387
    endloop
  endfacet
  facet normal 0.410783 -0.287646 0.865169
    outer loop
      vertex 47.588 -35.8036 114.314
      vertex 46.8274 -36.8898 114.314
      vertex 49.9412 -37.1622 112.745
    endloop
  endfacet
  facet normal 0.410782 -0.287648 0.865168
    outer loop
      vertex 49.9412 -37.1622 112.745
      vertex 46.8274 -36.8898 114.314
      vertex 48.9089 -38.6364 112.745
    endloop
  endfacet
  facet normal -0.145014 0.310987 0.939286
    outer loop
      vertex -42.5934 28.3778 115.387
      vertex -44.8036 30.588 114.314
      vertex -43.3294 28.0346 115.387
    endloop
  endfacet
  facet normal -0.196821 0.281076 0.939286
    outer loop
      vertex -43.3294 28.0346 115.387
      vertex -44.8036 30.588 114.314
      vertex -43.9946 27.5688 115.387
    endloop
  endfacet
  facet normal -0.484353 0.129789 -0.865192
    outer loop
      vertex -48.4916 25.321 75.6865
      vertex -51.1675 25.7928 77.2553
      vertex -50.7017 27.5311 77.2553
    endloop
  endfacet
  facet normal -0.499535 0.0436762 -0.865192
    outer loop
      vertex -48.6071 24 75.6865
      vertex -51.1675 25.7928 77.2553
      vertex -48.4916 25.321 75.6865
    endloop
  endfacet
  facet normal 0.410744 0.287619 -0.865197
    outer loop
      vertex 47.588 27.8036 75.6865
      vertex 46.8274 28.8898 75.6865
      vertex 49.9412 29.1622 77.2553
    endloop
  endfacet
  facet normal 0.242674 0.242674 -0.939265
    outer loop
      vertex 44.5688 26.9946 74.6133
      vertex 45.8898 29.8274 75.6865
      vertex 46.8274 28.8898 75.6865
    endloop
  endfacet
  facet normal 0.242674 0.242674 -0.939265
    outer loop
      vertex 45.8898 29.8274 75.6865
      vertex 44.5688 26.9946 74.6133
      vertex 43.9946 27.5688 74.6133
    endloop
  endfacet
  facet normal -0.123278 -0.123278 0.984685
    outer loop
      vertex -42.2018 -33.0084 115.932
      vertex -43.9946 -35.5688 115.387
      vertex -42.0084 -33.2018 115.932
    endloop
  endfacet
  facet normal -0.123278 -0.123278 0.984685
    outer loop
      vertex -43.9946 -35.5688 115.387
      vertex -42.2018 -33.0084 115.932
      vertex -44.5688 -34.9946 115.387
    endloop
  endfacet
  facet normal -0.168399 -0.0451274 0.984685
    outer loop
      vertex -42.545 -32.2724 115.932
      vertex -45.588 -32.809 115.387
      vertex -42.4742 -32.5366 115.932
    endloop
  endfacet
  facet normal 0.311038 -0.145038 -0.939265
    outer loop
      vertex 47.588 -35.8036 75.6865
      vertex 45.0346 -34.3294 74.6133
      vertex 45.3778 -33.5934 74.6133
    endloop
  endfacet
  facet normal 0.331499 -0.0888275 -0.939265
    outer loop
      vertex 48.1484 -34.6018 75.6865
      vertex 45.588 -32.809 74.6133
      vertex 48.4916 -33.321 75.6865
    endloop
  endfacet
  facet normal 0.410744 -0.287619 -0.865197
    outer loop
      vertex 49.9412 -37.1622 77.2553
      vertex 46.8274 -36.8898 75.6865
      vertex 47.588 -35.8036 75.6865
    endloop
  endfacet
  facet normal 0.410743 -0.287621 -0.865196
    outer loop
      vertex 48.9089 -38.6364 77.2553
      vertex 46.8274 -36.8898 75.6865
      vertex 49.9412 -37.1622 77.2553
    endloop
  endfacet
  facet normal -0.211912 0.454453 -0.865197
    outer loop
      vertex -44.8036 30.588 75.6865
      vertex -46.1622 32.9412 77.2553
      vertex -43.6018 31.1484 75.6865
    endloop
  endfacet
  facet normal -0.129786 0.484354 -0.865192
    outer loop
      vertex -43.6018 31.1484 75.6865
      vertex -44.5311 33.7017 77.2553
      vertex -42.321 31.4916 75.6865
    endloop
  endfacet
  facet normal -0.0736521 0.157949 -0.984697
    outer loop
      vertex -41.7844 25.3586 74.0685
      vertex -43.3294 28.0346 74.6133
      vertex -42.5934 28.3778 74.6133
    endloop
  endfacet
  facet normal -0.0999643 0.142757 -0.984697
    outer loop
      vertex -41.7844 25.3586 74.0685
      vertex -43.9946 27.5688 74.6133
      vertex -43.3294 28.0346 74.6133
    endloop
  endfacet
  facet normal -0.287621 0.410743 -0.865196
    outer loop
      vertex -45.8898 29.8274 75.6865
      vertex -47.6364 31.9089 77.2553
      vertex -46.1622 32.9412 77.2553
    endloop
  endfacet
  facet normal -0.196853 0.281123 -0.939265
    outer loop
      vertex -43.9946 27.5688 74.6133
      vertex -45.8898 29.8274 75.6865
      vertex -44.8036 30.588 75.6865
    endloop
  endfacet
  facet normal -0.272249 0.583873 -0.764835
    outer loop
      vertex -46.1622 32.9412 77.2553
      vertex -47.364 35.0227 79.2721
      vertex -45.3532 35.9603 79.2721
    endloop
  endfacet
  facet normal -0.27223 0.583872 -0.764842
    outer loop
      vertex -44.5311 33.7017 77.2553
      vertex -46.1622 32.9412 77.2553
      vertex -45.3532 35.9603 79.2721
    endloop
  endfacet
  facet normal -0.583872 0.27223 -0.764842
    outer loop
      vertex -50.7017 27.5311 77.2553
      vertex -52.9603 28.3532 79.2721
      vertex -49.9412 29.1622 77.2553
    endloop
  endfacet
  facet normal -0.45447 0.211896 -0.865192
    outer loop
      vertex -48.1484 26.6018 75.6865
      vertex -50.7017 27.5311 77.2553
      vertex -49.9412 29.1622 77.2553
    endloop
  endfacet
  facet normal -0.168339 0.0451113 -0.984696
    outer loop
      vertex -42.545 24.2724 74.0685
      vertex -45.588 24.809 74.6133
      vertex -42.4742 24.5366 74.0685
    endloop
  endfacet
  facet normal -0.397318 0.852028 -0.340863
    outer loop
      vertex -46.5796 39.3297 84.3929
      vertex -49.1568 38.1279 84.3929
      vertex -46.9466 40.3381 87.3413
    endloop
  endfacet
  facet normal -0.366355 0.785629 -0.498569
    outer loop
      vertex -46.043 37.8555 81.6756
      vertex -49.1568 38.1279 84.3929
      vertex -46.5796 39.3297 84.3929
    endloop
  endfacet
  facet normal -0.198608 0.741105 -0.641341
    outer loop
      vertex -43.2102 36.5346 79.2721
      vertex -45.3532 35.9603 79.2721
      vertex -43.5604 38.5207 81.6756
    endloop
  endfacet
  facet normal -0.0668476 0.764338 -0.641341
    outer loop
      vertex -43.2102 36.5346 79.2721
      vertex -43.5604 38.5207 81.6756
      vertex -41 36.7279 79.2721
    endloop
  endfacet
  facet normal 0.0999999 0.142808 0.984686
    outer loop
      vertex 43.3294 28.0346 115.387
      vertex 41.7844 25.3586 115.932
      vertex 43.9946 27.5688 115.387
    endloop
  endfacet
  facet normal 0.196821 0.281076 0.939286
    outer loop
      vertex 44.8036 30.588 114.314
      vertex 43.3294 28.0346 115.387
      vertex 43.9946 27.5688 115.387
    endloop
  endfacet
  facet normal -0.0298782 -0.341887 -0.939266
    outer loop
      vertex -41 -39.6071 75.6865
      vertex -41.809 -36.588 74.6133
      vertex -41 -36.6587 74.6133
    endloop
  endfacet
  facet normal -0.0298928 -0.341891 -0.939264
    outer loop
      vertex -41 -39.6071 75.6865
      vertex -42.321 -39.4916 75.6865
      vertex -41.809 -36.588 74.6133
    endloop
  endfacet
  facet normal -0.196853 -0.281123 -0.939265
    outer loop
      vertex -44.8036 -38.588 75.6865
      vertex -45.8898 -37.8274 75.6865
      vertex -43.9946 -35.5688 74.6133
    endloop
  endfacet
  facet normal -0.0999643 -0.142757 -0.984697
    outer loop
      vertex -43.3294 -36.0346 74.6133
      vertex -43.9946 -35.5688 74.6133
      vertex -41.7844 -33.3586 74.0685
    endloop
  endfacet
  facet normal -0.099944 -0.142777 -0.984696
    outer loop
      vertex -41.7844 -33.3586 74.0685
      vertex -43.9946 -35.5688 74.6133
      vertex -42.0084 -33.2018 74.0685
    endloop
  endfacet
  facet normal -0.168339 -0.0451108 -0.984696
    outer loop
      vertex -45.3778 -33.5934 74.6133
      vertex -45.588 -32.809 74.6133
      vertex -42.4742 -32.5366 74.0685
    endloop
  endfacet
  facet normal -0.341887 -0.0298782 -0.939266
    outer loop
      vertex -45.588 -32.809 74.6133
      vertex -48.6071 -32 75.6865
      vertex -45.6587 -32 74.6133
    endloop
  endfacet
  facet normal -0.311038 -0.145038 -0.939265
    outer loop
      vertex -45.0346 -34.3294 74.6133
      vertex -47.588 -35.8036 75.6865
      vertex -45.3778 -33.5934 74.6133
    endloop
  endfacet
  facet normal -0.331495 -0.0888326 -0.939265
    outer loop
      vertex -45.3778 -33.5934 74.6133
      vertex -48.1484 -34.6018 75.6865
      vertex -45.588 -32.809 74.6133
    endloop
  endfacet
  facet normal -0.34204 0 -0.939685
    outer loop
      vertex -48.6071 -32 75.6865
      vertex -45.6587 24 74.6133
      vertex -45.6587 -32 74.6133
    endloop
  endfacet
  facet normal -0.34204 0 -0.939685
    outer loop
      vertex -45.6587 24 74.6133
      vertex -48.6071 -32 75.6865
      vertex -48.6071 24 75.6865
    endloop
  endfacet
  facet normal -0.173638 0 -0.98481
    outer loop
      vertex -45.6587 -32 74.6133
      vertex -42.5688 24 74.0685
      vertex -42.5688 -32 74.0685
    endloop
  endfacet
  facet normal -0.173638 0 -0.98481
    outer loop
      vertex -42.5688 24 74.0685
      vertex -45.6587 -32 74.6133
      vertex -45.6587 24 74.6133
    endloop
  endfacet
  facet normal 0.0451108 -0.168339 -0.984696
    outer loop
      vertex 41.809 -36.588 74.6133
      vertex 41.5366 -33.4742 74.0685
      vertex 42.5934 -36.3778 74.6133
    endloop
  endfacet
  facet normal 0.0888326 -0.331495 -0.939265
    outer loop
      vertex 43.6018 -39.1484 75.6865
      vertex 41.809 -36.588 74.6133
      vertex 42.5934 -36.3778 74.6133
    endloop
  endfacet
  facet normal 0.173618 -0.0151693 -0.984696
    outer loop
      vertex 45.6587 -32 74.6133
      vertex 42.545 -32.2724 74.0685
      vertex 42.5688 -32 74.0685
    endloop
  endfacet
  facet normal 0.123234 -0.123234 -0.984696
    outer loop
      vertex 43.9946 -35.5688 74.6133
      vertex 42.2018 -33.0084 74.0685
      vertex 44.5688 -34.9946 74.6133
    endloop
  endfacet
  facet normal 0.123234 -0.123234 -0.984696
    outer loop
      vertex 42.2018 -33.0084 74.0685
      vertex 43.9946 -35.5688 74.6133
      vertex 42.0084 -33.2018 74.0685
    endloop
  endfacet
  facet normal 0.242674 -0.242674 -0.939265
    outer loop
      vertex 45.8898 -37.8274 75.6865
      vertex 44.5688 -34.9946 74.6133
      vertex 46.8274 -36.8898 75.6865
    endloop
  endfacet
  facet normal 0.242674 -0.242674 -0.939265
    outer loop
      vertex 44.5688 -34.9946 74.6133
      vertex 45.8898 -37.8274 75.6865
      vertex 43.9946 -35.5688 74.6133
    endloop
  endfacet
  facet normal 0.0736802 -0.157941 -0.984696
    outer loop
      vertex 42.5934 -36.3778 74.6133
      vertex 41.5366 -33.4742 74.0685
      vertex 41.7844 -33.3586 74.0685
    endloop
  endfacet
  facet normal 0.695422 -0.324276 0.641275
    outer loop
      vertex 54.8555 -37.043 108.324
      vertex 52.0227 -38.364 110.728
      vertex 53.7693 -39.3724 108.324
    endloop
  endfacet
  facet normal 0.695422 -0.324263 0.641281
    outer loop
      vertex 52.9603 -36.3532 110.728
      vertex 52.0227 -38.364 110.728
      vertex 54.8555 -37.043 108.324
    endloop
  endfacet
  facet normal 0.499562 0.04372 0.865174
    outer loop
      vertex 51.1675 25.7928 112.745
      vertex 48.6071 24 114.314
      vertex 51.3244 24 112.745
    endloop
  endfacet
  facet normal 0.641815 0.0561695 0.7648
    outer loop
      vertex 53.7279 24 110.728
      vertex 51.1675 25.7928 112.745
      vertex 51.3244 24 112.745
    endloop
  endfacet
  facet normal 0.455552 0.455552 0.764817
    outer loop
      vertex 49.1814 33.7502 110.728
      vertex 48.9089 30.6364 112.745
      vertex 50.7502 32.1814 110.728
    endloop
  endfacet
  facet normal 0.455552 0.455552 0.764817
    outer loop
      vertex 48.9089 30.6364 112.745
      vertex 49.1814 33.7502 110.728
      vertex 47.6364 31.9089 112.745
    endloop
  endfacet
  facet normal 0.527727 0.369537 0.764818
    outer loop
      vertex 50.7502 32.1814 110.728
      vertex 48.9089 30.6364 112.745
      vertex 49.9412 29.1622 112.745
    endloop
  endfacet
  facet normal 0.211932 0.454496 0.865169
    outer loop
      vertex 46.1622 32.9412 112.745
      vertex 43.6018 31.1484 114.314
      vertex 44.8036 30.588 114.314
    endloop
  endfacet
  facet normal 0.287646 0.410783 0.865169
    outer loop
      vertex 46.1622 32.9412 112.745
      vertex 44.8036 30.588 114.314
      vertex 45.8898 29.8274 114.314
    endloop
  endfacet
  facet normal 0.369537 -0.527727 0.764818
    outer loop
      vertex 47.6364 -39.9089 112.745
      vertex 46.1622 -40.9412 112.745
      vertex 49.1814 -41.7502 110.728
    endloop
  endfacet
  facet normal 0.455552 -0.455552 0.764817
    outer loop
      vertex 48.9089 -38.6364 112.745
      vertex 49.1814 -41.7502 110.728
      vertex 50.7502 -40.1814 110.728
    endloop
  endfacet
  facet normal 0.455552 -0.455552 0.764817
    outer loop
      vertex 49.1814 -41.7502 110.728
      vertex 48.9089 -38.6364 112.745
      vertex 47.6364 -39.9089 112.745
    endloop
  endfacet
  facet normal 0.354567 0.354567 -0.865196
    outer loop
      vertex 46.8274 28.8898 75.6865
      vertex 47.6364 31.9089 77.2553
      vertex 48.9089 30.6364 77.2553
    endloop
  endfacet
  facet normal 0.354567 0.354567 -0.865196
    outer loop
      vertex 47.6364 31.9089 77.2553
      vertex 46.8274 28.8898 75.6865
      vertex 45.8898 29.8274 75.6865
    endloop
  endfacet
  facet normal -0.281122 0.196853 -0.939265
    outer loop
      vertex -45.0346 26.3294 74.6133
      vertex -47.588 27.8036 75.6865
      vertex -44.5688 26.9946 74.6133
    endloop
  endfacet
  facet normal -0.311039 0.145037 -0.939265
    outer loop
      vertex -45.3778 25.5934 74.6133
      vertex -48.1484 26.6018 75.6865
      vertex -47.588 27.8036 75.6865
    endloop
  endfacet
  facet normal -0.369516 0.527696 -0.76485
    outer loop
      vertex -47.6364 31.9089 77.2553
      vertex -49.1814 33.7502 79.2721
      vertex -46.1622 32.9412 77.2553
    endloop
  endfacet
  facet normal -0.287619 0.410744 -0.865197
    outer loop
      vertex -45.8898 29.8274 75.6865
      vertex -46.1622 32.9412 77.2553
      vertex -44.8036 30.588 75.6865
    endloop
  endfacet
  facet normal -0.499514 0.0437158 -0.865202
    outer loop
      vertex -48.6071 24 75.6865
      vertex -51.3244 24 77.2553
      vertex -51.1675 25.7928 77.2553
    endloop
  endfacet
  facet normal -0.641777 0.0561663 -0.764831
    outer loop
      vertex -51.3244 24 77.2553
      vertex -53.7279 24 79.2721
      vertex -51.1675 25.7928 77.2553
    endloop
  endfacet
  facet normal -0.242674 -0.242674 -0.939265
    outer loop
      vertex -45.8898 -37.8274 75.6865
      vertex -44.5688 -34.9946 74.6133
      vertex -43.9946 -35.5688 74.6133
    endloop
  endfacet
  facet normal -0.242674 -0.242674 -0.939265
    outer loop
      vertex -44.5688 -34.9946 74.6133
      vertex -45.8898 -37.8274 75.6865
      vertex -46.8274 -36.8898 75.6865
    endloop
  endfacet
  facet normal -0.0151693 -0.173618 -0.984696
    outer loop
      vertex -41 -36.6587 74.6133
      vertex -41.2724 -33.545 74.0685
      vertex -41 -33.5688 74.0685
    endloop
  endfacet
  facet normal -0.0151728 -0.173618 -0.984696
    outer loop
      vertex -41 -36.6587 74.6133
      vertex -41.809 -36.588 74.6133
      vertex -41.2724 -33.545 74.0685
    endloop
  endfacet
  facet normal -0.196853 -0.281122 -0.939265
    outer loop
      vertex -43.3294 -36.0346 74.6133
      vertex -44.8036 -38.588 75.6865
      vertex -43.9946 -35.5688 74.6133
    endloop
  endfacet
  facet normal -0.45447 -0.211896 -0.865192
    outer loop
      vertex -49.9412 -37.1622 77.2553
      vertex -50.7017 -35.5311 77.2553
      vertex -48.1484 -34.6018 75.6865
    endloop
  endfacet
  facet normal -0.484354 -0.129786 -0.865192
    outer loop
      vertex -48.1484 -34.6018 75.6865
      vertex -50.7017 -35.5311 77.2553
      vertex -48.4916 -33.321 75.6865
    endloop
  endfacet
  facet normal -0.168339 -0.0451113 -0.984696
    outer loop
      vertex -42.4742 -32.5366 74.0685
      vertex -45.588 -32.809 74.6133
      vertex -42.545 -32.2724 74.0685
    endloop
  endfacet
  facet normal 0.0451113 -0.168339 -0.984696
    outer loop
      vertex 41.809 -36.588 74.6133
      vertex 41.2724 -33.545 74.0685
      vertex 41.5366 -33.4742 74.0685
    endloop
  endfacet
  facet normal 0.0151728 -0.173618 -0.984696
    outer loop
      vertex 41.809 -36.588 74.6133
      vertex 41 -36.6587 74.6133
      vertex 41.2724 -33.545 74.0685
    endloop
  endfacet
  facet normal 0.168339 -0.0451113 -0.984696
    outer loop
      vertex 45.588 -32.809 74.6133
      vertex 42.4742 -32.5366 74.0685
      vertex 42.545 -32.2724 74.0685
    endloop
  endfacet
  facet normal 0.311039 -0.145037 -0.939265
    outer loop
      vertex 47.588 -35.8036 75.6865
      vertex 45.3778 -33.5934 74.6133
      vertex 48.1484 -34.6018 75.6865
    endloop
  endfacet
  facet normal 0.142777 -0.099944 -0.984696
    outer loop
      vertex 44.5688 -34.9946 74.6133
      vertex 42.2018 -33.0084 74.0685
      vertex 42.3586 -32.7844 74.0685
    endloop
  endfacet
  facet normal 0.281122 -0.196853 -0.939265
    outer loop
      vertex 47.588 -35.8036 75.6865
      vertex 44.5688 -34.9946 74.6133
      vertex 45.0346 -34.3294 74.6133
    endloop
  endfacet
  facet normal 0.157941 -0.0736802 -0.984696
    outer loop
      vertex 45.3778 -33.5934 74.6133
      vertex 42.3586 -32.7844 74.0685
      vertex 42.4742 -32.5366 74.0685
    endloop
  endfacet
  facet normal 0.145038 -0.311038 -0.939265
    outer loop
      vertex 44.8036 -38.588 75.6865
      vertex 42.5934 -36.3778 74.6133
      vertex 43.3294 -36.0346 74.6133
    endloop
  endfacet
  facet normal 0.099944 -0.142777 -0.984696
    outer loop
      vertex 43.9946 -35.5688 74.6133
      vertex 41.7844 -33.3586 74.0685
      vertex 42.0084 -33.2018 74.0685
    endloop
  endfacet
  facet normal 0.527755 -0.369522 0.764806
    outer loop
      vertex 52.0227 -38.364 110.728
      vertex 49.9412 -37.1622 112.745
      vertex 50.7502 -40.1814 110.728
    endloop
  endfacet
  facet normal 0.583906 -0.272265 0.764804
    outer loop
      vertex 52.9603 -36.3532 110.728
      vertex 49.9412 -37.1622 112.745
      vertex 52.0227 -38.364 110.728
    endloop
  endfacet
  facet normal 0.440107 0.628566 0.641257
    outer loop
      vertex 50.4777 35.2951 108.324
      vertex 47.364 35.0227 110.728
      vertex 49.1814 33.7502 110.728
    endloop
  endfacet
  facet normal -0.157949 0.0736521 -0.984697
    outer loop
      vertex -42.3586 24.7844 74.0685
      vertex -45.3778 25.5934 74.6133
      vertex -45.0346 26.3294 74.6133
    endloop
  endfacet
  facet normal -0.311038 0.145038 -0.939265
    outer loop
      vertex -45.3778 25.5934 74.6133
      vertex -47.588 27.8036 75.6865
      vertex -45.0346 26.3294 74.6133
    endloop
  endfacet
  facet normal -0.123234 -0.123234 -0.984696
    outer loop
      vertex -43.9946 -35.5688 74.6133
      vertex -42.2018 -33.0084 74.0685
      vertex -42.0084 -33.2018 74.0685
    endloop
  endfacet
  facet normal -0.123234 -0.123234 -0.984696
    outer loop
      vertex -42.2018 -33.0084 74.0685
      vertex -43.9946 -35.5688 74.6133
      vertex -44.5688 -34.9946 74.6133
    endloop
  endfacet
  facet normal -0.0736802 -0.157941 -0.984696
    outer loop
      vertex -41.5366 -33.4742 74.0685
      vertex -42.5934 -36.3778 74.6133
      vertex -41.7844 -33.3586 74.0685
    endloop
  endfacet
  facet normal -0.0736521 -0.157949 -0.984697
    outer loop
      vertex -42.5934 -36.3778 74.6133
      vertex -43.3294 -36.0346 74.6133
      vertex -41.7844 -33.3586 74.0685
    endloop
  endfacet
  facet normal 0.142757 -0.0999643 -0.984697
    outer loop
      vertex 44.5688 -34.9946 74.6133
      vertex 42.3586 -32.7844 74.0685
      vertex 45.0346 -34.3294 74.6133
    endloop
  endfacet
  facet normal 0.157949 -0.0736521 -0.984697
    outer loop
      vertex 45.0346 -34.3294 74.6133
      vertex 42.3586 -32.7844 74.0685
      vertex 45.3778 -33.5934 74.6133
    endloop
  endfacet
  facet normal 0.0736521 -0.157949 -0.984697
    outer loop
      vertex 42.5934 -36.3778 74.6133
      vertex 41.7844 -33.3586 74.0685
      vertex 43.3294 -36.0346 74.6133
    endloop
  endfacet
  facet normal 0.0999643 -0.142757 -0.984697
    outer loop
      vertex 43.3294 -36.0346 74.6133
      vertex 41.7844 -33.3586 74.0685
      vertex 43.9946 -35.5688 74.6133
    endloop
  endfacet
  facet normal 0.369537 0.527727 0.764818
    outer loop
      vertex 49.1814 33.7502 110.728
      vertex 46.1622 32.9412 112.745
      vertex 47.6364 31.9089 112.745
    endloop
  endfacet
  facet normal 0.999048 -0 0.0436274
    outer loop
      vertex 16.9353 -63.5 51.4816
      vertex 17 -54.5 50
      vertex 16.9353 -54.5 51.4816
    endloop
  endfacet
  facet normal 0.999048 0 0.0436274
    outer loop
      vertex 17 -54.5 50
      vertex 16.9353 -63.5 51.4816
      vertex 17 -63.5 50
    endloop
  endfacet
  facet normal 0.991443 -0 0.130538
    outer loop
      vertex 16.7417 -63.5 52.952
      vertex 16.9353 -54.5 51.4816
      vertex 16.7417 -54.5 52.952
    endloop
  endfacet
  facet normal 0.991443 0 0.130538
    outer loop
      vertex 16.9353 -54.5 51.4816
      vertex 16.7417 -63.5 52.952
      vertex 16.9353 -63.5 51.4816
    endloop
  endfacet
  facet normal -0.043626 0 0.999048
    outer loop
      vertex -1.48165 -54.5 66.9353
      vertex 0 -63.5 67
      vertex 0 -54.5 67
    endloop
  endfacet
  facet normal -0.043626 0 0.999048
    outer loop
      vertex 0 -63.5 67
      vertex -1.48165 -54.5 66.9353
      vertex -1.48165 -63.5 66.9353
    endloop
  endfacet
  facet normal 0.675621 0 0.737249
    outer loop
      vertex 10.9274 -54.5 63.0228
      vertex 12.0208 -63.5 62.0208
      vertex 12.0208 -54.5 62.0208
    endloop
  endfacet
  facet normal 0.675621 0 0.737249
    outer loop
      vertex 12.0208 -63.5 62.0208
      vertex 10.9274 -54.5 63.0228
      vertex 10.9274 -63.5 63.0228
    endloop
  endfacet
  facet normal -0.737249 0 0.675621
    outer loop
      vertex -13.0228 -63.5 60.9274
      vertex -12.0208 -54.5 62.0208
      vertex -13.0228 -54.5 60.9274
    endloop
  endfacet
  facet normal -0.737249 0 0.675621
    outer loop
      vertex -12.0208 -54.5 62.0208
      vertex -13.0228 -63.5 60.9274
      vertex -12.0208 -63.5 62.0208
    endloop
  endfacet
  facet normal -0.382716 0 0.923866
    outer loop
      vertex -7.18451 -54.5 65.4072
      vertex -5.81434 -63.5 65.9748
      vertex -5.81434 -54.5 65.9748
    endloop
  endfacet
  facet normal -0.382716 0 0.923866
    outer loop
      vertex -5.81434 -63.5 65.9748
      vertex -7.18451 -54.5 65.4072
      vertex -7.18451 -63.5 65.4072
    endloop
  endfacet
  facet normal 0.923869 -0 0.382709
    outer loop
      vertex 15.4072 -63.5 57.1845
      vertex 15.9748 -54.5 55.8143
      vertex 15.4072 -54.5 57.1845
    endloop
  endfacet
  facet normal 0.923869 0 0.382709
    outer loop
      vertex 15.9748 -54.5 55.8143
      vertex 15.4072 -63.5 57.1845
      vertex 15.9748 -63.5 55.8143
    endloop
  endfacet
  facet normal 0.537277 0 0.843406
    outer loop
      vertex 8.5 -54.5 64.7224
      vertex 9.7508 -63.5 63.9256
      vertex 9.7508 -54.5 63.9256
    endloop
  endfacet
  facet normal 0.537277 0 0.843406
    outer loop
      vertex 9.7508 -63.5 63.9256
      vertex 8.5 -54.5 64.7224
      vertex 8.5 -63.5 64.7224
    endloop
  endfacet
  facet normal -0.923869 0 0.382709
    outer loop
      vertex -15.9748 -63.5 55.8143
      vertex -15.4072 -54.5 57.1845
      vertex -15.9748 -54.5 55.8143
    endloop
  endfacet
  facet normal -0.923869 0 0.382709
    outer loop
      vertex -15.4072 -54.5 57.1845
      vertex -15.9748 -63.5 55.8143
      vertex -15.4072 -63.5 57.1845
    endloop
  endfacet
  facet normal -0.793365 0 0.608746
    outer loop
      vertex -13.9256 -63.5 59.7508
      vertex -13.0228 -54.5 60.9274
      vertex -13.9256 -54.5 59.7508
    endloop
  endfacet
  facet normal -0.793365 0 0.608746
    outer loop
      vertex -13.0228 -54.5 60.9274
      vertex -13.9256 -63.5 59.7508
      vertex -13.0228 -63.5 60.9274
    endloop
  endfacet
  facet normal -0.216445 0 0.976295
    outer loop
      vertex -4.39992 -54.5 66.4207
      vertex -2.95202 -63.5 66.7417
      vertex -2.95202 -54.5 66.7417
    endloop
  endfacet
  facet normal -0.216445 0 0.976295
    outer loop
      vertex -2.95202 -63.5 66.7417
      vertex -4.39992 -54.5 66.4207
      vertex -4.39992 -63.5 66.4207
    endloop
  endfacet
  facet normal 0.793365 0 -0.608746
    outer loop
      vertex 13.9256 -63.5 40.2492
      vertex 13.0228 -57.9559 39.0726
      vertex 13.9256 -57.2416 40.2492
    endloop
  endfacet
  facet normal 0.793365 0 -0.608746
    outer loop
      vertex 13.0228 -57.9559 39.0726
      vertex 13.9256 -63.5 40.2492
      vertex 13.0228 -63.5 39.0726
    endloop
  endfacet
  facet normal 0.953717 0.000156179 -0.300705
    outer loop
      vertex 16.4207 -54.5 45.6001
      vertex 15.9748 -54.8516 44.1857
      vertex 16.1573 -54.5 44.7647
    endloop
  endfacet
  facet normal 0.953728 0 -0.30067
    outer loop
      vertex 16.4207 -63.5 45.6001
      vertex 15.9748 -54.8516 44.1857
      vertex 16.4207 -54.5 45.6001
    endloop
  endfacet
  facet normal 0.953728 0 -0.30067
    outer loop
      vertex 15.9748 -54.8516 44.1857
      vertex 16.4207 -63.5 45.6001
      vertex 15.9748 -63.5 44.1857
    endloop
  endfacet
  facet normal 0.976295 -0 0.216445
    outer loop
      vertex 16.4207 -63.5 54.3999
      vertex 16.7417 -54.5 52.952
      vertex 16.4207 -54.5 54.3999
    endloop
  endfacet
  facet normal 0.976295 0 0.216445
    outer loop
      vertex 16.7417 -54.5 52.952
      vertex 16.4207 -63.5 54.3999
      vertex 16.7417 -63.5 52.952
    endloop
  endfacet
  facet normal 0.793365 -0 0.608746
    outer loop
      vertex 13.0228 -63.5 60.9274
      vertex 13.9256 -54.5 59.7508
      vertex 13.0228 -54.5 60.9274
    endloop
  endfacet
  facet normal 0.793365 0 0.608746
    outer loop
      vertex 13.9256 -54.5 59.7508
      vertex 13.0228 -63.5 60.9274
      vertex 13.9256 -63.5 59.7508
    endloop
  endfacet
  facet normal 0.216445 0 0.976295
    outer loop
      vertex 2.95202 -54.5 66.7417
      vertex 4.39992 -63.5 66.4207
      vertex 4.39992 -54.5 66.4207
    endloop
  endfacet
  facet normal 0.216445 0 0.976295
    outer loop
      vertex 4.39992 -63.5 66.4207
      vertex 2.95202 -54.5 66.7417
      vertex 2.95202 -63.5 66.7417
    endloop
  endfacet
  facet normal 0.300666 0 0.95373
    outer loop
      vertex 4.39992 -54.5 66.4207
      vertex 5.81434 -63.5 65.9748
      vertex 5.81434 -54.5 65.9748
    endloop
  endfacet
  facet normal 0.300666 0 0.95373
    outer loop
      vertex 5.81434 -63.5 65.9748
      vertex 4.39992 -54.5 66.4207
      vertex 4.39992 -63.5 66.4207
    endloop
  endfacet
  facet normal 0.608746 0 0.793365
    outer loop
      vertex 9.7508 -54.5 63.9256
      vertex 10.9274 -63.5 63.0228
      vertex 10.9274 -54.5 63.0228
    endloop
  endfacet
  facet normal 0.608746 0 0.793365
    outer loop
      vertex 10.9274 -63.5 63.0228
      vertex 9.7508 -54.5 63.9256
      vertex 9.7508 -63.5 63.9256
    endloop
  endfacet
  facet normal -0.976295 0 0.216445
    outer loop
      vertex -16.7417 -63.5 52.952
      vertex -16.4207 -54.5 54.3999
      vertex -16.7417 -54.5 52.952
    endloop
  endfacet
  facet normal -0.976295 0 0.216445
    outer loop
      vertex -16.4207 -54.5 54.3999
      vertex -16.7417 -63.5 52.952
      vertex -16.4207 -63.5 54.3999
    endloop
  endfacet
  facet normal 0 1 0
    outer loop
      vertex 1.48165 -54.5 66.9353
      vertex -1.48165 -54.5 66.9353
      vertex 0 -54.5 67
    endloop
  endfacet
  facet normal 0 1 0
    outer loop
      vertex 2.95202 -54.5 66.7417
      vertex -1.48165 -54.5 66.9353
      vertex 1.48165 -54.5 66.9353
    endloop
  endfacet
  facet normal 0 1 0
    outer loop
      vertex 2.95202 -54.5 66.7417
      vertex -2.95202 -54.5 66.7417
      vertex -1.48165 -54.5 66.9353
    endloop
  endfacet
  facet normal 0 1 0
    outer loop
      vertex 4.39992 -54.5 66.4207
      vertex -2.95202 -54.5 66.7417
      vertex 2.95202 -54.5 66.7417
    endloop
  endfacet
  facet normal 0 1 0
    outer loop
      vertex 4.39992 -54.5 66.4207
      vertex -4.39992 -54.5 66.4207
      vertex -2.95202 -54.5 66.7417
    endloop
  endfacet
  facet normal 0 1 0
    outer loop
      vertex 5.81434 -54.5 65.9748
      vertex -4.39992 -54.5 66.4207
      vertex 4.39992 -54.5 66.4207
    endloop
  endfacet
  facet normal 0 1 0
    outer loop
      vertex 5.81434 -54.5 65.9748
      vertex -5.81434 -54.5 65.9748
      vertex -4.39992 -54.5 66.4207
    endloop
  endfacet
  facet normal 0 1 0
    outer loop
      vertex 7.18451 -54.5 65.4072
      vertex -5.81434 -54.5 65.9748
      vertex 5.81434 -54.5 65.9748
    endloop
  endfacet
  facet normal 0 1 0
    outer loop
      vertex 7.18451 -54.5 65.4072
      vertex -7.18451 -54.5 65.4072
      vertex -5.81434 -54.5 65.9748
    endloop
  endfacet
  facet normal 0 1 0
    outer loop
      vertex 8.5 -54.5 64.7224
      vertex -7.18451 -54.5 65.4072
      vertex 7.18451 -54.5 65.4072
    endloop
  endfacet
  facet normal 0 1 0
    outer loop
      vertex 8.5 -54.5 64.7224
      vertex -8.5 -54.5 64.7224
      vertex -7.18451 -54.5 65.4072
    endloop
  endfacet
  facet normal 0 1 0
    outer loop
      vertex 9.7508 -54.5 63.9256
      vertex -8.5 -54.5 64.7224
      vertex 8.5 -54.5 64.7224
    endloop
  endfacet
  facet normal 0 1 0
    outer loop
      vertex 9.7508 -54.5 63.9256
      vertex -9.7508 -54.5 63.9256
      vertex -8.5 -54.5 64.7224
    endloop
  endfacet
  facet normal 0 1 0
    outer loop
      vertex 10.9274 -54.5 63.0228
      vertex -9.7508 -54.5 63.9256
      vertex 9.7508 -54.5 63.9256
    endloop
  endfacet
  facet normal 0 1 0
    outer loop
      vertex 10.9274 -54.5 63.0228
      vertex -10.9274 -54.5 63.0228
      vertex -9.7508 -54.5 63.9256
    endloop
  endfacet
  facet normal 0 1 0
    outer loop
      vertex 12.0208 -54.5 62.0208
      vertex -10.9274 -54.5 63.0228
      vertex 10.9274 -54.5 63.0228
    endloop
  endfacet
  facet normal 0 1 0
    outer loop
      vertex 12.0208 -54.5 62.0208
      vertex -12.0208 -54.5 62.0208
      vertex -10.9274 -54.5 63.0228
    endloop
  endfacet
  facet normal 0 1 0
    outer loop
      vertex 13.0228 -54.5 60.9274
      vertex -12.0208 -54.5 62.0208
      vertex 12.0208 -54.5 62.0208
    endloop
  endfacet
  facet normal 0 1 0
    outer loop
      vertex 13.0228 -54.5 60.9274
      vertex -13.0228 -54.5 60.9274
      vertex -12.0208 -54.5 62.0208
    endloop
  endfacet
  facet normal 0 1 0
    outer loop
      vertex 13.9256 -54.5 59.7508
      vertex -13.0228 -54.5 60.9274
      vertex 13.0228 -54.5 60.9274
    endloop
  endfacet
  facet normal 0 1 0
    outer loop
      vertex 13.9256 -54.5 59.7508
      vertex -13.9256 -54.5 59.7508
      vertex -13.0228 -54.5 60.9274
    endloop
  endfacet
  facet normal 0 1 0
    outer loop
      vertex 14.7224 -54.5 58.5
      vertex -13.9256 -54.5 59.7508
      vertex 13.9256 -54.5 59.7508
    endloop
  endfacet
  facet normal 0 1 0
    outer loop
      vertex 14.7224 -54.5 58.5
      vertex -14.7224 -54.5 58.5
      vertex -13.9256 -54.5 59.7508
    endloop
  endfacet
  facet normal 0 1 0
    outer loop
      vertex 15.4072 -54.5 57.1845
      vertex -14.7224 -54.5 58.5
      vertex 14.7224 -54.5 58.5
    endloop
  endfacet
  facet normal 0 1 0
    outer loop
      vertex 15.4072 -54.5 57.1845
      vertex -15.4072 -54.5 57.1845
      vertex -14.7224 -54.5 58.5
    endloop
  endfacet
  facet normal 0 1 0
    outer loop
      vertex 15.9748 -54.5 55.8143
      vertex -15.4072 -54.5 57.1845
      vertex 15.4072 -54.5 57.1845
    endloop
  endfacet
  facet normal 0 1 0
    outer loop
      vertex 15.9748 -54.5 55.8143
      vertex -15.9748 -54.5 55.8143
      vertex -15.4072 -54.5 57.1845
    endloop
  endfacet
  facet normal 0 1 0
    outer loop
      vertex 16.4207 -54.5 54.3999
      vertex -15.9748 -54.5 55.8143
      vertex 15.9748 -54.5 55.8143
    endloop
  endfacet
  facet normal 0 1 0
    outer loop
      vertex 16.4207 -54.5 54.3999
      vertex -16.4207 -54.5 54.3999
      vertex -15.9748 -54.5 55.8143
    endloop
  endfacet
  facet normal 0 1 0
    outer loop
      vertex 16.7417 -54.5 52.952
      vertex -16.4207 -54.5 54.3999
      vertex 16.4207 -54.5 54.3999
    endloop
  endfacet
  facet normal 0 1 0
    outer loop
      vertex 16.7417 -54.5 52.952
      vertex -16.7417 -54.5 52.952
      vertex -16.4207 -54.5 54.3999
    endloop
  endfacet
  facet normal 0 1 0
    outer loop
      vertex 16.9353 -54.5 51.4816
      vertex -16.7417 -54.5 52.952
      vertex 16.7417 -54.5 52.952
    endloop
  endfacet
  facet normal 0 1 0
    outer loop
      vertex 16.9353 -54.5 51.4816
      vertex -16.9353 -54.5 51.4816
      vertex -16.7417 -54.5 52.952
    endloop
  endfacet
  facet normal 0 1 0
    outer loop
      vertex 17 -54.5 50
      vertex -16.9353 -54.5 51.4816
      vertex 16.9353 -54.5 51.4816
    endloop
  endfacet
  facet normal 0 1 0
    outer loop
      vertex 17 -54.5 50
      vertex -17 -54.5 50
      vertex -16.9353 -54.5 51.4816
    endloop
  endfacet
  facet normal 0 1 -0
    outer loop
      vertex 16.9353 -54.5 48.5184
      vertex -17 -54.5 50
      vertex 17 -54.5 50
    endloop
  endfacet
  facet normal 0 1 0
    outer loop
      vertex 16.9353 -54.5 48.5184
      vertex -16.9353 -54.5 48.5184
      vertex -17 -54.5 50
    endloop
  endfacet
  facet normal 0 1 -0
    outer loop
      vertex 16.7417 -54.5 47.048
      vertex -16.9353 -54.5 48.5184
      vertex 16.9353 -54.5 48.5184
    endloop
  endfacet
  facet normal 0 1 0
    outer loop
      vertex 16.7417 -54.5 47.048
      vertex -16.7417 -54.5 47.048
      vertex -16.9353 -54.5 48.5184
    endloop
  endfacet
  facet normal 0 1 0
    outer loop
      vertex 16.1573 -54.5 44.7647
      vertex 16.7417 -54.5 47.048
      vertex 16.4207 -54.5 45.6001
    endloop
  endfacet
  facet normal 0 1 0
    outer loop
      vertex 16.7417 -54.5 47.048
      vertex 16.1573 -54.5 44.7647
      vertex -16.7417 -54.5 47.048
    endloop
  endfacet
  facet normal 0 1 -0
    outer loop
      vertex -16.1573 -54.5 44.7647
      vertex -16.7417 -54.5 47.048
      vertex 16.1573 -54.5 44.7647
    endloop
  endfacet
  facet normal 0 1 0
    outer loop
      vertex -16.7417 -54.5 47.048
      vertex -16.1573 -54.5 44.7647
      vertex -16.4207 -54.5 45.6001
    endloop
  endfacet
  facet normal -0.843406 0 0.537277
    outer loop
      vertex -14.7224 -63.5 58.5
      vertex -13.9256 -54.5 59.7508
      vertex -14.7224 -54.5 58.5
    endloop
  endfacet
  facet normal -0.843406 0 0.537277
    outer loop
      vertex -13.9256 -54.5 59.7508
      vertex -14.7224 -63.5 58.5
      vertex -13.9256 -63.5 59.7508
    endloop
  endfacet
  facet normal -0.953728 0 0.30067
    outer loop
      vertex -16.4207 -63.5 54.3999
      vertex -15.9748 -54.5 55.8143
      vertex -16.4207 -54.5 54.3999
    endloop
  endfacet
  facet normal -0.953728 0 0.30067
    outer loop
      vertex -15.9748 -54.5 55.8143
      vertex -16.4207 -63.5 54.3999
      vertex -15.9748 -63.5 55.8143
    endloop
  endfacet
  facet normal -0.461748 0 0.887011
    outer loop
      vertex -8.5 -54.5 64.7224
      vertex -7.18451 -63.5 65.4072
      vertex -7.18451 -54.5 65.4072
    endloop
  endfacet
  facet normal -0.461748 0 0.887011
    outer loop
      vertex -7.18451 -63.5 65.4072
      vertex -8.5 -54.5 64.7224
      vertex -8.5 -63.5 64.7224
    endloop
  endfacet
  facet normal -0.130541 0 0.991443
    outer loop
      vertex -2.95202 -54.5 66.7417
      vertex -1.48165 -63.5 66.9353
      vertex -1.48165 -54.5 66.9353
    endloop
  endfacet
  facet normal -0.130541 0 0.991443
    outer loop
      vertex -1.48165 -63.5 66.9353
      vertex -2.95202 -54.5 66.7417
      vertex -2.95202 -63.5 66.7417
    endloop
  endfacet
  facet normal 0.976295 0 -0.216445
    outer loop
      vertex 16.7417 -63.5 47.048
      vertex 16.4207 -54.5 45.6001
      vertex 16.7417 -54.5 47.048
    endloop
  endfacet
  facet normal 0.976295 0 -0.216445
    outer loop
      vertex 16.4207 -54.5 45.6001
      vertex 16.7417 -63.5 47.048
      vertex 16.4207 -63.5 45.6001
    endloop
  endfacet
  facet normal -0.793365 0 -0.608746
    outer loop
      vertex -13.9256 -63.5 40.2492
      vertex -13.0228 -57.9559 39.0726
      vertex -13.0228 -63.5 39.0726
    endloop
  endfacet
  facet normal -0.793365 0 -0.608746
    outer loop
      vertex -13.0228 -57.9559 39.0726
      vertex -13.9256 -63.5 40.2492
      vertex -13.9256 -57.2416 40.2492
    endloop
  endfacet
  facet normal -0.737289 -0 -0.675578
    outer loop
      vertex -12.0399 -58 38
      vertex -12.0399 -63.5 38
      vertex -12.9562 -58 39
    endloop
  endfacet
  facet normal -0.737263 9.57555e-06 -0.675606
    outer loop
      vertex -13.0228 -63.5 39.0726
      vertex -12.9562 -58 39
      vertex -12.0399 -63.5 38
    endloop
  endfacet
  facet normal -0.736901 0 -0.676
    outer loop
      vertex -12.9562 -58 39
      vertex -13.0228 -63.5 39.0726
      vertex -13.0228 -57.9559 39.0726
    endloop
  endfacet
  facet normal -0.953717 0.000156179 -0.300705
    outer loop
      vertex -15.9748 -54.8516 44.1857
      vertex -16.4207 -54.5 45.6001
      vertex -16.1573 -54.5 44.7647
    endloop
  endfacet
  facet normal -0.953728 0 -0.30067
    outer loop
      vertex -16.4207 -63.5 45.6001
      vertex -15.9748 -54.8516 44.1857
      vertex -15.9748 -63.5 44.1857
    endloop
  endfacet
  facet normal -0.953728 0 -0.30067
    outer loop
      vertex -15.9748 -54.8516 44.1857
      vertex -16.4207 -63.5 45.6001
      vertex -16.4207 -54.5 45.6001
    endloop
  endfacet
  facet normal -0.923869 0 -0.382709
    outer loop
      vertex -15.9748 -63.5 44.1857
      vertex -15.4072 -55.6835 42.8155
      vertex -15.4072 -63.5 42.8155
    endloop
  endfacet
  facet normal -0.923869 0 -0.382709
    outer loop
      vertex -15.4072 -55.6835 42.8155
      vertex -15.9748 -63.5 44.1857
      vertex -15.9748 -54.8516 44.1857
    endloop
  endfacet
  facet normal -0.991443 0 -0.130538
    outer loop
      vertex -16.7417 -63.5 47.048
      vertex -16.9353 -54.5 48.5184
      vertex -16.7417 -54.5 47.048
    endloop
  endfacet
  facet normal -0.991443 -0 -0.130538
    outer loop
      vertex -16.9353 -54.5 48.5184
      vertex -16.7417 -63.5 47.048
      vertex -16.9353 -63.5 48.5184
    endloop
  endfacet
  facet normal 0.953728 -0 0.30067
    outer loop
      vertex 15.9748 -63.5 55.8143
      vertex 16.4207 -54.5 54.3999
      vertex 15.9748 -54.5 55.8143
    endloop
  endfacet
  facet normal 0.953728 0 0.30067
    outer loop
      vertex 16.4207 -54.5 54.3999
      vertex 15.9748 -63.5 55.8143
      vertex 16.4207 -63.5 54.3999
    endloop
  endfacet
  facet normal 0.737249 -0 0.675621
    outer loop
      vertex 12.0208 -63.5 62.0208
      vertex 13.0228 -54.5 60.9274
      vertex 12.0208 -54.5 62.0208
    endloop
  endfacet
  facet normal 0.737249 0 0.675621
    outer loop
      vertex 13.0228 -54.5 60.9274
      vertex 12.0208 -63.5 62.0208
      vertex 13.0228 -63.5 60.9274
    endloop
  endfacet
  facet normal 0.887012 -0 0.461745
    outer loop
      vertex 14.7224 -63.5 58.5
      vertex 15.4072 -54.5 57.1845
      vertex 14.7224 -54.5 58.5
    endloop
  endfacet
  facet normal 0.887012 0 0.461745
    outer loop
      vertex 15.4072 -54.5 57.1845
      vertex 14.7224 -63.5 58.5
      vertex 15.4072 -63.5 57.1845
    endloop
  endfacet
  facet normal 0.043626 0 0.999048
    outer loop
      vertex 0 -54.5 67
      vertex 1.48165 -63.5 66.9353
      vertex 1.48165 -54.5 66.9353
    endloop
  endfacet
  facet normal 0.043626 0 0.999048
    outer loop
      vertex 1.48165 -63.5 66.9353
      vertex 0 -54.5 67
      vertex 0 -63.5 67
    endloop
  endfacet
  facet normal 0.461748 0 0.887011
    outer loop
      vertex 7.18451 -54.5 65.4072
      vertex 8.5 -63.5 64.7224
      vertex 8.5 -54.5 64.7224
    endloop
  endfacet
  facet normal 0.461748 0 0.887011
    outer loop
      vertex 8.5 -63.5 64.7224
      vertex 7.18451 -54.5 65.4072
      vertex 7.18451 -63.5 65.4072
    endloop
  endfacet
  facet normal 0.382716 0 0.923866
    outer loop
      vertex 5.81434 -54.5 65.9748
      vertex 7.18451 -63.5 65.4072
      vertex 7.18451 -54.5 65.4072
    endloop
  endfacet
  facet normal 0.382716 0 0.923866
    outer loop
      vertex 7.18451 -63.5 65.4072
      vertex 5.81434 -54.5 65.9748
      vertex 5.81434 -63.5 65.9748
    endloop
  endfacet
  facet normal -0.887012 0 0.461745
    outer loop
      vertex -15.4072 -63.5 57.1845
      vertex -14.7224 -54.5 58.5
      vertex -15.4072 -54.5 57.1845
    endloop
  endfacet
  facet normal -0.887012 0 0.461745
    outer loop
      vertex -14.7224 -54.5 58.5
      vertex -15.4072 -63.5 57.1845
      vertex -14.7224 -63.5 58.5
    endloop
  endfacet
  facet normal -0.999048 0 0.0436274
    outer loop
      vertex -17 -63.5 50
      vertex -16.9353 -54.5 51.4816
      vertex -17 -54.5 50
    endloop
  endfacet
  facet normal -0.999048 0 0.0436274
    outer loop
      vertex -16.9353 -54.5 51.4816
      vertex -17 -63.5 50
      vertex -16.9353 -63.5 51.4816
    endloop
  endfacet
  facet normal -0.999048 0 -0.0436274
    outer loop
      vertex -16.9353 -63.5 48.5184
      vertex -17 -54.5 50
      vertex -16.9353 -54.5 48.5184
    endloop
  endfacet
  facet normal -0.999048 -0 -0.0436274
    outer loop
      vertex -17 -54.5 50
      vertex -16.9353 -63.5 48.5184
      vertex -17 -63.5 50
    endloop
  endfacet
  facet normal -0.608746 0 0.793365
    outer loop
      vertex -10.9274 -54.5 63.0228
      vertex -9.7508 -63.5 63.9256
      vertex -9.7508 -54.5 63.9256
    endloop
  endfacet
  facet normal -0.608746 0 0.793365
    outer loop
      vertex -9.7508 -63.5 63.9256
      vertex -10.9274 -54.5 63.0228
      vertex -10.9274 -63.5 63.0228
    endloop
  endfacet
  facet normal -0.537277 0 0.843406
    outer loop
      vertex -9.7508 -54.5 63.9256
      vertex -8.5 -63.5 64.7224
      vertex -8.5 -54.5 64.7224
    endloop
  endfacet
  facet normal -0.537277 0 0.843406
    outer loop
      vertex -8.5 -63.5 64.7224
      vertex -9.7508 -54.5 63.9256
      vertex -9.7508 -63.5 63.9256
    endloop
  endfacet
  facet normal -0.675621 0 0.737249
    outer loop
      vertex -12.0208 -54.5 62.0208
      vertex -10.9274 -63.5 63.0228
      vertex -10.9274 -54.5 63.0228
    endloop
  endfacet
  facet normal -0.675621 0 0.737249
    outer loop
      vertex -10.9274 -63.5 63.0228
      vertex -12.0208 -54.5 62.0208
      vertex -12.0208 -63.5 62.0208
    endloop
  endfacet
  facet normal -0.300666 0 0.95373
    outer loop
      vertex -5.81434 -54.5 65.9748
      vertex -4.39992 -63.5 66.4207
      vertex -4.39992 -54.5 66.4207
    endloop
  endfacet
  facet normal -0.300666 0 0.95373
    outer loop
      vertex -4.39992 -63.5 66.4207
      vertex -5.81434 -54.5 65.9748
      vertex -5.81434 -63.5 65.9748
    endloop
  endfacet
  facet normal 0.736901 0 -0.676
    outer loop
      vertex 13.0228 -63.5 39.0726
      vertex 12.9562 -58 39
      vertex 13.0228 -57.9559 39.0726
    endloop
  endfacet
  facet normal 0.737263 9.57555e-06 -0.675606
    outer loop
      vertex 12.0399 -63.5 38
      vertex 12.9562 -58 39
      vertex 13.0228 -63.5 39.0726
    endloop
  endfacet
  facet normal 0.737289 0 -0.675578
    outer loop
      vertex 12.9562 -58 39
      vertex 12.0399 -63.5 38
      vertex 12.0399 -58 38
    endloop
  endfacet
  facet normal 0.843406 0 -0.537277
    outer loop
      vertex 14.7224 -63.5 41.5
      vertex 13.9256 -57.2416 40.2492
      vertex 14.7224 -56.4821 41.5
    endloop
  endfacet
  facet normal 0.843406 0 -0.537277
    outer loop
      vertex 13.9256 -57.2416 40.2492
      vertex 14.7224 -63.5 41.5
      vertex 13.9256 -63.5 40.2492
    endloop
  endfacet
  facet normal 0.887012 0 -0.461745
    outer loop
      vertex 15.4072 -63.5 42.8155
      vertex 14.7224 -56.4821 41.5
      vertex 15.4072 -55.6835 42.8155
    endloop
  endfacet
  facet normal 0.887012 0 -0.461745
    outer loop
      vertex 14.7224 -56.4821 41.5
      vertex 15.4072 -63.5 42.8155
      vertex 14.7224 -63.5 41.5
    endloop
  endfacet
  facet normal 0.923869 0 -0.382709
    outer loop
      vertex 15.9748 -63.5 44.1857
      vertex 15.4072 -55.6835 42.8155
      vertex 15.9748 -54.8516 44.1857
    endloop
  endfacet
  facet normal 0.923869 0 -0.382709
    outer loop
      vertex 15.4072 -55.6835 42.8155
      vertex 15.9748 -63.5 44.1857
      vertex 15.4072 -63.5 42.8155
    endloop
  endfacet
  facet normal -0.843406 0 -0.537277
    outer loop
      vertex -14.7224 -63.5 41.5
      vertex -13.9256 -57.2416 40.2492
      vertex -13.9256 -63.5 40.2492
    endloop
  endfacet
  facet normal -0.843406 0 -0.537277
    outer loop
      vertex -13.9256 -57.2416 40.2492
      vertex -14.7224 -63.5 41.5
      vertex -14.7224 -56.4821 41.5
    endloop
  endfacet
  facet normal -0.976295 0 -0.216445
    outer loop
      vertex -16.4207 -63.5 45.6001
      vertex -16.7417 -54.5 47.048
      vertex -16.4207 -54.5 45.6001
    endloop
  endfacet
  facet normal -0.976295 -0 -0.216445
    outer loop
      vertex -16.7417 -54.5 47.048
      vertex -16.4207 -63.5 45.6001
      vertex -16.7417 -63.5 47.048
    endloop
  endfacet
  facet normal 0.843406 -0 0.537277
    outer loop
      vertex 13.9256 -63.5 59.7508
      vertex 14.7224 -54.5 58.5
      vertex 13.9256 -54.5 59.7508
    endloop
  endfacet
  facet normal 0.843406 0 0.537277
    outer loop
      vertex 14.7224 -54.5 58.5
      vertex 13.9256 -63.5 59.7508
      vertex 14.7224 -63.5 58.5
    endloop
  endfacet
  facet normal 0.130541 0 0.991443
    outer loop
      vertex 1.48165 -54.5 66.9353
      vertex 2.95202 -63.5 66.7417
      vertex 2.95202 -54.5 66.7417
    endloop
  endfacet
  facet normal 0.130541 0 0.991443
    outer loop
      vertex 2.95202 -63.5 66.7417
      vertex 1.48165 -54.5 66.9353
      vertex 1.48165 -63.5 66.9353
    endloop
  endfacet
  facet normal 0 -1 0
    outer loop
      vertex 0 -63.5 60
      vertex 0 -63.5 67
      vertex -1.48165 -63.5 66.9353
    endloop
  endfacet
  facet normal 0 -1 0
    outer loop
      vertex -0.871557 -63.5 59.9619
      vertex -1.48165 -63.5 66.9353
      vertex -2.95202 -63.5 66.7417
    endloop
  endfacet
  facet normal 0 -1 0
    outer loop
      vertex 0 -63.5 67
      vertex 0 -63.5 60
      vertex 1.48165 -63.5 66.9353
    endloop
  endfacet
  facet normal 0 -1 0
    outer loop
      vertex -1.73648 -63.5 59.8481
      vertex -2.95202 -63.5 66.7417
      vertex -4.39992 -63.5 66.4207
    endloop
  endfacet
  facet normal 0 -1 0
    outer loop
      vertex 0.871557 -63.5 59.9619
      vertex 1.48165 -63.5 66.9353
      vertex 0 -63.5 60
    endloop
  endfacet
  facet normal 0 -1 0
    outer loop
      vertex -2.58819 -63.5 59.6593
      vertex -4.39992 -63.5 66.4207
      vertex -5.81434 -63.5 65.9748
    endloop
  endfacet
  facet normal 0 -1 -0
    outer loop
      vertex 1.48165 -63.5 66.9353
      vertex 0.871557 -63.5 59.9619
      vertex 2.95202 -63.5 66.7417
    endloop
  endfacet
  facet normal 0 -1 0
    outer loop
      vertex -3.4202 -63.5 59.3969
      vertex -5.81434 -63.5 65.9748
      vertex -7.18451 -63.5 65.4072
    endloop
  endfacet
  facet normal 0 -1 0
    outer loop
      vertex 1.73648 -63.5 59.8481
      vertex 2.95202 -63.5 66.7417
      vertex 0.871557 -63.5 59.9619
    endloop
  endfacet
  facet normal 0 -1 0
    outer loop
      vertex -4.22618 -63.5 59.0631
      vertex -7.18451 -63.5 65.4072
      vertex -8.5 -63.5 64.7224
    endloop
  endfacet
  facet normal 0 -1 -0
    outer loop
      vertex 2.95202 -63.5 66.7417
      vertex 1.73648 -63.5 59.8481
      vertex 4.39992 -63.5 66.4207
    endloop
  endfacet
  facet normal 0 -1 0
    outer loop
      vertex -5 -63.5 58.6603
      vertex -8.5 -63.5 64.7224
      vertex -9.7508 -63.5 63.9256
    endloop
  endfacet
  facet normal 0 -1 0
    outer loop
      vertex 2.58819 -63.5 59.6593
      vertex 4.39992 -63.5 66.4207
      vertex 1.73648 -63.5 59.8481
    endloop
  endfacet
  facet normal 0 -1 0
    outer loop
      vertex -5.73576 -63.5 58.1915
      vertex -9.7508 -63.5 63.9256
      vertex -10.9274 -63.5 63.0228
    endloop
  endfacet
  facet normal 0 -1 -0
    outer loop
      vertex 4.39992 -63.5 66.4207
      vertex 2.58819 -63.5 59.6593
      vertex 5.81434 -63.5 65.9748
    endloop
  endfacet
  facet normal 0 -1 0
    outer loop
      vertex -6.42788 -63.5 57.6604
      vertex -10.9274 -63.5 63.0228
      vertex -12.0208 -63.5 62.0208
    endloop
  endfacet
  facet normal 0 -1 0
    outer loop
      vertex 3.4202 -63.5 59.3969
      vertex 5.81434 -63.5 65.9748
      vertex 2.58819 -63.5 59.6593
    endloop
  endfacet
  facet normal 0 -1 0
    outer loop
      vertex -7.07107 -63.5 57.0711
      vertex -12.0208 -63.5 62.0208
      vertex -13.0228 -63.5 60.9274
    endloop
  endfacet
  facet normal 0 -1 -0
    outer loop
      vertex 5.81434 -63.5 65.9748
      vertex 3.4202 -63.5 59.3969
      vertex 7.18451 -63.5 65.4072
    endloop
  endfacet
  facet normal 0 -1 0
    outer loop
      vertex 4.22618 -63.5 59.0631
      vertex 7.18451 -63.5 65.4072
      vertex 3.4202 -63.5 59.3969
    endloop
  endfacet
  facet normal 0 -1 0
    outer loop
      vertex -1.48165 -63.5 66.9353
      vertex -0.871557 -63.5 59.9619
      vertex 0 -63.5 60
    endloop
  endfacet
  facet normal 0 -1 0
    outer loop
      vertex -2.95202 -63.5 66.7417
      vertex -1.73648 -63.5 59.8481
      vertex -0.871557 -63.5 59.9619
    endloop
  endfacet
  facet normal 0 -1 0
    outer loop
      vertex -7.66044 -63.5 56.4279
      vertex -13.0228 -63.5 60.9274
      vertex -13.9256 -63.5 59.7508
    endloop
  endfacet
  facet normal 0 -1 0
    outer loop
      vertex -4.39992 -63.5 66.4207
      vertex -2.58819 -63.5 59.6593
      vertex -1.73648 -63.5 59.8481
    endloop
  endfacet
  facet normal 0 -1 0
    outer loop
      vertex -5.81434 -63.5 65.9748
      vertex -3.4202 -63.5 59.3969
      vertex -2.58819 -63.5 59.6593
    endloop
  endfacet
  facet normal 0 -1 0
    outer loop
      vertex -7.18451 -63.5 65.4072
      vertex -4.22618 -63.5 59.0631
      vertex -3.4202 -63.5 59.3969
    endloop
  endfacet
  facet normal 0 -1 0
    outer loop
      vertex -8.5 -63.5 64.7224
      vertex -5 -63.5 58.6603
      vertex -4.22618 -63.5 59.0631
    endloop
  endfacet
  facet normal 0 -1 0
    outer loop
      vertex -8.19152 -63.5 55.7358
      vertex -13.9256 -63.5 59.7508
      vertex -14.7224 -63.5 58.5
    endloop
  endfacet
  facet normal 0 -1 0
    outer loop
      vertex -9.7508 -63.5 63.9256
      vertex -5.73576 -63.5 58.1915
      vertex -5 -63.5 58.6603
    endloop
  endfacet
  facet normal 0 -1 0
    outer loop
      vertex -10.9274 -63.5 63.0228
      vertex -6.42788 -63.5 57.6604
      vertex -5.73576 -63.5 58.1915
    endloop
  endfacet
  facet normal 0 -1 0
    outer loop
      vertex -8.66025 -63.5 55
      vertex -14.7224 -63.5 58.5
      vertex -15.4072 -63.5 57.1845
    endloop
  endfacet
  facet normal 0 -1 0
    outer loop
      vertex -12.0208 -63.5 62.0208
      vertex -7.07107 -63.5 57.0711
      vertex -6.42788 -63.5 57.6604
    endloop
  endfacet
  facet normal 0 -1 0
    outer loop
      vertex -13.0228 -63.5 60.9274
      vertex -7.66044 -63.5 56.4279
      vertex -7.07107 -63.5 57.0711
    endloop
  endfacet
  facet normal 0 -1 0
    outer loop
      vertex -9.06308 -63.5 54.2262
      vertex -15.4072 -63.5 57.1845
      vertex -15.9748 -63.5 55.8143
    endloop
  endfacet
  facet normal 0 -1 0
    outer loop
      vertex -13.9256 -63.5 59.7508
      vertex -8.19152 -63.5 55.7358
      vertex -7.66044 -63.5 56.4279
    endloop
  endfacet
  facet normal 0 -1 0
    outer loop
      vertex -14.7224 -63.5 58.5
      vertex -8.66025 -63.5 55
      vertex -8.19152 -63.5 55.7358
    endloop
  endfacet
  facet normal 0 -1 0
    outer loop
      vertex -9.39693 -63.5 53.4202
      vertex -15.9748 -63.5 55.8143
      vertex -16.4207 -63.5 54.3999
    endloop
  endfacet
  facet normal 0 -1 0
    outer loop
      vertex -15.4072 -63.5 57.1845
      vertex -9.06308 -63.5 54.2262
      vertex -8.66025 -63.5 55
    endloop
  endfacet
  facet normal 0 -1 0
    outer loop
      vertex -15.9748 -63.5 55.8143
      vertex -9.39693 -63.5 53.4202
      vertex -9.06308 -63.5 54.2262
    endloop
  endfacet
  facet normal 0 -1 0
    outer loop
      vertex -9.65926 -63.5 52.5882
      vertex -16.4207 -63.5 54.3999
      vertex -16.7417 -63.5 52.952
    endloop
  endfacet
  facet normal 0 -1 0
    outer loop
      vertex -16.4207 -63.5 54.3999
      vertex -9.65926 -63.5 52.5882
      vertex -9.39693 -63.5 53.4202
    endloop
  endfacet
  facet normal 0 -1 0
    outer loop
      vertex -16.7417 -63.5 52.952
      vertex -9.84808 -63.5 51.7365
      vertex -9.65926 -63.5 52.5882
    endloop
  endfacet
  facet normal 0 -1 0
    outer loop
      vertex -16.9353 -63.5 51.4816
      vertex -9.84808 -63.5 51.7365
      vertex -16.7417 -63.5 52.952
    endloop
  endfacet
  facet normal 0 -1 0
    outer loop
      vertex -16.9353 -63.5 51.4816
      vertex -9.96195 -63.5 50.8716
      vertex -9.84808 -63.5 51.7365
    endloop
  endfacet
  facet normal 0 -1 0
    outer loop
      vertex -17 -63.5 50
      vertex -9.96195 -63.5 50.8716
      vertex -16.9353 -63.5 51.4816
    endloop
  endfacet
  facet normal 0 -1 0
    outer loop
      vertex -17 -63.5 50
      vertex -10 -63.5 50
      vertex -9.96195 -63.5 50.8716
    endloop
  endfacet
  facet normal 0 -1 0
    outer loop
      vertex -17 -63.5 50
      vertex -9.96195 -63.5 49.1284
      vertex -10 -63.5 50
    endloop
  endfacet
  facet normal 0 -1 0
    outer loop
      vertex -16.9353 -63.5 48.5184
      vertex -9.96195 -63.5 49.1284
      vertex -17 -63.5 50
    endloop
  endfacet
  facet normal 0 -1 0
    outer loop
      vertex -16.9353 -63.5 48.5184
      vertex -9.84808 -63.5 48.2635
      vertex -9.96195 -63.5 49.1284
    endloop
  endfacet
  facet normal 0 -1 0
    outer loop
      vertex -16.7417 -63.5 47.048
      vertex -9.84808 -63.5 48.2635
      vertex -16.9353 -63.5 48.5184
    endloop
  endfacet
  facet normal 0 -1 -0
    outer loop
      vertex -9.84808 -63.5 48.2635
      vertex -16.7417 -63.5 47.048
      vertex -9.65926 -63.5 47.4118
    endloop
  endfacet
  facet normal 0 -1 0
    outer loop
      vertex -16.4207 -63.5 45.6001
      vertex -9.65926 -63.5 47.4118
      vertex -16.7417 -63.5 47.048
    endloop
  endfacet
  facet normal 0 -1 -0
    outer loop
      vertex -9.65926 -63.5 47.4118
      vertex -16.4207 -63.5 45.6001
      vertex -9.39693 -63.5 46.5798
    endloop
  endfacet
  facet normal 0 -1 0
    outer loop
      vertex -15.9748 -63.5 44.1857
      vertex -9.39693 -63.5 46.5798
      vertex -16.4207 -63.5 45.6001
    endloop
  endfacet
  facet normal 0 -1 -0
    outer loop
      vertex -9.39693 -63.5 46.5798
      vertex -15.9748 -63.5 44.1857
      vertex -9.06308 -63.5 45.7738
    endloop
  endfacet
  facet normal 0 -1 0
    outer loop
      vertex -15.4072 -63.5 42.8155
      vertex -9.06308 -63.5 45.7738
      vertex -15.9748 -63.5 44.1857
    endloop
  endfacet
  facet normal 0 -1 -0
    outer loop
      vertex -9.06308 -63.5 45.7738
      vertex -15.4072 -63.5 42.8155
      vertex -8.66025 -63.5 45
    endloop
  endfacet
  facet normal 0 -1 0
    outer loop
      vertex -14.7224 -63.5 41.5
      vertex -8.66025 -63.5 45
      vertex -15.4072 -63.5 42.8155
    endloop
  endfacet
  facet normal 0 -1 -0
    outer loop
      vertex -8.66025 -63.5 45
      vertex -14.7224 -63.5 41.5
      vertex -8.19152 -63.5 44.2642
    endloop
  endfacet
  facet normal 0 -1 0
    outer loop
      vertex -13.9256 -63.5 40.2492
      vertex -8.19152 -63.5 44.2642
      vertex -14.7224 -63.5 41.5
    endloop
  endfacet
  facet normal 0 -1 -0
    outer loop
      vertex -8.19152 -63.5 44.2642
      vertex -13.9256 -63.5 40.2492
      vertex -7.66044 -63.5 43.5721
    endloop
  endfacet
  facet normal 0 -1 0
    outer loop
      vertex -13.0228 -63.5 39.0726
      vertex -7.66044 -63.5 43.5721
      vertex -13.9256 -63.5 40.2492
    endloop
  endfacet
  facet normal 0 -1 -0
    outer loop
      vertex -7.66044 -63.5 43.5721
      vertex -13.0228 -63.5 39.0726
      vertex -7.07107 -63.5 42.9289
    endloop
  endfacet
  facet normal 0 -1 0
    outer loop
      vertex -12.0399 -63.5 38
      vertex -7.07107 -63.5 42.9289
      vertex -13.0228 -63.5 39.0726
    endloop
  endfacet
  facet normal 0 -1 -0
    outer loop
      vertex -7.07107 -63.5 42.9289
      vertex -12.0399 -63.5 38
      vertex -6.42788 -63.5 42.3396
    endloop
  endfacet
  facet normal 0 -1 -0
    outer loop
      vertex -6.42788 -63.5 42.3396
      vertex -12.0399 -63.5 38
      vertex -5.73576 -63.5 41.8085
    endloop
  endfacet
  facet normal 0 -1 -0
    outer loop
      vertex -5.73576 -63.5 41.8085
      vertex -12.0399 -63.5 38
      vertex -5 -63.5 41.3397
    endloop
  endfacet
  facet normal 0 -1 -0
    outer loop
      vertex -5 -63.5 41.3397
      vertex -12.0399 -63.5 38
      vertex -4.22618 -63.5 40.9369
    endloop
  endfacet
  facet normal 0 -1 -0
    outer loop
      vertex -4.22618 -63.5 40.9369
      vertex -12.0399 -63.5 38
      vertex -3.4202 -63.5 40.6031
    endloop
  endfacet
  facet normal 0 -1 -0
    outer loop
      vertex -3.4202 -63.5 40.6031
      vertex -12.0399 -63.5 38
      vertex -2.58819 -63.5 40.3407
    endloop
  endfacet
  facet normal 0 -1 -0
    outer loop
      vertex -2.58819 -63.5 40.3407
      vertex -12.0399 -63.5 38
      vertex -1.73648 -63.5 40.1519
    endloop
  endfacet
  facet normal 0 -1 -0
    outer loop
      vertex -1.73648 -63.5 40.1519
      vertex -12.0399 -63.5 38
      vertex -0.871557 -63.5 40.0381
    endloop
  endfacet
  facet normal 0 -1 -0
    outer loop
      vertex 7.18451 -63.5 65.4072
      vertex 4.22618 -63.5 59.0631
      vertex 8.5 -63.5 64.7224
    endloop
  endfacet
  facet normal 0 -1 0
    outer loop
      vertex 5 -63.5 58.6603
      vertex 8.5 -63.5 64.7224
      vertex 4.22618 -63.5 59.0631
    endloop
  endfacet
  facet normal 0 -1 -0
    outer loop
      vertex 8.5 -63.5 64.7224
      vertex 5 -63.5 58.6603
      vertex 9.7508 -63.5 63.9256
    endloop
  endfacet
  facet normal 0 -1 0
    outer loop
      vertex 5.73576 -63.5 58.1915
      vertex 9.7508 -63.5 63.9256
      vertex 5 -63.5 58.6603
    endloop
  endfacet
  facet normal 0 -1 -0
    outer loop
      vertex 9.7508 -63.5 63.9256
      vertex 5.73576 -63.5 58.1915
      vertex 10.9274 -63.5 63.0228
    endloop
  endfacet
  facet normal 0 -1 0
    outer loop
      vertex 6.42788 -63.5 57.6604
      vertex 10.9274 -63.5 63.0228
      vertex 5.73576 -63.5 58.1915
    endloop
  endfacet
  facet normal 0 -1 -0
    outer loop
      vertex 10.9274 -63.5 63.0228
      vertex 6.42788 -63.5 57.6604
      vertex 12.0208 -63.5 62.0208
    endloop
  endfacet
  facet normal 0 -1 0
    outer loop
      vertex 7.07107 -63.5 57.0711
      vertex 12.0208 -63.5 62.0208
      vertex 6.42788 -63.5 57.6604
    endloop
  endfacet
  facet normal 0 -1 -0
    outer loop
      vertex 12.0208 -63.5 62.0208
      vertex 7.07107 -63.5 57.0711
      vertex 13.0228 -63.5 60.9274
    endloop
  endfacet
  facet normal 0 -1 0
    outer loop
      vertex 7.66044 -63.5 56.4279
      vertex 13.0228 -63.5 60.9274
      vertex 7.07107 -63.5 57.0711
    endloop
  endfacet
  facet normal 0 -1 -0
    outer loop
      vertex 13.0228 -63.5 60.9274
      vertex 7.66044 -63.5 56.4279
      vertex 13.9256 -63.5 59.7508
    endloop
  endfacet
  facet normal 0 -1 0
    outer loop
      vertex 8.19152 -63.5 55.7358
      vertex 13.9256 -63.5 59.7508
      vertex 7.66044 -63.5 56.4279
    endloop
  endfacet
  facet normal 0 -1 -0
    outer loop
      vertex 13.9256 -63.5 59.7508
      vertex 8.19152 -63.5 55.7358
      vertex 14.7224 -63.5 58.5
    endloop
  endfacet
  facet normal 0 -1 0
    outer loop
      vertex 8.66025 -63.5 55
      vertex 14.7224 -63.5 58.5
      vertex 8.19152 -63.5 55.7358
    endloop
  endfacet
  facet normal 0 -1 -0
    outer loop
      vertex 14.7224 -63.5 58.5
      vertex 8.66025 -63.5 55
      vertex 15.4072 -63.5 57.1845
    endloop
  endfacet
  facet normal 0 -1 0
    outer loop
      vertex 9.06308 -63.5 54.2262
      vertex 15.4072 -63.5 57.1845
      vertex 8.66025 -63.5 55
    endloop
  endfacet
  facet normal 0 -1 -0
    outer loop
      vertex 15.4072 -63.5 57.1845
      vertex 9.06308 -63.5 54.2262
      vertex 15.9748 -63.5 55.8143
    endloop
  endfacet
  facet normal 0 -1 0
    outer loop
      vertex 9.39693 -63.5 53.4202
      vertex 15.9748 -63.5 55.8143
      vertex 9.06308 -63.5 54.2262
    endloop
  endfacet
  facet normal 0 -1 -0
    outer loop
      vertex 15.9748 -63.5 55.8143
      vertex 9.39693 -63.5 53.4202
      vertex 16.4207 -63.5 54.3999
    endloop
  endfacet
  facet normal 0 -1 0
    outer loop
      vertex 9.65926 -63.5 52.5882
      vertex 16.4207 -63.5 54.3999
      vertex 9.39693 -63.5 53.4202
    endloop
  endfacet
  facet normal 0 -1 -0
    outer loop
      vertex 16.4207 -63.5 54.3999
      vertex 9.65926 -63.5 52.5882
      vertex 16.7417 -63.5 52.952
    endloop
  endfacet
  facet normal 0 -1 0
    outer loop
      vertex 9.84808 -63.5 51.7365
      vertex 16.7417 -63.5 52.952
      vertex 9.65926 -63.5 52.5882
    endloop
  endfacet
  facet normal 0 -1 0
    outer loop
      vertex 9.84808 -63.5 51.7365
      vertex 16.9353 -63.5 51.4816
      vertex 16.7417 -63.5 52.952
    endloop
  endfacet
  facet normal 0 -1 0
    outer loop
      vertex 9.96195 -63.5 50.8716
      vertex 16.9353 -63.5 51.4816
      vertex 9.84808 -63.5 51.7365
    endloop
  endfacet
  facet normal 0 -1 0
    outer loop
      vertex 10 -63.5 50
      vertex 16.9353 -63.5 51.4816
      vertex 9.96195 -63.5 50.8716
    endloop
  endfacet
  facet normal 0 -1 0
    outer loop
      vertex 10 -63.5 50
      vertex 17 -63.5 50
      vertex 16.9353 -63.5 51.4816
    endloop
  endfacet
  facet normal 0 -1 0
    outer loop
      vertex 9.96195 -63.5 49.1284
      vertex 17 -63.5 50
      vertex 10 -63.5 50
    endloop
  endfacet
  facet normal 0 -1 0
    outer loop
      vertex 9.96195 -63.5 49.1284
      vertex 16.9353 -63.5 48.5184
      vertex 17 -63.5 50
    endloop
  endfacet
  facet normal 0 -1 0
    outer loop
      vertex 9.84808 -63.5 48.2635
      vertex 16.9353 -63.5 48.5184
      vertex 9.96195 -63.5 49.1284
    endloop
  endfacet
  facet normal 0 -1 0
    outer loop
      vertex 16.7417 -63.5 47.048
      vertex 9.84808 -63.5 48.2635
      vertex 9.65926 -63.5 47.4118
    endloop
  endfacet
  facet normal 0 -1 0
    outer loop
      vertex 9.84808 -63.5 48.2635
      vertex 16.7417 -63.5 47.048
      vertex 16.9353 -63.5 48.5184
    endloop
  endfacet
  facet normal 0 -1 0
    outer loop
      vertex 16.4207 -63.5 45.6001
      vertex 9.65926 -63.5 47.4118
      vertex 9.39693 -63.5 46.5798
    endloop
  endfacet
  facet normal 0 -1 0
    outer loop
      vertex 15.9748 -63.5 44.1857
      vertex 9.39693 -63.5 46.5798
      vertex 9.06308 -63.5 45.7738
    endloop
  endfacet
  facet normal 0 -1 0
    outer loop
      vertex 9.65926 -63.5 47.4118
      vertex 16.4207 -63.5 45.6001
      vertex 16.7417 -63.5 47.048
    endloop
  endfacet
  facet normal 0 -1 0
    outer loop
      vertex 15.4072 -63.5 42.8155
      vertex 9.06308 -63.5 45.7738
      vertex 8.66025 -63.5 45
    endloop
  endfacet
  facet normal 0 -1 0
    outer loop
      vertex 14.7224 -63.5 41.5
      vertex 8.66025 -63.5 45
      vertex 8.19152 -63.5 44.2642
    endloop
  endfacet
  facet normal 0 -1 0
    outer loop
      vertex 9.39693 -63.5 46.5798
      vertex 15.9748 -63.5 44.1857
      vertex 16.4207 -63.5 45.6001
    endloop
  endfacet
  facet normal 0 -1 0
    outer loop
      vertex 13.9256 -63.5 40.2492
      vertex 8.19152 -63.5 44.2642
      vertex 7.66044 -63.5 43.5721
    endloop
  endfacet
  facet normal 0 -1 0
    outer loop
      vertex 13.0228 -63.5 39.0726
      vertex 7.66044 -63.5 43.5721
      vertex 7.07107 -63.5 42.9289
    endloop
  endfacet
  facet normal 0 -1 0
    outer loop
      vertex 9.06308 -63.5 45.7738
      vertex 15.4072 -63.5 42.8155
      vertex 15.9748 -63.5 44.1857
    endloop
  endfacet
  facet normal 0 -1 0
    outer loop
      vertex 12.0399 -63.5 38
      vertex 7.07107 -63.5 42.9289
      vertex 6.42788 -63.5 42.3396
    endloop
  endfacet
  facet normal 0 -1 0
    outer loop
      vertex 12.0399 -63.5 38
      vertex 6.42788 -63.5 42.3396
      vertex 5.73576 -63.5 41.8085
    endloop
  endfacet
  facet normal 0 -1 0
    outer loop
      vertex 8.66025 -63.5 45
      vertex 14.7224 -63.5 41.5
      vertex 15.4072 -63.5 42.8155
    endloop
  endfacet
  facet normal 0 -1 0
    outer loop
      vertex 12.0399 -63.5 38
      vertex 5.73576 -63.5 41.8085
      vertex 5 -63.5 41.3397
    endloop
  endfacet
  facet normal 0 -1 0
    outer loop
      vertex 12.0399 -63.5 38
      vertex 5 -63.5 41.3397
      vertex 4.22618 -63.5 40.9369
    endloop
  endfacet
  facet normal 0 -1 0
    outer loop
      vertex 12.0399 -63.5 38
      vertex 4.22618 -63.5 40.9369
      vertex 3.4202 -63.5 40.6031
    endloop
  endfacet
  facet normal 0 -1 0
    outer loop
      vertex 12.0399 -63.5 38
      vertex 3.4202 -63.5 40.6031
      vertex 2.58819 -63.5 40.3407
    endloop
  endfacet
  facet normal 0 -1 0
    outer loop
      vertex 8.19152 -63.5 44.2642
      vertex 13.9256 -63.5 40.2492
      vertex 14.7224 -63.5 41.5
    endloop
  endfacet
  facet normal 0 -1 0
    outer loop
      vertex 12.0399 -63.5 38
      vertex 2.58819 -63.5 40.3407
      vertex 1.73648 -63.5 40.1519
    endloop
  endfacet
  facet normal 0 -1 0
    outer loop
      vertex 12.0399 -63.5 38
      vertex 1.73648 -63.5 40.1519
      vertex 0.871557 -63.5 40.0381
    endloop
  endfacet
  facet normal 0 -1 0
    outer loop
      vertex 12.0399 -63.5 38
      vertex 0.871557 -63.5 40.0381
      vertex 0 -63.5 40
    endloop
  endfacet
  facet normal 0 -1 -0
    outer loop
      vertex -0.871557 -63.5 40.0381
      vertex -12.0399 -63.5 38
      vertex 0 -63.5 40
    endloop
  endfacet
  facet normal 0 -1 0
    outer loop
      vertex 7.66044 -63.5 43.5721
      vertex 13.0228 -63.5 39.0726
      vertex 13.9256 -63.5 40.2492
    endloop
  endfacet
  facet normal 0 -1 0
    outer loop
      vertex 12.0399 -63.5 38
      vertex 0 -63.5 40
      vertex -12.0399 -63.5 38
    endloop
  endfacet
  facet normal 0 -1 0
    outer loop
      vertex 7.07107 -63.5 42.9289
      vertex 12.0399 -63.5 38
      vertex 13.0228 -63.5 39.0726
    endloop
  endfacet
  facet normal -0.991443 0 0.130538
    outer loop
      vertex -16.9353 -63.5 51.4816
      vertex -16.7417 -54.5 52.952
      vertex -16.9353 -54.5 51.4816
    endloop
  endfacet
  facet normal -0.991443 0 0.130538
    outer loop
      vertex -16.7417 -54.5 52.952
      vertex -16.9353 -63.5 51.4816
      vertex -16.7417 -63.5 52.952
    endloop
  endfacet
  facet normal 0.991443 0 -0.130538
    outer loop
      vertex 16.9353 -63.5 48.5184
      vertex 16.7417 -54.5 47.048
      vertex 16.9353 -54.5 48.5184
    endloop
  endfacet
  facet normal 0.991443 0 -0.130538
    outer loop
      vertex 16.7417 -54.5 47.048
      vertex 16.9353 -63.5 48.5184
      vertex 16.7417 -63.5 47.048
    endloop
  endfacet
  facet normal 0.999048 0 -0.0436274
    outer loop
      vertex 17 -63.5 50
      vertex 16.9353 -54.5 48.5184
      vertex 17 -54.5 50
    endloop
  endfacet
  facet normal 0.999048 0 -0.0436274
    outer loop
      vertex 16.9353 -54.5 48.5184
      vertex 17 -63.5 50
      vertex 16.9353 -63.5 48.5184
    endloop
  endfacet
  facet normal -0.887012 0 -0.461745
    outer loop
      vertex -15.4072 -63.5 42.8155
      vertex -14.7224 -56.4821 41.5
      vertex -14.7224 -63.5 41.5
    endloop
  endfacet
  facet normal -0.887012 0 -0.461745
    outer loop
      vertex -14.7224 -56.4821 41.5
      vertex -15.4072 -63.5 42.8155
      vertex -15.4072 -55.6835 42.8155
    endloop
  endfacet
  facet normal 0.999048 -0 0.0436138
    outer loop
      vertex 9.96195 -67 50.8716
      vertex 10 -63.5 50
      vertex 9.96195 -63.5 50.8716
    endloop
  endfacet
  facet normal 0.999048 0 0.0436138
    outer loop
      vertex 10 -63.5 50
      vertex 9.96195 -67 50.8716
      vertex 10 -67 50
    endloop
  endfacet
  facet normal 0.991444 -0 0.13053
    outer loop
      vertex 9.84808 -67 51.7365
      vertex 9.96195 -63.5 50.8716
      vertex 9.84808 -63.5 51.7365
    endloop
  endfacet
  facet normal 0.991444 0 0.13053
    outer loop
      vertex 9.96195 -63.5 50.8716
      vertex 9.84808 -67 51.7365
      vertex 9.96195 -67 50.8716
    endloop
  endfacet
  facet normal -0.0436732 0 0.999046
    outer loop
      vertex -0.871557 -63.5 59.9619
      vertex 0 -67 60
      vertex 0 -63.5 60
    endloop
  endfacet
  facet normal -0.0436732 0 0.999046
    outer loop
      vertex 0 -67 60
      vertex -0.871557 -63.5 59.9619
      vertex -0.871557 -67 59.9619
    endloop
  endfacet
  facet normal 0.675543 0 0.73732
    outer loop
      vertex 6.42788 -63.5 57.6604
      vertex 7.07107 -67 57.0711
      vertex 7.07107 -63.5 57.0711
    endloop
  endfacet
  facet normal 0.675543 0 0.73732
    outer loop
      vertex 7.07107 -67 57.0711
      vertex 6.42788 -63.5 57.6604
      vertex 6.42788 -67 57.6604
    endloop
  endfacet
  facet normal 0.130448 0 -0.991455
    outer loop
      vertex 0.871557 -67 40.0381
      vertex 1.73648 -63.5 40.1519
      vertex 1.73648 -67 40.1519
    endloop
  endfacet
  facet normal 0.130448 0 -0.991455
    outer loop
      vertex 1.73648 -63.5 40.1519
      vertex 0.871557 -67 40.0381
      vertex 0.871557 -63.5 40.0381
    endloop
  endfacet
  facet normal 0.887004 -0 0.461762
    outer loop
      vertex 8.66025 -67 55
      vertex 9.06308 -63.5 54.2262
      vertex 8.66025 -63.5 55
    endloop
  endfacet
  facet normal 0.887004 0 0.461762
    outer loop
      vertex 9.06308 -63.5 54.2262
      vertex 8.66025 -67 55
      vertex 9.06308 -67 54.2262
    endloop
  endfacet
  facet normal 0.537356 0 0.843356
    outer loop
      vertex 5 -63.5 58.6603
      vertex 5.73576 -67 58.1915
      vertex 5.73576 -63.5 58.1915
    endloop
  endfacet
  facet normal 0.537356 0 0.843356
    outer loop
      vertex 5.73576 -67 58.1915
      vertex 5 -63.5 58.6603
      vertex 5 -67 58.6603
    endloop
  endfacet
  facet normal -0.923882 0 0.382677
    outer loop
      vertex -9.39693 -67 53.4202
      vertex -9.06308 -63.5 54.2262
      vertex -9.39693 -63.5 53.4202
    endloop
  endfacet
  facet normal -0.923882 0 0.382677
    outer loop
      vertex -9.06308 -63.5 54.2262
      vertex -9.39693 -67 53.4202
      vertex -9.06308 -67 54.2262
    endloop
  endfacet
  facet normal -0.793346 0 0.608771
    outer loop
      vertex -8.19152 -67 55.7358
      vertex -7.66044 -63.5 56.4279
      vertex -8.19152 -63.5 55.7358
    endloop
  endfacet
  facet normal -0.793346 0 0.608771
    outer loop
      vertex -7.66044 -63.5 56.4279
      vertex -8.19152 -67 55.7358
      vertex -7.66044 -67 56.4279
    endloop
  endfacet
  facet normal -0.300777 0 0.953695
    outer loop
      vertex -3.4202 -63.5 59.3969
      vertex -2.58819 -67 59.6593
      vertex -2.58819 -63.5 59.6593
    endloop
  endfacet
  facet normal -0.300777 0 0.953695
    outer loop
      vertex -2.58819 -67 59.6593
      vertex -3.4202 -63.5 59.3969
      vertex -3.4202 -67 59.3969
    endloop
  endfacet
  facet normal 0.793346 0 -0.608771
    outer loop
      vertex 8.19152 -67 44.2642
      vertex 7.66044 -63.5 43.5721
      vertex 8.19152 -63.5 44.2642
    endloop
  endfacet
  facet normal 0.793346 0 -0.608771
    outer loop
      vertex 7.66044 -63.5 43.5721
      vertex 8.19152 -67 44.2642
      vertex 7.66044 -67 43.5721
    endloop
  endfacet
  facet normal 0.953716 0 -0.300707
    outer loop
      vertex 9.65926 -67 47.4118
      vertex 9.39693 -63.5 46.5798
      vertex 9.65926 -63.5 47.4118
    endloop
  endfacet
  facet normal 0.953716 0 -0.300707
    outer loop
      vertex 9.39693 -63.5 46.5798
      vertex 9.65926 -67 47.4118
      vertex 9.39693 -67 46.5798
    endloop
  endfacet
  facet normal -0.608774 0 -0.793344
    outer loop
      vertex -6.42788 -67 42.3396
      vertex -5.73576 -63.5 41.8085
      vertex -5.73576 -67 41.8085
    endloop
  endfacet
  facet normal -0.608774 0 -0.793344
    outer loop
      vertex -5.73576 -63.5 41.8085
      vertex -6.42788 -67 42.3396
      vertex -6.42788 -63.5 42.3396
    endloop
  endfacet
  facet normal 0.953716 -0 0.300707
    outer loop
      vertex 9.39693 -67 53.4202
      vertex 9.65926 -63.5 52.5882
      vertex 9.39693 -63.5 53.4202
    endloop
  endfacet
  facet normal 0.953716 0 0.300707
    outer loop
      vertex 9.65926 -63.5 52.5882
      vertex 9.39693 -67 53.4202
      vertex 9.65926 -67 52.5882
    endloop
  endfacet
  facet normal 0.793346 -0 0.608771
    outer loop
      vertex 7.66044 -67 56.4279
      vertex 8.19152 -63.5 55.7358
      vertex 7.66044 -63.5 56.4279
    endloop
  endfacet
  facet normal 0.793346 0 0.608771
    outer loop
      vertex 8.19152 -63.5 55.7358
      vertex 7.66044 -67 56.4279
      vertex 8.19152 -67 55.7358
    endloop
  endfacet
  facet normal 0.843405 -0 0.537278
    outer loop
      vertex 8.19152 -67 55.7358
      vertex 8.66025 -63.5 55
      vertex 8.19152 -63.5 55.7358
    endloop
  endfacet
  facet normal 0.843405 0 0.537278
    outer loop
      vertex 8.66025 -63.5 55
      vertex 8.19152 -67 55.7358
      vertex 8.66025 -67 55
    endloop
  endfacet
  facet normal 0.130448 0 0.991455
    outer loop
      vertex 0.871557 -63.5 59.9619
      vertex 1.73648 -67 59.8481
      vertex 1.73648 -63.5 59.8481
    endloop
  endfacet
  facet normal 0.130448 0 0.991455
    outer loop
      vertex 1.73648 -67 59.8481
      vertex 0.871557 -63.5 59.9619
      vertex 0.871557 -67 59.9619
    endloop
  endfacet
  facet normal 0.300777 0 0.953695
    outer loop
      vertex 2.58819 -63.5 59.6593
      vertex 3.4202 -67 59.3969
      vertex 3.4202 -63.5 59.3969
    endloop
  endfacet
  facet normal 0.300777 0 0.953695
    outer loop
      vertex 3.4202 -67 59.3969
      vertex 2.58819 -63.5 59.6593
      vertex 2.58819 -67 59.6593
    endloop
  endfacet
  facet normal 0.608774 0 0.793344
    outer loop
      vertex 5.73576 -63.5 58.1915
      vertex 6.42788 -67 57.6604
      vertex 6.42788 -63.5 57.6604
    endloop
  endfacet
  facet normal 0.608774 0 0.793344
    outer loop
      vertex 6.42788 -67 57.6604
      vertex 5.73576 -63.5 58.1915
      vertex 5.73576 -67 58.1915
    endloop
  endfacet
  facet normal -0.991444 0 0.13053
    outer loop
      vertex -9.96195 -67 50.8716
      vertex -9.84808 -63.5 51.7365
      vertex -9.96195 -63.5 50.8716
    endloop
  endfacet
  facet normal -0.991444 0 0.13053
    outer loop
      vertex -9.84808 -63.5 51.7365
      vertex -9.96195 -67 50.8716
      vertex -9.84808 -67 51.7365
    endloop
  endfacet
  facet normal -0.843405 0 0.537278
    outer loop
      vertex -8.66025 -67 55
      vertex -8.19152 -63.5 55.7358
      vertex -8.66025 -63.5 55
    endloop
  endfacet
  facet normal -0.843405 0 0.537278
    outer loop
      vertex -8.19152 -63.5 55.7358
      vertex -8.66025 -67 55
      vertex -8.19152 -67 55.7358
    endloop
  endfacet
  facet normal -0.953716 0 0.300707
    outer loop
      vertex -9.65926 -67 52.5882
      vertex -9.39693 -63.5 53.4202
      vertex -9.65926 -63.5 52.5882
    endloop
  endfacet
  facet normal -0.953716 0 0.300707
    outer loop
      vertex -9.39693 -63.5 53.4202
      vertex -9.65926 -67 52.5882
      vertex -9.39693 -67 53.4202
    endloop
  endfacet
  facet normal 0 -1 0
    outer loop
      vertex 0 -67 58.5
      vertex 0 -67 60
      vertex -0.871557 -67 59.9619
    endloop
  endfacet
  facet normal 0 -1 0
    outer loop
      vertex -0.740824 -67 58.4677
      vertex -0.871557 -67 59.9619
      vertex -1.73648 -67 59.8481
    endloop
  endfacet
  facet normal 0 -1 0
    outer loop
      vertex 0 -67 60
      vertex 0 -67 58.5
      vertex 0.871557 -67 59.9619
    endloop
  endfacet
  facet normal 0 -1 0
    outer loop
      vertex -1.47601 -67 58.3709
      vertex -1.73648 -67 59.8481
      vertex -2.58819 -67 59.6593
    endloop
  endfacet
  facet normal 0 -1 0
    outer loop
      vertex 0.740824 -67 58.4677
      vertex 0.871557 -67 59.9619
      vertex 0 -67 58.5
    endloop
  endfacet
  facet normal 0 -1 0
    outer loop
      vertex -2.19996 -67 58.2104
      vertex -2.58819 -67 59.6593
      vertex -3.4202 -67 59.3969
    endloop
  endfacet
  facet normal 0 -1 -0
    outer loop
      vertex 0.871557 -67 59.9619
      vertex 0.740824 -67 58.4677
      vertex 1.73648 -67 59.8481
    endloop
  endfacet
  facet normal 0 -1 0
    outer loop
      vertex -2.90717 -67 57.9874
      vertex -3.4202 -67 59.3969
      vertex -4.22618 -67 59.0631
    endloop
  endfacet
  facet normal 0 -1 0
    outer loop
      vertex 1.47601 -67 58.3709
      vertex 1.73648 -67 59.8481
      vertex 0.740824 -67 58.4677
    endloop
  endfacet
  facet normal 0 -1 0
    outer loop
      vertex -3.59225 -67 57.7036
      vertex -4.22618 -67 59.0631
      vertex -5 -67 58.6603
    endloop
  endfacet
  facet normal 0 -1 -0
    outer loop
      vertex 1.73648 -67 59.8481
      vertex 1.47601 -67 58.3709
      vertex 2.58819 -67 59.6593
    endloop
  endfacet
  facet normal 0 -1 0
    outer loop
      vertex 2.19996 -67 58.2104
      vertex 2.58819 -67 59.6593
      vertex 1.47601 -67 58.3709
    endloop
  endfacet
  facet normal 0 -1 0
    outer loop
      vertex -0.871557 -67 59.9619
      vertex -0.740824 -67 58.4677
      vertex 0 -67 58.5
    endloop
  endfacet
  facet normal 0 -1 0
    outer loop
      vertex -1.73648 -67 59.8481
      vertex -1.47601 -67 58.3709
      vertex -0.740824 -67 58.4677
    endloop
  endfacet
  facet normal 0 -1 0
    outer loop
      vertex -2.58819 -67 59.6593
      vertex -2.19996 -67 58.2104
      vertex -1.47601 -67 58.3709
    endloop
  endfacet
  facet normal 0 -1 0
    outer loop
      vertex -4.25 -67 57.3612
      vertex -5 -67 58.6603
      vertex -5.73576 -67 58.1915
    endloop
  endfacet
  facet normal 0 -1 0
    outer loop
      vertex -3.4202 -67 59.3969
      vertex -2.90717 -67 57.9874
      vertex -2.19996 -67 58.2104
    endloop
  endfacet
  facet normal 0 -1 0
    outer loop
      vertex -4.22618 -67 59.0631
      vertex -3.59225 -67 57.7036
      vertex -2.90717 -67 57.9874
    endloop
  endfacet
  facet normal 0 -1 0
    outer loop
      vertex -4.8754 -67 56.9628
      vertex -5.73576 -67 58.1915
      vertex -6.42788 -67 57.6604
    endloop
  endfacet
  facet normal 0 -1 0
    outer loop
      vertex -5 -67 58.6603
      vertex -4.25 -67 57.3612
      vertex -3.59225 -67 57.7036
    endloop
  endfacet
  facet normal 0 -1 0
    outer loop
      vertex -5.46369 -67 56.5114
      vertex -6.42788 -67 57.6604
      vertex -7.07107 -67 57.0711
    endloop
  endfacet
  facet normal 0 -1 0
    outer loop
      vertex -5.73576 -67 58.1915
      vertex -4.8754 -67 56.9628
      vertex -4.25 -67 57.3612
    endloop
  endfacet
  facet normal 0 -1 0
    outer loop
      vertex -6.42788 -67 57.6604
      vertex -5.46369 -67 56.5114
      vertex -4.8754 -67 56.9628
    endloop
  endfacet
  facet normal 0 -1 0
    outer loop
      vertex -6.01041 -67 56.0104
      vertex -7.07107 -67 57.0711
      vertex -7.66044 -67 56.4279
    endloop
  endfacet
  facet normal 0 -1 0
    outer loop
      vertex -7.07107 -67 57.0711
      vertex -6.01041 -67 56.0104
      vertex -5.46369 -67 56.5114
    endloop
  endfacet
  facet normal 0 -1 0
    outer loop
      vertex -6.51138 -67 55.4637
      vertex -7.66044 -67 56.4279
      vertex -8.19152 -67 55.7358
    endloop
  endfacet
  facet normal 0 -1 0
    outer loop
      vertex -7.66044 -67 56.4279
      vertex -6.51138 -67 55.4637
      vertex -6.01041 -67 56.0104
    endloop
  endfacet
  facet normal 0 -1 0
    outer loop
      vertex -6.96279 -67 54.8754
      vertex -8.19152 -67 55.7358
      vertex -8.66025 -67 55
    endloop
  endfacet
  facet normal 0 -1 0
    outer loop
      vertex -8.19152 -67 55.7358
      vertex -6.96279 -67 54.8754
      vertex -6.51138 -67 55.4637
    endloop
  endfacet
  facet normal 0 -1 0
    outer loop
      vertex -8.66025 -67 55
      vertex -7.36122 -67 54.25
      vertex -6.96279 -67 54.8754
    endloop
  endfacet
  facet normal 0 -1 0
    outer loop
      vertex -9.06308 -67 54.2262
      vertex -7.36122 -67 54.25
      vertex -8.66025 -67 55
    endloop
  endfacet
  facet normal 0 -1 0
    outer loop
      vertex -9.06308 -67 54.2262
      vertex -7.70362 -67 53.5923
      vertex -7.36122 -67 54.25
    endloop
  endfacet
  facet normal 0 -1 0
    outer loop
      vertex -9.39693 -67 53.4202
      vertex -7.70362 -67 53.5923
      vertex -9.06308 -67 54.2262
    endloop
  endfacet
  facet normal 0 -1 0
    outer loop
      vertex -9.39693 -67 53.4202
      vertex -7.98739 -67 52.9072
      vertex -7.70362 -67 53.5923
    endloop
  endfacet
  facet normal 0 -1 0
    outer loop
      vertex -9.65926 -67 52.5882
      vertex -7.98739 -67 52.9072
      vertex -9.39693 -67 53.4202
    endloop
  endfacet
  facet normal 0 -1 0
    outer loop
      vertex -9.65926 -67 52.5882
      vertex -8.21037 -67 52.2
      vertex -7.98739 -67 52.9072
    endloop
  endfacet
  facet normal 0 -1 0
    outer loop
      vertex -9.84808 -67 51.7365
      vertex -8.21037 -67 52.2
      vertex -9.65926 -67 52.5882
    endloop
  endfacet
  facet normal 0 -1 0
    outer loop
      vertex -9.84808 -67 51.7365
      vertex -8.37087 -67 51.476
      vertex -8.21037 -67 52.2
    endloop
  endfacet
  facet normal 0 -1 0
    outer loop
      vertex -9.96195 -67 50.8716
      vertex -8.37087 -67 51.476
      vertex -9.84808 -67 51.7365
    endloop
  endfacet
  facet normal 0 -1 0
    outer loop
      vertex -9.96195 -67 50.8716
      vertex -8.46765 -67 50.7408
      vertex -8.37087 -67 51.476
    endloop
  endfacet
  facet normal 0 -1 0
    outer loop
      vertex -10 -67 50
      vertex -8.46765 -67 50.7408
      vertex -9.96195 -67 50.8716
    endloop
  endfacet
  facet normal 0 -1 0
    outer loop
      vertex -10 -67 50
      vertex -8.5 -67 50
      vertex -8.46765 -67 50.7408
    endloop
  endfacet
  facet normal 0 -1 0
    outer loop
      vertex -10 -67 50
      vertex -8.46765 -67 49.2592
      vertex -8.5 -67 50
    endloop
  endfacet
  facet normal 0 -1 0
    outer loop
      vertex -9.96195 -67 49.1284
      vertex -8.46765 -67 49.2592
      vertex -10 -67 50
    endloop
  endfacet
  facet normal 0 -1 0
    outer loop
      vertex -9.96195 -67 49.1284
      vertex -8.37087 -67 48.524
      vertex -8.46765 -67 49.2592
    endloop
  endfacet
  facet normal 0 -1 0
    outer loop
      vertex -9.84808 -67 48.2635
      vertex -8.37087 -67 48.524
      vertex -9.96195 -67 49.1284
    endloop
  endfacet
  facet normal 0 -1 0
    outer loop
      vertex -9.84808 -67 48.2635
      vertex -8.21037 -67 47.8
      vertex -8.37087 -67 48.524
    endloop
  endfacet
  facet normal 0 -1 0
    outer loop
      vertex -9.65926 -67 47.4118
      vertex -8.21037 -67 47.8
      vertex -9.84808 -67 48.2635
    endloop
  endfacet
  facet normal 0 -1 0
    outer loop
      vertex -9.65926 -67 47.4118
      vertex -7.98739 -67 47.0928
      vertex -8.21037 -67 47.8
    endloop
  endfacet
  facet normal 0 -1 0
    outer loop
      vertex -9.39693 -67 46.5798
      vertex -7.98739 -67 47.0928
      vertex -9.65926 -67 47.4118
    endloop
  endfacet
  facet normal 0 -1 0
    outer loop
      vertex -9.39693 -67 46.5798
      vertex -7.70362 -67 46.4077
      vertex -7.98739 -67 47.0928
    endloop
  endfacet
  facet normal 0 -1 0
    outer loop
      vertex -9.06308 -67 45.7738
      vertex -7.70362 -67 46.4077
      vertex -9.39693 -67 46.5798
    endloop
  endfacet
  facet normal 0 -1 0
    outer loop
      vertex -9.06308 -67 45.7738
      vertex -7.36122 -67 45.75
      vertex -7.70362 -67 46.4077
    endloop
  endfacet
  facet normal 0 -1 0
    outer loop
      vertex -8.66025 -67 45
      vertex -7.36122 -67 45.75
      vertex -9.06308 -67 45.7738
    endloop
  endfacet
  facet normal 0 -1 -0
    outer loop
      vertex -7.36122 -67 45.75
      vertex -8.66025 -67 45
      vertex -6.96279 -67 45.1246
    endloop
  endfacet
  facet normal 0 -1 0
    outer loop
      vertex -8.19152 -67 44.2642
      vertex -6.96279 -67 45.1246
      vertex -8.66025 -67 45
    endloop
  endfacet
  facet normal 0 -1 -0
    outer loop
      vertex -6.96279 -67 45.1246
      vertex -8.19152 -67 44.2642
      vertex -6.51138 -67 44.5363
    endloop
  endfacet
  facet normal 0 -1 0
    outer loop
      vertex -7.66044 -67 43.5721
      vertex -6.51138 -67 44.5363
      vertex -8.19152 -67 44.2642
    endloop
  endfacet
  facet normal 0 -1 -0
    outer loop
      vertex -6.51138 -67 44.5363
      vertex -7.66044 -67 43.5721
      vertex -6.01041 -67 43.9896
    endloop
  endfacet
  facet normal 0 -1 0
    outer loop
      vertex -7.07107 -67 42.9289
      vertex -6.01041 -67 43.9896
      vertex -7.66044 -67 43.5721
    endloop
  endfacet
  facet normal 0 -1 -0
    outer loop
      vertex -6.01041 -67 43.9896
      vertex -7.07107 -67 42.9289
      vertex -5.46369 -67 43.4886
    endloop
  endfacet
  facet normal 0 -1 0
    outer loop
      vertex -6.42788 -67 42.3396
      vertex -5.46369 -67 43.4886
      vertex -7.07107 -67 42.9289
    endloop
  endfacet
  facet normal 0 -1 -0
    outer loop
      vertex -5.46369 -67 43.4886
      vertex -6.42788 -67 42.3396
      vertex -4.8754 -67 43.0372
    endloop
  endfacet
  facet normal 0 -1 0
    outer loop
      vertex -5.73576 -67 41.8085
      vertex -4.8754 -67 43.0372
      vertex -6.42788 -67 42.3396
    endloop
  endfacet
  facet normal 0 -1 -0
    outer loop
      vertex -4.8754 -67 43.0372
      vertex -5.73576 -67 41.8085
      vertex -4.25 -67 42.6388
    endloop
  endfacet
  facet normal 0 -1 0
    outer loop
      vertex -5 -67 41.3397
      vertex -4.25 -67 42.6388
      vertex -5.73576 -67 41.8085
    endloop
  endfacet
  facet normal 0 -1 -0
    outer loop
      vertex -4.25 -67 42.6388
      vertex -5 -67 41.3397
      vertex -3.59225 -67 42.2964
    endloop
  endfacet
  facet normal 0 -1 0
    outer loop
      vertex -4.22618 -67 40.9369
      vertex -3.59225 -67 42.2964
      vertex -5 -67 41.3397
    endloop
  endfacet
  facet normal 0 -1 -0
    outer loop
      vertex -3.59225 -67 42.2964
      vertex -4.22618 -67 40.9369
      vertex -2.90717 -67 42.0126
    endloop
  endfacet
  facet normal 0 -1 0
    outer loop
      vertex -3.4202 -67 40.6031
      vertex -2.90717 -67 42.0126
      vertex -4.22618 -67 40.9369
    endloop
  endfacet
  facet normal 0 -1 0
    outer loop
      vertex -2.58819 -67 40.3407
      vertex -2.19996 -67 41.7896
      vertex -3.4202 -67 40.6031
    endloop
  endfacet
  facet normal 0 -1 -0
    outer loop
      vertex -2.90717 -67 42.0126
      vertex -3.4202 -67 40.6031
      vertex -2.19996 -67 41.7896
    endloop
  endfacet
  facet normal 0 -1 -0
    outer loop
      vertex 2.58819 -67 59.6593
      vertex 2.19996 -67 58.2104
      vertex 3.4202 -67 59.3969
    endloop
  endfacet
  facet normal 0 -1 0
    outer loop
      vertex 2.90717 -67 57.9874
      vertex 3.4202 -67 59.3969
      vertex 2.19996 -67 58.2104
    endloop
  endfacet
  facet normal 0 -1 -0
    outer loop
      vertex 3.4202 -67 59.3969
      vertex 2.90717 -67 57.9874
      vertex 4.22618 -67 59.0631
    endloop
  endfacet
  facet normal 0 -1 0
    outer loop
      vertex 3.59225 -67 57.7036
      vertex 4.22618 -67 59.0631
      vertex 2.90717 -67 57.9874
    endloop
  endfacet
  facet normal 0 -1 -0
    outer loop
      vertex 4.22618 -67 59.0631
      vertex 3.59225 -67 57.7036
      vertex 5 -67 58.6603
    endloop
  endfacet
  facet normal 0 -1 0
    outer loop
      vertex 4.25 -67 57.3612
      vertex 5 -67 58.6603
      vertex 3.59225 -67 57.7036
    endloop
  endfacet
  facet normal 0 -1 -0
    outer loop
      vertex 5 -67 58.6603
      vertex 4.25 -67 57.3612
      vertex 5.73576 -67 58.1915
    endloop
  endfacet
  facet normal 0 -1 0
    outer loop
      vertex 4.8754 -67 56.9628
      vertex 5.73576 -67 58.1915
      vertex 4.25 -67 57.3612
    endloop
  endfacet
  facet normal 0 -1 -0
    outer loop
      vertex 5.73576 -67 58.1915
      vertex 4.8754 -67 56.9628
      vertex 6.42788 -67 57.6604
    endloop
  endfacet
  facet normal 0 -1 0
    outer loop
      vertex 5.46369 -67 56.5114
      vertex 6.42788 -67 57.6604
      vertex 4.8754 -67 56.9628
    endloop
  endfacet
  facet normal 0 -1 -0
    outer loop
      vertex 6.42788 -67 57.6604
      vertex 5.46369 -67 56.5114
      vertex 7.07107 -67 57.0711
    endloop
  endfacet
  facet normal 0 -1 0
    outer loop
      vertex 6.01041 -67 56.0104
      vertex 7.07107 -67 57.0711
      vertex 5.46369 -67 56.5114
    endloop
  endfacet
  facet normal 0 -1 -0
    outer loop
      vertex 7.07107 -67 57.0711
      vertex 6.01041 -67 56.0104
      vertex 7.66044 -67 56.4279
    endloop
  endfacet
  facet normal 0 -1 0
    outer loop
      vertex 6.51138 -67 55.4637
      vertex 7.66044 -67 56.4279
      vertex 6.01041 -67 56.0104
    endloop
  endfacet
  facet normal 0 -1 -0
    outer loop
      vertex 7.66044 -67 56.4279
      vertex 6.51138 -67 55.4637
      vertex 8.19152 -67 55.7358
    endloop
  endfacet
  facet normal 0 -1 0
    outer loop
      vertex 6.96279 -67 54.8754
      vertex 8.19152 -67 55.7358
      vertex 6.51138 -67 55.4637
    endloop
  endfacet
  facet normal 0 -1 -0
    outer loop
      vertex 8.19152 -67 55.7358
      vertex 6.96279 -67 54.8754
      vertex 8.66025 -67 55
    endloop
  endfacet
  facet normal 0 -1 0
    outer loop
      vertex 7.36122 -67 54.25
      vertex 8.66025 -67 55
      vertex 6.96279 -67 54.8754
    endloop
  endfacet
  facet normal 0 -1 0
    outer loop
      vertex 7.36122 -67 54.25
      vertex 9.06308 -67 54.2262
      vertex 8.66025 -67 55
    endloop
  endfacet
  facet normal 0 -1 0
    outer loop
      vertex 7.70362 -67 53.5923
      vertex 9.06308 -67 54.2262
      vertex 7.36122 -67 54.25
    endloop
  endfacet
  facet normal 0 -1 0
    outer loop
      vertex 7.70362 -67 53.5923
      vertex 9.39693 -67 53.4202
      vertex 9.06308 -67 54.2262
    endloop
  endfacet
  facet normal 0 -1 0
    outer loop
      vertex 7.98739 -67 52.9072
      vertex 9.39693 -67 53.4202
      vertex 7.70362 -67 53.5923
    endloop
  endfacet
  facet normal 0 -1 0
    outer loop
      vertex 7.98739 -67 52.9072
      vertex 9.65926 -67 52.5882
      vertex 9.39693 -67 53.4202
    endloop
  endfacet
  facet normal 0 -1 0
    outer loop
      vertex 8.21037 -67 52.2
      vertex 9.65926 -67 52.5882
      vertex 7.98739 -67 52.9072
    endloop
  endfacet
  facet normal 0 -1 0
    outer loop
      vertex 8.21037 -67 52.2
      vertex 9.84808 -67 51.7365
      vertex 9.65926 -67 52.5882
    endloop
  endfacet
  facet normal 0 -1 0
    outer loop
      vertex 8.37087 -67 51.476
      vertex 9.84808 -67 51.7365
      vertex 8.21037 -67 52.2
    endloop
  endfacet
  facet normal 0 -1 0
    outer loop
      vertex 8.37087 -67 51.476
      vertex 9.96195 -67 50.8716
      vertex 9.84808 -67 51.7365
    endloop
  endfacet
  facet normal 0 -1 0
    outer loop
      vertex 8.46765 -67 50.7408
      vertex 9.96195 -67 50.8716
      vertex 8.37087 -67 51.476
    endloop
  endfacet
  facet normal 0 -1 0
    outer loop
      vertex 8.5 -67 50
      vertex 9.96195 -67 50.8716
      vertex 8.46765 -67 50.7408
    endloop
  endfacet
  facet normal 0 -1 0
    outer loop
      vertex 8.5 -67 50
      vertex 10 -67 50
      vertex 9.96195 -67 50.8716
    endloop
  endfacet
  facet normal 0 -1 0
    outer loop
      vertex 8.46765 -67 49.2592
      vertex 10 -67 50
      vertex 8.5 -67 50
    endloop
  endfacet
  facet normal 0 -1 0
    outer loop
      vertex 8.46765 -67 49.2592
      vertex 9.96195 -67 49.1284
      vertex 10 -67 50
    endloop
  endfacet
  facet normal 0 -1 0
    outer loop
      vertex 8.37087 -67 48.524
      vertex 9.96195 -67 49.1284
      vertex 8.46765 -67 49.2592
    endloop
  endfacet
  facet normal 0 -1 0
    outer loop
      vertex 8.37087 -67 48.524
      vertex 9.84808 -67 48.2635
      vertex 9.96195 -67 49.1284
    endloop
  endfacet
  facet normal 0 -1 0
    outer loop
      vertex 8.21037 -67 47.8
      vertex 9.84808 -67 48.2635
      vertex 8.37087 -67 48.524
    endloop
  endfacet
  facet normal 0 -1 0
    outer loop
      vertex 8.21037 -67 47.8
      vertex 9.65926 -67 47.4118
      vertex 9.84808 -67 48.2635
    endloop
  endfacet
  facet normal 0 -1 0
    outer loop
      vertex 7.98739 -67 47.0928
      vertex 9.65926 -67 47.4118
      vertex 8.21037 -67 47.8
    endloop
  endfacet
  facet normal 0 -1 0
    outer loop
      vertex 7.98739 -67 47.0928
      vertex 9.39693 -67 46.5798
      vertex 9.65926 -67 47.4118
    endloop
  endfacet
  facet normal 0 -1 0
    outer loop
      vertex 7.70362 -67 46.4077
      vertex 9.39693 -67 46.5798
      vertex 7.98739 -67 47.0928
    endloop
  endfacet
  facet normal 0 -1 0
    outer loop
      vertex 7.70362 -67 46.4077
      vertex 9.06308 -67 45.7738
      vertex 9.39693 -67 46.5798
    endloop
  endfacet
  facet normal 0 -1 0
    outer loop
      vertex 7.36122 -67 45.75
      vertex 9.06308 -67 45.7738
      vertex 7.70362 -67 46.4077
    endloop
  endfacet
  facet normal 0 -1 0
    outer loop
      vertex 8.66025 -67 45
      vertex 7.36122 -67 45.75
      vertex 6.96279 -67 45.1246
    endloop
  endfacet
  facet normal 0 -1 0
    outer loop
      vertex 7.36122 -67 45.75
      vertex 8.66025 -67 45
      vertex 9.06308 -67 45.7738
    endloop
  endfacet
  facet normal 0 -1 0
    outer loop
      vertex 8.19152 -67 44.2642
      vertex 6.96279 -67 45.1246
      vertex 6.51138 -67 44.5363
    endloop
  endfacet
  facet normal 0 -1 0
    outer loop
      vertex 6.96279 -67 45.1246
      vertex 8.19152 -67 44.2642
      vertex 8.66025 -67 45
    endloop
  endfacet
  facet normal 0 -1 0
    outer loop
      vertex 7.66044 -67 43.5721
      vertex 6.51138 -67 44.5363
      vertex 6.01041 -67 43.9896
    endloop
  endfacet
  facet normal 0 -1 0
    outer loop
      vertex 6.51138 -67 44.5363
      vertex 7.66044 -67 43.5721
      vertex 8.19152 -67 44.2642
    endloop
  endfacet
  facet normal 0 -1 0
    outer loop
      vertex 7.07107 -67 42.9289
      vertex 6.01041 -67 43.9896
      vertex 5.46369 -67 43.4886
    endloop
  endfacet
  facet normal 0 -1 0
    outer loop
      vertex 6.42788 -67 42.3396
      vertex 5.46369 -67 43.4886
      vertex 4.8754 -67 43.0372
    endloop
  endfacet
  facet normal 0 -1 0
    outer loop
      vertex 6.01041 -67 43.9896
      vertex 7.07107 -67 42.9289
      vertex 7.66044 -67 43.5721
    endloop
  endfacet
  facet normal 0 -1 0
    outer loop
      vertex 5.73576 -67 41.8085
      vertex 4.8754 -67 43.0372
      vertex 4.25 -67 42.6388
    endloop
  endfacet
  facet normal 0 -1 0
    outer loop
      vertex 5.46369 -67 43.4886
      vertex 6.42788 -67 42.3396
      vertex 7.07107 -67 42.9289
    endloop
  endfacet
  facet normal 0 -1 0
    outer loop
      vertex 5 -67 41.3397
      vertex 4.25 -67 42.6388
      vertex 3.59225 -67 42.2964
    endloop
  endfacet
  facet normal 0 -1 0
    outer loop
      vertex 4.22618 -67 40.9369
      vertex 3.59225 -67 42.2964
      vertex 2.90717 -67 42.0126
    endloop
  endfacet
  facet normal 0 -1 0
    outer loop
      vertex 4.8754 -67 43.0372
      vertex 5.73576 -67 41.8085
      vertex 6.42788 -67 42.3396
    endloop
  endfacet
  facet normal 0 -1 0
    outer loop
      vertex 3.4202 -67 40.6031
      vertex 2.90717 -67 42.0126
      vertex 2.19996 -67 41.7896
    endloop
  endfacet
  facet normal 0 -1 0
    outer loop
      vertex 2.58819 -67 40.3407
      vertex 2.19996 -67 41.7896
      vertex 1.47601 -67 41.6291
    endloop
  endfacet
  facet normal 0 -1 0
    outer loop
      vertex 1.73648 -67 40.1519
      vertex 1.47601 -67 41.6291
      vertex 0.740824 -67 41.5323
    endloop
  endfacet
  facet normal 0 -1 0
    outer loop
      vertex 4.25 -67 42.6388
      vertex 5 -67 41.3397
      vertex 5.73576 -67 41.8085
    endloop
  endfacet
  facet normal 0 -1 0
    outer loop
      vertex 0.871557 -67 40.0381
      vertex 0.740824 -67 41.5323
      vertex 0 -67 41.5
    endloop
  endfacet
  facet normal 0 -1 -0
    outer loop
      vertex -2.19996 -67 41.7896
      vertex -2.58819 -67 40.3407
      vertex -1.47601 -67 41.6291
    endloop
  endfacet
  facet normal 0 -1 0
    outer loop
      vertex -1.73648 -67 40.1519
      vertex -1.47601 -67 41.6291
      vertex -2.58819 -67 40.3407
    endloop
  endfacet
  facet normal 0 -1 0
    outer loop
      vertex 3.59225 -67 42.2964
      vertex 4.22618 -67 40.9369
      vertex 5 -67 41.3397
    endloop
  endfacet
  facet normal 0 -1 -0
    outer loop
      vertex -1.47601 -67 41.6291
      vertex -1.73648 -67 40.1519
      vertex -0.740824 -67 41.5323
    endloop
  endfacet
  facet normal 0 -1 0
    outer loop
      vertex 2.90717 -67 42.0126
      vertex 3.4202 -67 40.6031
      vertex 4.22618 -67 40.9369
    endloop
  endfacet
  facet normal 0 -1 0
    outer loop
      vertex -0.871557 -67 40.0381
      vertex -0.740824 -67 41.5323
      vertex -1.73648 -67 40.1519
    endloop
  endfacet
  facet normal 0 -1 0
    outer loop
      vertex 2.19996 -67 41.7896
      vertex 2.58819 -67 40.3407
      vertex 3.4202 -67 40.6031
    endloop
  endfacet
  facet normal 0 -1 -0
    outer loop
      vertex -0.740824 -67 41.5323
      vertex -0.871557 -67 40.0381
      vertex 0 -67 41.5
    endloop
  endfacet
  facet normal 0 -1 0
    outer loop
      vertex 1.47601 -67 41.6291
      vertex 1.73648 -67 40.1519
      vertex 2.58819 -67 40.3407
    endloop
  endfacet
  facet normal 0 -1 0
    outer loop
      vertex 0 -67 40
      vertex 0 -67 41.5
      vertex -0.871557 -67 40.0381
    endloop
  endfacet
  facet normal 0 -1 0
    outer loop
      vertex 0.740824 -67 41.5323
      vertex 0.871557 -67 40.0381
      vertex 1.73648 -67 40.1519
    endloop
  endfacet
  facet normal 0 -1 0
    outer loop
      vertex 0 -67 41.5
      vertex 0 -67 40
      vertex 0.871557 -67 40.0381
    endloop
  endfacet
  facet normal -0.608774 0 0.793344
    outer loop
      vertex -6.42788 -63.5 57.6604
      vertex -5.73576 -67 58.1915
      vertex -5.73576 -63.5 58.1915
    endloop
  endfacet
  facet normal -0.608774 0 0.793344
    outer loop
      vertex -5.73576 -67 58.1915
      vertex -6.42788 -63.5 57.6604
      vertex -6.42788 -67 57.6604
    endloop
  endfacet
  facet normal -0.537356 0 0.843356
    outer loop
      vertex -5.73576 -63.5 58.1915
      vertex -5 -67 58.6603
      vertex -5 -63.5 58.6603
    endloop
  endfacet
  facet normal -0.537356 0 0.843356
    outer loop
      vertex -5 -67 58.6603
      vertex -5.73576 -63.5 58.1915
      vertex -5.73576 -67 58.1915
    endloop
  endfacet
  facet normal -0.216418 0 0.976301
    outer loop
      vertex -2.58819 -63.5 59.6593
      vertex -1.73648 -67 59.8481
      vertex -1.73648 -63.5 59.8481
    endloop
  endfacet
  facet normal -0.216418 0 0.976301
    outer loop
      vertex -1.73648 -67 59.8481
      vertex -2.58819 -63.5 59.6593
      vertex -2.58819 -67 59.6593
    endloop
  endfacet
  facet normal 0.537356 0 -0.843356
    outer loop
      vertex 5 -67 41.3397
      vertex 5.73576 -63.5 41.8085
      vertex 5.73576 -67 41.8085
    endloop
  endfacet
  facet normal 0.537356 0 -0.843356
    outer loop
      vertex 5.73576 -63.5 41.8085
      vertex 5 -67 41.3397
      vertex 5 -63.5 41.3397
    endloop
  endfacet
  facet normal -0.300777 0 -0.953695
    outer loop
      vertex -3.4202 -67 40.6031
      vertex -2.58819 -63.5 40.3407
      vertex -2.58819 -67 40.3407
    endloop
  endfacet
  facet normal -0.300777 0 -0.953695
    outer loop
      vertex -2.58819 -63.5 40.3407
      vertex -3.4202 -67 40.6031
      vertex -3.4202 -63.5 40.6031
    endloop
  endfacet
  facet normal -0.793346 0 -0.608771
    outer loop
      vertex -7.66044 -67 43.5721
      vertex -8.19152 -63.5 44.2642
      vertex -7.66044 -63.5 43.5721
    endloop
  endfacet
  facet normal -0.793346 -0 -0.608771
    outer loop
      vertex -8.19152 -63.5 44.2642
      vertex -7.66044 -67 43.5721
      vertex -8.19152 -67 44.2642
    endloop
  endfacet
  facet normal -0.843405 0 -0.537278
    outer loop
      vertex -8.19152 -67 44.2642
      vertex -8.66025 -63.5 45
      vertex -8.19152 -63.5 44.2642
    endloop
  endfacet
  facet normal -0.843405 -0 -0.537278
    outer loop
      vertex -8.66025 -63.5 45
      vertex -8.19152 -67 44.2642
      vertex -8.66025 -67 45
    endloop
  endfacet
  facet normal -0.923882 0 -0.382677
    outer loop
      vertex -9.06308 -67 45.7738
      vertex -9.39693 -63.5 46.5798
      vertex -9.06308 -63.5 45.7738
    endloop
  endfacet
  facet normal -0.923882 -0 -0.382677
    outer loop
      vertex -9.39693 -63.5 46.5798
      vertex -9.06308 -67 45.7738
      vertex -9.39693 -67 46.5798
    endloop
  endfacet
  facet normal -0.887004 0 -0.461762
    outer loop
      vertex -8.66025 -67 45
      vertex -9.06308 -63.5 45.7738
      vertex -8.66025 -63.5 45
    endloop
  endfacet
  facet normal -0.887004 -0 -0.461762
    outer loop
      vertex -9.06308 -63.5 45.7738
      vertex -8.66025 -67 45
      vertex -9.06308 -67 45.7738
    endloop
  endfacet
  facet normal 0.976295 -0 0.216443
    outer loop
      vertex 9.65926 -67 52.5882
      vertex 9.84808 -63.5 51.7365
      vertex 9.65926 -63.5 52.5882
    endloop
  endfacet
  facet normal 0.976295 0 0.216443
    outer loop
      vertex 9.84808 -63.5 51.7365
      vertex 9.65926 -67 52.5882
      vertex 9.84808 -67 51.7365
    endloop
  endfacet
  facet normal 0.923882 -0 0.382677
    outer loop
      vertex 9.06308 -67 54.2262
      vertex 9.39693 -63.5 53.4202
      vertex 9.06308 -63.5 54.2262
    endloop
  endfacet
  facet normal 0.923882 0 0.382677
    outer loop
      vertex 9.39693 -63.5 53.4202
      vertex 9.06308 -67 54.2262
      vertex 9.39693 -67 53.4202
    endloop
  endfacet
  facet normal 0.737285 -0 0.675581
    outer loop
      vertex 7.07107 -67 57.0711
      vertex 7.66044 -63.5 56.4279
      vertex 7.07107 -63.5 57.0711
    endloop
  endfacet
  facet normal 0.737285 0 0.675581
    outer loop
      vertex 7.66044 -63.5 56.4279
      vertex 7.07107 -67 57.0711
      vertex 7.66044 -67 56.4279
    endloop
  endfacet
  facet normal 0.216418 0 0.976301
    outer loop
      vertex 1.73648 -63.5 59.8481
      vertex 2.58819 -67 59.6593
      vertex 2.58819 -63.5 59.6593
    endloop
  endfacet
  facet normal 0.216418 0 0.976301
    outer loop
      vertex 2.58819 -67 59.6593
      vertex 1.73648 -63.5 59.8481
      vertex 1.73648 -67 59.8481
    endloop
  endfacet
  facet normal 0.0436732 0 0.999046
    outer loop
      vertex 0 -63.5 60
      vertex 0.871557 -67 59.9619
      vertex 0.871557 -63.5 59.9619
    endloop
  endfacet
  facet normal 0.0436732 0 0.999046
    outer loop
      vertex 0.871557 -67 59.9619
      vertex 0 -63.5 60
      vertex 0 -67 60
    endloop
  endfacet
  facet normal 0.461726 0 0.887023
    outer loop
      vertex 4.22618 -63.5 59.0631
      vertex 5 -67 58.6603
      vertex 5 -63.5 58.6603
    endloop
  endfacet
  facet normal 0.461726 0 0.887023
    outer loop
      vertex 5 -67 58.6603
      vertex 4.22618 -63.5 59.0631
      vertex 4.22618 -67 59.0631
    endloop
  endfacet
  facet normal 0.382637 0 0.923899
    outer loop
      vertex 3.4202 -63.5 59.3969
      vertex 4.22618 -67 59.0631
      vertex 4.22618 -63.5 59.0631
    endloop
  endfacet
  facet normal 0.382637 0 0.923899
    outer loop
      vertex 4.22618 -67 59.0631
      vertex 3.4202 -63.5 59.3969
      vertex 3.4202 -67 59.3969
    endloop
  endfacet
  facet normal -0.887004 0 0.461762
    outer loop
      vertex -9.06308 -67 54.2262
      vertex -8.66025 -63.5 55
      vertex -9.06308 -63.5 54.2262
    endloop
  endfacet
  facet normal -0.887004 0 0.461762
    outer loop
      vertex -8.66025 -63.5 55
      vertex -9.06308 -67 54.2262
      vertex -8.66025 -67 55
    endloop
  endfacet
  facet normal -0.976295 0 0.216443
    outer loop
      vertex -9.84808 -67 51.7365
      vertex -9.65926 -63.5 52.5882
      vertex -9.84808 -63.5 51.7365
    endloop
  endfacet
  facet normal -0.976295 0 0.216443
    outer loop
      vertex -9.65926 -63.5 52.5882
      vertex -9.84808 -67 51.7365
      vertex -9.65926 -67 52.5882
    endloop
  endfacet
  facet normal -0.999048 0 0.0436138
    outer loop
      vertex -10 -67 50
      vertex -9.96195 -63.5 50.8716
      vertex -10 -63.5 50
    endloop
  endfacet
  facet normal -0.999048 0 0.0436138
    outer loop
      vertex -9.96195 -63.5 50.8716
      vertex -10 -67 50
      vertex -9.96195 -67 50.8716
    endloop
  endfacet
  facet normal -0.999048 0 -0.0436138
    outer loop
      vertex -9.96195 -67 49.1284
      vertex -10 -63.5 50
      vertex -9.96195 -63.5 49.1284
    endloop
  endfacet
  facet normal -0.999048 -0 -0.0436138
    outer loop
      vertex -10 -63.5 50
      vertex -9.96195 -67 49.1284
      vertex -10 -67 50
    endloop
  endfacet
  facet normal -0.675543 0 0.73732
    outer loop
      vertex -7.07107 -63.5 57.0711
      vertex -6.42788 -67 57.6604
      vertex -6.42788 -63.5 57.6604
    endloop
  endfacet
  facet normal -0.675543 0 0.73732
    outer loop
      vertex -6.42788 -67 57.6604
      vertex -7.07107 -63.5 57.0711
      vertex -7.07107 -67 57.0711
    endloop
  endfacet
  facet normal -0.737285 0 0.675581
    outer loop
      vertex -7.66044 -67 56.4279
      vertex -7.07107 -63.5 57.0711
      vertex -7.66044 -63.5 56.4279
    endloop
  endfacet
  facet normal -0.737285 0 0.675581
    outer loop
      vertex -7.07107 -63.5 57.0711
      vertex -7.66044 -67 56.4279
      vertex -7.07107 -67 57.0711
    endloop
  endfacet
  facet normal -0.382637 0 0.923899
    outer loop
      vertex -4.22618 -63.5 59.0631
      vertex -3.4202 -67 59.3969
      vertex -3.4202 -63.5 59.3969
    endloop
  endfacet
  facet normal -0.382637 0 0.923899
    outer loop
      vertex -3.4202 -67 59.3969
      vertex -4.22618 -63.5 59.0631
      vertex -4.22618 -67 59.0631
    endloop
  endfacet
  facet normal -0.461726 0 0.887023
    outer loop
      vertex -5 -63.5 58.6603
      vertex -4.22618 -67 59.0631
      vertex -4.22618 -63.5 59.0631
    endloop
  endfacet
  facet normal -0.461726 0 0.887023
    outer loop
      vertex -4.22618 -67 59.0631
      vertex -5 -63.5 58.6603
      vertex -5 -67 58.6603
    endloop
  endfacet
  facet normal -0.130448 0 0.991455
    outer loop
      vertex -1.73648 -63.5 59.8481
      vertex -0.871557 -67 59.9619
      vertex -0.871557 -63.5 59.9619
    endloop
  endfacet
  facet normal -0.130448 0 0.991455
    outer loop
      vertex -0.871557 -67 59.9619
      vertex -1.73648 -63.5 59.8481
      vertex -1.73648 -67 59.8481
    endloop
  endfacet
  facet normal 0.300777 0 -0.953695
    outer loop
      vertex 2.58819 -67 40.3407
      vertex 3.4202 -63.5 40.6031
      vertex 3.4202 -67 40.6031
    endloop
  endfacet
  facet normal 0.300777 0 -0.953695
    outer loop
      vertex 3.4202 -63.5 40.6031
      vertex 2.58819 -67 40.3407
      vertex 2.58819 -63.5 40.3407
    endloop
  endfacet
  facet normal 0.382637 0 -0.923899
    outer loop
      vertex 3.4202 -67 40.6031
      vertex 4.22618 -63.5 40.9369
      vertex 4.22618 -67 40.9369
    endloop
  endfacet
  facet normal 0.382637 0 -0.923899
    outer loop
      vertex 4.22618 -63.5 40.9369
      vertex 3.4202 -67 40.6031
      vertex 3.4202 -63.5 40.6031
    endloop
  endfacet
  facet normal 0.461726 0 -0.887023
    outer loop
      vertex 4.22618 -67 40.9369
      vertex 5 -63.5 41.3397
      vertex 5 -67 41.3397
    endloop
  endfacet
  facet normal 0.461726 0 -0.887023
    outer loop
      vertex 5 -63.5 41.3397
      vertex 4.22618 -67 40.9369
      vertex 4.22618 -63.5 40.9369
    endloop
  endfacet
  facet normal 0.675543 0 -0.73732
    outer loop
      vertex 6.42788 -67 42.3396
      vertex 7.07107 -63.5 42.9289
      vertex 7.07107 -67 42.9289
    endloop
  endfacet
  facet normal 0.675543 0 -0.73732
    outer loop
      vertex 7.07107 -63.5 42.9289
      vertex 6.42788 -67 42.3396
      vertex 6.42788 -63.5 42.3396
    endloop
  endfacet
  facet normal 0.737285 0 -0.675581
    outer loop
      vertex 7.66044 -67 43.5721
      vertex 7.07107 -63.5 42.9289
      vertex 7.66044 -63.5 43.5721
    endloop
  endfacet
  facet normal 0.737285 0 -0.675581
    outer loop
      vertex 7.07107 -63.5 42.9289
      vertex 7.66044 -67 43.5721
      vertex 7.07107 -67 42.9289
    endloop
  endfacet
  facet normal 0.608774 0 -0.793344
    outer loop
      vertex 5.73576 -67 41.8085
      vertex 6.42788 -63.5 42.3396
      vertex 6.42788 -67 42.3396
    endloop
  endfacet
  facet normal 0.608774 0 -0.793344
    outer loop
      vertex 6.42788 -63.5 42.3396
      vertex 5.73576 -67 41.8085
      vertex 5.73576 -63.5 41.8085
    endloop
  endfacet
  facet normal 0.843405 0 -0.537278
    outer loop
      vertex 8.66025 -67 45
      vertex 8.19152 -63.5 44.2642
      vertex 8.66025 -63.5 45
    endloop
  endfacet
  facet normal 0.843405 0 -0.537278
    outer loop
      vertex 8.19152 -63.5 44.2642
      vertex 8.66025 -67 45
      vertex 8.19152 -67 44.2642
    endloop
  endfacet
  facet normal 0.887004 0 -0.461762
    outer loop
      vertex 9.06308 -67 45.7738
      vertex 8.66025 -63.5 45
      vertex 9.06308 -63.5 45.7738
    endloop
  endfacet
  facet normal 0.887004 0 -0.461762
    outer loop
      vertex 8.66025 -63.5 45
      vertex 9.06308 -67 45.7738
      vertex 8.66025 -67 45
    endloop
  endfacet
  facet normal 0.923882 0 -0.382677
    outer loop
      vertex 9.39693 -67 46.5798
      vertex 9.06308 -63.5 45.7738
      vertex 9.39693 -63.5 46.5798
    endloop
  endfacet
  facet normal 0.923882 0 -0.382677
    outer loop
      vertex 9.06308 -63.5 45.7738
      vertex 9.39693 -67 46.5798
      vertex 9.06308 -67 45.7738
    endloop
  endfacet
  facet normal 0.999048 0 -0.0436138
    outer loop
      vertex 10 -67 50
      vertex 9.96195 -63.5 49.1284
      vertex 10 -63.5 50
    endloop
  endfacet
  facet normal 0.999048 0 -0.0436138
    outer loop
      vertex 9.96195 -63.5 49.1284
      vertex 10 -67 50
      vertex 9.96195 -67 49.1284
    endloop
  endfacet
  facet normal -0.537356 0 -0.843356
    outer loop
      vertex -5.73576 -67 41.8085
      vertex -5 -63.5 41.3397
      vertex -5 -67 41.3397
    endloop
  endfacet
  facet normal -0.537356 0 -0.843356
    outer loop
      vertex -5 -63.5 41.3397
      vertex -5.73576 -67 41.8085
      vertex -5.73576 -63.5 41.8085
    endloop
  endfacet
  facet normal -0.461726 0 -0.887023
    outer loop
      vertex -5 -67 41.3397
      vertex -4.22618 -63.5 40.9369
      vertex -4.22618 -67 40.9369
    endloop
  endfacet
  facet normal -0.461726 0 -0.887023
    outer loop
      vertex -4.22618 -63.5 40.9369
      vertex -5 -67 41.3397
      vertex -5 -63.5 41.3397
    endloop
  endfacet
  facet normal -0.382637 0 -0.923899
    outer loop
      vertex -4.22618 -67 40.9369
      vertex -3.4202 -63.5 40.6031
      vertex -3.4202 -67 40.6031
    endloop
  endfacet
  facet normal -0.382637 0 -0.923899
    outer loop
      vertex -3.4202 -63.5 40.6031
      vertex -4.22618 -67 40.9369
      vertex -4.22618 -63.5 40.9369
    endloop
  endfacet
  facet normal -0.216418 0 -0.976301
    outer loop
      vertex -2.58819 -67 40.3407
      vertex -1.73648 -63.5 40.1519
      vertex -1.73648 -67 40.1519
    endloop
  endfacet
  facet normal -0.216418 0 -0.976301
    outer loop
      vertex -1.73648 -63.5 40.1519
      vertex -2.58819 -67 40.3407
      vertex -2.58819 -63.5 40.3407
    endloop
  endfacet
  facet normal -0.0436732 0 -0.999046
    outer loop
      vertex -0.871557 -67 40.0381
      vertex 0 -63.5 40
      vertex 0 -67 40
    endloop
  endfacet
  facet normal -0.0436732 0 -0.999046
    outer loop
      vertex 0 -63.5 40
      vertex -0.871557 -67 40.0381
      vertex -0.871557 -63.5 40.0381
    endloop
  endfacet
  facet normal 0.0436732 0 -0.999046
    outer loop
      vertex 0 -67 40
      vertex 0.871557 -63.5 40.0381
      vertex 0.871557 -67 40.0381
    endloop
  endfacet
  facet normal 0.0436732 0 -0.999046
    outer loop
      vertex 0.871557 -63.5 40.0381
      vertex 0 -67 40
      vertex 0 -63.5 40
    endloop
  endfacet
  facet normal -0.737285 0 -0.675581
    outer loop
      vertex -7.07107 -67 42.9289
      vertex -7.66044 -63.5 43.5721
      vertex -7.07107 -63.5 42.9289
    endloop
  endfacet
  facet normal -0.737285 -0 -0.675581
    outer loop
      vertex -7.66044 -63.5 43.5721
      vertex -7.07107 -67 42.9289
      vertex -7.66044 -67 43.5721
    endloop
  endfacet
  facet normal -0.675543 0 -0.73732
    outer loop
      vertex -7.07107 -67 42.9289
      vertex -6.42788 -63.5 42.3396
      vertex -6.42788 -67 42.3396
    endloop
  endfacet
  facet normal -0.675543 0 -0.73732
    outer loop
      vertex -6.42788 -63.5 42.3396
      vertex -7.07107 -67 42.9289
      vertex -7.07107 -63.5 42.9289
    endloop
  endfacet
  facet normal -0.953716 0 -0.300707
    outer loop
      vertex -9.39693 -67 46.5798
      vertex -9.65926 -63.5 47.4118
      vertex -9.39693 -63.5 46.5798
    endloop
  endfacet
  facet normal -0.953716 -0 -0.300707
    outer loop
      vertex -9.65926 -63.5 47.4118
      vertex -9.39693 -67 46.5798
      vertex -9.65926 -67 47.4118
    endloop
  endfacet
  facet normal -0.991444 0 -0.13053
    outer loop
      vertex -9.84808 -67 48.2635
      vertex -9.96195 -63.5 49.1284
      vertex -9.84808 -63.5 48.2635
    endloop
  endfacet
  facet normal -0.991444 -0 -0.13053
    outer loop
      vertex -9.96195 -63.5 49.1284
      vertex -9.84808 -67 48.2635
      vertex -9.96195 -67 49.1284
    endloop
  endfacet
  facet normal 0.216418 0 -0.976301
    outer loop
      vertex 1.73648 -67 40.1519
      vertex 2.58819 -63.5 40.3407
      vertex 2.58819 -67 40.3407
    endloop
  endfacet
  facet normal 0.216418 0 -0.976301
    outer loop
      vertex 2.58819 -63.5 40.3407
      vertex 1.73648 -67 40.1519
      vertex 1.73648 -63.5 40.1519
    endloop
  endfacet
  facet normal -0.130448 0 -0.991455
    outer loop
      vertex -1.73648 -67 40.1519
      vertex -0.871557 -63.5 40.0381
      vertex -0.871557 -67 40.0381
    endloop
  endfacet
  facet normal -0.130448 0 -0.991455
    outer loop
      vertex -0.871557 -63.5 40.0381
      vertex -1.73648 -67 40.1519
      vertex -1.73648 -63.5 40.1519
    endloop
  endfacet
  facet normal -0.976295 0 -0.216443
    outer loop
      vertex -9.65926 -67 47.4118
      vertex -9.84808 -63.5 48.2635
      vertex -9.65926 -63.5 47.4118
    endloop
  endfacet
  facet normal -0.976295 -0 -0.216443
    outer loop
      vertex -9.84808 -63.5 48.2635
      vertex -9.65926 -67 47.4118
      vertex -9.84808 -67 48.2635
    endloop
  endfacet
  facet normal 0.976295 0 -0.216443
    outer loop
      vertex 9.84808 -67 48.2635
      vertex 9.65926 -63.5 47.4118
      vertex 9.84808 -63.5 48.2635
    endloop
  endfacet
  facet normal 0.976295 0 -0.216443
    outer loop
      vertex 9.65926 -63.5 47.4118
      vertex 9.84808 -67 48.2635
      vertex 9.65926 -67 47.4118
    endloop
  endfacet
  facet normal 0.991444 0 -0.13053
    outer loop
      vertex 9.96195 -67 49.1284
      vertex 9.84808 -63.5 48.2635
      vertex 9.96195 -63.5 49.1284
    endloop
  endfacet
  facet normal 0.991444 0 -0.13053
    outer loop
      vertex 9.84808 -63.5 48.2635
      vertex 9.96195 -67 49.1284
      vertex 9.84808 -67 48.2635
    endloop
  endfacet
  facet normal 1 -0 0
    outer loop
      vertex -54 -42 18
      vertex -54 42 0
      vertex -54 42 18
    endloop
  endfacet
  facet normal 1 0 0
    outer loop
      vertex -54 42 0
      vertex -54 -42 18
      vertex -54 -42 0
    endloop
  endfacet
  facet normal -1 0 0
    outer loop
      vertex -46 -42 0
      vertex -46 42 18
      vertex -46 42 0
    endloop
  endfacet
  facet normal -1 -0 0
    outer loop
      vertex -46 42 18
      vertex -46 -42 0
      vertex -46 -42 18
    endloop
  endfacet
  facet normal 0 1 -0
    outer loop
      vertex -46 -42 0
      vertex -54 -42 18
      vertex -46 -42 18
    endloop
  endfacet
  facet normal 0 1 0
    outer loop
      vertex -54 -42 18
      vertex -46 -42 0
      vertex -54 -42 0
    endloop
  endfacet
  facet normal 0 -1 0
    outer loop
      vertex -54 42 0
      vertex -46 42 18
      vertex -54 42 18
    endloop
  endfacet
  facet normal 0 -1 -0
    outer loop
      vertex -46 42 18
      vertex -54 42 0
      vertex -46 42 0
    endloop
  endfacet
  facet normal 1 -0 0
    outer loop
      vertex -36 -42 18
      vertex -36 42 0
      vertex -36 42 18
    endloop
  endfacet
  facet normal 1 0 0
    outer loop
      vertex -36 42 0
      vertex -36 -42 18
      vertex -36 -42 0
    endloop
  endfacet
  facet normal -1 0 0
    outer loop
      vertex -28 -42 0
      vertex -28 42 18
      vertex -28 42 0
    endloop
  endfacet
  facet normal -1 -0 0
    outer loop
      vertex -28 42 18
      vertex -28 -42 0
      vertex -28 -42 18
    endloop
  endfacet
  facet normal 0 -1 0
    outer loop
      vertex -36 42 0
      vertex -28 42 18
      vertex -36 42 18
    endloop
  endfacet
  facet normal 0 -1 -0
    outer loop
      vertex -28 42 18
      vertex -36 42 0
      vertex -28 42 0
    endloop
  endfacet
  facet normal 0 1 -0
    outer loop
      vertex -28 -42 0
      vertex -36 -42 18
      vertex -28 -42 18
    endloop
  endfacet
  facet normal 0 1 0
    outer loop
      vertex -36 -42 18
      vertex -28 -42 0
      vertex -36 -42 0
    endloop
  endfacet
  facet normal 1 -0 0
    outer loop
      vertex -18 -42 18
      vertex -18 42 0
      vertex -18 42 18
    endloop
  endfacet
  facet normal 1 0 0
    outer loop
      vertex -18 42 0
      vertex -18 -42 18
      vertex -18 -42 0
    endloop
  endfacet
  facet normal -1 0 0
    outer loop
      vertex -10 -42 0
      vertex -10 42 18
      vertex -10 42 0
    endloop
  endfacet
  facet normal -1 -0 0
    outer loop
      vertex -10 42 18
      vertex -10 -42 0
      vertex -10 -42 18
    endloop
  endfacet
  facet normal 0 1 -0
    outer loop
      vertex -10 -42 0
      vertex -18 -42 18
      vertex -10 -42 18
    endloop
  endfacet
  facet normal 0 1 0
    outer loop
      vertex -18 -42 18
      vertex -10 -42 0
      vertex -18 -42 0
    endloop
  endfacet
  facet normal 0 -1 0
    outer loop
      vertex -18 42 0
      vertex -10 42 18
      vertex -18 42 18
    endloop
  endfacet
  facet normal 0 -1 -0
    outer loop
      vertex -10 42 18
      vertex -18 42 0
      vertex -10 42 0
    endloop
  endfacet
  facet normal 1 -0 0
    outer loop
      vertex 0 -42 18
      vertex 0 42 0
      vertex 0 42 18
    endloop
  endfacet
  facet normal 1 0 0
    outer loop
      vertex 0 42 0
      vertex 0 -42 18
      vertex 0 -42 0
    endloop
  endfacet
  facet normal -1 0 0
    outer loop
      vertex 8 -42 0
      vertex 8 42 18
      vertex 8 42 0
    endloop
  endfacet
  facet normal -1 -0 0
    outer loop
      vertex 8 42 18
      vertex 8 -42 0
      vertex 8 -42 18
    endloop
  endfacet
  facet normal 0 -1 0
    outer loop
      vertex 0 42 0
      vertex 8 42 18
      vertex 0 42 18
    endloop
  endfacet
  facet normal 0 -1 -0
    outer loop
      vertex 8 42 18
      vertex 0 42 0
      vertex 8 42 0
    endloop
  endfacet
  facet normal 0 1 -0
    outer loop
      vertex 8 -42 0
      vertex 0 -42 18
      vertex 8 -42 18
    endloop
  endfacet
  facet normal 0 1 0
    outer loop
      vertex 0 -42 18
      vertex 8 -42 0
      vertex 0 -42 0
    endloop
  endfacet
  facet normal 1 -0 0
    outer loop
      vertex 18 -42 18
      vertex 18 42 0
      vertex 18 42 18
    endloop
  endfacet
  facet normal 1 0 0
    outer loop
      vertex 18 42 0
      vertex 18 -42 18
      vertex 18 -42 0
    endloop
  endfacet
  facet normal -1 0 0
    outer loop
      vertex 26 -42 0
      vertex 26 42 18
      vertex 26 42 0
    endloop
  endfacet
  facet normal -1 -0 0
    outer loop
      vertex 26 42 18
      vertex 26 -42 0
      vertex 26 -42 18
    endloop
  endfacet
  facet normal 0 -1 0
    outer loop
      vertex 18 42 0
      vertex 26 42 18
      vertex 18 42 18
    endloop
  endfacet
  facet normal 0 -1 -0
    outer loop
      vertex 26 42 18
      vertex 18 42 0
      vertex 26 42 0
    endloop
  endfacet
  facet normal 0 1 -0
    outer loop
      vertex 26 -42 0
      vertex 18 -42 18
      vertex 26 -42 18
    endloop
  endfacet
  facet normal 0 1 0
    outer loop
      vertex 18 -42 18
      vertex 26 -42 0
      vertex 18 -42 0
    endloop
  endfacet
  facet normal 1 -0 0
    outer loop
      vertex 36 -42 18
      vertex 36 42 0
      vertex 36 42 18
    endloop
  endfacet
  facet normal 1 0 0
    outer loop
      vertex 36 42 0
      vertex 36 -42 18
      vertex 36 -42 0
    endloop
  endfacet
  facet normal -1 0 0
    outer loop
      vertex 44 -42 0
      vertex 44 42 18
      vertex 44 42 0
    endloop
  endfacet
  facet normal -1 -0 0
    outer loop
      vertex 44 42 18
      vertex 44 -42 0
      vertex 44 -42 18
    endloop
  endfacet
  facet normal 0 -1 0
    outer loop
      vertex 36 42 0
      vertex 44 42 18
      vertex 36 42 18
    endloop
  endfacet
  facet normal 0 -1 -0
    outer loop
      vertex 44 42 18
      vertex 36 42 0
      vertex 44 42 0
    endloop
  endfacet
  facet normal 0 1 -0
    outer loop
      vertex 44 -42 0
      vertex 36 -42 18
      vertex 44 -42 18
    endloop
  endfacet
  facet normal 0 1 0
    outer loop
      vertex 36 -42 18
      vertex 44 -42 0
      vertex 36 -42 0
    endloop
  endfacet
  facet normal 1 -0 0
    outer loop
      vertex 54 -42 18
      vertex 54 42 0
      vertex 54 42 18
    endloop
  endfacet
  facet normal 1 0 0
    outer loop
      vertex 54 42 0
      vertex 54 -42 18
      vertex 54 -42 0
    endloop
  endfacet
  facet normal -1 0 0
    outer loop
      vertex 62 -42 0
      vertex 62 42 18
      vertex 62 42 0
    endloop
  endfacet
  facet normal -1 -0 0
    outer loop
      vertex 62 42 18
      vertex 62 -42 0
      vertex 62 -42 18
    endloop
  endfacet
  facet normal 0 -1 0
    outer loop
      vertex 54 42 0
      vertex 62 42 18
      vertex 54 42 18
    endloop
  endfacet
  facet normal 0 -1 -0
    outer loop
      vertex 62 42 18
      vertex 54 42 0
      vertex 62 42 0
    endloop
  endfacet
  facet normal 0 1 -0
    outer loop
      vertex 62 -42 0
      vertex 54 -42 18
      vertex 62 -42 18
    endloop
  endfacet
  facet normal 0 1 0
    outer loop
      vertex 54 -42 18
      vertex 62 -42 0
      vertex 54 -42 0
    endloop
  endfacet
  facet normal -0.216649 0.97625 1.55377e-05
    outer loop
      vertex 63.4892 -52.1785 38
      vertex 64.0583 -52.0523 43.9417
      vertex 64.1705 -52.0274 43.9042
    endloop
  endfacet
  facet normal -0.216521 0.976278 0
    outer loop
      vertex 63.4892 -52.1785 38
      vertex 64.1705 -52.0274 43.9042
      vertex 64.1705 -52.0274 38
    endloop
  endfacet
  facet normal -0.216495 0.976284 0
    outer loop
      vertex 64.0583 -52.0523 43.9417
      vertex 63.4892 -52.1785 38
      vertex 63.4892 -52.1785 44.0925
    endloop
  endfacet
  facet normal -0.13038 0.991464 0
    outer loop
      vertex 62.7972 -52.2695 38
      vertex 63.4892 -52.1785 44.0925
      vertex 63.4892 -52.1785 38
    endloop
  endfacet
  facet normal -0.13038 0.991464 0
    outer loop
      vertex 63.4892 -52.1785 44.0925
      vertex 62.7972 -52.2695 38
      vertex 62.7972 -52.2695 44.3311
    endloop
  endfacet
  facet normal -0.999044 0.0437046 0
    outer loop
      vertex 70.0695 -44.9972 44.9554
      vertex 70.1 -44.3 38
      vertex 70.0695 -44.9972 38
    endloop
  endfacet
  facet normal -0.999044 0.0437046 0
    outer loop
      vertex 70.1 -44.3 38
      vertex 70.0695 -44.9972 44.9554
      vertex 70.1 -44.3 45.2538
    endloop
  endfacet
  facet normal 1 0 0
    outer loop
      vertex -70.1 42.7788 45.9526
      vertex -70.1 44.3 38
      vertex -70.1 44.3 45.2538
    endloop
  endfacet
  facet normal 1 0 0
    outer loop
      vertex -70.1 40.5383 46.8388
      vertex -70.1 44.3 38
      vertex -70.1 42.7788 45.9526
    endloop
  endfacet
  facet normal 1 0 0
    outer loop
      vertex -70.1 38.3193 47.5732
      vertex -70.1 44.3 38
      vertex -70.1 40.5383 46.8388
    endloop
  endfacet
  facet normal 1 0 0
    outer loop
      vertex -70.1 36.1384 48.1504
      vertex -70.1 44.3 38
      vertex -70.1 38.3193 47.5732
    endloop
  endfacet
  facet normal 1 0 0
    outer loop
      vertex -70.1 34.0125 48.5658
      vertex -70.1 44.3 38
      vertex -70.1 36.1384 48.1504
    endloop
  endfacet
  facet normal 1 0 0
    outer loop
      vertex -70.1 31.9575 48.8163
      vertex -70.1 44.3 38
      vertex -70.1 34.0125 48.5658
    endloop
  endfacet
  facet normal 1 0 0
    outer loop
      vertex -70.1 29.9893 48.9
      vertex -70.1 44.3 38
      vertex -70.1 31.9575 48.8163
    endloop
  endfacet
  facet normal 1 -0 0
    outer loop
      vertex -70.1 -29.9893 48.9
      vertex -70.1 44.3 38
      vertex -70.1 29.9893 48.9
    endloop
  endfacet
  facet normal 1 0 0
    outer loop
      vertex -70.1 -44.3 38
      vertex -70.1 -29.9893 48.9
      vertex -70.1 -31.9575 48.8163
    endloop
  endfacet
  facet normal 1 0 0
    outer loop
      vertex -70.1 -44.3 38
      vertex -70.1 -31.9575 48.8163
      vertex -70.1 -34.0125 48.5658
    endloop
  endfacet
  facet normal 1 0 0
    outer loop
      vertex -70.1 -44.3 38
      vertex -70.1 -34.0125 48.5658
      vertex -70.1 -36.1384 48.1504
    endloop
  endfacet
  facet normal 1 0 0
    outer loop
      vertex -70.1 -44.3 38
      vertex -70.1 -36.1384 48.1504
      vertex -70.1 -38.3193 47.5732
    endloop
  endfacet
  facet normal 1 0 0
    outer loop
      vertex -70.1 -44.3 38
      vertex -70.1 -38.3193 47.5732
      vertex -70.1 -40.5383 46.8388
    endloop
  endfacet
  facet normal 1 0 0
    outer loop
      vertex -70.1 -44.3 38
      vertex -70.1 -40.5383 46.8388
      vertex -70.1 -42.7788 45.9526
    endloop
  endfacet
  facet normal 1 0 0
    outer loop
      vertex -70.1 -44.3 38
      vertex -70.1 -42.7788 45.9526
      vertex -70.1 -44.3 45.2538
    endloop
  endfacet
  facet normal 1 0 0
    outer loop
      vertex -70.1 -29.9893 48.9
      vertex -70.1 -44.3 38
      vertex -70.1 44.3 38
    endloop
  endfacet
  facet normal -0.0437046 0.999044 0
    outer loop
      vertex 62.1 -52.3 38
      vertex 62.7972 -52.2695 44.3311
      vertex 62.7972 -52.2695 38
    endloop
  endfacet
  facet normal -0.0437046 0.999044 0
    outer loop
      vertex 62.7972 -52.2695 44.3311
      vertex 62.1 -52.3 38
      vertex 62.1 -52.3 44.626
    endloop
  endfacet
  facet normal -0.608789 -0.793332 0
    outer loop
      vertex 66.6886 50.8532 38
      vertex 67.2423 50.4283 43.499
      vertex 66.6886 50.8532 43.499
    endloop
  endfacet
  facet normal -0.608789 -0.793332 -0
    outer loop
      vertex 67.2423 50.4283 43.499
      vertex 66.6886 50.8532 38
      vertex 67.2423 50.4283 38
    endloop
  endfacet
  facet normal 0 1 0
    outer loop
      vertex 62.1 -52.3 38
      vertex 48.6117 -52.3 48.3883
      vertex 50.667 -52.3 48.2504
    endloop
  endfacet
  facet normal 0 1 0
    outer loop
      vertex 48.6117 -52.3 48.3883
      vertex 34 -52.3 38
      vertex -48.6117 -52.3 48.3883
    endloop
  endfacet
  facet normal 0 1 0
    outer loop
      vertex 62.1 -52.3 38
      vertex 50.667 -52.3 48.2504
      vertex 52.9825 -52.3 47.8378
    endloop
  endfacet
  facet normal 0 1 -0
    outer loop
      vertex -34 -52.3 38
      vertex -48.6117 -52.3 48.3883
      vertex 34 -52.3 38
    endloop
  endfacet
  facet normal 0 1 0
    outer loop
      vertex 62.1 -52.3 38
      vertex 52.9825 -52.3 47.8378
      vertex 55.5405 -52.3 47.1536
    endloop
  endfacet
  facet normal 0 1 0
    outer loop
      vertex -62.1 -52.3 38
      vertex -48.6117 -52.3 48.3883
      vertex -34 -52.3 38
    endloop
  endfacet
  facet normal 0 1 0
    outer loop
      vertex 62.1 -52.3 38
      vertex 55.5405 -52.3 47.1536
      vertex 58.3215 -52.3 46.203
    endloop
  endfacet
  facet normal 0 1 0
    outer loop
      vertex -48.6117 -52.3 48.3883
      vertex -62.1 -52.3 38
      vertex -50.667 -52.3 48.2504
    endloop
  endfacet
  facet normal 0 1 0
    outer loop
      vertex 62.1 -52.3 38
      vertex 58.3215 -52.3 46.203
      vertex 61.3043 -52.3 44.9933
    endloop
  endfacet
  facet normal 0 1 0
    outer loop
      vertex -50.667 -52.3 48.2504
      vertex -62.1 -52.3 38
      vertex -52.9825 -52.3 47.8378
    endloop
  endfacet
  facet normal 0 1 -0
    outer loop
      vertex 62.1 -52.3 38
      vertex 61.3043 -52.3 44.9933
      vertex 62.1 -52.3 44.626
    endloop
  endfacet
  facet normal 0 1 0
    outer loop
      vertex -52.9825 -52.3 47.8378
      vertex -62.1 -52.3 38
      vertex -55.5405 -52.3 47.1536
    endloop
  endfacet
  facet normal 0 1 0
    outer loop
      vertex 48.6117 -52.3 48.3883
      vertex 62.1 -52.3 38
      vertex 34 -52.3 38
    endloop
  endfacet
  facet normal 0 1 0
    outer loop
      vertex -55.5405 -52.3 47.1536
      vertex -62.1 -52.3 38
      vertex -58.3215 -52.3 46.203
    endloop
  endfacet
  facet normal 0 1 0
    outer loop
      vertex -58.3215 -52.3 46.203
      vertex -62.1 -52.3 38
      vertex -61.3043 -52.3 44.9933
    endloop
  endfacet
  facet normal 0 1 0
    outer loop
      vertex -61.3043 -52.3 44.9933
      vertex -62.1 -52.3 38
      vertex -62.1 -52.3 44.626
    endloop
  endfacet
  facet normal 0.0437046 -0.999044 0
    outer loop
      vertex -62.1 52.3 38
      vertex -62.7972 52.2695 44.3311
      vertex -62.7972 52.2695 38
    endloop
  endfacet
  facet normal 0.0437046 -0.999044 0
    outer loop
      vertex -62.7972 52.2695 44.3311
      vertex -62.1 52.3 38
      vertex -62.1 52.3 44.626
    endloop
  endfacet
  facet normal -1 0 0
    outer loop
      vertex 70.1 44.3 38
      vertex 70.1 42.7788 45.9526
      vertex 70.1 44.3 45.2538
    endloop
  endfacet
  facet normal -1 0 0
    outer loop
      vertex 70.1 44.3 38
      vertex 70.1 40.5383 46.8388
      vertex 70.1 42.7788 45.9526
    endloop
  endfacet
  facet normal -1 0 0
    outer loop
      vertex 70.1 44.3 38
      vertex 70.1 38.3193 47.5732
      vertex 70.1 40.5383 46.8388
    endloop
  endfacet
  facet normal -1 0 0
    outer loop
      vertex 70.1 44.3 38
      vertex 70.1 36.1384 48.1504
      vertex 70.1 38.3193 47.5732
    endloop
  endfacet
  facet normal -1 0 0
    outer loop
      vertex 70.1 44.3 38
      vertex 70.1 34.0125 48.5658
      vertex 70.1 36.1384 48.1504
    endloop
  endfacet
  facet normal -1 0 0
    outer loop
      vertex 70.1 44.3 38
      vertex 70.1 31.9575 48.8163
      vertex 70.1 34.0125 48.5658
    endloop
  endfacet
  facet normal -1 0 0
    outer loop
      vertex 70.1 44.3 38
      vertex 70.1 29.9893 48.9
      vertex 70.1 31.9575 48.8163
    endloop
  endfacet
  facet normal -1 0 0
    outer loop
      vertex 70.1 44.3 38
      vertex 70.1 -29.9893 48.9
      vertex 70.1 29.9893 48.9
    endloop
  endfacet
  facet normal -1 0 0
    outer loop
      vertex 70.1 -44.3 38
      vertex 70.1 -29.9893 48.9
      vertex 70.1 44.3 38
    endloop
  endfacet
  facet normal -1 0 0
    outer loop
      vertex 70.1 -29.9893 48.9
      vertex 70.1 -44.3 38
      vertex 70.1 -31.9575 48.8163
    endloop
  endfacet
  facet normal -1 0 0
    outer loop
      vertex 70.1 -31.9575 48.8163
      vertex 70.1 -44.3 38
      vertex 70.1 -34.0125 48.5658
    endloop
  endfacet
  facet normal -1 0 0
    outer loop
      vertex 70.1 -34.0125 48.5658
      vertex 70.1 -44.3 38
      vertex 70.1 -36.1384 48.1504
    endloop
  endfacet
  facet normal -1 0 0
    outer loop
      vertex 70.1 -36.1384 48.1504
      vertex 70.1 -44.3 38
      vertex 70.1 -38.3193 47.5732
    endloop
  endfacet
  facet normal -1 0 0
    outer loop
      vertex 70.1 -38.3193 47.5732
      vertex 70.1 -44.3 38
      vertex 70.1 -40.5383 46.8388
    endloop
  endfacet
  facet normal -1 0 0
    outer loop
      vertex 70.1 -40.5383 46.8388
      vertex 70.1 -44.3 38
      vertex 70.1 -42.7788 45.9526
    endloop
  endfacet
  facet normal -1 0 0
    outer loop
      vertex 70.1 -42.7788 45.9526
      vertex 70.1 -44.3 38
      vertex 70.1 -44.3 45.2538
    endloop
  endfacet
  facet normal -0.793332 0.608789 0
    outer loop
      vertex 68.2283 -49.4423 43.5923
      vertex 68.6532 -48.8886 38
      vertex 68.2283 -49.4423 38
    endloop
  endfacet
  facet normal -0.793332 0.608789 0
    outer loop
      vertex 68.6532 -48.8886 38
      vertex 68.2283 -49.4423 43.5923
      vertex 68.6532 -48.8886 43.7002
    endloop
  endfacet
  facet normal 0.13038 -0.991464 0
    outer loop
      vertex -62.7972 52.2695 38
      vertex -63.4892 52.1785 44.0925
      vertex -63.4892 52.1785 38
    endloop
  endfacet
  facet normal 0.13038 -0.991464 0
    outer loop
      vertex -63.4892 52.1785 44.0925
      vertex -62.7972 52.2695 38
      vertex -62.7972 52.2695 44.3311
    endloop
  endfacet
  facet normal -0.382753 -0.923851 0
    outer loop
      vertex 64.8362 51.8175 38
      vertex 65.4809 51.5504 43.6166
      vertex 64.8362 51.8175 43.7321
    endloop
  endfacet
  facet normal -0.382753 -0.923851 -0
    outer loop
      vertex 65.4809 51.5504 43.6166
      vertex 64.8362 51.8175 38
      vertex 65.4809 51.5504 38
    endloop
  endfacet
  facet normal -0.216495 -0.976284 0
    outer loop
      vertex 63.4892 52.1785 38
      vertex 64.0583 52.0523 43.9417
      vertex 63.4892 52.1785 44.0925
    endloop
  endfacet
  facet normal -0.216649 -0.97625 1.55377e-05
    outer loop
      vertex 64.0583 52.0523 43.9417
      vertex 63.4892 52.1785 38
      vertex 64.1705 52.0274 43.9042
    endloop
  endfacet
  facet normal -0.216521 -0.976278 -0
    outer loop
      vertex 64.1705 52.0274 43.9042
      vertex 63.4892 52.1785 38
      vertex 64.1705 52.0274 38
    endloop
  endfacet
  facet normal 0 -1 0
    outer loop
      vertex -62.1 52.3 38
      vertex -48.6117 52.3 48.3883
      vertex -50.667 52.3 48.2504
    endloop
  endfacet
  facet normal 0 -1 -0
    outer loop
      vertex -48.6117 52.3 48.3883
      vertex -62.1 52.3 38
      vertex 48.6117 52.3 48.3883
    endloop
  endfacet
  facet normal 0 -1 0
    outer loop
      vertex -62.1 52.3 38
      vertex -50.667 52.3 48.2504
      vertex -52.9825 52.3 47.8378
    endloop
  endfacet
  facet normal 0 -1 0
    outer loop
      vertex 62.1 52.3 38
      vertex 48.6117 52.3 48.3883
      vertex -62.1 52.3 38
    endloop
  endfacet
  facet normal 0 -1 0
    outer loop
      vertex -62.1 52.3 38
      vertex -52.9825 52.3 47.8378
      vertex -55.5405 52.3 47.1536
    endloop
  endfacet
  facet normal 0 -1 0
    outer loop
      vertex 48.6117 52.3 48.3883
      vertex 62.1 52.3 38
      vertex 50.667 52.3 48.2504
    endloop
  endfacet
  facet normal 0 -1 0
    outer loop
      vertex -62.1 52.3 38
      vertex -55.5405 52.3 47.1536
      vertex -58.3215 52.3 46.203
    endloop
  endfacet
  facet normal 0 -1 0
    outer loop
      vertex 50.667 52.3 48.2504
      vertex 62.1 52.3 38
      vertex 52.9825 52.3 47.8378
    endloop
  endfacet
  facet normal 0 -1 0
    outer loop
      vertex -62.1 52.3 38
      vertex -58.3215 52.3 46.203
      vertex -61.3043 52.3 44.9933
    endloop
  endfacet
  facet normal 0 -1 0
    outer loop
      vertex 52.9825 52.3 47.8378
      vertex 62.1 52.3 38
      vertex 55.5405 52.3 47.1536
    endloop
  endfacet
  facet normal 0 -1 0
    outer loop
      vertex -62.1 52.3 38
      vertex -61.3043 52.3 44.9933
      vertex -62.1 52.3 44.626
    endloop
  endfacet
  facet normal 0 -1 0
    outer loop
      vertex 55.5405 52.3 47.1536
      vertex 62.1 52.3 38
      vertex 58.3215 52.3 46.203
    endloop
  endfacet
  facet normal 0 -1 0
    outer loop
      vertex 58.3215 52.3 46.203
      vertex 62.1 52.3 38
      vertex 61.3043 52.3 44.9933
    endloop
  endfacet
  facet normal 0 -1 0
    outer loop
      vertex 61.3043 52.3 44.9933
      vertex 62.1 52.3 38
      vertex 62.1 52.3 44.626
    endloop
  endfacet
  facet normal 0.675739 0.737126 0.0045989
    outer loop
      vertex -67.2423 -50.4283 43.499
      vertex -67.7569 -49.9568 43.5382
      vertex -67.6032 -50.0977 43.5382
    endloop
  endfacet
  facet normal 0.675556 0.737309 0
    outer loop
      vertex -67.7569 -49.9568 38
      vertex -67.2423 -50.4283 43.499
      vertex -67.2423 -50.4283 38
    endloop
  endfacet
  facet normal 0.675556 0.737309 0
    outer loop
      vertex -67.2423 -50.4283 43.499
      vertex -67.7569 -49.9568 38
      vertex -67.7569 -49.9568 43.5382
    endloop
  endfacet
  facet normal 0.608789 0.793332 -0
    outer loop
      vertex -66.6886 -50.8532 38
      vertex -67.2423 -50.4283 43.499
      vertex -66.6886 -50.8532 43.499
    endloop
  endfacet
  facet normal 0.608789 0.793332 0
    outer loop
      vertex -67.2423 -50.4283 43.499
      vertex -66.6886 -50.8532 38
      vertex -67.2423 -50.4283 38
    endloop
  endfacet
  facet normal 0.461654 0.88706 -0
    outer loop
      vertex -65.4809 -51.5504 38
      vertex -66.056 -51.2511 43.5627
      vertex -65.4809 -51.5504 43.6166
    endloop
  endfacet
  facet normal 0.46167 0.887052 2.0993e-06
    outer loop
      vertex -66.056 -51.2511 43.5627
      vertex -65.4809 -51.5504 38
      vertex -66.1 -51.2282 43.5548
    endloop
  endfacet
  facet normal 0.461655 0.88706 0
    outer loop
      vertex -66.1 -51.2282 43.5548
      vertex -65.4809 -51.5504 38
      vertex -66.1 -51.2282 38
    endloop
  endfacet
  facet normal 0.13038 0.991464 -0
    outer loop
      vertex -62.7972 -52.2695 38
      vertex -63.4892 -52.1785 44.0925
      vertex -62.7972 -52.2695 44.3311
    endloop
  endfacet
  facet normal 0.13038 0.991464 0
    outer loop
      vertex -63.4892 -52.1785 44.0925
      vertex -62.7972 -52.2695 38
      vertex -63.4892 -52.1785 38
    endloop
  endfacet
  facet normal 0.300713 0.953715 -0
    outer loop
      vertex -64.1705 -52.0274 38
      vertex -64.8362 -51.8175 43.7321
      vertex -64.1705 -52.0274 43.9042
    endloop
  endfacet
  facet normal 0.300713 0.953715 0
    outer loop
      vertex -64.8362 -51.8175 43.7321
      vertex -64.1705 -52.0274 38
      vertex -64.8362 -51.8175 38
    endloop
  endfacet
  facet normal -0.53732 -0.843378 0
    outer loop
      vertex 66.1 51.2282 38
      vertex 66.6886 50.8532 43.499
      vertex 66.1 51.2282 43.5548
    endloop
  endfacet
  facet normal -0.53732 -0.843378 -0
    outer loop
      vertex 66.6886 50.8532 43.499
      vertex 66.1 51.2282 38
      vertex 66.6886 50.8532 38
    endloop
  endfacet
  facet normal -0.461654 -0.88706 0
    outer loop
      vertex 65.4809 51.5504 38
      vertex 66.056 51.2511 43.5627
      vertex 65.4809 51.5504 43.6166
    endloop
  endfacet
  facet normal -0.46167 -0.887052 2.0993e-06
    outer loop
      vertex 66.056 51.2511 43.5627
      vertex 65.4809 51.5504 38
      vertex 66.1 51.2282 43.5548
    endloop
  endfacet
  facet normal -0.461655 -0.88706 -0
    outer loop
      vertex 66.1 51.2282 43.5548
      vertex 65.4809 51.5504 38
      vertex 66.1 51.2282 38
    endloop
  endfacet
  facet normal -0.0437046 -0.999044 0
    outer loop
      vertex 62.1 52.3 38
      vertex 62.7972 52.2695 44.3311
      vertex 62.1 52.3 44.626
    endloop
  endfacet
  facet normal -0.0437046 -0.999044 -0
    outer loop
      vertex 62.7972 52.2695 44.3311
      vertex 62.1 52.3 38
      vertex 62.7972 52.2695 38
    endloop
  endfacet
  facet normal -0.13038 -0.991464 0
    outer loop
      vertex 62.7972 52.2695 38
      vertex 63.4892 52.1785 44.0925
      vertex 62.7972 52.2695 44.3311
    endloop
  endfacet
  facet normal -0.13038 -0.991464 -0
    outer loop
      vertex 63.4892 52.1785 44.0925
      vertex 62.7972 52.2695 38
      vertex 63.4892 52.1785 38
    endloop
  endfacet
  facet normal -0.300713 -0.953715 0
    outer loop
      vertex 64.1705 52.0274 38
      vertex 64.8362 51.8175 43.7321
      vertex 64.1705 52.0274 43.9042
    endloop
  endfacet
  facet normal -0.300713 -0.953715 -0
    outer loop
      vertex 64.8362 51.8175 43.7321
      vertex 64.1705 52.0274 38
      vertex 64.8362 51.8175 38
    endloop
  endfacet
  facet normal -0.843367 0.537338 0
    outer loop
      vertex 69.0282 -48.3 38
      vertex 68.7952 -48.6657 43.7611
      vertex 69.0282 -48.3 43.8267
    endloop
  endfacet
  facet normal -0.843378 0.53732 0
    outer loop
      vertex 68.6532 -48.8886 43.7002
      vertex 69.0282 -48.3 38
      vertex 68.6532 -48.8886 38
    endloop
  endfacet
  facet normal -0.843396 0.537292 -4.06714e-06
    outer loop
      vertex 69.0282 -48.3 38
      vertex 68.6532 -48.8886 43.7002
      vertex 68.7952 -48.6657 43.7611
    endloop
  endfacet
  facet normal -0.923872 -0.382702 0
    outer loop
      vertex 69.6175 47.0361 38
      vertex 69.3504 47.6809 43.9842
      vertex 69.3504 47.6809 38
    endloop
  endfacet
  facet normal -0.923872 -0.382702 0
    outer loop
      vertex 69.3504 47.6809 43.9842
      vertex 69.6175 47.0361 38
      vertex 69.6175 47.0361 44.1922
    endloop
  endfacet
  facet normal 0.382753 -0.923851 0
    outer loop
      vertex -64.8362 51.8175 38
      vertex -65.4809 51.5504 43.6166
      vertex -65.4809 51.5504 38
    endloop
  endfacet
  facet normal 0.382753 -0.923851 0
    outer loop
      vertex -65.4809 51.5504 43.6166
      vertex -64.8362 51.8175 38
      vertex -64.8362 51.8175 43.7321
    endloop
  endfacet
  facet normal 0.216649 -0.97625 1.55377e-05
    outer loop
      vertex -63.4892 52.1785 38
      vertex -64.0583 52.0523 43.9417
      vertex -64.1705 52.0274 43.9042
    endloop
  endfacet
  facet normal 0.216521 -0.976278 0
    outer loop
      vertex -63.4892 52.1785 38
      vertex -64.1705 52.0274 43.9042
      vertex -64.1705 52.0274 38
    endloop
  endfacet
  facet normal 0.216495 -0.976284 0
    outer loop
      vertex -64.0583 52.0523 43.9417
      vertex -63.4892 52.1785 38
      vertex -63.4892 52.1785 44.0925
    endloop
  endfacet
  facet normal 0.88706 -0.461655 0
    outer loop
      vertex -69.3504 47.6809 38
      vertex -69.0282 48.3 43.8267
      vertex -69.3504 47.6809 43.9842
    endloop
  endfacet
  facet normal 0.88706 -0.461655 0
    outer loop
      vertex -69.0282 48.3 43.8267
      vertex -69.3504 47.6809 38
      vertex -69.0282 48.3 38
    endloop
  endfacet
  facet normal 0.999044 -0.0437046 0
    outer loop
      vertex -70.1 44.3 38
      vertex -70.0695 44.9972 44.9554
      vertex -70.1 44.3 45.2538
    endloop
  endfacet
  facet normal 0.999044 -0.0437046 0
    outer loop
      vertex -70.0695 44.9972 44.9554
      vertex -70.1 44.3 38
      vertex -70.0695 44.9972 38
    endloop
  endfacet
  facet normal 0.999044 0.0437046 0
    outer loop
      vertex -70.0695 -44.9972 44.9554
      vertex -70.1 -44.3 38
      vertex -70.1 -44.3 45.2538
    endloop
  endfacet
  facet normal 0.999044 0.0437046 0
    outer loop
      vertex -70.1 -44.3 38
      vertex -70.0695 -44.9972 44.9554
      vertex -70.0695 -44.9972 38
    endloop
  endfacet
  facet normal 0.88706 0.461655 0
    outer loop
      vertex -69.0282 -48.3 43.8267
      vertex -69.3504 -47.6809 38
      vertex -69.3504 -47.6809 43.9842
    endloop
  endfacet
  facet normal 0.88706 0.461655 0
    outer loop
      vertex -69.3504 -47.6809 38
      vertex -69.0282 -48.3 43.8267
      vertex -69.0282 -48.3 38
    endloop
  endfacet
  facet normal 0.53732 0.843378 -0
    outer loop
      vertex -66.1 -51.2282 38
      vertex -66.6886 -50.8532 43.499
      vertex -66.1 -51.2282 43.5548
    endloop
  endfacet
  facet normal 0.53732 0.843378 0
    outer loop
      vertex -66.6886 -50.8532 43.499
      vertex -66.1 -51.2282 38
      vertex -66.6886 -50.8532 38
    endloop
  endfacet
  facet normal 0.382753 0.923851 -0
    outer loop
      vertex -64.8362 -51.8175 38
      vertex -65.4809 -51.5504 43.6166
      vertex -64.8362 -51.8175 43.7321
    endloop
  endfacet
  facet normal 0.382753 0.923851 0
    outer loop
      vertex -65.4809 -51.5504 43.6166
      vertex -64.8362 -51.8175 38
      vertex -65.4809 -51.5504 38
    endloop
  endfacet
  facet normal 0.0437046 0.999044 -0
    outer loop
      vertex -62.1 -52.3 38
      vertex -62.7972 -52.2695 44.3311
      vertex -62.1 -52.3 44.626
    endloop
  endfacet
  facet normal 0.0437046 0.999044 0
    outer loop
      vertex -62.7972 -52.2695 44.3311
      vertex -62.1 -52.3 38
      vertex -62.7972 -52.2695 38
    endloop
  endfacet
  facet normal 0.216495 0.976284 -0
    outer loop
      vertex -63.4892 -52.1785 38
      vertex -64.0583 -52.0523 43.9417
      vertex -63.4892 -52.1785 44.0925
    endloop
  endfacet
  facet normal 0.216649 0.97625 1.55377e-05
    outer loop
      vertex -64.0583 -52.0523 43.9417
      vertex -63.4892 -52.1785 38
      vertex -64.1705 -52.0274 43.9042
    endloop
  endfacet
  facet normal 0.216521 0.976278 0
    outer loop
      vertex -64.1705 -52.0274 43.9042
      vertex -63.4892 -52.1785 38
      vertex -64.1705 -52.0274 38
    endloop
  endfacet
  facet normal -0.88706 0.461655 0
    outer loop
      vertex 69.0282 -48.3 43.8267
      vertex 69.3504 -47.6809 38
      vertex 69.0282 -48.3 38
    endloop
  endfacet
  facet normal -0.88706 0.461655 0
    outer loop
      vertex 69.3504 -47.6809 38
      vertex 69.0282 -48.3 43.8267
      vertex 69.3504 -47.6809 43.9842
    endloop
  endfacet
  facet normal -0.976278 0.216521 0
    outer loop
      vertex 69.8274 -46.3705 44.4022
      vertex 69.9785 -45.6892 38
      vertex 69.8274 -46.3705 38
    endloop
  endfacet
  facet normal -0.976278 0.216521 0
    outer loop
      vertex 69.9785 -45.6892 38
      vertex 69.8274 -46.3705 44.4022
      vertex 69.9785 -45.6892 44.6558
    endloop
  endfacet
  facet normal -0.953735 0.300648 0
    outer loop
      vertex 69.8274 -46.3705 38
      vertex 69.637 -46.9745 44.216
      vertex 69.8274 -46.3705 44.4022
    endloop
  endfacet
  facet normal -0.953702 0.300754 0
    outer loop
      vertex 69.6175 -47.0361 44.1922
      vertex 69.8274 -46.3705 38
      vertex 69.6175 -47.0361 38
    endloop
  endfacet
  facet normal -0.953385 0.301756 0.000118453
    outer loop
      vertex 69.8274 -46.3705 38
      vertex 69.6175 -47.0361 44.1922
      vertex 69.637 -46.9745 44.216
    endloop
  endfacet
  facet normal -0.992486 0.122361 0
    outer loop
      vertex 70.0695 -44.9972 38
      vertex 70.0686 -45.0045 44.9528
      vertex 70.0695 -44.9972 44.9554
    endloop
  endfacet
  facet normal -0.991464 0.13038 0
    outer loop
      vertex 69.9785 -45.6892 44.6558
      vertex 70.0695 -44.9972 38
      vertex 69.9785 -45.6892 38
    endloop
  endfacet
  facet normal -0.991453 0.130462 8.63898e-06
    outer loop
      vertex 70.0695 -44.9972 38
      vertex 69.9785 -45.6892 44.6558
      vertex 70.0686 -45.0045 44.9528
    endloop
  endfacet
  facet normal -0.675739 0.737126 0.0045989
    outer loop
      vertex 67.7569 -49.9568 43.5382
      vertex 67.2423 -50.4283 43.499
      vertex 67.6032 -50.0977 43.5382
    endloop
  endfacet
  facet normal -0.675556 0.737309 0
    outer loop
      vertex 67.7569 -49.9568 38
      vertex 67.2423 -50.4283 43.499
      vertex 67.7569 -49.9568 43.5382
    endloop
  endfacet
  facet normal -0.675556 0.737309 0
    outer loop
      vertex 67.2423 -50.4283 43.499
      vertex 67.7569 -49.9568 38
      vertex 67.2423 -50.4283 38
    endloop
  endfacet
  facet normal -0.608789 0.793332 0
    outer loop
      vertex 67.2423 -50.4283 38
      vertex 66.6886 -50.8532 43.499
      vertex 67.2423 -50.4283 43.499
    endloop
  endfacet
  facet normal -0.608789 0.793332 0
    outer loop
      vertex 66.6886 -50.8532 43.499
      vertex 67.2423 -50.4283 38
      vertex 66.6886 -50.8532 38
    endloop
  endfacet
  facet normal -0.737315 0.675549 0
    outer loop
      vertex 67.7569 -49.9568 43.5382
      vertex 68.2283 -49.4423 38
      vertex 67.7569 -49.9568 38
    endloop
  endfacet
  facet normal -0.737315 0.675549 0
    outer loop
      vertex 68.2283 -49.4423 38
      vertex 67.7569 -49.9568 43.5382
      vertex 68.2283 -49.4423 43.5923
    endloop
  endfacet
  facet normal -0.46167 0.887052 2.0993e-06
    outer loop
      vertex 65.4809 -51.5504 38
      vertex 66.056 -51.2511 43.5627
      vertex 66.1 -51.2282 43.5548
    endloop
  endfacet
  facet normal -0.461655 0.88706 0
    outer loop
      vertex 65.4809 -51.5504 38
      vertex 66.1 -51.2282 43.5548
      vertex 66.1 -51.2282 38
    endloop
  endfacet
  facet normal -0.461654 0.88706 0
    outer loop
      vertex 66.056 -51.2511 43.5627
      vertex 65.4809 -51.5504 38
      vertex 65.4809 -51.5504 43.6166
    endloop
  endfacet
  facet normal -0.53732 0.843378 0
    outer loop
      vertex 66.1 -51.2282 38
      vertex 66.6886 -50.8532 43.499
      vertex 66.6886 -50.8532 38
    endloop
  endfacet
  facet normal -0.53732 0.843378 0
    outer loop
      vertex 66.6886 -50.8532 43.499
      vertex 66.1 -51.2282 38
      vertex 66.1 -51.2282 43.5548
    endloop
  endfacet
  facet normal -0.300713 0.953715 0
    outer loop
      vertex 64.1705 -52.0274 38
      vertex 64.8362 -51.8175 43.7321
      vertex 64.8362 -51.8175 38
    endloop
  endfacet
  facet normal -0.300713 0.953715 0
    outer loop
      vertex 64.8362 -51.8175 43.7321
      vertex 64.1705 -52.0274 38
      vertex 64.1705 -52.0274 43.9042
    endloop
  endfacet
  facet normal -0.991464 -0.13038 0
    outer loop
      vertex 70.0695 44.9972 38
      vertex 69.9785 45.6892 44.6558
      vertex 69.9785 45.6892 38
    endloop
  endfacet
  facet normal -0.991453 -0.130462 8.63898e-06
    outer loop
      vertex 69.9785 45.6892 44.6558
      vertex 70.0695 44.9972 38
      vertex 70.0686 45.0045 44.9528
    endloop
  endfacet
  facet normal -0.992486 -0.122361 0
    outer loop
      vertex 70.0686 45.0045 44.9528
      vertex 70.0695 44.9972 38
      vertex 70.0695 44.9972 44.9554
    endloop
  endfacet
  facet normal -0.953702 -0.300754 0
    outer loop
      vertex 69.8274 46.3705 38
      vertex 69.6175 47.0361 44.1922
      vertex 69.6175 47.0361 38
    endloop
  endfacet
  facet normal -0.953385 -0.301756 0.000118453
    outer loop
      vertex 69.6175 47.0361 44.1922
      vertex 69.8274 46.3705 38
      vertex 69.637 46.9745 44.216
    endloop
  endfacet
  facet normal -0.953735 -0.300648 0
    outer loop
      vertex 69.637 46.9745 44.216
      vertex 69.8274 46.3705 38
      vertex 69.8274 46.3705 44.4022
    endloop
  endfacet
  facet normal -0.999044 -0.0437046 0
    outer loop
      vertex 70.1 44.3 38
      vertex 70.0695 44.9972 44.9554
      vertex 70.0695 44.9972 38
    endloop
  endfacet
  facet normal -0.999044 -0.0437046 0
    outer loop
      vertex 70.0695 44.9972 44.9554
      vertex 70.1 44.3 38
      vertex 70.1 44.3 45.2538
    endloop
  endfacet
  facet normal -0.88706 -0.461655 0
    outer loop
      vertex 69.3504 47.6809 38
      vertex 69.0282 48.3 43.8267
      vertex 69.0282 48.3 38
    endloop
  endfacet
  facet normal -0.88706 -0.461655 0
    outer loop
      vertex 69.0282 48.3 43.8267
      vertex 69.3504 47.6809 38
      vertex 69.3504 47.6809 43.9842
    endloop
  endfacet
  facet normal -0.793332 -0.608789 0
    outer loop
      vertex 68.6532 48.8886 38
      vertex 68.2283 49.4423 43.5923
      vertex 68.2283 49.4423 38
    endloop
  endfacet
  facet normal -0.793332 -0.608789 0
    outer loop
      vertex 68.2283 49.4423 43.5923
      vertex 68.6532 48.8886 38
      vertex 68.6532 48.8886 43.7002
    endloop
  endfacet
  facet normal -0.843378 -0.53732 0
    outer loop
      vertex 69.0282 48.3 38
      vertex 68.6532 48.8886 43.7002
      vertex 68.6532 48.8886 38
    endloop
  endfacet
  facet normal -0.843396 -0.537292 -4.06714e-06
    outer loop
      vertex 68.6532 48.8886 43.7002
      vertex 69.0282 48.3 38
      vertex 68.7952 48.6657 43.7611
    endloop
  endfacet
  facet normal -0.843367 -0.537338 0
    outer loop
      vertex 68.7952 48.6657 43.7611
      vertex 69.0282 48.3 38
      vertex 69.0282 48.3 43.8267
    endloop
  endfacet
  facet normal -0.675739 -0.737126 0.0045989
    outer loop
      vertex 67.2423 50.4283 43.499
      vertex 67.7569 49.9568 43.5382
      vertex 67.6032 50.0977 43.5382
    endloop
  endfacet
  facet normal -0.675556 -0.737309 0
    outer loop
      vertex 67.7569 49.9568 38
      vertex 67.2423 50.4283 43.499
      vertex 67.2423 50.4283 38
    endloop
  endfacet
  facet normal -0.675556 -0.737309 0
    outer loop
      vertex 67.2423 50.4283 43.499
      vertex 67.7569 49.9568 38
      vertex 67.7569 49.9568 43.5382
    endloop
  endfacet
  facet normal 0.300713 -0.953715 0
    outer loop
      vertex -64.1705 52.0274 38
      vertex -64.8362 51.8175 43.7321
      vertex -64.8362 51.8175 38
    endloop
  endfacet
  facet normal 0.300713 -0.953715 0
    outer loop
      vertex -64.8362 51.8175 43.7321
      vertex -64.1705 52.0274 38
      vertex -64.1705 52.0274 43.9042
    endloop
  endfacet
  facet normal 0.46167 -0.887052 2.0993e-06
    outer loop
      vertex -65.4809 51.5504 38
      vertex -66.056 51.2511 43.5627
      vertex -66.1 51.2282 43.5548
    endloop
  endfacet
  facet normal 0.461655 -0.88706 0
    outer loop
      vertex -65.4809 51.5504 38
      vertex -66.1 51.2282 43.5548
      vertex -66.1 51.2282 38
    endloop
  endfacet
  facet normal 0.461654 -0.88706 0
    outer loop
      vertex -66.056 51.2511 43.5627
      vertex -65.4809 51.5504 38
      vertex -65.4809 51.5504 43.6166
    endloop
  endfacet
  facet normal 0.675739 -0.737126 0.0045989
    outer loop
      vertex -67.7569 49.9568 43.5382
      vertex -67.2423 50.4283 43.499
      vertex -67.6032 50.0977 43.5382
    endloop
  endfacet
  facet normal 0.675556 -0.737309 0
    outer loop
      vertex -67.7569 49.9568 38
      vertex -67.2423 50.4283 43.499
      vertex -67.7569 49.9568 43.5382
    endloop
  endfacet
  facet normal 0.675556 -0.737309 0
    outer loop
      vertex -67.2423 50.4283 43.499
      vertex -67.7569 49.9568 38
      vertex -67.2423 50.4283 38
    endloop
  endfacet
  facet normal 0.923872 -0.382702 0
    outer loop
      vertex -69.6175 47.0361 38
      vertex -69.3504 47.6809 43.9842
      vertex -69.6175 47.0361 44.1922
    endloop
  endfacet
  facet normal 0.923872 -0.382702 0
    outer loop
      vertex -69.3504 47.6809 43.9842
      vertex -69.6175 47.0361 38
      vertex -69.3504 47.6809 38
    endloop
  endfacet
  facet normal 0.976278 -0.216521 0
    outer loop
      vertex -69.9785 45.6892 38
      vertex -69.8274 46.3705 44.4022
      vertex -69.9785 45.6892 44.6558
    endloop
  endfacet
  facet normal 0.976278 -0.216521 0
    outer loop
      vertex -69.8274 46.3705 44.4022
      vertex -69.9785 45.6892 38
      vertex -69.8274 46.3705 38
    endloop
  endfacet
  facet normal 0.953385 -0.301756 0.000118453
    outer loop
      vertex -69.8274 46.3705 38
      vertex -69.6175 47.0361 44.1922
      vertex -69.637 46.9745 44.216
    endloop
  endfacet
  facet normal 0.953735 -0.300648 0
    outer loop
      vertex -69.8274 46.3705 38
      vertex -69.637 46.9745 44.216
      vertex -69.8274 46.3705 44.4022
    endloop
  endfacet
  facet normal 0.953702 -0.300754 0
    outer loop
      vertex -69.6175 47.0361 44.1922
      vertex -69.8274 46.3705 38
      vertex -69.6175 47.0361 38
    endloop
  endfacet
  facet normal 0.991453 -0.130462 8.63898e-06
    outer loop
      vertex -70.0695 44.9972 38
      vertex -69.9785 45.6892 44.6558
      vertex -70.0686 45.0045 44.9528
    endloop
  endfacet
  facet normal 0.992486 -0.122361 0
    outer loop
      vertex -70.0695 44.9972 38
      vertex -70.0686 45.0045 44.9528
      vertex -70.0695 44.9972 44.9554
    endloop
  endfacet
  facet normal 0.991464 -0.13038 0
    outer loop
      vertex -69.9785 45.6892 44.6558
      vertex -70.0695 44.9972 38
      vertex -69.9785 45.6892 38
    endloop
  endfacet
  facet normal 0.843367 0.537338 0
    outer loop
      vertex -68.7952 -48.6657 43.7611
      vertex -69.0282 -48.3 38
      vertex -69.0282 -48.3 43.8267
    endloop
  endfacet
  facet normal 0.843396 0.537292 -4.06714e-06
    outer loop
      vertex -68.6532 -48.8886 43.7002
      vertex -69.0282 -48.3 38
      vertex -68.7952 -48.6657 43.7611
    endloop
  endfacet
  facet normal 0.843378 0.53732 0
    outer loop
      vertex -69.0282 -48.3 38
      vertex -68.6532 -48.8886 43.7002
      vertex -68.6532 -48.8886 38
    endloop
  endfacet
  facet normal 0.737315 0.675549 0
    outer loop
      vertex -67.7569 -49.9568 43.5382
      vertex -68.2283 -49.4423 38
      vertex -68.2283 -49.4423 43.5923
    endloop
  endfacet
  facet normal 0.737315 0.675549 0
    outer loop
      vertex -68.2283 -49.4423 38
      vertex -67.7569 -49.9568 43.5382
      vertex -67.7569 -49.9568 38
    endloop
  endfacet
  facet normal 0.793332 0.608789 0
    outer loop
      vertex -68.2283 -49.4423 43.5923
      vertex -68.6532 -48.8886 38
      vertex -68.6532 -48.8886 43.7002
    endloop
  endfacet
  facet normal 0.793332 0.608789 0
    outer loop
      vertex -68.6532 -48.8886 38
      vertex -68.2283 -49.4423 43.5923
      vertex -68.2283 -49.4423 38
    endloop
  endfacet
  facet normal 0.992486 0.122361 0
    outer loop
      vertex -70.0686 -45.0045 44.9528
      vertex -70.0695 -44.9972 38
      vertex -70.0695 -44.9972 44.9554
    endloop
  endfacet
  facet normal 0.991453 0.130462 8.63898e-06
    outer loop
      vertex -69.9785 -45.6892 44.6558
      vertex -70.0695 -44.9972 38
      vertex -70.0686 -45.0045 44.9528
    endloop
  endfacet
  facet normal 0.991464 0.13038 0
    outer loop
      vertex -70.0695 -44.9972 38
      vertex -69.9785 -45.6892 44.6558
      vertex -69.9785 -45.6892 38
    endloop
  endfacet
  facet normal 0.976278 0.216521 0
    outer loop
      vertex -69.8274 -46.3705 44.4022
      vertex -69.9785 -45.6892 38
      vertex -69.9785 -45.6892 44.6558
    endloop
  endfacet
  facet normal 0.976278 0.216521 0
    outer loop
      vertex -69.9785 -45.6892 38
      vertex -69.8274 -46.3705 44.4022
      vertex -69.8274 -46.3705 38
    endloop
  endfacet
  facet normal 0.923872 0.382702 0
    outer loop
      vertex -69.3504 -47.6809 43.9842
      vertex -69.6175 -47.0361 38
      vertex -69.6175 -47.0361 44.1922
    endloop
  endfacet
  facet normal 0.923872 0.382702 0
    outer loop
      vertex -69.6175 -47.0361 38
      vertex -69.3504 -47.6809 43.9842
      vertex -69.3504 -47.6809 38
    endloop
  endfacet
  facet normal -0.923872 0.382702 0
    outer loop
      vertex 69.3504 -47.6809 43.9842
      vertex 69.6175 -47.0361 38
      vertex 69.3504 -47.6809 38
    endloop
  endfacet
  facet normal -0.923872 0.382702 0
    outer loop
      vertex 69.6175 -47.0361 38
      vertex 69.3504 -47.6809 43.9842
      vertex 69.6175 -47.0361 44.1922
    endloop
  endfacet
  facet normal -0.382753 0.923851 0
    outer loop
      vertex 64.8362 -51.8175 38
      vertex 65.4809 -51.5504 43.6166
      vertex 65.4809 -51.5504 38
    endloop
  endfacet
  facet normal -0.382753 0.923851 0
    outer loop
      vertex 65.4809 -51.5504 43.6166
      vertex 64.8362 -51.8175 38
      vertex 64.8362 -51.8175 43.7321
    endloop
  endfacet
  facet normal -0.976278 -0.216521 0
    outer loop
      vertex 69.9785 45.6892 38
      vertex 69.8274 46.3705 44.4022
      vertex 69.8274 46.3705 38
    endloop
  endfacet
  facet normal -0.976278 -0.216521 0
    outer loop
      vertex 69.8274 46.3705 44.4022
      vertex 69.9785 45.6892 38
      vertex 69.9785 45.6892 44.6558
    endloop
  endfacet
  facet normal -0.737315 -0.675549 0
    outer loop
      vertex 68.2283 49.4423 38
      vertex 67.7569 49.9568 43.5382
      vertex 67.7569 49.9568 38
    endloop
  endfacet
  facet normal -0.737315 -0.675549 0
    outer loop
      vertex 67.7569 49.9568 43.5382
      vertex 68.2283 49.4423 38
      vertex 68.2283 49.4423 43.5923
    endloop
  endfacet
  facet normal 0.953735 0.300648 0
    outer loop
      vertex -69.637 -46.9745 44.216
      vertex -69.8274 -46.3705 38
      vertex -69.8274 -46.3705 44.4022
    endloop
  endfacet
  facet normal 0.953385 0.301756 0.000118453
    outer loop
      vertex -69.6175 -47.0361 44.1922
      vertex -69.8274 -46.3705 38
      vertex -69.637 -46.9745 44.216
    endloop
  endfacet
  facet normal 0.953702 0.300754 0
    outer loop
      vertex -69.8274 -46.3705 38
      vertex -69.6175 -47.0361 44.1922
      vertex -69.6175 -47.0361 38
    endloop
  endfacet
  facet normal 0.608789 -0.793332 0
    outer loop
      vertex -67.2423 50.4283 38
      vertex -66.6886 50.8532 43.499
      vertex -67.2423 50.4283 43.499
    endloop
  endfacet
  facet normal 0.608789 -0.793332 0
    outer loop
      vertex -66.6886 50.8532 43.499
      vertex -67.2423 50.4283 38
      vertex -66.6886 50.8532 38
    endloop
  endfacet
  facet normal 0.53732 -0.843378 0
    outer loop
      vertex -66.1 51.2282 38
      vertex -66.6886 50.8532 43.499
      vertex -66.6886 50.8532 38
    endloop
  endfacet
  facet normal 0.53732 -0.843378 0
    outer loop
      vertex -66.6886 50.8532 43.499
      vertex -66.1 51.2282 38
      vertex -66.1 51.2282 43.5548
    endloop
  endfacet
  facet normal 0.843396 -0.537292 -4.06714e-06
    outer loop
      vertex -69.0282 48.3 38
      vertex -68.6532 48.8886 43.7002
      vertex -68.7952 48.6657 43.7611
    endloop
  endfacet
  facet normal 0.843367 -0.537338 0
    outer loop
      vertex -69.0282 48.3 38
      vertex -68.7952 48.6657 43.7611
      vertex -69.0282 48.3 43.8267
    endloop
  endfacet
  facet normal 0.843378 -0.53732 0
    outer loop
      vertex -68.6532 48.8886 43.7002
      vertex -69.0282 48.3 38
      vertex -68.6532 48.8886 38
    endloop
  endfacet
  facet normal 0.793332 -0.608789 0
    outer loop
      vertex -68.6532 48.8886 38
      vertex -68.2283 49.4423 43.5923
      vertex -68.6532 48.8886 43.7002
    endloop
  endfacet
  facet normal 0.793332 -0.608789 0
    outer loop
      vertex -68.2283 49.4423 43.5923
      vertex -68.6532 48.8886 38
      vertex -68.2283 49.4423 38
    endloop
  endfacet
  facet normal 0.737315 -0.675549 0
    outer loop
      vertex -68.2283 49.4423 38
      vertex -67.7569 49.9568 43.5382
      vertex -68.2283 49.4423 43.5923
    endloop
  endfacet
  facet normal 0.737315 -0.675549 0
    outer loop
      vertex -67.7569 49.9568 43.5382
      vertex -68.2283 49.4423 38
      vertex -67.7569 49.9568 38
    endloop
  endfacet
  facet normal 1 0 0
    outer loop
      vertex -62 56.2219 40.694
      vertex -62 57.6259 38
      vertex -62 57.6259 39
    endloop
  endfacet
  facet normal 1 0 0
    outer loop
      vertex -62 53 38
      vertex -62 56.2219 40.694
      vertex -62 54.5334 42.5244
    endloop
  endfacet
  facet normal 1 0 0
    outer loop
      vertex -62 53 38
      vertex -62 54.5334 42.5244
      vertex -62 53 44.0258
    endloop
  endfacet
  facet normal 1 0 0
    outer loop
      vertex -62 56.2219 40.694
      vertex -62 53 38
      vertex -62 57.6259 38
    endloop
  endfacet
  facet normal -1 0 0
    outer loop
      vertex 62 57.6259 38
      vertex 62 56.2219 40.694
      vertex 62 57.6259 39
    endloop
  endfacet
  facet normal -1 0 0
    outer loop
      vertex 62 53 38
      vertex 62 56.2219 40.694
      vertex 62 57.6259 38
    endloop
  endfacet
  facet normal -1 -0 0
    outer loop
      vertex 62 56.2219 40.694
      vertex 62 53 38
      vertex 62 54.5334 42.5244
    endloop
  endfacet
  facet normal -1 -0 0
    outer loop
      vertex 62 54.5334 42.5244
      vertex 62 53 38
      vertex 62 53 44.0258
    endloop
  endfacet
  facet normal 0 1 0
    outer loop
      vertex 62 53 38
      vertex 49.7647 53 47.2353
      vertex 51.82 53 47.0974
    endloop
  endfacet
  facet normal 0 1 0
    outer loop
      vertex 49.7647 53 47.2353
      vertex 62 53 38
      vertex -49.7647 53 47.2353
    endloop
  endfacet
  facet normal 0 1 0
    outer loop
      vertex 62 53 38
      vertex 51.82 53 47.0974
      vertex 54.1355 53 46.6848
    endloop
  endfacet
  facet normal 0 1 0
    outer loop
      vertex -62 53 38
      vertex -49.7647 53 47.2353
      vertex 62 53 38
    endloop
  endfacet
  facet normal 0 1 0
    outer loop
      vertex 62 53 38
      vertex 54.1355 53 46.6848
      vertex 56.6934 53 46.0006
    endloop
  endfacet
  facet normal 0 1 0
    outer loop
      vertex -49.7647 53 47.2353
      vertex -62 53 38
      vertex -51.82 53 47.0974
    endloop
  endfacet
  facet normal 0 1 0
    outer loop
      vertex 62 53 38
      vertex 56.6934 53 46.0006
      vertex 59.4744 53 45.05
    endloop
  endfacet
  facet normal 0 1 0
    outer loop
      vertex -51.82 53 47.0974
      vertex -62 53 38
      vertex -54.1355 53 46.6848
    endloop
  endfacet
  facet normal 0 1 -0
    outer loop
      vertex 62 53 38
      vertex 59.4744 53 45.05
      vertex 62 53 44.0258
    endloop
  endfacet
  facet normal 0 1 0
    outer loop
      vertex -54.1355 53 46.6848
      vertex -62 53 38
      vertex -56.6934 53 46.0006
    endloop
  endfacet
  facet normal 0 1 0
    outer loop
      vertex -56.6934 53 46.0006
      vertex -62 53 38
      vertex -59.4744 53 45.05
    endloop
  endfacet
  facet normal 0 1 0
    outer loop
      vertex -59.4744 53 45.05
      vertex -62 53 38
      vertex -62 53 44.0258
    endloop
  endfacet
  facet normal -0.999048 0 -0.0436274
    outer loop
      vertex 8.5 -67 50
      vertex 8.46765 -58 50.7408
      vertex 8.5 -58 50
    endloop
  endfacet
  facet normal -0.999048 -0 -0.0436274
    outer loop
      vertex 8.46765 -58 50.7408
      vertex 8.5 -67 50
      vertex 8.46765 -67 50.7408
    endloop
  endfacet
  facet normal -0.991447 0 -0.130512
    outer loop
      vertex 8.46765 -67 50.7408
      vertex 8.37087 -58 51.476
      vertex 8.46765 -58 50.7408
    endloop
  endfacet
  facet normal -0.991447 -0 -0.130512
    outer loop
      vertex 8.37087 -58 51.476
      vertex 8.46765 -67 50.7408
      vertex 8.37087 -67 51.476
    endloop
  endfacet
  facet normal 0.0435587 0 -0.999051
    outer loop
      vertex -0.740824 -67 58.4677
      vertex 0 -58 58.5
      vertex 0 -67 58.5
    endloop
  endfacet
  facet normal 0.0435587 0 -0.999051
    outer loop
      vertex 0 -58 58.5
      vertex -0.740824 -67 58.4677
      vertex -0.740824 -58 58.4677
    endloop
  endfacet
  facet normal -0.675607 0 -0.737262
    outer loop
      vertex 5.46369 -67 56.5114
      vertex 6.01041 -58 56.0104
      vertex 6.01041 -67 56.0104
    endloop
  endfacet
  facet normal -0.675607 0 -0.737262
    outer loop
      vertex 6.01041 -58 56.0104
      vertex 5.46369 -67 56.5114
      vertex 5.46369 -58 56.5114
    endloop
  endfacet
  facet normal 0.737269 0 -0.675599
    outer loop
      vertex -6.01041 -67 56.0104
      vertex -6.51138 -58 55.4637
      vertex -6.01041 -58 56.0104
    endloop
  endfacet
  facet normal 0.737269 0 -0.675599
    outer loop
      vertex -6.51138 -58 55.4637
      vertex -6.01041 -67 56.0104
      vertex -6.51138 -67 55.4637
    endloop
  endfacet
  facet normal 0.382719 0 -0.923865
    outer loop
      vertex -3.59225 -67 57.7036
      vertex -2.90717 -58 57.9874
      vertex -2.90717 -67 57.9874
    endloop
  endfacet
  facet normal 0.382719 0 -0.923865
    outer loop
      vertex -2.90717 -58 57.9874
      vertex -3.59225 -67 57.7036
      vertex -3.59225 -58 57.7036
    endloop
  endfacet
  facet normal -0.130541 0 0.991443
    outer loop
      vertex 0.740824 -58 41.5323
      vertex 1.47601 -67 41.6291
      vertex 1.47601 -58 41.6291
    endloop
  endfacet
  facet normal -0.130541 0 0.991443
    outer loop
      vertex 1.47601 -67 41.6291
      vertex 0.740824 -58 41.5323
      vertex 0.740824 -67 41.5323
    endloop
  endfacet
  facet normal -0.923883 0 -0.382675
    outer loop
      vertex 7.98739 -67 52.9072
      vertex 7.70362 -58 53.5923
      vertex 7.98739 -58 52.9072
    endloop
  endfacet
  facet normal -0.923883 -0 -0.382675
    outer loop
      vertex 7.70362 -58 53.5923
      vertex 7.98739 -67 52.9072
      vertex 7.70362 -67 53.5923
    endloop
  endfacet
  facet normal -0.300727 0 -0.95371
    outer loop
      vertex 2.19996 -67 58.2104
      vertex 2.90717 -58 57.9874
      vertex 2.90717 -67 57.9874
    endloop
  endfacet
  facet normal -0.300727 0 -0.95371
    outer loop
      vertex 2.90717 -58 57.9874
      vertex 2.19996 -67 58.2104
      vertex 2.19996 -58 58.2104
    endloop
  endfacet
  facet normal -0.537277 0 -0.843406
    outer loop
      vertex 4.25 -67 57.3612
      vertex 4.8754 -58 56.9628
      vertex 4.8754 -67 56.9628
    endloop
  endfacet
  facet normal -0.537277 0 -0.843406
    outer loop
      vertex 4.8754 -58 56.9628
      vertex 4.25 -67 57.3612
      vertex 4.25 -58 57.3612
    endloop
  endfacet
  facet normal 0.953717 0 -0.300707
    outer loop
      vertex -7.98739 -67 52.9072
      vertex -8.21037 -58 52.2
      vertex -7.98739 -58 52.9072
    endloop
  endfacet
  facet normal 0.953717 0 -0.300707
    outer loop
      vertex -8.21037 -58 52.2
      vertex -7.98739 -67 52.9072
      vertex -8.21037 -67 52.2
    endloop
  endfacet
  facet normal 0.793359 0 -0.608754
    outer loop
      vertex -6.51138 -67 55.4637
      vertex -6.96279 -58 54.8754
      vertex -6.51138 -58 55.4637
    endloop
  endfacet
  facet normal 0.793359 0 -0.608754
    outer loop
      vertex -6.96279 -58 54.8754
      vertex -6.51138 -67 55.4637
      vertex -6.96279 -67 54.8754
    endloop
  endfacet
  facet normal 0.216445 0 -0.976295
    outer loop
      vertex -2.19996 -67 58.2104
      vertex -1.47601 -58 58.3709
      vertex -1.47601 -67 58.3709
    endloop
  endfacet
  facet normal 0.216445 0 -0.976295
    outer loop
      vertex -1.47601 -58 58.3709
      vertex -2.19996 -67 58.2104
      vertex -2.19996 -58 58.2104
    endloop
  endfacet
  facet normal 0.608752 0 0.79336
    outer loop
      vertex -5.46369 -58 43.4886
      vertex -4.8754 -67 43.0372
      vertex -4.8754 -58 43.0372
    endloop
  endfacet
  facet normal 0.608752 0 0.79336
    outer loop
      vertex -4.8754 -67 43.0372
      vertex -5.46369 -58 43.4886
      vertex -5.46369 -67 43.4886
    endloop
  endfacet
  facet normal -0.976298 0 -0.216431
    outer loop
      vertex 8.37087 -67 51.476
      vertex 8.21037 -58 52.2
      vertex 8.37087 -58 51.476
    endloop
  endfacet
  facet normal -0.976298 -0 -0.216431
    outer loop
      vertex 8.21037 -58 52.2
      vertex 8.37087 -67 51.476
      vertex 8.21037 -67 52.2
    endloop
  endfacet
  facet normal -0.793359 0 -0.608754
    outer loop
      vertex 6.96279 -67 54.8754
      vertex 6.51138 -58 55.4637
      vertex 6.96279 -58 54.8754
    endloop
  endfacet
  facet normal -0.793359 -0 -0.608754
    outer loop
      vertex 6.51138 -58 55.4637
      vertex 6.96279 -67 54.8754
      vertex 6.51138 -67 55.4637
    endloop
  endfacet
  facet normal -0.130541 0 -0.991443
    outer loop
      vertex 0.740824 -67 58.4677
      vertex 1.47601 -58 58.3709
      vertex 1.47601 -67 58.3709
    endloop
  endfacet
  facet normal -0.130541 0 -0.991443
    outer loop
      vertex 1.47601 -58 58.3709
      vertex 0.740824 -67 58.4677
      vertex 0.740824 -58 58.4677
    endloop
  endfacet
  facet normal -0.216445 0 -0.976295
    outer loop
      vertex 1.47601 -67 58.3709
      vertex 2.19996 -58 58.2104
      vertex 2.19996 -67 58.2104
    endloop
  endfacet
  facet normal -0.216445 0 -0.976295
    outer loop
      vertex 2.19996 -58 58.2104
      vertex 1.47601 -67 58.3709
      vertex 1.47601 -58 58.3709
    endloop
  endfacet
  facet normal -0.608752 0 -0.79336
    outer loop
      vertex 4.8754 -67 56.9628
      vertex 5.46369 -58 56.5114
      vertex 5.46369 -67 56.5114
    endloop
  endfacet
  facet normal -0.608752 0 -0.79336
    outer loop
      vertex 5.46369 -58 56.5114
      vertex 4.8754 -67 56.9628
      vertex 4.8754 -58 56.9628
    endloop
  endfacet
  facet normal 0.991447 0 -0.130512
    outer loop
      vertex -8.37087 -67 51.476
      vertex -8.46765 -58 50.7408
      vertex -8.37087 -58 51.476
    endloop
  endfacet
  facet normal 0.991447 0 -0.130512
    outer loop
      vertex -8.46765 -58 50.7408
      vertex -8.37087 -67 51.476
      vertex -8.46765 -67 50.7408
    endloop
  endfacet
  facet normal 0 -1 0
    outer loop
      vertex -0.740824 -58 58.4677
      vertex 0.740824 -58 58.4677
      vertex 0 -58 58.5
    endloop
  endfacet
  facet normal 0 -1 0
    outer loop
      vertex -1.47601 -58 58.3709
      vertex 0.740824 -58 58.4677
      vertex -0.740824 -58 58.4677
    endloop
  endfacet
  facet normal 0 -1 0
    outer loop
      vertex -1.47601 -58 58.3709
      vertex 1.47601 -58 58.3709
      vertex 0.740824 -58 58.4677
    endloop
  endfacet
  facet normal 0 -1 0
    outer loop
      vertex -2.19996 -58 58.2104
      vertex 1.47601 -58 58.3709
      vertex -1.47601 -58 58.3709
    endloop
  endfacet
  facet normal 0 -1 0
    outer loop
      vertex -2.19996 -58 58.2104
      vertex 2.19996 -58 58.2104
      vertex 1.47601 -58 58.3709
    endloop
  endfacet
  facet normal 0 -1 0
    outer loop
      vertex -2.90717 -58 57.9874
      vertex 2.19996 -58 58.2104
      vertex -2.19996 -58 58.2104
    endloop
  endfacet
  facet normal 0 -1 0
    outer loop
      vertex -2.90717 -58 57.9874
      vertex 2.90717 -58 57.9874
      vertex 2.19996 -58 58.2104
    endloop
  endfacet
  facet normal 0 -1 0
    outer loop
      vertex -3.59225 -58 57.7036
      vertex 2.90717 -58 57.9874
      vertex -2.90717 -58 57.9874
    endloop
  endfacet
  facet normal 0 -1 0
    outer loop
      vertex -3.59225 -58 57.7036
      vertex 3.59225 -58 57.7036
      vertex 2.90717 -58 57.9874
    endloop
  endfacet
  facet normal 0 -1 0
    outer loop
      vertex -4.25 -58 57.3612
      vertex 3.59225 -58 57.7036
      vertex -3.59225 -58 57.7036
    endloop
  endfacet
  facet normal 0 -1 0
    outer loop
      vertex -4.25 -58 57.3612
      vertex 4.25 -58 57.3612
      vertex 3.59225 -58 57.7036
    endloop
  endfacet
  facet normal 0 -1 0
    outer loop
      vertex -4.8754 -58 56.9628
      vertex 4.25 -58 57.3612
      vertex -4.25 -58 57.3612
    endloop
  endfacet
  facet normal 0 -1 0
    outer loop
      vertex -4.8754 -58 56.9628
      vertex 4.8754 -58 56.9628
      vertex 4.25 -58 57.3612
    endloop
  endfacet
  facet normal 0 -1 0
    outer loop
      vertex -5.46369 -58 56.5114
      vertex 4.8754 -58 56.9628
      vertex -4.8754 -58 56.9628
    endloop
  endfacet
  facet normal 0 -1 0
    outer loop
      vertex -5.46369 -58 56.5114
      vertex 5.46369 -58 56.5114
      vertex 4.8754 -58 56.9628
    endloop
  endfacet
  facet normal 0 -1 0
    outer loop
      vertex -6.01041 -58 56.0104
      vertex 5.46369 -58 56.5114
      vertex -5.46369 -58 56.5114
    endloop
  endfacet
  facet normal 0 -1 0
    outer loop
      vertex -6.01041 -58 56.0104
      vertex 6.01041 -58 56.0104
      vertex 5.46369 -58 56.5114
    endloop
  endfacet
  facet normal 0 -1 0
    outer loop
      vertex -6.51138 -58 55.4637
      vertex 6.01041 -58 56.0104
      vertex -6.01041 -58 56.0104
    endloop
  endfacet
  facet normal 0 -1 0
    outer loop
      vertex -6.51138 -58 55.4637
      vertex 6.51138 -58 55.4637
      vertex 6.01041 -58 56.0104
    endloop
  endfacet
  facet normal 0 -1 0
    outer loop
      vertex -6.96279 -58 54.8754
      vertex 6.51138 -58 55.4637
      vertex -6.51138 -58 55.4637
    endloop
  endfacet
  facet normal 0 -1 0
    outer loop
      vertex -6.96279 -58 54.8754
      vertex 6.96279 -58 54.8754
      vertex 6.51138 -58 55.4637
    endloop
  endfacet
  facet normal 0 -1 0
    outer loop
      vertex -7.36122 -58 54.25
      vertex 6.96279 -58 54.8754
      vertex -6.96279 -58 54.8754
    endloop
  endfacet
  facet normal 0 -1 0
    outer loop
      vertex -7.36122 -58 54.25
      vertex 7.36122 -58 54.25
      vertex 6.96279 -58 54.8754
    endloop
  endfacet
  facet normal 0 -1 0
    outer loop
      vertex -7.70362 -58 53.5923
      vertex 7.36122 -58 54.25
      vertex -7.36122 -58 54.25
    endloop
  endfacet
  facet normal 0 -1 0
    outer loop
      vertex -7.70362 -58 53.5923
      vertex 7.70362 -58 53.5923
      vertex 7.36122 -58 54.25
    endloop
  endfacet
  facet normal 0 -1 0
    outer loop
      vertex -7.98739 -58 52.9072
      vertex 7.70362 -58 53.5923
      vertex -7.70362 -58 53.5923
    endloop
  endfacet
  facet normal 0 -1 0
    outer loop
      vertex -7.98739 -58 52.9072
      vertex 7.98739 -58 52.9072
      vertex 7.70362 -58 53.5923
    endloop
  endfacet
  facet normal 0 -1 0
    outer loop
      vertex -8.21037 -58 52.2
      vertex 7.98739 -58 52.9072
      vertex -7.98739 -58 52.9072
    endloop
  endfacet
  facet normal 0 -1 0
    outer loop
      vertex -8.21037 -58 52.2
      vertex 8.21037 -58 52.2
      vertex 7.98739 -58 52.9072
    endloop
  endfacet
  facet normal 0 -1 0
    outer loop
      vertex -8.37087 -58 51.476
      vertex 8.21037 -58 52.2
      vertex -8.21037 -58 52.2
    endloop
  endfacet
  facet normal 0 -1 0
    outer loop
      vertex -8.37087 -58 51.476
      vertex 8.37087 -58 51.476
      vertex 8.21037 -58 52.2
    endloop
  endfacet
  facet normal 0 -1 0
    outer loop
      vertex -8.46765 -58 50.7408
      vertex 8.37087 -58 51.476
      vertex -8.37087 -58 51.476
    endloop
  endfacet
  facet normal 0 -1 0
    outer loop
      vertex -8.46765 -58 50.7408
      vertex 8.46765 -58 50.7408
      vertex 8.37087 -58 51.476
    endloop
  endfacet
  facet normal 0 -1 0
    outer loop
      vertex -8.5 -58 50
      vertex 8.46765 -58 50.7408
      vertex -8.46765 -58 50.7408
    endloop
  endfacet
  facet normal 0 -1 0
    outer loop
      vertex -8.5 -58 50
      vertex 8.5 -58 50
      vertex 8.46765 -58 50.7408
    endloop
  endfacet
  facet normal 0 -1 0
    outer loop
      vertex -8.46765 -58 49.2592
      vertex 8.5 -58 50
      vertex -8.5 -58 50
    endloop
  endfacet
  facet normal 0 -1 0
    outer loop
      vertex -8.46765 -58 49.2592
      vertex 8.46765 -58 49.2592
      vertex 8.5 -58 50
    endloop
  endfacet
  facet normal 0 -1 0
    outer loop
      vertex -8.37087 -58 48.524
      vertex 8.46765 -58 49.2592
      vertex -8.46765 -58 49.2592
    endloop
  endfacet
  facet normal 0 -1 0
    outer loop
      vertex -8.37087 -58 48.524
      vertex 8.37087 -58 48.524
      vertex 8.46765 -58 49.2592
    endloop
  endfacet
  facet normal 0 -1 0
    outer loop
      vertex -8.21037 -58 47.8
      vertex 8.37087 -58 48.524
      vertex -8.37087 -58 48.524
    endloop
  endfacet
  facet normal 0 -1 0
    outer loop
      vertex -8.21037 -58 47.8
      vertex 8.21037 -58 47.8
      vertex 8.37087 -58 48.524
    endloop
  endfacet
  facet normal 0 -1 0
    outer loop
      vertex -7.98739 -58 47.0928
      vertex 8.21037 -58 47.8
      vertex -8.21037 -58 47.8
    endloop
  endfacet
  facet normal 0 -1 0
    outer loop
      vertex -7.98739 -58 47.0928
      vertex 7.98739 -58 47.0928
      vertex 8.21037 -58 47.8
    endloop
  endfacet
  facet normal 0 -1 0
    outer loop
      vertex -7.70362 -58 46.4077
      vertex 7.98739 -58 47.0928
      vertex -7.98739 -58 47.0928
    endloop
  endfacet
  facet normal 0 -1 0
    outer loop
      vertex -7.70362 -58 46.4077
      vertex 7.70362 -58 46.4077
      vertex 7.98739 -58 47.0928
    endloop
  endfacet
  facet normal 0 -1 0
    outer loop
      vertex -7.36122 -58 45.75
      vertex 7.70362 -58 46.4077
      vertex -7.70362 -58 46.4077
    endloop
  endfacet
  facet normal 0 -1 0
    outer loop
      vertex -7.36122 -58 45.75
      vertex 7.36122 -58 45.75
      vertex 7.70362 -58 46.4077
    endloop
  endfacet
  facet normal 0 -1 0
    outer loop
      vertex -6.96279 -58 45.1246
      vertex 7.36122 -58 45.75
      vertex -7.36122 -58 45.75
    endloop
  endfacet
  facet normal 0 -1 0
    outer loop
      vertex -6.96279 -58 45.1246
      vertex 6.96279 -58 45.1246
      vertex 7.36122 -58 45.75
    endloop
  endfacet
  facet normal 0 -1 0
    outer loop
      vertex -6.51138 -58 44.5363
      vertex 6.96279 -58 45.1246
      vertex -6.96279 -58 45.1246
    endloop
  endfacet
  facet normal 0 -1 0
    outer loop
      vertex -6.51138 -58 44.5363
      vertex 6.51138 -58 44.5363
      vertex 6.96279 -58 45.1246
    endloop
  endfacet
  facet normal 0 -1 0
    outer loop
      vertex -6.01041 -58 43.9896
      vertex 6.51138 -58 44.5363
      vertex -6.51138 -58 44.5363
    endloop
  endfacet
  facet normal 0 -1 0
    outer loop
      vertex -6.01041 -58 43.9896
      vertex 6.01041 -58 43.9896
      vertex 6.51138 -58 44.5363
    endloop
  endfacet
  facet normal 0 -1 0
    outer loop
      vertex -5.46369 -58 43.4886
      vertex 6.01041 -58 43.9896
      vertex -6.01041 -58 43.9896
    endloop
  endfacet
  facet normal 0 -1 0
    outer loop
      vertex -5.46369 -58 43.4886
      vertex 5.46369 -58 43.4886
      vertex 6.01041 -58 43.9896
    endloop
  endfacet
  facet normal 0 -1 0
    outer loop
      vertex -4.8754 -58 43.0372
      vertex 5.46369 -58 43.4886
      vertex -5.46369 -58 43.4886
    endloop
  endfacet
  facet normal 0 -1 0
    outer loop
      vertex -4.8754 -58 43.0372
      vertex 4.8754 -58 43.0372
      vertex 5.46369 -58 43.4886
    endloop
  endfacet
  facet normal 0 -1 0
    outer loop
      vertex -4.25 -58 42.6388
      vertex 4.8754 -58 43.0372
      vertex -4.8754 -58 43.0372
    endloop
  endfacet
  facet normal 0 -1 0
    outer loop
      vertex -4.25 -58 42.6388
      vertex 4.25 -58 42.6388
      vertex 4.8754 -58 43.0372
    endloop
  endfacet
  facet normal 0 -1 0
    outer loop
      vertex -3.59225 -58 42.2964
      vertex 4.25 -58 42.6388
      vertex -4.25 -58 42.6388
    endloop
  endfacet
  facet normal 0 -1 0
    outer loop
      vertex -3.59225 -58 42.2964
      vertex 3.59225 -58 42.2964
      vertex 4.25 -58 42.6388
    endloop
  endfacet
  facet normal 0 -1 0
    outer loop
      vertex -2.90717 -58 42.0126
      vertex 3.59225 -58 42.2964
      vertex -3.59225 -58 42.2964
    endloop
  endfacet
  facet normal 0 -1 0
    outer loop
      vertex -2.90717 -58 42.0126
      vertex 2.90717 -58 42.0126
      vertex 3.59225 -58 42.2964
    endloop
  endfacet
  facet normal 0 -1 0
    outer loop
      vertex -2.19996 -58 41.7896
      vertex 2.90717 -58 42.0126
      vertex -2.90717 -58 42.0126
    endloop
  endfacet
  facet normal 0 -1 0
    outer loop
      vertex -2.19996 -58 41.7896
      vertex 2.19996 -58 41.7896
      vertex 2.90717 -58 42.0126
    endloop
  endfacet
  facet normal 0 -1 0
    outer loop
      vertex -1.47601 -58 41.6291
      vertex 2.19996 -58 41.7896
      vertex -2.19996 -58 41.7896
    endloop
  endfacet
  facet normal 0 -1 0
    outer loop
      vertex -1.47601 -58 41.6291
      vertex 1.47601 -58 41.6291
      vertex 2.19996 -58 41.7896
    endloop
  endfacet
  facet normal 0 -1 0
    outer loop
      vertex -0.740824 -58 41.5323
      vertex 1.47601 -58 41.6291
      vertex -1.47601 -58 41.6291
    endloop
  endfacet
  facet normal 0 -1 0
    outer loop
      vertex -0.740824 -58 41.5323
      vertex 0.740824 -58 41.5323
      vertex 1.47601 -58 41.6291
    endloop
  endfacet
  facet normal -0 -1 0
    outer loop
      vertex 0.740824 -58 41.5323
      vertex -0.740824 -58 41.5323
      vertex 0 -58 41.5
    endloop
  endfacet
  facet normal 0.843388 0 -0.537306
    outer loop
      vertex -6.96279 -67 54.8754
      vertex -7.36122 -58 54.25
      vertex -6.96279 -58 54.8754
    endloop
  endfacet
  facet normal 0.843388 0 -0.537306
    outer loop
      vertex -7.36122 -58 54.25
      vertex -6.96279 -67 54.8754
      vertex -7.36122 -67 54.25
    endloop
  endfacet
  facet normal 0.976298 0 -0.216431
    outer loop
      vertex -8.21037 -67 52.2
      vertex -8.37087 -58 51.476
      vertex -8.21037 -58 52.2
    endloop
  endfacet
  facet normal 0.976298 0 -0.216431
    outer loop
      vertex -8.37087 -58 51.476
      vertex -8.21037 -67 52.2
      vertex -8.37087 -67 51.476
    endloop
  endfacet
  facet normal 0.461745 0 -0.887012
    outer loop
      vertex -4.25 -67 57.3612
      vertex -3.59225 -58 57.7036
      vertex -3.59225 -67 57.7036
    endloop
  endfacet
  facet normal 0.461745 0 -0.887012
    outer loop
      vertex -3.59225 -58 57.7036
      vertex -4.25 -67 57.3612
      vertex -4.25 -58 57.3612
    endloop
  endfacet
  facet normal 0.130541 0 -0.991443
    outer loop
      vertex -1.47601 -67 58.3709
      vertex -0.740824 -58 58.4677
      vertex -0.740824 -67 58.4677
    endloop
  endfacet
  facet normal 0.130541 0 -0.991443
    outer loop
      vertex -0.740824 -58 58.4677
      vertex -1.47601 -67 58.3709
      vertex -1.47601 -58 58.3709
    endloop
  endfacet
  facet normal -0.999048 0 0.0436274
    outer loop
      vertex 8.46765 -67 49.2592
      vertex 8.5 -58 50
      vertex 8.46765 -58 49.2592
    endloop
  endfacet
  facet normal -0.999048 0 0.0436274
    outer loop
      vertex 8.5 -58 50
      vertex 8.46765 -67 49.2592
      vertex 8.5 -67 50
    endloop
  endfacet
  facet normal -0.608752 0 0.79336
    outer loop
      vertex 4.8754 -58 43.0372
      vertex 5.46369 -67 43.4886
      vertex 5.46369 -58 43.4886
    endloop
  endfacet
  facet normal -0.608752 0 0.79336
    outer loop
      vertex 5.46369 -67 43.4886
      vertex 4.8754 -58 43.0372
      vertex 4.8754 -67 43.0372
    endloop
  endfacet
  facet normal 0.300727 0 0.95371
    outer loop
      vertex -2.90717 -58 42.0126
      vertex -2.19996 -67 41.7896
      vertex -2.19996 -58 41.7896
    endloop
  endfacet
  facet normal 0.300727 0 0.95371
    outer loop
      vertex -2.19996 -67 41.7896
      vertex -2.90717 -58 42.0126
      vertex -2.90717 -67 42.0126
    endloop
  endfacet
  facet normal 0.216445 0 0.976295
    outer loop
      vertex -2.19996 -58 41.7896
      vertex -1.47601 -67 41.6291
      vertex -1.47601 -58 41.6291
    endloop
  endfacet
  facet normal 0.216445 0 0.976295
    outer loop
      vertex -1.47601 -67 41.6291
      vertex -2.19996 -58 41.7896
      vertex -2.19996 -67 41.7896
    endloop
  endfacet
  facet normal 0.886998 -0 0.461773
    outer loop
      vertex -7.70362 -67 46.4077
      vertex -7.36122 -58 45.75
      vertex -7.70362 -58 46.4077
    endloop
  endfacet
  facet normal 0.886998 0 0.461773
    outer loop
      vertex -7.36122 -58 45.75
      vertex -7.70362 -67 46.4077
      vertex -7.36122 -67 45.75
    endloop
  endfacet
  facet normal 0.953717 -0 0.300707
    outer loop
      vertex -8.21037 -67 47.8
      vertex -7.98739 -58 47.0928
      vertex -8.21037 -58 47.8
    endloop
  endfacet
  facet normal 0.953717 0 0.300707
    outer loop
      vertex -7.98739 -58 47.0928
      vertex -8.21037 -67 47.8
      vertex -7.98739 -67 47.0928
    endloop
  endfacet
  facet normal 0.923883 -0 0.382675
    outer loop
      vertex -7.98739 -67 47.0928
      vertex -7.70362 -58 46.4077
      vertex -7.98739 -58 47.0928
    endloop
  endfacet
  facet normal 0.923883 0 0.382675
    outer loop
      vertex -7.70362 -58 46.4077
      vertex -7.98739 -67 47.0928
      vertex -7.70362 -67 46.4077
    endloop
  endfacet
  facet normal 0.991447 -0 0.130512
    outer loop
      vertex -8.46765 -67 49.2592
      vertex -8.37087 -58 48.524
      vertex -8.46765 -58 49.2592
    endloop
  endfacet
  facet normal 0.991447 0 0.130512
    outer loop
      vertex -8.37087 -58 48.524
      vertex -8.46765 -67 49.2592
      vertex -8.37087 -67 48.524
    endloop
  endfacet
  facet normal -0.953717 0 -0.300707
    outer loop
      vertex 8.21037 -67 52.2
      vertex 7.98739 -58 52.9072
      vertex 8.21037 -58 52.2
    endloop
  endfacet
  facet normal -0.953717 -0 -0.300707
    outer loop
      vertex 7.98739 -58 52.9072
      vertex 8.21037 -67 52.2
      vertex 7.98739 -67 52.9072
    endloop
  endfacet
  facet normal -0.737269 0 -0.675599
    outer loop
      vertex 6.51138 -67 55.4637
      vertex 6.01041 -58 56.0104
      vertex 6.51138 -58 55.4637
    endloop
  endfacet
  facet normal -0.737269 -0 -0.675599
    outer loop
      vertex 6.01041 -58 56.0104
      vertex 6.51138 -67 55.4637
      vertex 6.01041 -67 56.0104
    endloop
  endfacet
  facet normal -0.886998 0 -0.461773
    outer loop
      vertex 7.70362 -67 53.5923
      vertex 7.36122 -58 54.25
      vertex 7.70362 -58 53.5923
    endloop
  endfacet
  facet normal -0.886998 -0 -0.461773
    outer loop
      vertex 7.36122 -58 54.25
      vertex 7.70362 -67 53.5923
      vertex 7.36122 -67 54.25
    endloop
  endfacet
  facet normal -0.0435587 0 -0.999051
    outer loop
      vertex 0 -67 58.5
      vertex 0.740824 -58 58.4677
      vertex 0.740824 -67 58.4677
    endloop
  endfacet
  facet normal -0.0435587 0 -0.999051
    outer loop
      vertex 0.740824 -58 58.4677
      vertex 0 -67 58.5
      vertex 0 -58 58.5
    endloop
  endfacet
  facet normal -0.461745 0 -0.887012
    outer loop
      vertex 3.59225 -67 57.7036
      vertex 4.25 -58 57.3612
      vertex 4.25 -67 57.3612
    endloop
  endfacet
  facet normal -0.461745 0 -0.887012
    outer loop
      vertex 4.25 -58 57.3612
      vertex 3.59225 -67 57.7036
      vertex 3.59225 -58 57.7036
    endloop
  endfacet
  facet normal 0.886998 0 -0.461773
    outer loop
      vertex -7.36122 -67 54.25
      vertex -7.70362 -58 53.5923
      vertex -7.36122 -58 54.25
    endloop
  endfacet
  facet normal 0.886998 0 -0.461773
    outer loop
      vertex -7.70362 -58 53.5923
      vertex -7.36122 -67 54.25
      vertex -7.70362 -67 53.5923
    endloop
  endfacet
  facet normal 0.999048 0 -0.0436274
    outer loop
      vertex -8.46765 -67 50.7408
      vertex -8.5 -58 50
      vertex -8.46765 -58 50.7408
    endloop
  endfacet
  facet normal 0.999048 0 -0.0436274
    outer loop
      vertex -8.5 -58 50
      vertex -8.46765 -67 50.7408
      vertex -8.5 -67 50
    endloop
  endfacet
  facet normal 0.999048 -0 0.0436274
    outer loop
      vertex -8.5 -67 50
      vertex -8.46765 -58 49.2592
      vertex -8.5 -58 50
    endloop
  endfacet
  facet normal 0.999048 0 0.0436274
    outer loop
      vertex -8.46765 -58 49.2592
      vertex -8.5 -67 50
      vertex -8.46765 -67 49.2592
    endloop
  endfacet
  facet normal 0.608752 0 -0.79336
    outer loop
      vertex -5.46369 -67 56.5114
      vertex -4.8754 -58 56.9628
      vertex -4.8754 -67 56.9628
    endloop
  endfacet
  facet normal 0.608752 0 -0.79336
    outer loop
      vertex -4.8754 -58 56.9628
      vertex -5.46369 -67 56.5114
      vertex -5.46369 -58 56.5114
    endloop
  endfacet
  facet normal 0.537277 0 -0.843406
    outer loop
      vertex -4.8754 -67 56.9628
      vertex -4.25 -58 57.3612
      vertex -4.25 -67 57.3612
    endloop
  endfacet
  facet normal 0.537277 0 -0.843406
    outer loop
      vertex -4.25 -58 57.3612
      vertex -4.8754 -67 56.9628
      vertex -4.8754 -58 56.9628
    endloop
  endfacet
  facet normal 0.675607 0 -0.737262
    outer loop
      vertex -6.01041 -67 56.0104
      vertex -5.46369 -58 56.5114
      vertex -5.46369 -67 56.5114
    endloop
  endfacet
  facet normal 0.675607 0 -0.737262
    outer loop
      vertex -5.46369 -58 56.5114
      vertex -6.01041 -67 56.0104
      vertex -6.01041 -58 56.0104
    endloop
  endfacet
  facet normal 0.300727 0 -0.95371
    outer loop
      vertex -2.90717 -67 57.9874
      vertex -2.19996 -58 58.2104
      vertex -2.19996 -67 58.2104
    endloop
  endfacet
  facet normal 0.300727 0 -0.95371
    outer loop
      vertex -2.19996 -58 58.2104
      vertex -2.90717 -67 57.9874
      vertex -2.90717 -58 57.9874
    endloop
  endfacet
  facet normal -0.976298 0 0.216431
    outer loop
      vertex 8.21037 -67 47.8
      vertex 8.37087 -58 48.524
      vertex 8.21037 -58 47.8
    endloop
  endfacet
  facet normal -0.976298 0 0.216431
    outer loop
      vertex 8.37087 -58 48.524
      vertex 8.21037 -67 47.8
      vertex 8.37087 -67 48.524
    endloop
  endfacet
  facet normal -0.216445 0 0.976295
    outer loop
      vertex 1.47601 -58 41.6291
      vertex 2.19996 -67 41.7896
      vertex 2.19996 -58 41.7896
    endloop
  endfacet
  facet normal -0.216445 0 0.976295
    outer loop
      vertex 2.19996 -67 41.7896
      vertex 1.47601 -58 41.6291
      vertex 1.47601 -67 41.6291
    endloop
  endfacet
  facet normal -0.300727 0 0.95371
    outer loop
      vertex 2.19996 -58 41.7896
      vertex 2.90717 -67 42.0126
      vertex 2.90717 -58 42.0126
    endloop
  endfacet
  facet normal -0.300727 0 0.95371
    outer loop
      vertex 2.90717 -67 42.0126
      vertex 2.19996 -58 41.7896
      vertex 2.19996 -67 41.7896
    endloop
  endfacet
  facet normal -0.382719 0 0.923865
    outer loop
      vertex 2.90717 -58 42.0126
      vertex 3.59225 -67 42.2964
      vertex 3.59225 -58 42.2964
    endloop
  endfacet
  facet normal -0.382719 0 0.923865
    outer loop
      vertex 3.59225 -67 42.2964
      vertex 2.90717 -58 42.0126
      vertex 2.90717 -67 42.0126
    endloop
  endfacet
  facet normal -0.675607 0 0.737262
    outer loop
      vertex 5.46369 -58 43.4886
      vertex 6.01041 -67 43.9896
      vertex 6.01041 -58 43.9896
    endloop
  endfacet
  facet normal -0.675607 0 0.737262
    outer loop
      vertex 6.01041 -67 43.9896
      vertex 5.46369 -58 43.4886
      vertex 5.46369 -67 43.4886
    endloop
  endfacet
  facet normal -0.737269 0 0.675599
    outer loop
      vertex 6.01041 -67 43.9896
      vertex 6.51138 -58 44.5363
      vertex 6.01041 -58 43.9896
    endloop
  endfacet
  facet normal -0.737269 0 0.675599
    outer loop
      vertex 6.51138 -58 44.5363
      vertex 6.01041 -67 43.9896
      vertex 6.51138 -67 44.5363
    endloop
  endfacet
  facet normal -0.461745 0 0.887012
    outer loop
      vertex 3.59225 -58 42.2964
      vertex 4.25 -67 42.6388
      vertex 4.25 -58 42.6388
    endloop
  endfacet
  facet normal -0.461745 0 0.887012
    outer loop
      vertex 4.25 -67 42.6388
      vertex 3.59225 -58 42.2964
      vertex 3.59225 -67 42.2964
    endloop
  endfacet
  facet normal -0.537277 0 0.843406
    outer loop
      vertex 4.25 -58 42.6388
      vertex 4.8754 -67 43.0372
      vertex 4.8754 -58 43.0372
    endloop
  endfacet
  facet normal -0.537277 0 0.843406
    outer loop
      vertex 4.8754 -67 43.0372
      vertex 4.25 -58 42.6388
      vertex 4.25 -67 42.6388
    endloop
  endfacet
  facet normal -0.843388 0 0.537306
    outer loop
      vertex 6.96279 -67 45.1246
      vertex 7.36122 -58 45.75
      vertex 6.96279 -58 45.1246
    endloop
  endfacet
  facet normal -0.843388 0 0.537306
    outer loop
      vertex 7.36122 -58 45.75
      vertex 6.96279 -67 45.1246
      vertex 7.36122 -67 45.75
    endloop
  endfacet
  facet normal -0.793359 0 0.608754
    outer loop
      vertex 6.51138 -67 44.5363
      vertex 6.96279 -58 45.1246
      vertex 6.51138 -58 44.5363
    endloop
  endfacet
  facet normal -0.793359 0 0.608754
    outer loop
      vertex 6.96279 -58 45.1246
      vertex 6.51138 -67 44.5363
      vertex 6.96279 -67 45.1246
    endloop
  endfacet
  facet normal 0.537277 0 0.843406
    outer loop
      vertex -4.8754 -58 43.0372
      vertex -4.25 -67 42.6388
      vertex -4.25 -58 42.6388
    endloop
  endfacet
  facet normal 0.537277 0 0.843406
    outer loop
      vertex -4.25 -67 42.6388
      vertex -4.8754 -58 43.0372
      vertex -4.8754 -67 43.0372
    endloop
  endfacet
  facet normal 0.461745 0 0.887012
    outer loop
      vertex -4.25 -58 42.6388
      vertex -3.59225 -67 42.2964
      vertex -3.59225 -58 42.2964
    endloop
  endfacet
  facet normal 0.461745 0 0.887012
    outer loop
      vertex -3.59225 -67 42.2964
      vertex -4.25 -58 42.6388
      vertex -4.25 -67 42.6388
    endloop
  endfacet
  facet normal 0.382719 0 0.923865
    outer loop
      vertex -3.59225 -58 42.2964
      vertex -2.90717 -67 42.0126
      vertex -2.90717 -58 42.0126
    endloop
  endfacet
  facet normal 0.382719 0 0.923865
    outer loop
      vertex -2.90717 -67 42.0126
      vertex -3.59225 -58 42.2964
      vertex -3.59225 -67 42.2964
    endloop
  endfacet
  facet normal 0.130541 0 0.991443
    outer loop
      vertex -1.47601 -58 41.6291
      vertex -0.740824 -67 41.5323
      vertex -0.740824 -58 41.5323
    endloop
  endfacet
  facet normal 0.130541 0 0.991443
    outer loop
      vertex -0.740824 -67 41.5323
      vertex -1.47601 -58 41.6291
      vertex -1.47601 -67 41.6291
    endloop
  endfacet
  facet normal 0.0435587 0 0.999051
    outer loop
      vertex -0.740824 -58 41.5323
      vertex 0 -67 41.5
      vertex 0 -58 41.5
    endloop
  endfacet
  facet normal 0.0435587 0 0.999051
    outer loop
      vertex 0 -67 41.5
      vertex -0.740824 -58 41.5323
      vertex -0.740824 -67 41.5323
    endloop
  endfacet
  facet normal -0.0435587 0 0.999051
    outer loop
      vertex 0 -58 41.5
      vertex 0.740824 -67 41.5323
      vertex 0.740824 -58 41.5323
    endloop
  endfacet
  facet normal -0.0435587 0 0.999051
    outer loop
      vertex 0.740824 -67 41.5323
      vertex 0 -58 41.5
      vertex 0 -67 41.5
    endloop
  endfacet
  facet normal 0.843388 -0 0.537306
    outer loop
      vertex -7.36122 -67 45.75
      vertex -6.96279 -58 45.1246
      vertex -7.36122 -58 45.75
    endloop
  endfacet
  facet normal 0.843388 0 0.537306
    outer loop
      vertex -6.96279 -58 45.1246
      vertex -7.36122 -67 45.75
      vertex -6.96279 -67 45.1246
    endloop
  endfacet
  facet normal 0.737269 -0 0.675599
    outer loop
      vertex -6.51138 -67 44.5363
      vertex -6.01041 -58 43.9896
      vertex -6.51138 -58 44.5363
    endloop
  endfacet
  facet normal 0.737269 0 0.675599
    outer loop
      vertex -6.01041 -58 43.9896
      vertex -6.51138 -67 44.5363
      vertex -6.01041 -67 43.9896
    endloop
  endfacet
  facet normal 0.675607 0 0.737262
    outer loop
      vertex -6.01041 -58 43.9896
      vertex -5.46369 -67 43.4886
      vertex -5.46369 -58 43.4886
    endloop
  endfacet
  facet normal 0.675607 0 0.737262
    outer loop
      vertex -5.46369 -67 43.4886
      vertex -6.01041 -58 43.9896
      vertex -6.01041 -67 43.9896
    endloop
  endfacet
  facet normal 0.976298 -0 0.216431
    outer loop
      vertex -8.37087 -67 48.524
      vertex -8.21037 -58 47.8
      vertex -8.37087 -58 48.524
    endloop
  endfacet
  facet normal 0.976298 0 0.216431
    outer loop
      vertex -8.21037 -58 47.8
      vertex -8.37087 -67 48.524
      vertex -8.21037 -67 47.8
    endloop
  endfacet
  facet normal -0.843388 0 -0.537306
    outer loop
      vertex 7.36122 -67 54.25
      vertex 6.96279 -58 54.8754
      vertex 7.36122 -58 54.25
    endloop
  endfacet
  facet normal -0.843388 -0 -0.537306
    outer loop
      vertex 6.96279 -58 54.8754
      vertex 7.36122 -67 54.25
      vertex 6.96279 -67 54.8754
    endloop
  endfacet
  facet normal -0.382719 0 -0.923865
    outer loop
      vertex 2.90717 -67 57.9874
      vertex 3.59225 -58 57.7036
      vertex 3.59225 -67 57.7036
    endloop
  endfacet
  facet normal -0.382719 0 -0.923865
    outer loop
      vertex 3.59225 -58 57.7036
      vertex 2.90717 -67 57.9874
      vertex 2.90717 -58 57.9874
    endloop
  endfacet
  facet normal 0.923883 0 -0.382675
    outer loop
      vertex -7.70362 -67 53.5923
      vertex -7.98739 -58 52.9072
      vertex -7.70362 -58 53.5923
    endloop
  endfacet
  facet normal 0.923883 0 -0.382675
    outer loop
      vertex -7.98739 -58 52.9072
      vertex -7.70362 -67 53.5923
      vertex -7.98739 -67 52.9072
    endloop
  endfacet
  facet normal -0.991447 0 0.130512
    outer loop
      vertex 8.37087 -67 48.524
      vertex 8.46765 -58 49.2592
      vertex 8.37087 -58 48.524
    endloop
  endfacet
  facet normal -0.991447 0 0.130512
    outer loop
      vertex 8.46765 -58 49.2592
      vertex 8.37087 -67 48.524
      vertex 8.46765 -67 49.2592
    endloop
  endfacet
  facet normal -0.886998 0 0.461773
    outer loop
      vertex 7.36122 -67 45.75
      vertex 7.70362 -58 46.4077
      vertex 7.36122 -58 45.75
    endloop
  endfacet
  facet normal -0.886998 0 0.461773
    outer loop
      vertex 7.70362 -58 46.4077
      vertex 7.36122 -67 45.75
      vertex 7.70362 -67 46.4077
    endloop
  endfacet
  facet normal -0.923883 0 0.382675
    outer loop
      vertex 7.70362 -67 46.4077
      vertex 7.98739 -58 47.0928
      vertex 7.70362 -58 46.4077
    endloop
  endfacet
  facet normal -0.923883 0 0.382675
    outer loop
      vertex 7.98739 -58 47.0928
      vertex 7.70362 -67 46.4077
      vertex 7.98739 -67 47.0928
    endloop
  endfacet
  facet normal 0.793359 -0 0.608754
    outer loop
      vertex -6.96279 -67 45.1246
      vertex -6.51138 -58 44.5363
      vertex -6.96279 -58 45.1246
    endloop
  endfacet
  facet normal 0.793359 0 0.608754
    outer loop
      vertex -6.51138 -58 44.5363
      vertex -6.96279 -67 45.1246
      vertex -6.51138 -67 44.5363
    endloop
  endfacet
  facet normal -0.953717 0 0.300707
    outer loop
      vertex 7.98739 -67 47.0928
      vertex 8.21037 -58 47.8
      vertex 7.98739 -58 47.0928
    endloop
  endfacet
  facet normal -0.953717 0 0.300707
    outer loop
      vertex 8.21037 -58 47.8
      vertex 7.98739 -67 47.0928
      vertex 8.21037 -67 47.8
    endloop
  endfacet
endsolid OpenSCAD_Model
