solid OpenSCAD_Model
  facet normal 0.999051 0.0435616 0
    outer loop
      vertex -48 -36 30
      vertex -48.0152 -35.6514 18
      vertex -48.0152 -35.6514 30
    endloop
  endfacet
  facet normal 0.999051 0.0435616 0
    outer loop
      vertex -48.0152 -35.6514 18
      vertex -48 -36 30
      vertex -48 -36 18
    endloop
  endfacet
  facet normal -0.999051 0.0435616 0
    outer loop
      vertex -56 -36 18
      vertex -55.9848 -35.6514 30
      vertex -55.9848 -35.6514 18
    endloop
  endfacet
  facet normal -0.999051 0.0435616 0
    outer loop
      vertex -55.9848 -35.6514 30
      vertex -56 -36 18
      vertex -56 -36 30
    endloop
  endfacet
  facet normal -0.0435616 0.999051 0
    outer loop
      vertex -52 -32 18
      vertex -52.3486 -32.0152 30
      vertex -52 -32 30
    endloop
  endfacet
  facet normal -0.0435616 0.999051 0
    outer loop
      vertex -52.3486 -32.0152 30
      vertex -52 -32 18
      vertex -52.3486 -32.0152 18
    endloop
  endfacet
  facet normal 0.675777 0.737107 -0
    outer loop
      vertex -49.1716 -33.1716 18
      vertex -49.4288 -32.9358 30
      vertex -49.1716 -33.1716 30
    endloop
  endfacet
  facet normal 0.675777 0.737107 0
    outer loop
      vertex -49.4288 -32.9358 30
      vertex -49.1716 -33.1716 18
      vertex -49.4288 -32.9358 18
    endloop
  endfacet
  facet normal -0.737107 0.675777 0
    outer loop
      vertex -55.0642 -33.4288 18
      vertex -54.8284 -33.1716 30
      vertex -54.8284 -33.1716 18
    endloop
  endfacet
  facet normal -0.737107 0.675777 0
    outer loop
      vertex -54.8284 -33.1716 30
      vertex -55.0642 -33.4288 18
      vertex -55.0642 -33.4288 30
    endloop
  endfacet
  facet normal -0.382824 0.923821 0
    outer loop
      vertex -53.3681 -32.2412 18
      vertex -53.6905 -32.3748 30
      vertex -53.3681 -32.2412 30
    endloop
  endfacet
  facet normal -0.382824 0.923821 0
    outer loop
      vertex -53.6905 -32.3748 30
      vertex -53.3681 -32.2412 18
      vertex -53.6905 -32.3748 18
    endloop
  endfacet
  facet normal 0.923821 0.382824 0
    outer loop
      vertex -48.2412 -34.6319 30
      vertex -48.3748 -34.3095 18
      vertex -48.3748 -34.3095 30
    endloop
  endfacet
  facet normal 0.923821 0.382824 0
    outer loop
      vertex -48.3748 -34.3095 18
      vertex -48.2412 -34.6319 30
      vertex -48.2412 -34.6319 18
    endloop
  endfacet
  facet normal 0.382824 0.923821 -0
    outer loop
      vertex -50.3095 -32.3748 18
      vertex -50.6319 -32.2412 30
      vertex -50.3095 -32.3748 30
    endloop
  endfacet
  facet normal 0.382824 0.923821 0
    outer loop
      vertex -50.6319 -32.2412 30
      vertex -50.3095 -32.3748 18
      vertex -50.6319 -32.2412 18
    endloop
  endfacet
  facet normal 0.53732 0.843378 -0
    outer loop
      vertex -49.7057 -32.7234 18
      vertex -50 -32.5359 30
      vertex -49.7057 -32.7234 30
    endloop
  endfacet
  facet normal 0.53732 0.843378 0
    outer loop
      vertex -50 -32.5359 30
      vertex -49.7057 -32.7234 18
      vertex -50 -32.5359 18
    endloop
  endfacet
  facet normal -0.923821 0.382824 0
    outer loop
      vertex -55.7588 -34.6319 18
      vertex -55.6252 -34.3095 30
      vertex -55.6252 -34.3095 18
    endloop
  endfacet
  facet normal -0.923821 0.382824 0
    outer loop
      vertex -55.6252 -34.3095 30
      vertex -55.7588 -34.6319 18
      vertex -55.7588 -34.6319 30
    endloop
  endfacet
  facet normal -0.216354 0.976315 0
    outer loop
      vertex -52.6946 -32.0608 18
      vertex -53.0353 -32.1363 30
      vertex -52.6946 -32.0608 30
    endloop
  endfacet
  facet normal -0.216354 0.976315 0
    outer loop
      vertex -53.0353 -32.1363 30
      vertex -52.6946 -32.0608 18
      vertex -53.0353 -32.1363 18
    endloop
  endfacet
  facet normal 0 0 1
    outer loop
      vertex -55.9848 35.6514 18
      vertex -63.4715 38.2743 18
      vertex -55.9392 35.3054 18
    endloop
  endfacet
  facet normal 0 0 1
    outer loop
      vertex -45 0 18
      vertex -62.9061 -39.3605 18
      vertex -62.9 -39.5 18
    endloop
  endfacet
  facet normal -0 0 1
    outer loop
      vertex -63.5823 38.1894 18
      vertex -55.9392 35.3054 18
      vertex -63.4715 38.2743 18
    endloop
  endfacet
  facet normal 0 0 1
    outer loop
      vertex -45 0 18
      vertex -62.9243 -39.2222 18
      vertex -62.9061 -39.3605 18
    endloop
  endfacet
  facet normal 0 0 1
    outer loop
      vertex -55.9392 35.3054 18
      vertex -63.5823 38.1894 18
      vertex -55.8637 34.9647 18
    endloop
  endfacet
  facet normal 0 0 1
    outer loop
      vertex -45 0 18
      vertex -62.9545 -39.0859 18
      vertex -62.9243 -39.2222 18
    endloop
  endfacet
  facet normal -0 0 1
    outer loop
      vertex -63.7 38.1144 18
      vertex -55.8637 34.9647 18
      vertex -63.5823 38.1894 18
    endloop
  endfacet
  facet normal 0 0 1
    outer loop
      vertex -45 0 18
      vertex -62.9965 -38.9528 18
      vertex -62.9545 -39.0859 18
    endloop
  endfacet
  facet normal 0 0 1
    outer loop
      vertex -55.8637 34.9647 18
      vertex -63.7 38.1144 18
      vertex -55.7588 34.6319 18
    endloop
  endfacet
  facet normal 0 0 1
    outer loop
      vertex -45 0 18
      vertex -63.0499 -38.8238 18
      vertex -62.9965 -38.9528 18
    endloop
  endfacet
  facet normal -0 0 1
    outer loop
      vertex -63.8238 38.0499 18
      vertex -55.7588 34.6319 18
      vertex -63.7 38.1144 18
    endloop
  endfacet
  facet normal 0 0 1
    outer loop
      vertex -45 0 18
      vertex -63.1144 -38.7 18
      vertex -63.0499 -38.8238 18
    endloop
  endfacet
  facet normal -0 0 1
    outer loop
      vertex -63.9528 37.9965 18
      vertex -55.7588 34.6319 18
      vertex -63.8238 38.0499 18
    endloop
  endfacet
  facet normal 0 0 1
    outer loop
      vertex -45 0 18
      vertex -63.1894 -38.5823 18
      vertex -63.1144 -38.7 18
    endloop
  endfacet
  facet normal 0 0 1
    outer loop
      vertex -55.7588 34.6319 18
      vertex -63.9528 37.9965 18
      vertex -55.6252 34.3095 18
    endloop
  endfacet
  facet normal 0 0 1
    outer loop
      vertex -45 0 18
      vertex -63.2743 -38.4715 18
      vertex -63.1894 -38.5823 18
    endloop
  endfacet
  facet normal -0 0 1
    outer loop
      vertex -64.0859 37.9545 18
      vertex -55.6252 34.3095 18
      vertex -63.9528 37.9965 18
    endloop
  endfacet
  facet normal 0 0 1
    outer loop
      vertex -45 0 18
      vertex -63.3686 -38.3686 18
      vertex -63.2743 -38.4715 18
    endloop
  endfacet
  facet normal 0 0 1
    outer loop
      vertex -55.6252 34.3095 18
      vertex -64.0859 37.9545 18
      vertex -55.4641 34 18
    endloop
  endfacet
  facet normal 0 0 1
    outer loop
      vertex -45 0 18
      vertex -63.4715 -38.2743 18
      vertex -63.3686 -38.3686 18
    endloop
  endfacet
  facet normal -0 0 1
    outer loop
      vertex -64.2222 37.9243 18
      vertex -55.4641 34 18
      vertex -64.0859 37.9545 18
    endloop
  endfacet
  facet normal 0 0 1
    outer loop
      vertex -45 0 18
      vertex -63.5823 -38.1894 18
      vertex -63.4715 -38.2743 18
    endloop
  endfacet
  facet normal 0 0 1
    outer loop
      vertex -55.4641 34 18
      vertex -64.2222 37.9243 18
      vertex -55.2766 33.7057 18
    endloop
  endfacet
  facet normal 0 0 1
    outer loop
      vertex -45 0 18
      vertex -63.7 -38.1144 18
      vertex -63.5823 -38.1894 18
    endloop
  endfacet
  facet normal -0 0 1
    outer loop
      vertex -64.3605 37.9061 18
      vertex -55.2766 33.7057 18
      vertex -64.2222 37.9243 18
    endloop
  endfacet
  facet normal 0 0 1
    outer loop
      vertex -45 0 18
      vertex -63.8238 -38.0499 18
      vertex -63.7 -38.1144 18
    endloop
  endfacet
  facet normal 0 0 1
    outer loop
      vertex -55.2766 33.7057 18
      vertex -64.3605 37.9061 18
      vertex -55.0642 33.4288 18
    endloop
  endfacet
  facet normal 0 0 1
    outer loop
      vertex -45 0 18
      vertex -63.9528 -37.9965 18
      vertex -63.8238 -38.0499 18
    endloop
  endfacet
  facet normal -0 0 1
    outer loop
      vertex -64.5 37.9 18
      vertex -55.0642 33.4288 18
      vertex -64.3605 37.9061 18
    endloop
  endfacet
  facet normal 0 0 1
    outer loop
      vertex -45 0 18
      vertex -64.0859 -37.9545 18
      vertex -63.9528 -37.9965 18
    endloop
  endfacet
  facet normal 0 0 1
    outer loop
      vertex -64.6395 37.9061 18
      vertex -55.0642 33.4288 18
      vertex -64.5 37.9 18
    endloop
  endfacet
  facet normal 0 0 1
    outer loop
      vertex -45 0 18
      vertex -64.2222 -37.9243 18
      vertex -64.0859 -37.9545 18
    endloop
  endfacet
  facet normal 0 0 1
    outer loop
      vertex -55.0642 33.4288 18
      vertex -64.6395 37.9061 18
      vertex -54.8284 33.1716 18
    endloop
  endfacet
  facet normal 0 0 1
    outer loop
      vertex -45 0 18
      vertex -64.3605 -37.9061 18
      vertex -64.2222 -37.9243 18
    endloop
  endfacet
  facet normal 0 0 1
    outer loop
      vertex -64.7778 37.9243 18
      vertex -54.8284 33.1716 18
      vertex -64.6395 37.9061 18
    endloop
  endfacet
  facet normal 0 0 1
    outer loop
      vertex -45 0 18
      vertex -64.5 -37.9 18
      vertex -64.3605 -37.9061 18
    endloop
  endfacet
  facet normal 0 0 1
    outer loop
      vertex -64.9141 37.9545 18
      vertex -54.8284 33.1716 18
      vertex -64.7778 37.9243 18
    endloop
  endfacet
  facet normal 0 0 1
    outer loop
      vertex -45 0 18
      vertex -64.6395 -37.9061 18
      vertex -64.5 -37.9 18
    endloop
  endfacet
  facet normal 0 0 1
    outer loop
      vertex -54.8284 33.1716 18
      vertex -64.9141 37.9545 18
      vertex -45 0 18
    endloop
  endfacet
  facet normal 0 0 1
    outer loop
      vertex -45 0 18
      vertex -64.7778 -37.9243 18
      vertex -64.6395 -37.9061 18
    endloop
  endfacet
  facet normal 0 0 1
    outer loop
      vertex -65.0472 37.9965 18
      vertex -45 0 18
      vertex -64.9141 37.9545 18
    endloop
  endfacet
  facet normal 0 0 1
    outer loop
      vertex -45 0 18
      vertex -64.9141 -37.9545 18
      vertex -64.7778 -37.9243 18
    endloop
  endfacet
  facet normal 0 0 1
    outer loop
      vertex -65.1762 38.0499 18
      vertex -45 0 18
      vertex -65.0472 37.9965 18
    endloop
  endfacet
  facet normal 0 0 1
    outer loop
      vertex -45 0 18
      vertex -65.0472 -37.9965 18
      vertex -64.9141 -37.9545 18
    endloop
  endfacet
  facet normal 0 0 1
    outer loop
      vertex -65.3 38.1144 18
      vertex -45 0 18
      vertex -65.1762 38.0499 18
    endloop
  endfacet
  facet normal 0 0 1
    outer loop
      vertex -45 0 18
      vertex -65.1762 -38.0499 18
      vertex -65.0472 -37.9965 18
    endloop
  endfacet
  facet normal 0 0 1
    outer loop
      vertex -45 0 18
      vertex -65.3 38.1144 18
      vertex -87.5 42.5 18
    endloop
  endfacet
  facet normal 0 0 1
    outer loop
      vertex -87.5 -42.5 18
      vertex -45 0 18
      vertex -87.5 42.5 18
    endloop
  endfacet
  facet normal 0 0 1
    outer loop
      vertex -87.5 42.5 18
      vertex -65.3 38.1144 18
      vertex -65.4177 38.1894 18
    endloop
  endfacet
  facet normal 0 -0 1
    outer loop
      vertex -65.3 -38.1144 18
      vertex -45 0 18
      vertex -87.5 -42.5 18
    endloop
  endfacet
  facet normal 0 0 1
    outer loop
      vertex -87.5 42.5 18
      vertex -65.4177 38.1894 18
      vertex -65.5285 38.2743 18
    endloop
  endfacet
  facet normal 0 0 1
    outer loop
      vertex -45 0 18
      vertex -65.3 -38.1144 18
      vertex -65.1762 -38.0499 18
    endloop
  endfacet
  facet normal 0 0 1
    outer loop
      vertex -87.5 42.5 18
      vertex -65.5285 38.2743 18
      vertex -65.6314 38.3686 18
    endloop
  endfacet
  facet normal 0 0 1
    outer loop
      vertex -65.3 -38.1144 18
      vertex -87.5 -42.5 18
      vertex -65.4177 -38.1894 18
    endloop
  endfacet
  facet normal 0 0 1
    outer loop
      vertex -87.5 42.5 18
      vertex -65.6314 38.3686 18
      vertex -65.7257 38.4715 18
    endloop
  endfacet
  facet normal 0 0 1
    outer loop
      vertex -65.4177 -38.1894 18
      vertex -87.5 -42.5 18
      vertex -65.5285 -38.2743 18
    endloop
  endfacet
  facet normal 0 0 1
    outer loop
      vertex -87.5 42.5 18
      vertex -65.7257 38.4715 18
      vertex -65.8106 38.5823 18
    endloop
  endfacet
  facet normal 0 0 1
    outer loop
      vertex -65.5285 -38.2743 18
      vertex -87.5 -42.5 18
      vertex -65.6314 -38.3686 18
    endloop
  endfacet
  facet normal 0 0 1
    outer loop
      vertex -87.5 42.5 18
      vertex -65.8106 38.5823 18
      vertex -65.8856 38.7 18
    endloop
  endfacet
  facet normal 0 0 1
    outer loop
      vertex -65.6314 -38.3686 18
      vertex -87.5 -42.5 18
      vertex -65.7257 -38.4715 18
    endloop
  endfacet
  facet normal 0 0 1
    outer loop
      vertex -87.5 42.5 18
      vertex -65.8856 38.7 18
      vertex -65.9501 38.8238 18
    endloop
  endfacet
  facet normal 0 0 1
    outer loop
      vertex -65.7257 -38.4715 18
      vertex -87.5 -42.5 18
      vertex -65.8106 -38.5823 18
    endloop
  endfacet
  facet normal 0 0 1
    outer loop
      vertex -87.5 42.5 18
      vertex -65.9501 38.8238 18
      vertex -66.0035 38.9528 18
    endloop
  endfacet
  facet normal 0 0 1
    outer loop
      vertex -65.8106 -38.5823 18
      vertex -87.5 -42.5 18
      vertex -65.8856 -38.7 18
    endloop
  endfacet
  facet normal 0 0 1
    outer loop
      vertex -87.5 42.5 18
      vertex -66.0035 38.9528 18
      vertex -66.0455 39.0859 18
    endloop
  endfacet
  facet normal 0 0 1
    outer loop
      vertex -65.8856 -38.7 18
      vertex -87.5 -42.5 18
      vertex -65.9501 -38.8238 18
    endloop
  endfacet
  facet normal 0 0 1
    outer loop
      vertex -87.5 42.5 18
      vertex -66.0455 39.0859 18
      vertex -66.0757 39.2222 18
    endloop
  endfacet
  facet normal 0 0 1
    outer loop
      vertex -65.9501 -38.8238 18
      vertex -87.5 -42.5 18
      vertex -66.0035 -38.9528 18
    endloop
  endfacet
  facet normal 0 0 1
    outer loop
      vertex -87.5 42.5 18
      vertex -66.0757 39.2222 18
      vertex -66.0939 39.3605 18
    endloop
  endfacet
  facet normal 0 0 1
    outer loop
      vertex -66.0035 -38.9528 18
      vertex -87.5 -42.5 18
      vertex -66.0455 -39.0859 18
    endloop
  endfacet
  facet normal 0 0 1
    outer loop
      vertex -87.5 42.5 18
      vertex -66.0939 39.3605 18
      vertex -66.1 39.5 18
    endloop
  endfacet
  facet normal 0 0 1
    outer loop
      vertex -66.0455 -39.0859 18
      vertex -87.5 -42.5 18
      vertex -66.0757 -39.2222 18
    endloop
  endfacet
  facet normal -0 0 1
    outer loop
      vertex -48.0608 35.3054 18
      vertex -45 0 18
      vertex -48.0152 35.6514 18
    endloop
  endfacet
  facet normal 0 0 1
    outer loop
      vertex -45 0 18
      vertex -48.0152 -35.6514 18
      vertex -48 -36 18
    endloop
  endfacet
  facet normal -0 0 1
    outer loop
      vertex -48.1363 34.9647 18
      vertex -45 0 18
      vertex -48.0608 35.3054 18
    endloop
  endfacet
  facet normal 0 0 1
    outer loop
      vertex -45 0 18
      vertex -48.0608 -35.3054 18
      vertex -48.0152 -35.6514 18
    endloop
  endfacet
  facet normal -0 0 1
    outer loop
      vertex -48.2412 34.6319 18
      vertex -45 0 18
      vertex -48.1363 34.9647 18
    endloop
  endfacet
  facet normal 0 0 1
    outer loop
      vertex -45 0 18
      vertex -48.1363 -34.9647 18
      vertex -48.0608 -35.3054 18
    endloop
  endfacet
  facet normal -0 0 1
    outer loop
      vertex -48.3748 34.3095 18
      vertex -45 0 18
      vertex -48.2412 34.6319 18
    endloop
  endfacet
  facet normal 0 0 1
    outer loop
      vertex -45 0 18
      vertex -48.2412 -34.6319 18
      vertex -48.1363 -34.9647 18
    endloop
  endfacet
  facet normal -0 0 1
    outer loop
      vertex -48.5359 34 18
      vertex -45 0 18
      vertex -48.3748 34.3095 18
    endloop
  endfacet
  facet normal 0 0 1
    outer loop
      vertex -45 0 18
      vertex -48.3748 -34.3095 18
      vertex -48.2412 -34.6319 18
    endloop
  endfacet
  facet normal -0 0 1
    outer loop
      vertex -48.7234 33.7057 18
      vertex -45 0 18
      vertex -48.5359 34 18
    endloop
  endfacet
  facet normal 0 0 1
    outer loop
      vertex -45 0 18
      vertex -48.5359 -34 18
      vertex -48.3748 -34.3095 18
    endloop
  endfacet
  facet normal -0 0 1
    outer loop
      vertex -48.9358 33.4288 18
      vertex -45 0 18
      vertex -48.7234 33.7057 18
    endloop
  endfacet
  facet normal 0 0 1
    outer loop
      vertex -45 0 18
      vertex -48.7234 -33.7057 18
      vertex -48.5359 -34 18
    endloop
  endfacet
  facet normal -0 0 1
    outer loop
      vertex -49.1716 33.1716 18
      vertex -45 0 18
      vertex -48.9358 33.4288 18
    endloop
  endfacet
  facet normal 0 0 1
    outer loop
      vertex -45 0 18
      vertex -48.9358 -33.4288 18
      vertex -48.7234 -33.7057 18
    endloop
  endfacet
  facet normal -0 0 1
    outer loop
      vertex -49.4288 32.9358 18
      vertex -45 0 18
      vertex -49.1716 33.1716 18
    endloop
  endfacet
  facet normal 0 0 1
    outer loop
      vertex -45 0 18
      vertex -49.1716 -33.1716 18
      vertex -48.9358 -33.4288 18
    endloop
  endfacet
  facet normal -0 0 1
    outer loop
      vertex -49.7057 32.7234 18
      vertex -45 0 18
      vertex -49.4288 32.9358 18
    endloop
  endfacet
  facet normal 0 0 1
    outer loop
      vertex -45 0 18
      vertex -49.4288 -32.9358 18
      vertex -49.1716 -33.1716 18
    endloop
  endfacet
  facet normal -0 0 1
    outer loop
      vertex -50 32.5359 18
      vertex -45 0 18
      vertex -49.7057 32.7234 18
    endloop
  endfacet
  facet normal 0 0 1
    outer loop
      vertex -45 0 18
      vertex -49.7057 -32.7234 18
      vertex -49.4288 -32.9358 18
    endloop
  endfacet
  facet normal -0 0 1
    outer loop
      vertex -50.3095 32.3748 18
      vertex -45 0 18
      vertex -50 32.5359 18
    endloop
  endfacet
  facet normal 0 0 1
    outer loop
      vertex -45 0 18
      vertex -50 -32.5359 18
      vertex -49.7057 -32.7234 18
    endloop
  endfacet
  facet normal -0 0 1
    outer loop
      vertex -50.6319 32.2412 18
      vertex -45 0 18
      vertex -50.3095 32.3748 18
    endloop
  endfacet
  facet normal 0 0 1
    outer loop
      vertex -45 0 18
      vertex -50.3095 -32.3748 18
      vertex -50 -32.5359 18
    endloop
  endfacet
  facet normal -0 0 1
    outer loop
      vertex -50.9647 32.1363 18
      vertex -45 0 18
      vertex -50.6319 32.2412 18
    endloop
  endfacet
  facet normal 0 0 1
    outer loop
      vertex -45 0 18
      vertex -50.6319 -32.2412 18
      vertex -50.3095 -32.3748 18
    endloop
  endfacet
  facet normal -0 0 1
    outer loop
      vertex -51.3054 32.0608 18
      vertex -45 0 18
      vertex -50.9647 32.1363 18
    endloop
  endfacet
  facet normal 0 0 1
    outer loop
      vertex -45 0 18
      vertex -50.9647 -32.1363 18
      vertex -50.6319 -32.2412 18
    endloop
  endfacet
  facet normal -0 0 1
    outer loop
      vertex -51.6514 32.0152 18
      vertex -45 0 18
      vertex -51.3054 32.0608 18
    endloop
  endfacet
  facet normal 0 0 1
    outer loop
      vertex -45 0 18
      vertex -51.3054 -32.0608 18
      vertex -50.9647 -32.1363 18
    endloop
  endfacet
  facet normal -0 0 1
    outer loop
      vertex -52 32 18
      vertex -45 0 18
      vertex -51.6514 32.0152 18
    endloop
  endfacet
  facet normal 0 0 1
    outer loop
      vertex -45 0 18
      vertex -51.6514 -32.0152 18
      vertex -51.3054 -32.0608 18
    endloop
  endfacet
  facet normal 0 0 1
    outer loop
      vertex -52.3486 32.0152 18
      vertex -45 0 18
      vertex -52 32 18
    endloop
  endfacet
  facet normal 0 0 1
    outer loop
      vertex -45 0 18
      vertex -52 -32 18
      vertex -51.6514 -32.0152 18
    endloop
  endfacet
  facet normal 0 0 1
    outer loop
      vertex -52.6946 32.0608 18
      vertex -45 0 18
      vertex -52.3486 32.0152 18
    endloop
  endfacet
  facet normal 0 0 1
    outer loop
      vertex -45 0 18
      vertex -52.3486 -32.0152 18
      vertex -52 -32 18
    endloop
  endfacet
  facet normal 0 0 1
    outer loop
      vertex -53.0353 32.1363 18
      vertex -45 0 18
      vertex -52.6946 32.0608 18
    endloop
  endfacet
  facet normal 0 0 1
    outer loop
      vertex -45 0 18
      vertex -52.6946 -32.0608 18
      vertex -52.3486 -32.0152 18
    endloop
  endfacet
  facet normal 0 0 1
    outer loop
      vertex -53.3681 32.2412 18
      vertex -45 0 18
      vertex -53.0353 32.1363 18
    endloop
  endfacet
  facet normal 0 0 1
    outer loop
      vertex -45 0 18
      vertex -53.0353 -32.1363 18
      vertex -52.6946 -32.0608 18
    endloop
  endfacet
  facet normal 0 0 1
    outer loop
      vertex -53.6905 32.3748 18
      vertex -45 0 18
      vertex -53.3681 32.2412 18
    endloop
  endfacet
  facet normal 0 0 1
    outer loop
      vertex -45 0 18
      vertex -53.3681 -32.2412 18
      vertex -53.0353 -32.1363 18
    endloop
  endfacet
  facet normal 0 0 1
    outer loop
      vertex -54 32.5359 18
      vertex -45 0 18
      vertex -53.6905 32.3748 18
    endloop
  endfacet
  facet normal 0 0 1
    outer loop
      vertex -45 0 18
      vertex -53.6905 -32.3748 18
      vertex -53.3681 -32.2412 18
    endloop
  endfacet
  facet normal 0 0 1
    outer loop
      vertex -54.2943 32.7234 18
      vertex -45 0 18
      vertex -54 32.5359 18
    endloop
  endfacet
  facet normal 0 0 1
    outer loop
      vertex -45 0 18
      vertex -54 -32.5359 18
      vertex -53.6905 -32.3748 18
    endloop
  endfacet
  facet normal 0 0 1
    outer loop
      vertex -54.5712 32.9358 18
      vertex -45 0 18
      vertex -54.2943 32.7234 18
    endloop
  endfacet
  facet normal 0 0 1
    outer loop
      vertex -45 0 18
      vertex -54.2943 -32.7234 18
      vertex -54 -32.5359 18
    endloop
  endfacet
  facet normal 0 0 1
    outer loop
      vertex -54.8284 33.1716 18
      vertex -45 0 18
      vertex -54.5712 32.9358 18
    endloop
  endfacet
  facet normal 0 0 1
    outer loop
      vertex -45 0 18
      vertex -54.5712 -32.9358 18
      vertex -54.2943 -32.7234 18
    endloop
  endfacet
  facet normal -0 0 1
    outer loop
      vertex -63.3686 38.3686 18
      vertex -55.9848 35.6514 18
      vertex -63.2743 38.4715 18
    endloop
  endfacet
  facet normal 0 0 1
    outer loop
      vertex -45 0 18
      vertex -54.8284 -33.1716 18
      vertex -54.5712 -32.9358 18
    endloop
  endfacet
  facet normal 0 0 1
    outer loop
      vertex -56 36 18
      vertex -63.2743 38.4715 18
      vertex -55.9848 35.6514 18
    endloop
  endfacet
  facet normal -0 0 1
    outer loop
      vertex -63.4715 38.2743 18
      vertex -55.9848 35.6514 18
      vertex -63.3686 38.3686 18
    endloop
  endfacet
  facet normal -0 0 1
    outer loop
      vertex -63.2743 38.4715 18
      vertex -56 36 18
      vertex -63.1894 38.5823 18
    endloop
  endfacet
  facet normal 0 0 1
    outer loop
      vertex -45 0 18
      vertex -62.9 -39.5 18
      vertex -54.8284 -33.1716 18
    endloop
  endfacet
  facet normal 0 0 1
    outer loop
      vertex -55.9848 36.3486 18
      vertex -63.1894 38.5823 18
      vertex -56 36 18
    endloop
  endfacet
  facet normal 0 0 1
    outer loop
      vertex -54.8284 -33.1716 18
      vertex -62.9 -39.5 18
      vertex -55.0642 -33.4288 18
    endloop
  endfacet
  facet normal -0 0 1
    outer loop
      vertex -63.1894 38.5823 18
      vertex -55.9848 36.3486 18
      vertex -63.1144 38.7 18
    endloop
  endfacet
  facet normal 0 0 1
    outer loop
      vertex -55.0642 -33.4288 18
      vertex -62.9 -39.5 18
      vertex -55.2766 -33.7057 18
    endloop
  endfacet
  facet normal -0 0 1
    outer loop
      vertex -63.1144 38.7 18
      vertex -55.9848 36.3486 18
      vertex -63.0499 38.8238 18
    endloop
  endfacet
  facet normal 0 0 1
    outer loop
      vertex -55.2766 -33.7057 18
      vertex -62.9 -39.5 18
      vertex -55.4641 -34 18
    endloop
  endfacet
  facet normal 0 0 1
    outer loop
      vertex -55.9392 36.6946 18
      vertex -63.0499 38.8238 18
      vertex -55.9848 36.3486 18
    endloop
  endfacet
  facet normal 0 0 1
    outer loop
      vertex -55.4641 -34 18
      vertex -62.9 -39.5 18
      vertex -55.6252 -34.3095 18
    endloop
  endfacet
  facet normal -0 0 1
    outer loop
      vertex -63.0499 38.8238 18
      vertex -55.9392 36.6946 18
      vertex -62.9965 38.9528 18
    endloop
  endfacet
  facet normal 0 0 1
    outer loop
      vertex -55.6252 -34.3095 18
      vertex -62.9 -39.5 18
      vertex -55.7588 -34.6319 18
    endloop
  endfacet
  facet normal 0 0 1
    outer loop
      vertex -55.8637 37.0353 18
      vertex -62.9965 38.9528 18
      vertex -55.9392 36.6946 18
    endloop
  endfacet
  facet normal 0 0 1
    outer loop
      vertex -55.7588 -34.6319 18
      vertex -62.9 -39.5 18
      vertex -55.8637 -34.9647 18
    endloop
  endfacet
  facet normal -0 0 1
    outer loop
      vertex -62.9965 38.9528 18
      vertex -55.8637 37.0353 18
      vertex -62.9545 39.0859 18
    endloop
  endfacet
  facet normal 0 0 1
    outer loop
      vertex -55.8637 -34.9647 18
      vertex -62.9 -39.5 18
      vertex -55.9392 -35.3054 18
    endloop
  endfacet
  facet normal 0 0 1
    outer loop
      vertex -45 62.5 18
      vertex -48 36 18
      vertex -45 0 18
    endloop
  endfacet
  facet normal 0 0 1
    outer loop
      vertex -45 62.5 18
      vertex -48.0152 36.3486 18
      vertex -48 36 18
    endloop
  endfacet
  facet normal 0 0 1
    outer loop
      vertex -45 62.5 18
      vertex -48.0608 36.6946 18
      vertex -48.0152 36.3486 18
    endloop
  endfacet
  facet normal 0 0 1
    outer loop
      vertex -45 62.5 18
      vertex -48.1363 37.0353 18
      vertex -48.0608 36.6946 18
    endloop
  endfacet
  facet normal 0 0 1
    outer loop
      vertex -45 62.5 18
      vertex -48.2412 37.3681 18
      vertex -48.1363 37.0353 18
    endloop
  endfacet
  facet normal 0 0 1
    outer loop
      vertex -45 62.5 18
      vertex -48.3748 37.6905 18
      vertex -48.2412 37.3681 18
    endloop
  endfacet
  facet normal 0 0 1
    outer loop
      vertex -45 62.5 18
      vertex -48.5359 38 18
      vertex -48.3748 37.6905 18
    endloop
  endfacet
  facet normal 0 0 1
    outer loop
      vertex -45 62.5 18
      vertex -48.7234 38.2943 18
      vertex -48.5359 38 18
    endloop
  endfacet
  facet normal 0 0 1
    outer loop
      vertex -45 62.5 18
      vertex -48.9358 38.5712 18
      vertex -48.7234 38.2943 18
    endloop
  endfacet
  facet normal 0 0 1
    outer loop
      vertex -45 62.5 18
      vertex -49.1716 38.8284 18
      vertex -48.9358 38.5712 18
    endloop
  endfacet
  facet normal 0 0 1
    outer loop
      vertex -45 62.5 18
      vertex -49.4288 39.0642 18
      vertex -49.1716 38.8284 18
    endloop
  endfacet
  facet normal 0 0 1
    outer loop
      vertex -45 62.5 18
      vertex -49.7057 39.2766 18
      vertex -49.4288 39.0642 18
    endloop
  endfacet
  facet normal 0 0 1
    outer loop
      vertex -45 62.5 18
      vertex -50 39.4641 18
      vertex -49.7057 39.2766 18
    endloop
  endfacet
  facet normal 0 0 1
    outer loop
      vertex -45 62.5 18
      vertex -50.3095 39.6252 18
      vertex -50 39.4641 18
    endloop
  endfacet
  facet normal 0 0 1
    outer loop
      vertex -45 62.5 18
      vertex -50.6319 39.7588 18
      vertex -50.3095 39.6252 18
    endloop
  endfacet
  facet normal 0 0 1
    outer loop
      vertex -45 62.5 18
      vertex -50.9647 39.8637 18
      vertex -50.6319 39.7588 18
    endloop
  endfacet
  facet normal 0 0 1
    outer loop
      vertex -45 62.5 18
      vertex -51.3054 39.9392 18
      vertex -50.9647 39.8637 18
    endloop
  endfacet
  facet normal 0 0 1
    outer loop
      vertex -45 62.5 18
      vertex -51.6514 39.9848 18
      vertex -51.3054 39.9392 18
    endloop
  endfacet
  facet normal 0 0 1
    outer loop
      vertex -45 62.5 18
      vertex -52 40 18
      vertex -51.6514 39.9848 18
    endloop
  endfacet
  facet normal 0 0 1
    outer loop
      vertex -45 62.5 18
      vertex -52.3486 39.9848 18
      vertex -52 40 18
    endloop
  endfacet
  facet normal 0 0 1
    outer loop
      vertex -45 62.5 18
      vertex -52.6946 39.9392 18
      vertex -52.3486 39.9848 18
    endloop
  endfacet
  facet normal 0 0 1
    outer loop
      vertex -45 62.5 18
      vertex -53.0353 39.8637 18
      vertex -52.6946 39.9392 18
    endloop
  endfacet
  facet normal -0 0 1
    outer loop
      vertex -67.5 62.5 18
      vertex -53.0353 39.8637 18
      vertex -45 62.5 18
    endloop
  endfacet
  facet normal -0 -0 1
    outer loop
      vertex -63.7 40.8856 18
      vertex -53.0353 39.8637 18
      vertex -67.5 62.5 18
    endloop
  endfacet
  facet normal 0 0 1
    outer loop
      vertex -53.0353 39.8637 18
      vertex -63.7 40.8856 18
      vertex -53.3681 39.7588 18
    endloop
  endfacet
  facet normal -0 -0 1
    outer loop
      vertex -63.5823 40.8106 18
      vertex -53.3681 39.7588 18
      vertex -63.7 40.8856 18
    endloop
  endfacet
  facet normal 0 0 1
    outer loop
      vertex -53.3681 39.7588 18
      vertex -63.5823 40.8106 18
      vertex -53.6905 39.6252 18
    endloop
  endfacet
  facet normal -0 -0 1
    outer loop
      vertex -63.4715 40.7257 18
      vertex -53.6905 39.6252 18
      vertex -63.5823 40.8106 18
    endloop
  endfacet
  facet normal -0 -0 1
    outer loop
      vertex -63.3686 40.6314 18
      vertex -54 39.4641 18
      vertex -63.4715 40.7257 18
    endloop
  endfacet
  facet normal -0 -0 1
    outer loop
      vertex -63.2743 40.5285 18
      vertex -54.2943 39.2766 18
      vertex -63.3686 40.6314 18
    endloop
  endfacet
  facet normal -0 -0 1
    outer loop
      vertex -63.1894 40.4177 18
      vertex -54.2943 39.2766 18
      vertex -63.2743 40.5285 18
    endloop
  endfacet
  facet normal 0 0 1
    outer loop
      vertex -54.2943 39.2766 18
      vertex -63.1894 40.4177 18
      vertex -54.5712 39.0642 18
    endloop
  endfacet
  facet normal 0 0 1
    outer loop
      vertex -55.9392 -35.3054 18
      vertex -62.9 -39.5 18
      vertex -55.9848 -35.6514 18
    endloop
  endfacet
  facet normal 0 0 1
    outer loop
      vertex -55.7588 37.3681 18
      vertex -62.9545 39.0859 18
      vertex -55.8637 37.0353 18
    endloop
  endfacet
  facet normal -0 0 1
    outer loop
      vertex -62.9545 39.0859 18
      vertex -55.7588 37.3681 18
      vertex -62.9243 39.2222 18
    endloop
  endfacet
  facet normal -0 0 1
    outer loop
      vertex -62.9243 39.2222 18
      vertex -55.7588 37.3681 18
      vertex -62.9061 39.3605 18
    endloop
  endfacet
  facet normal 0 0 1
    outer loop
      vertex -55.6252 37.6905 18
      vertex -62.9061 39.3605 18
      vertex -55.7588 37.3681 18
    endloop
  endfacet
  facet normal -0 0 1
    outer loop
      vertex -62.9061 39.3605 18
      vertex -55.6252 37.6905 18
      vertex -62.9 39.5 18
    endloop
  endfacet
  facet normal 0 0 1
    outer loop
      vertex -54.5712 39.0642 18
      vertex -63.1144 40.3 18
      vertex -54.8284 38.8284 18
    endloop
  endfacet
  facet normal 0 0 1
    outer loop
      vertex -55.4641 38 18
      vertex -62.9 39.5 18
      vertex -55.6252 37.6905 18
    endloop
  endfacet
  facet normal -0 -0 1
    outer loop
      vertex -62.9 39.5 18
      vertex -55.4641 38 18
      vertex -62.9061 39.6395 18
    endloop
  endfacet
  facet normal -0 -0 1
    outer loop
      vertex -62.9061 39.6395 18
      vertex -55.4641 38 18
      vertex -62.9243 39.7778 18
    endloop
  endfacet
  facet normal 0 0 1
    outer loop
      vertex -55.2766 38.2943 18
      vertex -62.9243 39.7778 18
      vertex -55.4641 38 18
    endloop
  endfacet
  facet normal -0 -0 1
    outer loop
      vertex -62.9243 39.7778 18
      vertex -55.2766 38.2943 18
      vertex -62.9545 39.9141 18
    endloop
  endfacet
  facet normal 0 0 1
    outer loop
      vertex -55.0642 38.5712 18
      vertex -62.9545 39.9141 18
      vertex -55.2766 38.2943 18
    endloop
  endfacet
  facet normal -0 -0 1
    outer loop
      vertex -62.9545 39.9141 18
      vertex -55.0642 38.5712 18
      vertex -62.9965 40.0472 18
    endloop
  endfacet
  facet normal -0 -0 1
    outer loop
      vertex -62.9965 40.0472 18
      vertex -55.0642 38.5712 18
      vertex -63.0499 40.1762 18
    endloop
  endfacet
  facet normal 0 0 1
    outer loop
      vertex -54.8284 38.8284 18
      vertex -63.0499 40.1762 18
      vertex -55.0642 38.5712 18
    endloop
  endfacet
  facet normal -0 -0 1
    outer loop
      vertex -63.0499 40.1762 18
      vertex -54.8284 38.8284 18
      vertex -63.1144 40.3 18
    endloop
  endfacet
  facet normal -0 -0 1
    outer loop
      vertex -63.1144 40.3 18
      vertex -54.5712 39.0642 18
      vertex -63.1894 40.4177 18
    endloop
  endfacet
  facet normal 0 0 1
    outer loop
      vertex -54 39.4641 18
      vertex -63.3686 40.6314 18
      vertex -54.2943 39.2766 18
    endloop
  endfacet
  facet normal 0 0 1
    outer loop
      vertex -53.6905 39.6252 18
      vertex -63.4715 40.7257 18
      vertex -54 39.4641 18
    endloop
  endfacet
  facet normal 0 0 1
    outer loop
      vertex -63.7 40.8856 18
      vertex -67.5 62.5 18
      vertex -63.8238 40.9501 18
    endloop
  endfacet
  facet normal 0 0 1
    outer loop
      vertex -63.8238 40.9501 18
      vertex -67.5 62.5 18
      vertex -63.9528 41.0035 18
    endloop
  endfacet
  facet normal 0 0 1
    outer loop
      vertex -63.9528 41.0035 18
      vertex -67.5 62.5 18
      vertex -64.0859 41.0455 18
    endloop
  endfacet
  facet normal 0 0 1
    outer loop
      vertex -64.0859 41.0455 18
      vertex -67.5 62.5 18
      vertex -64.2222 41.0757 18
    endloop
  endfacet
  facet normal 0 0 1
    outer loop
      vertex -64.2222 41.0757 18
      vertex -67.5 62.5 18
      vertex -64.3605 41.0939 18
    endloop
  endfacet
  facet normal 0 0 1
    outer loop
      vertex -64.3605 41.0939 18
      vertex -67.5 62.5 18
      vertex -64.5 41.1 18
    endloop
  endfacet
  facet normal 0 0 1
    outer loop
      vertex -64.5 41.1 18
      vertex -67.5 62.5 18
      vertex -64.6395 41.0939 18
    endloop
  endfacet
  facet normal 0 0 1
    outer loop
      vertex -64.6395 41.0939 18
      vertex -67.5 62.5 18
      vertex -64.7778 41.0757 18
    endloop
  endfacet
  facet normal 0 0 1
    outer loop
      vertex -64.7778 41.0757 18
      vertex -67.5 62.5 18
      vertex -64.9141 41.0455 18
    endloop
  endfacet
  facet normal -0 0 1
    outer loop
      vertex -69.2431 62.4239 18
      vertex -64.9141 41.0455 18
      vertex -67.5 62.5 18
    endloop
  endfacet
  facet normal 0 0 1
    outer loop
      vertex -64.9141 41.0455 18
      vertex -69.2431 62.4239 18
      vertex -65.0472 41.0035 18
    endloop
  endfacet
  facet normal -0 0 1
    outer loop
      vertex -70.973 62.1962 18
      vertex -65.0472 41.0035 18
      vertex -69.2431 62.4239 18
    endloop
  endfacet
  facet normal 0 0 1
    outer loop
      vertex -65.0472 41.0035 18
      vertex -70.973 62.1962 18
      vertex -65.1762 40.9501 18
    endloop
  endfacet
  facet normal -0 0 1
    outer loop
      vertex -72.6764 61.8185 18
      vertex -65.1762 40.9501 18
      vertex -70.973 62.1962 18
    endloop
  endfacet
  facet normal -0 0 1
    outer loop
      vertex -82.8209 55.3558 18
      vertex -65.6314 40.6314 18
      vertex -81.6421 56.6421 18
    endloop
  endfacet
  facet normal -0 0 1
    outer loop
      vertex -81.6421 56.6421 18
      vertex -65.6314 40.6314 18
      vertex -80.3558 57.8209 18
    endloop
  endfacet
  facet normal 0 0 1
    outer loop
      vertex -65.5285 40.7257 18
      vertex -80.3558 57.8209 18
      vertex -65.6314 40.6314 18
    endloop
  endfacet
  facet normal -0 0 1
    outer loop
      vertex -80.3558 57.8209 18
      vertex -65.5285 40.7257 18
      vertex -78.9715 58.883 18
    endloop
  endfacet
  facet normal 0 0 1
    outer loop
      vertex -65.4177 40.8106 18
      vertex -78.9715 58.883 18
      vertex -65.5285 40.7257 18
    endloop
  endfacet
  facet normal -0 0 1
    outer loop
      vertex -78.9715 58.883 18
      vertex -65.4177 40.8106 18
      vertex -77.5 59.8205 18
    endloop
  endfacet
  facet normal -0 0 1
    outer loop
      vertex -77.5 59.8205 18
      vertex -65.4177 40.8106 18
      vertex -75.9524 60.6262 18
    endloop
  endfacet
  facet normal 0 0 1
    outer loop
      vertex -65.3 40.8856 18
      vertex -75.9524 60.6262 18
      vertex -65.4177 40.8106 18
    endloop
  endfacet
  facet normal -0 0 1
    outer loop
      vertex -75.9524 60.6262 18
      vertex -65.3 40.8856 18
      vertex -74.3404 61.2939 18
    endloop
  endfacet
  facet normal 0 0 1
    outer loop
      vertex -65.1762 40.9501 18
      vertex -74.3404 61.2939 18
      vertex -65.3 40.8856 18
    endloop
  endfacet
  facet normal -0 0 1
    outer loop
      vertex -74.3404 61.2939 18
      vertex -65.1762 40.9501 18
      vertex -72.6764 61.8185 18
    endloop
  endfacet
  facet normal 0 0 1
    outer loop
      vertex -15 62.5 18
      vertex -33 62.5 18
      vertex -15 0 18
    endloop
  endfacet
  facet normal 0 0 1
    outer loop
      vertex 15 62.5 18
      vertex -3 62.5 18
      vertex 15 0 18
    endloop
  endfacet
  facet normal 0 0 1
    outer loop
      vertex 45 62.5 18
      vertex 27 62.5 18
      vertex 45 0 18
    endloop
  endfacet
  facet normal 0 0 1
    outer loop
      vertex 63.2743 -38.4715 18
      vertex 55.9848 -35.6514 18
      vertex 56 -36 18
    endloop
  endfacet
  facet normal 0 0 1
    outer loop
      vertex 64.5 -37.9 18
      vertex 55.9392 -35.3054 18
      vertex 55.9848 -35.6514 18
    endloop
  endfacet
  facet normal 0 0 1
    outer loop
      vertex 64.5 -37.9 18
      vertex 55.8637 -34.9647 18
      vertex 55.9392 -35.3054 18
    endloop
  endfacet
  facet normal 0 0 1
    outer loop
      vertex 64.5 -37.9 18
      vertex 55.7588 -34.6319 18
      vertex 55.8637 -34.9647 18
    endloop
  endfacet
  facet normal 0 0 1
    outer loop
      vertex 64.5 -37.9 18
      vertex 55.6252 -34.3095 18
      vertex 55.7588 -34.6319 18
    endloop
  endfacet
  facet normal 0 0 1
    outer loop
      vertex 64.5 -37.9 18
      vertex 55.4641 -34 18
      vertex 55.6252 -34.3095 18
    endloop
  endfacet
  facet normal 0 0 1
    outer loop
      vertex 64.5 -37.9 18
      vertex 55.2766 -33.7057 18
      vertex 55.4641 -34 18
    endloop
  endfacet
  facet normal 0 0 1
    outer loop
      vertex 64.5 -37.9 18
      vertex 55.0642 -33.4288 18
      vertex 55.2766 -33.7057 18
    endloop
  endfacet
  facet normal 0 0 1
    outer loop
      vertex 64.6395 -37.9061 18
      vertex 55.0642 -33.4288 18
      vertex 64.5 -37.9 18
    endloop
  endfacet
  facet normal -0 -0 1
    outer loop
      vertex 55.0642 -33.4288 18
      vertex 64.6395 -37.9061 18
      vertex 54.8284 -33.1716 18
    endloop
  endfacet
  facet normal 0 0 1
    outer loop
      vertex 57 0 18
      vertex 54.2943 -32.7234 18
      vertex 54.5712 -32.9358 18
    endloop
  endfacet
  facet normal 0 0 1
    outer loop
      vertex 57 0 18
      vertex 54 -32.5359 18
      vertex 54.2943 -32.7234 18
    endloop
  endfacet
  facet normal 0 0 1
    outer loop
      vertex 57 0 18
      vertex 53.6905 -32.3748 18
      vertex 54 -32.5359 18
    endloop
  endfacet
  facet normal 0 0 1
    outer loop
      vertex 57 0 18
      vertex 53.3681 -32.2412 18
      vertex 53.6905 -32.3748 18
    endloop
  endfacet
  facet normal 0 0 1
    outer loop
      vertex 57 0 18
      vertex 53.0353 -32.1363 18
      vertex 53.3681 -32.2412 18
    endloop
  endfacet
  facet normal 0 0 1
    outer loop
      vertex 57 0 18
      vertex 52.6946 -32.0608 18
      vertex 53.0353 -32.1363 18
    endloop
  endfacet
  facet normal 0 0 1
    outer loop
      vertex 57 0 18
      vertex 52.3486 -32.0152 18
      vertex 52.6946 -32.0608 18
    endloop
  endfacet
  facet normal 0 0 1
    outer loop
      vertex 57 0 18
      vertex 52 -32 18
      vertex 52.3486 -32.0152 18
    endloop
  endfacet
  facet normal 0 0 1
    outer loop
      vertex 57 0 18
      vertex 51.6514 -32.0152 18
      vertex 52 -32 18
    endloop
  endfacet
  facet normal -0 0 1
    outer loop
      vertex 45 0 18
      vertex 51.6514 -32.0152 18
      vertex 57 0 18
    endloop
  endfacet
  facet normal 0 0 1
    outer loop
      vertex 51.6514 -32.0152 18
      vertex 45 0 18
      vertex 51.3054 -32.0608 18
    endloop
  endfacet
  facet normal 0 0 1
    outer loop
      vertex 51.3054 -32.0608 18
      vertex 45 0 18
      vertex 50.9647 -32.1363 18
    endloop
  endfacet
  facet normal 0 0 1
    outer loop
      vertex 50.9647 -32.1363 18
      vertex 45 0 18
      vertex 50.6319 -32.2412 18
    endloop
  endfacet
  facet normal 0 0 1
    outer loop
      vertex 50.6319 -32.2412 18
      vertex 45 0 18
      vertex 50.3095 -32.3748 18
    endloop
  endfacet
  facet normal 0 0 1
    outer loop
      vertex 50.3095 -32.3748 18
      vertex 45 0 18
      vertex 50 -32.5359 18
    endloop
  endfacet
  facet normal 0 0 1
    outer loop
      vertex 50 -32.5359 18
      vertex 45 0 18
      vertex 49.7057 -32.7234 18
    endloop
  endfacet
  facet normal 0 0 1
    outer loop
      vertex 49.7057 -32.7234 18
      vertex 45 0 18
      vertex 49.4288 -32.9358 18
    endloop
  endfacet
  facet normal -0 0 1
    outer loop
      vertex 27 0 18
      vertex 49.4288 -32.9358 18
      vertex 45 0 18
    endloop
  endfacet
  facet normal 0 0 1
    outer loop
      vertex 49.4288 -32.9358 18
      vertex 27 0 18
      vertex 49.1716 -33.1716 18
    endloop
  endfacet
  facet normal 0 0 1
    outer loop
      vertex 49.1716 -33.1716 18
      vertex 27 0 18
      vertex 48.9358 -33.4288 18
    endloop
  endfacet
  facet normal 0 0 1
    outer loop
      vertex 48.9358 -33.4288 18
      vertex 27 0 18
      vertex 48.7234 -33.7057 18
    endloop
  endfacet
  facet normal 0 0 1
    outer loop
      vertex 48.7234 -33.7057 18
      vertex 27 0 18
      vertex 48.5359 -34 18
    endloop
  endfacet
  facet normal 0 0 1
    outer loop
      vertex 48.5359 -34 18
      vertex 27 0 18
      vertex 48.3748 -34.3095 18
    endloop
  endfacet
  facet normal 0 0 1
    outer loop
      vertex 48.1363 -34.9647 18
      vertex 15 0 18
      vertex 48.0608 -35.3054 18
    endloop
  endfacet
  facet normal -0 0 1
    outer loop
      vertex 15 0 18
      vertex 48.1363 -34.9647 18
      vertex 27 0 18
    endloop
  endfacet
  facet normal 0 0 1
    outer loop
      vertex 48.2412 -34.6319 18
      vertex 27 0 18
      vertex 48.1363 -34.9647 18
    endloop
  endfacet
  facet normal 0 0 1
    outer loop
      vertex 48.3748 -34.3095 18
      vertex 27 0 18
      vertex 48.2412 -34.6319 18
    endloop
  endfacet
  facet normal 0 0 1
    outer loop
      vertex 66.0455 39.0859 18
      vertex 87.5 42.5 18
      vertex 66.0757 39.2222 18
    endloop
  endfacet
  facet normal 0 0 1
    outer loop
      vertex 87.5 -42.5 18
      vertex 66.0939 -39.3605 18
      vertex 66.1 -39.5 18
    endloop
  endfacet
  facet normal 0 0 1
    outer loop
      vertex 66.0035 38.9528 18
      vertex 87.5 42.5 18
      vertex 66.0455 39.0859 18
    endloop
  endfacet
  facet normal 0 0 1
    outer loop
      vertex 87.5 -42.5 18
      vertex 66.0757 -39.2222 18
      vertex 66.0939 -39.3605 18
    endloop
  endfacet
  facet normal 0 0 1
    outer loop
      vertex 65.9501 38.8238 18
      vertex 87.5 42.5 18
      vertex 66.0035 38.9528 18
    endloop
  endfacet
  facet normal 0 0 1
    outer loop
      vertex 87.5 -42.5 18
      vertex 66.0455 -39.0859 18
      vertex 66.0757 -39.2222 18
    endloop
  endfacet
  facet normal 0 0 1
    outer loop
      vertex 65.8856 38.7 18
      vertex 87.5 42.5 18
      vertex 65.9501 38.8238 18
    endloop
  endfacet
  facet normal 0 0 1
    outer loop
      vertex 87.5 -42.5 18
      vertex 66.0035 -38.9528 18
      vertex 66.0455 -39.0859 18
    endloop
  endfacet
  facet normal 0 0 1
    outer loop
      vertex 65.8106 38.5823 18
      vertex 87.5 42.5 18
      vertex 65.8856 38.7 18
    endloop
  endfacet
  facet normal 0 0 1
    outer loop
      vertex 87.5 -42.5 18
      vertex 65.9501 -38.8238 18
      vertex 66.0035 -38.9528 18
    endloop
  endfacet
  facet normal 0 0 1
    outer loop
      vertex 65.7257 38.4715 18
      vertex 87.5 42.5 18
      vertex 65.8106 38.5823 18
    endloop
  endfacet
  facet normal -0 -0 1
    outer loop
      vertex 65.4177 -38.1894 18
      vertex 87.5 -42.5 18
      vertex 57 0 18
    endloop
  endfacet
  facet normal 0 0 1
    outer loop
      vertex 87.5 42.5 18
      vertex 57 0 18
      vertex 87.5 -42.5 18
    endloop
  endfacet
  facet normal 0 0 1
    outer loop
      vertex 87.5 -42.5 18
      vertex 65.8856 -38.7 18
      vertex 65.9501 -38.8238 18
    endloop
  endfacet
  facet normal 0 0 1
    outer loop
      vertex 65.6314 38.3686 18
      vertex 87.5 42.5 18
      vertex 65.7257 38.4715 18
    endloop
  endfacet
  facet normal 0 0 1
    outer loop
      vertex 87.5 -42.5 18
      vertex 65.8106 -38.5823 18
      vertex 65.8856 -38.7 18
    endloop
  endfacet
  facet normal 0 0 1
    outer loop
      vertex 65.5285 38.2743 18
      vertex 87.5 42.5 18
      vertex 65.6314 38.3686 18
    endloop
  endfacet
  facet normal 0 0 1
    outer loop
      vertex 87.5 -42.5 18
      vertex 65.7257 -38.4715 18
      vertex 65.8106 -38.5823 18
    endloop
  endfacet
  facet normal 0 0 1
    outer loop
      vertex 65.4177 38.1894 18
      vertex 87.5 42.5 18
      vertex 65.5285 38.2743 18
    endloop
  endfacet
  facet normal 0 0 1
    outer loop
      vertex 87.5 -42.5 18
      vertex 65.6314 -38.3686 18
      vertex 65.7257 -38.4715 18
    endloop
  endfacet
  facet normal 0 0 1
    outer loop
      vertex 87.5 42.5 18
      vertex 65.4177 38.1894 18
      vertex 57 0 18
    endloop
  endfacet
  facet normal 0 0 1
    outer loop
      vertex 87.5 -42.5 18
      vertex 65.5285 -38.2743 18
      vertex 65.6314 -38.3686 18
    endloop
  endfacet
  facet normal 0 0 1
    outer loop
      vertex 57 0 18
      vertex 65.4177 38.1894 18
      vertex 65.3 38.1144 18
    endloop
  endfacet
  facet normal 0 0 1
    outer loop
      vertex 87.5 -42.5 18
      vertex 65.4177 -38.1894 18
      vertex 65.5285 -38.2743 18
    endloop
  endfacet
  facet normal 0 0 1
    outer loop
      vertex 57 0 18
      vertex 65.3 38.1144 18
      vertex 65.1762 38.0499 18
    endloop
  endfacet
  facet normal 0 0 1
    outer loop
      vertex 65.4177 -38.1894 18
      vertex 57 0 18
      vertex 65.3 -38.1144 18
    endloop
  endfacet
  facet normal 0 0 1
    outer loop
      vertex 57 0 18
      vertex 65.1762 38.0499 18
      vertex 65.0472 37.9965 18
    endloop
  endfacet
  facet normal 0 0 1
    outer loop
      vertex 65.3 -38.1144 18
      vertex 57 0 18
      vertex 65.1762 -38.0499 18
    endloop
  endfacet
  facet normal 0 0 1
    outer loop
      vertex 57 0 18
      vertex 65.0472 37.9965 18
      vertex 64.9141 37.9545 18
    endloop
  endfacet
  facet normal 0 0 1
    outer loop
      vertex 65.1762 -38.0499 18
      vertex 57 0 18
      vertex 65.0472 -37.9965 18
    endloop
  endfacet
  facet normal 0 0 1
    outer loop
      vertex 57 0 18
      vertex 64.9141 37.9545 18
      vertex 64.7778 37.9243 18
    endloop
  endfacet
  facet normal 0 0 1
    outer loop
      vertex 65.0472 -37.9965 18
      vertex 57 0 18
      vertex 64.9141 -37.9545 18
    endloop
  endfacet
  facet normal 0 0 1
    outer loop
      vertex 57 0 18
      vertex 64.7778 37.9243 18
      vertex 64.6395 37.9061 18
    endloop
  endfacet
  facet normal 0 0 1
    outer loop
      vertex 64.9141 -37.9545 18
      vertex 57 0 18
      vertex 64.7778 -37.9243 18
    endloop
  endfacet
  facet normal 0 0 1
    outer loop
      vertex 57 0 18
      vertex 64.6395 37.9061 18
      vertex 64.5 37.9 18
    endloop
  endfacet
  facet normal -0 0 1
    outer loop
      vertex 54.5712 -32.9358 18
      vertex 64.7778 -37.9243 18
      vertex 57 0 18
    endloop
  endfacet
  facet normal 0 0 1
    outer loop
      vertex 57 0 18
      vertex 64.5 37.9 18
      vertex 64.3605 37.9061 18
    endloop
  endfacet
  facet normal -0 -0 1
    outer loop
      vertex 54.8284 -33.1716 18
      vertex 64.7778 -37.9243 18
      vertex 54.5712 -32.9358 18
    endloop
  endfacet
  facet normal 0 0 1
    outer loop
      vertex 57 0 18
      vertex 64.3605 37.9061 18
      vertex 64.2222 37.9243 18
    endloop
  endfacet
  facet normal 0 0 1
    outer loop
      vertex 64.7778 -37.9243 18
      vertex 54.8284 -33.1716 18
      vertex 64.6395 -37.9061 18
    endloop
  endfacet
  facet normal 0 0 1
    outer loop
      vertex 57 0 18
      vertex 64.2222 37.9243 18
      vertex 64.0859 37.9545 18
    endloop
  endfacet
  facet normal 0 0 1
    outer loop
      vertex 55.9848 -35.6514 18
      vertex 64.3605 -37.9061 18
      vertex 64.5 -37.9 18
    endloop
  endfacet
  facet normal 0 0 1
    outer loop
      vertex 57 0 18
      vertex 64.0859 37.9545 18
      vertex 63.9528 37.9965 18
    endloop
  endfacet
  facet normal 0 0 1
    outer loop
      vertex 55.9848 -35.6514 18
      vertex 64.2222 -37.9243 18
      vertex 64.3605 -37.9061 18
    endloop
  endfacet
  facet normal 0 0 1
    outer loop
      vertex 57 0 18
      vertex 63.9528 37.9965 18
      vertex 63.8238 38.0499 18
    endloop
  endfacet
  facet normal 0 0 1
    outer loop
      vertex 55.9848 -35.6514 18
      vertex 64.0859 -37.9545 18
      vertex 64.2222 -37.9243 18
    endloop
  endfacet
  facet normal 0 0 1
    outer loop
      vertex 57 0 18
      vertex 63.8238 38.0499 18
      vertex 63.7 38.1144 18
    endloop
  endfacet
  facet normal 0 0 1
    outer loop
      vertex 55.9848 -35.6514 18
      vertex 63.9528 -37.9965 18
      vertex 64.0859 -37.9545 18
    endloop
  endfacet
  facet normal 0 0 1
    outer loop
      vertex 57 0 18
      vertex 63.7 38.1144 18
      vertex 63.5823 38.1894 18
    endloop
  endfacet
  facet normal 0 0 1
    outer loop
      vertex 55.9848 -35.6514 18
      vertex 63.8238 -38.0499 18
      vertex 63.9528 -37.9965 18
    endloop
  endfacet
  facet normal 0 0 1
    outer loop
      vertex 57 0 18
      vertex 63.5823 38.1894 18
      vertex 63.4715 38.2743 18
    endloop
  endfacet
  facet normal 0 0 1
    outer loop
      vertex 55.9848 -35.6514 18
      vertex 63.7 -38.1144 18
      vertex 63.8238 -38.0499 18
    endloop
  endfacet
  facet normal 0 0 1
    outer loop
      vertex 57 0 18
      vertex 63.4715 38.2743 18
      vertex 63.3686 38.3686 18
    endloop
  endfacet
  facet normal 0 0 1
    outer loop
      vertex 55.9848 -35.6514 18
      vertex 63.5823 -38.1894 18
      vertex 63.7 -38.1144 18
    endloop
  endfacet
  facet normal 0 0 1
    outer loop
      vertex 57 0 18
      vertex 63.3686 38.3686 18
      vertex 63.2743 38.4715 18
    endloop
  endfacet
  facet normal 0 0 1
    outer loop
      vertex 55.9848 -35.6514 18
      vertex 63.4715 -38.2743 18
      vertex 63.5823 -38.1894 18
    endloop
  endfacet
  facet normal 0 0 1
    outer loop
      vertex 57 0 18
      vertex 63.2743 38.4715 18
      vertex 63.1894 38.5823 18
    endloop
  endfacet
  facet normal 0 0 1
    outer loop
      vertex 55.9848 -35.6514 18
      vertex 63.3686 -38.3686 18
      vertex 63.4715 -38.2743 18
    endloop
  endfacet
  facet normal 0 0 1
    outer loop
      vertex 57 0 18
      vertex 63.1894 38.5823 18
      vertex 63.1144 38.7 18
    endloop
  endfacet
  facet normal 0 0 1
    outer loop
      vertex 55.9848 -35.6514 18
      vertex 63.2743 -38.4715 18
      vertex 63.3686 -38.3686 18
    endloop
  endfacet
  facet normal 0 0 1
    outer loop
      vertex 57 0 18
      vertex 63.1144 38.7 18
      vertex 63.0499 38.8238 18
    endloop
  endfacet
  facet normal 0 0 1
    outer loop
      vertex 63.2743 -38.4715 18
      vertex 56 -36 18
      vertex 63.1894 -38.5823 18
    endloop
  endfacet
  facet normal 0 0 1
    outer loop
      vertex 57 0 18
      vertex 63.0499 38.8238 18
      vertex 62.9965 38.9528 18
    endloop
  endfacet
  facet normal -0 0 1
    outer loop
      vertex 55.9848 -36.3486 18
      vertex 63.1894 -38.5823 18
      vertex 56 -36 18
    endloop
  endfacet
  facet normal 0 0 1
    outer loop
      vertex 57 0 18
      vertex 62.9965 38.9528 18
      vertex 62.9545 39.0859 18
    endloop
  endfacet
  facet normal 0 0 1
    outer loop
      vertex 63.1894 -38.5823 18
      vertex 55.9848 -36.3486 18
      vertex 63.1144 -38.7 18
    endloop
  endfacet
  facet normal 0 0 1
    outer loop
      vertex 57 0 18
      vertex 62.9545 39.0859 18
      vertex 62.9243 39.2222 18
    endloop
  endfacet
  facet normal 0 0 1
    outer loop
      vertex 63.1144 -38.7 18
      vertex 55.9848 -36.3486 18
      vertex 63.0499 -38.8238 18
    endloop
  endfacet
  facet normal 0 0 1
    outer loop
      vertex 57 0 18
      vertex 62.9243 39.2222 18
      vertex 62.9061 39.3605 18
    endloop
  endfacet
  facet normal -0 0 1
    outer loop
      vertex 55.9392 -36.6946 18
      vertex 63.0499 -38.8238 18
      vertex 55.9848 -36.3486 18
    endloop
  endfacet
  facet normal 0 0 1
    outer loop
      vertex 57 62.5 18
      vertex 62.9061 39.3605 18
      vertex 62.9 39.5 18
    endloop
  endfacet
  facet normal 0 0 1
    outer loop
      vertex 63.0499 -38.8238 18
      vertex 55.9392 -36.6946 18
      vertex 62.9965 -38.9528 18
    endloop
  endfacet
  facet normal 0 0 1
    outer loop
      vertex 66.0455 39.9141 18
      vertex 87.5 42.5 18
      vertex 87.4239 44.2431 18
    endloop
  endfacet
  facet normal 0 0 1
    outer loop
      vertex 66.0939 39.3605 18
      vertex 87.5 42.5 18
      vertex 66.1 39.5 18
    endloop
  endfacet
  facet normal 0 0 1
    outer loop
      vertex 66.0035 40.0472 18
      vertex 87.4239 44.2431 18
      vertex 87.1962 45.973 18
    endloop
  endfacet
  facet normal 0 0 1
    outer loop
      vertex 66.0757 39.2222 18
      vertex 87.5 42.5 18
      vertex 66.0939 39.3605 18
    endloop
  endfacet
  facet normal 0 0 1
    outer loop
      vertex 66.0035 40.0472 18
      vertex 87.1962 45.973 18
      vertex 86.8185 47.6764 18
    endloop
  endfacet
  facet normal -0 0 1
    outer loop
      vertex 66.0939 -39.6395 18
      vertex 87.5 -42.5 18
      vertex 66.1 -39.5 18
    endloop
  endfacet
  facet normal 0 0 1
    outer loop
      vertex 65.9501 40.1762 18
      vertex 86.8185 47.6764 18
      vertex 86.2939 49.3404 18
    endloop
  endfacet
  facet normal -0 0 1
    outer loop
      vertex 66.0757 -39.7778 18
      vertex 87.5 -42.5 18
      vertex 66.0939 -39.6395 18
    endloop
  endfacet
  facet normal 0 0 1
    outer loop
      vertex 65.8856 40.3 18
      vertex 86.2939 49.3404 18
      vertex 85.6262 50.9524 18
    endloop
  endfacet
  facet normal -0 0 1
    outer loop
      vertex 66.0455 -39.9141 18
      vertex 87.5 -42.5 18
      vertex 66.0757 -39.7778 18
    endloop
  endfacet
  facet normal 0 0 1
    outer loop
      vertex 65.8106 40.4177 18
      vertex 85.6262 50.9524 18
      vertex 84.8205 52.5 18
    endloop
  endfacet
  facet normal 0 0 1
    outer loop
      vertex 87.5 -42.5 18
      vertex 66.0455 -39.9141 18
      vertex 87.4239 -44.2431 18
    endloop
  endfacet
  facet normal 0 0 1
    outer loop
      vertex 65.8106 40.4177 18
      vertex 84.8205 52.5 18
      vertex 83.883 53.9715 18
    endloop
  endfacet
  facet normal -0 0 1
    outer loop
      vertex 66.0035 -40.0472 18
      vertex 87.4239 -44.2431 18
      vertex 66.0455 -39.9141 18
    endloop
  endfacet
  facet normal 0 0 1
    outer loop
      vertex 65.7257 40.5285 18
      vertex 83.883 53.9715 18
      vertex 82.8209 55.3558 18
    endloop
  endfacet
  facet normal 0 0 1
    outer loop
      vertex 87.4239 -44.2431 18
      vertex 66.0035 -40.0472 18
      vertex 87.1962 -45.973 18
    endloop
  endfacet
  facet normal 0 0 1
    outer loop
      vertex 65.6314 40.6314 18
      vertex 82.8209 55.3558 18
      vertex 81.6421 56.6421 18
    endloop
  endfacet
  facet normal 0 0 1
    outer loop
      vertex 87.1962 -45.973 18
      vertex 66.0035 -40.0472 18
      vertex 86.8185 -47.6764 18
    endloop
  endfacet
  facet normal 0 0 1
    outer loop
      vertex 65.6314 40.6314 18
      vertex 81.6421 56.6421 18
      vertex 80.3558 57.8209 18
    endloop
  endfacet
  facet normal -0 0 1
    outer loop
      vertex 65.9501 -40.1762 18
      vertex 86.8185 -47.6764 18
      vertex 66.0035 -40.0472 18
    endloop
  endfacet
  facet normal 0 0 1
    outer loop
      vertex 65.5285 40.7257 18
      vertex 80.3558 57.8209 18
      vertex 78.9715 58.883 18
    endloop
  endfacet
  facet normal 0 0 1
    outer loop
      vertex 86.8185 -47.6764 18
      vertex 65.9501 -40.1762 18
      vertex 86.2939 -49.3404 18
    endloop
  endfacet
  facet normal 0 0 1
    outer loop
      vertex 65.4177 40.8106 18
      vertex 78.9715 58.883 18
      vertex 77.5 59.8205 18
    endloop
  endfacet
  facet normal -0 0 1
    outer loop
      vertex 65.8856 -40.3 18
      vertex 86.2939 -49.3404 18
      vertex 65.9501 -40.1762 18
    endloop
  endfacet
  facet normal 0 0 1
    outer loop
      vertex 65.4177 40.8106 18
      vertex 77.5 59.8205 18
      vertex 75.9524 60.6262 18
    endloop
  endfacet
  facet normal 0 0 1
    outer loop
      vertex 86.2939 -49.3404 18
      vertex 65.8856 -40.3 18
      vertex 85.6262 -50.9524 18
    endloop
  endfacet
  facet normal 0 0 1
    outer loop
      vertex 65.3 40.8856 18
      vertex 75.9524 60.6262 18
      vertex 74.3404 61.2939 18
    endloop
  endfacet
  facet normal -0 0 1
    outer loop
      vertex 65.8106 -40.4177 18
      vertex 85.6262 -50.9524 18
      vertex 65.8856 -40.3 18
    endloop
  endfacet
  facet normal 0 0 1
    outer loop
      vertex 65.1762 40.9501 18
      vertex 74.3404 61.2939 18
      vertex 72.6764 61.8185 18
    endloop
  endfacet
  facet normal 0 0 1
    outer loop
      vertex 85.6262 -50.9524 18
      vertex 65.8106 -40.4177 18
      vertex 84.8205 -52.5 18
    endloop
  endfacet
  facet normal 0 0 1
    outer loop
      vertex 65.1762 40.9501 18
      vertex 72.6764 61.8185 18
      vertex 70.973 62.1962 18
    endloop
  endfacet
  facet normal 0 0 1
    outer loop
      vertex 84.8205 -52.5 18
      vertex 65.8106 -40.4177 18
      vertex 83.883 -53.9715 18
    endloop
  endfacet
  facet normal 0 0 1
    outer loop
      vertex 65.0472 41.0035 18
      vertex 70.973 62.1962 18
      vertex 69.2431 62.4239 18
    endloop
  endfacet
  facet normal -0 0 1
    outer loop
      vertex 65.7257 -40.5285 18
      vertex 83.883 -53.9715 18
      vertex 65.8106 -40.4177 18
    endloop
  endfacet
  facet normal 0 0 1
    outer loop
      vertex 64.9141 41.0455 18
      vertex 69.2431 62.4239 18
      vertex 67.5 62.5 18
    endloop
  endfacet
  facet normal 0 0 1
    outer loop
      vertex 83.883 -53.9715 18
      vertex 65.7257 -40.5285 18
      vertex 82.8209 -55.3558 18
    endloop
  endfacet
  facet normal -0 0 1
    outer loop
      vertex 65.6314 -40.6314 18
      vertex 82.8209 -55.3558 18
      vertex 65.7257 -40.5285 18
    endloop
  endfacet
  facet normal 0 0 1
    outer loop
      vertex 87.5 42.5 18
      vertex 66.0939 39.6395 18
      vertex 66.1 39.5 18
    endloop
  endfacet
  facet normal 0 0 1
    outer loop
      vertex 87.5 42.5 18
      vertex 66.0757 39.7778 18
      vertex 66.0939 39.6395 18
    endloop
  endfacet
  facet normal 0 0 1
    outer loop
      vertex 87.5 42.5 18
      vertex 66.0455 39.9141 18
      vertex 66.0757 39.7778 18
    endloop
  endfacet
  facet normal 0 0 1
    outer loop
      vertex 87.4239 44.2431 18
      vertex 66.0035 40.0472 18
      vertex 66.0455 39.9141 18
    endloop
  endfacet
  facet normal 0 0 1
    outer loop
      vertex 86.8185 47.6764 18
      vertex 65.9501 40.1762 18
      vertex 66.0035 40.0472 18
    endloop
  endfacet
  facet normal 0 0 1
    outer loop
      vertex 86.2939 49.3404 18
      vertex 65.8856 40.3 18
      vertex 65.9501 40.1762 18
    endloop
  endfacet
  facet normal 0 0 1
    outer loop
      vertex 85.6262 50.9524 18
      vertex 65.8106 40.4177 18
      vertex 65.8856 40.3 18
    endloop
  endfacet
  facet normal 0 0 1
    outer loop
      vertex 83.883 53.9715 18
      vertex 65.7257 40.5285 18
      vertex 65.8106 40.4177 18
    endloop
  endfacet
  facet normal 0 0 1
    outer loop
      vertex 82.8209 55.3558 18
      vertex 65.6314 40.6314 18
      vertex 65.7257 40.5285 18
    endloop
  endfacet
  facet normal 0 0 1
    outer loop
      vertex 80.3558 57.8209 18
      vertex 65.5285 40.7257 18
      vertex 65.6314 40.6314 18
    endloop
  endfacet
  facet normal 0 0 1
    outer loop
      vertex 78.9715 58.883 18
      vertex 65.4177 40.8106 18
      vertex 65.5285 40.7257 18
    endloop
  endfacet
  facet normal 0 0 1
    outer loop
      vertex 75.9524 60.6262 18
      vertex 65.3 40.8856 18
      vertex 65.4177 40.8106 18
    endloop
  endfacet
  facet normal 0 0 1
    outer loop
      vertex 74.3404 61.2939 18
      vertex 65.1762 40.9501 18
      vertex 65.3 40.8856 18
    endloop
  endfacet
  facet normal 0 0 1
    outer loop
      vertex 70.973 62.1962 18
      vertex 65.0472 41.0035 18
      vertex 65.1762 40.9501 18
    endloop
  endfacet
  facet normal 0 0 1
    outer loop
      vertex 69.2431 62.4239 18
      vertex 64.9141 41.0455 18
      vertex 65.0472 41.0035 18
    endloop
  endfacet
  facet normal 0 0 1
    outer loop
      vertex 67.5 62.5 18
      vertex 64.7778 41.0757 18
      vertex 64.9141 41.0455 18
    endloop
  endfacet
  facet normal 0 0 1
    outer loop
      vertex 67.5 62.5 18
      vertex 64.6395 41.0939 18
      vertex 64.7778 41.0757 18
    endloop
  endfacet
  facet normal 0 0 1
    outer loop
      vertex 67.5 62.5 18
      vertex 64.5 41.1 18
      vertex 64.6395 41.0939 18
    endloop
  endfacet
  facet normal 0 0 1
    outer loop
      vertex 67.5 62.5 18
      vertex 64.3605 41.0939 18
      vertex 64.5 41.1 18
    endloop
  endfacet
  facet normal 0 0 1
    outer loop
      vertex 67.5 62.5 18
      vertex 64.2222 41.0757 18
      vertex 64.3605 41.0939 18
    endloop
  endfacet
  facet normal -0 0 1
    outer loop
      vertex 57 62.5 18
      vertex 64.2222 41.0757 18
      vertex 67.5 62.5 18
    endloop
  endfacet
  facet normal 0 0 1
    outer loop
      vertex 64.2222 41.0757 18
      vertex 57 62.5 18
      vertex 64.0859 41.0455 18
    endloop
  endfacet
  facet normal 0 0 1
    outer loop
      vertex 64.0859 41.0455 18
      vertex 57 62.5 18
      vertex 63.9528 41.0035 18
    endloop
  endfacet
  facet normal 0 0 1
    outer loop
      vertex 63.9528 41.0035 18
      vertex 57 62.5 18
      vertex 63.8238 40.9501 18
    endloop
  endfacet
  facet normal 0 0 1
    outer loop
      vertex 63.8238 40.9501 18
      vertex 57 62.5 18
      vertex 63.7 40.8856 18
    endloop
  endfacet
  facet normal 0 0 1
    outer loop
      vertex 63.7 40.8856 18
      vertex 57 62.5 18
      vertex 63.5823 40.8106 18
    endloop
  endfacet
  facet normal 0 0 1
    outer loop
      vertex 63.5823 40.8106 18
      vertex 57 62.5 18
      vertex 63.4715 40.7257 18
    endloop
  endfacet
  facet normal 0 0 1
    outer loop
      vertex 63.4715 40.7257 18
      vertex 57 62.5 18
      vertex 63.3686 40.6314 18
    endloop
  endfacet
  facet normal 0 0 1
    outer loop
      vertex 63.3686 40.6314 18
      vertex 57 62.5 18
      vertex 63.2743 40.5285 18
    endloop
  endfacet
  facet normal 0 0 1
    outer loop
      vertex 63.2743 40.5285 18
      vertex 57 62.5 18
      vertex 63.1894 40.4177 18
    endloop
  endfacet
  facet normal 0 0 1
    outer loop
      vertex 63.1894 40.4177 18
      vertex 57 62.5 18
      vertex 63.1144 40.3 18
    endloop
  endfacet
  facet normal 0 0 1
    outer loop
      vertex 63.1144 40.3 18
      vertex 57 62.5 18
      vertex 63.0499 40.1762 18
    endloop
  endfacet
  facet normal 0 0 1
    outer loop
      vertex 63.0499 40.1762 18
      vertex 57 62.5 18
      vertex 62.9965 40.0472 18
    endloop
  endfacet
  facet normal 0 0 1
    outer loop
      vertex 62.9965 40.0472 18
      vertex 57 62.5 18
      vertex 62.9545 39.9141 18
    endloop
  endfacet
  facet normal 0 0 1
    outer loop
      vertex 62.9061 39.3605 18
      vertex 57 62.5 18
      vertex 57 0 18
    endloop
  endfacet
  facet normal 0 0 1
    outer loop
      vertex 62.9061 39.6395 18
      vertex 57 62.5 18
      vertex 62.9 39.5 18
    endloop
  endfacet
  facet normal 0 0 1
    outer loop
      vertex 62.9243 39.7778 18
      vertex 57 62.5 18
      vertex 62.9061 39.6395 18
    endloop
  endfacet
  facet normal 0 0 1
    outer loop
      vertex 62.9545 39.9141 18
      vertex 57 62.5 18
      vertex 62.9243 39.7778 18
    endloop
  endfacet
  facet normal 0 0 1
    outer loop
      vertex 82.8209 -55.3558 18
      vertex 65.6314 -40.6314 18
      vertex 81.6421 -56.6421 18
    endloop
  endfacet
  facet normal 0 0 1
    outer loop
      vertex 81.6421 -56.6421 18
      vertex 65.6314 -40.6314 18
      vertex 80.3558 -57.8209 18
    endloop
  endfacet
  facet normal -0 0 1
    outer loop
      vertex 65.5285 -40.7257 18
      vertex 80.3558 -57.8209 18
      vertex 65.6314 -40.6314 18
    endloop
  endfacet
  facet normal 0 0 1
    outer loop
      vertex 80.3558 -57.8209 18
      vertex 65.5285 -40.7257 18
      vertex 78.9715 -58.883 18
    endloop
  endfacet
  facet normal -0 0 1
    outer loop
      vertex 65.4177 -40.8106 18
      vertex 78.9715 -58.883 18
      vertex 65.5285 -40.7257 18
    endloop
  endfacet
  facet normal 0 0 1
    outer loop
      vertex 78.9715 -58.883 18
      vertex 65.4177 -40.8106 18
      vertex 77.5 -59.8205 18
    endloop
  endfacet
  facet normal 0 0 1
    outer loop
      vertex 77.5 -59.8205 18
      vertex 65.4177 -40.8106 18
      vertex 75.9524 -60.6262 18
    endloop
  endfacet
  facet normal -0 0 1
    outer loop
      vertex 65.3 -40.8856 18
      vertex 75.9524 -60.6262 18
      vertex 65.4177 -40.8106 18
    endloop
  endfacet
  facet normal 0 0 1
    outer loop
      vertex 75.9524 -60.6262 18
      vertex 65.3 -40.8856 18
      vertex 74.3404 -61.2939 18
    endloop
  endfacet
  facet normal -0 0 1
    outer loop
      vertex 65.1762 -40.9501 18
      vertex 74.3404 -61.2939 18
      vertex 65.3 -40.8856 18
    endloop
  endfacet
  facet normal 0 0 1
    outer loop
      vertex 74.3404 -61.2939 18
      vertex 65.1762 -40.9501 18
      vertex 72.6764 -61.8185 18
    endloop
  endfacet
  facet normal 0 0 1
    outer loop
      vertex 72.6764 -61.8185 18
      vertex 65.1762 -40.9501 18
      vertex 70.973 -62.1962 18
    endloop
  endfacet
  facet normal -0 0 1
    outer loop
      vertex 65.0472 -41.0035 18
      vertex 70.973 -62.1962 18
      vertex 65.1762 -40.9501 18
    endloop
  endfacet
  facet normal 0 0 1
    outer loop
      vertex 70.973 -62.1962 18
      vertex 65.0472 -41.0035 18
      vertex 69.2431 -62.4239 18
    endloop
  endfacet
  facet normal -0 0 1
    outer loop
      vertex 64.9141 -41.0455 18
      vertex 69.2431 -62.4239 18
      vertex 65.0472 -41.0035 18
    endloop
  endfacet
  facet normal 0 0 1
    outer loop
      vertex 69.2431 -62.4239 18
      vertex 64.9141 -41.0455 18
      vertex 67.5 -62.5 18
    endloop
  endfacet
  facet normal -0 0 1
    outer loop
      vertex 64.7778 -41.0757 18
      vertex 67.5 -62.5 18
      vertex 64.9141 -41.0455 18
    endloop
  endfacet
  facet normal -0 0 1
    outer loop
      vertex 64.6395 -41.0939 18
      vertex 67.5 -62.5 18
      vertex 64.7778 -41.0757 18
    endloop
  endfacet
  facet normal -0 0 1
    outer loop
      vertex 64.5 -41.1 18
      vertex 67.5 -62.5 18
      vertex 64.6395 -41.0939 18
    endloop
  endfacet
  facet normal 0 0 1
    outer loop
      vertex 64.3605 -41.0939 18
      vertex 67.5 -62.5 18
      vertex 64.5 -41.1 18
    endloop
  endfacet
  facet normal 0 0 1
    outer loop
      vertex 64.2222 -41.0757 18
      vertex 67.5 -62.5 18
      vertex 64.3605 -41.0939 18
    endloop
  endfacet
  facet normal 0 0 1
    outer loop
      vertex 64.0859 -41.0455 18
      vertex 67.5 -62.5 18
      vertex 64.2222 -41.0757 18
    endloop
  endfacet
  facet normal 0 0 1
    outer loop
      vertex 63.9528 -41.0035 18
      vertex 67.5 -62.5 18
      vertex 64.0859 -41.0455 18
    endloop
  endfacet
  facet normal 0 0 1
    outer loop
      vertex 63.8238 -40.9501 18
      vertex 67.5 -62.5 18
      vertex 63.9528 -41.0035 18
    endloop
  endfacet
  facet normal 0 0 1
    outer loop
      vertex 63.7 -40.8856 18
      vertex 67.5 -62.5 18
      vertex 63.8238 -40.9501 18
    endloop
  endfacet
  facet normal 0 0 1
    outer loop
      vertex 53.3681 -39.7588 18
      vertex 63.7 -40.8856 18
      vertex 63.5823 -40.8106 18
    endloop
  endfacet
  facet normal 0 0 1
    outer loop
      vertex 53.6905 -39.6252 18
      vertex 63.5823 -40.8106 18
      vertex 63.4715 -40.7257 18
    endloop
  endfacet
  facet normal 0 0 1
    outer loop
      vertex 54 -39.4641 18
      vertex 63.4715 -40.7257 18
      vertex 63.3686 -40.6314 18
    endloop
  endfacet
  facet normal 0 0 1
    outer loop
      vertex 54 -39.4641 18
      vertex 63.3686 -40.6314 18
      vertex 63.2743 -40.5285 18
    endloop
  endfacet
  facet normal 0 0 1
    outer loop
      vertex 54.2943 -39.2766 18
      vertex 63.2743 -40.5285 18
      vertex 63.1894 -40.4177 18
    endloop
  endfacet
  facet normal 0 0 1
    outer loop
      vertex 54.5712 -39.0642 18
      vertex 63.1894 -40.4177 18
      vertex 63.1144 -40.3 18
    endloop
  endfacet
  facet normal 0 0 1
    outer loop
      vertex 54.8284 -38.8284 18
      vertex 63.1144 -40.3 18
      vertex 63.0499 -40.1762 18
    endloop
  endfacet
  facet normal 0 0 1
    outer loop
      vertex 54.8284 -38.8284 18
      vertex 63.0499 -40.1762 18
      vertex 62.9965 -40.0472 18
    endloop
  endfacet
  facet normal 0 0 1
    outer loop
      vertex 55.0642 -38.5712 18
      vertex 62.9965 -40.0472 18
      vertex 62.9545 -39.9141 18
    endloop
  endfacet
  facet normal 0 0 1
    outer loop
      vertex 55.2766 -38.2943 18
      vertex 62.9545 -39.9141 18
      vertex 62.9243 -39.7778 18
    endloop
  endfacet
  facet normal -0 0 1
    outer loop
      vertex 55.8637 -37.0353 18
      vertex 62.9965 -38.9528 18
      vertex 55.9392 -36.6946 18
    endloop
  endfacet
  facet normal 0 0 1
    outer loop
      vertex 62.9965 -38.9528 18
      vertex 55.8637 -37.0353 18
      vertex 62.9545 -39.0859 18
    endloop
  endfacet
  facet normal -0 0 1
    outer loop
      vertex 55.7588 -37.3681 18
      vertex 62.9545 -39.0859 18
      vertex 55.8637 -37.0353 18
    endloop
  endfacet
  facet normal 0 0 1
    outer loop
      vertex 62.9545 -39.0859 18
      vertex 55.7588 -37.3681 18
      vertex 62.9243 -39.2222 18
    endloop
  endfacet
  facet normal 0 0 1
    outer loop
      vertex 62.9243 -39.2222 18
      vertex 55.7588 -37.3681 18
      vertex 62.9061 -39.3605 18
    endloop
  endfacet
  facet normal -0 0 1
    outer loop
      vertex 55.6252 -37.6905 18
      vertex 62.9061 -39.3605 18
      vertex 55.7588 -37.3681 18
    endloop
  endfacet
  facet normal 0 0 1
    outer loop
      vertex 62.9061 -39.3605 18
      vertex 55.6252 -37.6905 18
      vertex 62.9 -39.5 18
    endloop
  endfacet
  facet normal -0 0 1
    outer loop
      vertex 55.4641 -38 18
      vertex 62.9 -39.5 18
      vertex 55.6252 -37.6905 18
    endloop
  endfacet
  facet normal 0 0 1
    outer loop
      vertex 62.9 -39.5 18
      vertex 55.4641 -38 18
      vertex 62.9061 -39.6395 18
    endloop
  endfacet
  facet normal 0 0 1
    outer loop
      vertex 62.9061 -39.6395 18
      vertex 55.4641 -38 18
      vertex 62.9243 -39.7778 18
    endloop
  endfacet
  facet normal -0 0 1
    outer loop
      vertex 55.2766 -38.2943 18
      vertex 62.9243 -39.7778 18
      vertex 55.4641 -38 18
    endloop
  endfacet
  facet normal 0 0 1
    outer loop
      vertex 62.9545 -39.9141 18
      vertex 55.2766 -38.2943 18
      vertex 55.0642 -38.5712 18
    endloop
  endfacet
  facet normal 0 0 1
    outer loop
      vertex 62.9965 -40.0472 18
      vertex 55.0642 -38.5712 18
      vertex 54.8284 -38.8284 18
    endloop
  endfacet
  facet normal 0 0 1
    outer loop
      vertex 63.1144 -40.3 18
      vertex 54.8284 -38.8284 18
      vertex 54.5712 -39.0642 18
    endloop
  endfacet
  facet normal 0 0 1
    outer loop
      vertex 63.1894 -40.4177 18
      vertex 54.5712 -39.0642 18
      vertex 54.2943 -39.2766 18
    endloop
  endfacet
  facet normal 0 0 1
    outer loop
      vertex 63.2743 -40.5285 18
      vertex 54.2943 -39.2766 18
      vertex 54 -39.4641 18
    endloop
  endfacet
  facet normal 0 0 1
    outer loop
      vertex 63.4715 -40.7257 18
      vertex 54 -39.4641 18
      vertex 53.6905 -39.6252 18
    endloop
  endfacet
  facet normal 0 0 1
    outer loop
      vertex 63.5823 -40.8106 18
      vertex 53.6905 -39.6252 18
      vertex 53.3681 -39.7588 18
    endloop
  endfacet
  facet normal 0 0 1
    outer loop
      vertex 63.7 -40.8856 18
      vertex 53.3681 -39.7588 18
      vertex 53.0353 -39.8637 18
    endloop
  endfacet
  facet normal 0 0 1
    outer loop
      vertex 63.7 -40.8856 18
      vertex 53.0353 -39.8637 18
      vertex 67.5 -62.5 18
    endloop
  endfacet
  facet normal -0 0 1
    outer loop
      vertex 52.6946 -39.9392 18
      vertex 67.5 -62.5 18
      vertex 53.0353 -39.8637 18
    endloop
  endfacet
  facet normal -0 0 1
    outer loop
      vertex 52.3486 -39.9848 18
      vertex 67.5 -62.5 18
      vertex 52.6946 -39.9392 18
    endloop
  endfacet
  facet normal -0 0 1
    outer loop
      vertex 52 -40 18
      vertex 67.5 -62.5 18
      vertex 52.3486 -39.9848 18
    endloop
  endfacet
  facet normal 0 0 1
    outer loop
      vertex 51.6514 -39.9848 18
      vertex 67.5 -62.5 18
      vertex 52 -40 18
    endloop
  endfacet
  facet normal 0 0 1
    outer loop
      vertex 51.3054 -39.9392 18
      vertex 67.5 -62.5 18
      vertex 51.6514 -39.9848 18
    endloop
  endfacet
  facet normal 0 0 1
    outer loop
      vertex 50.9647 -39.8637 18
      vertex 67.5 -62.5 18
      vertex 51.3054 -39.9392 18
    endloop
  endfacet
  facet normal 0 0 1
    outer loop
      vertex 50.6319 -39.7588 18
      vertex 67.5 -62.5 18
      vertex 50.9647 -39.8637 18
    endloop
  endfacet
  facet normal 0 0 1
    outer loop
      vertex 50.3095 -39.6252 18
      vertex 67.5 -62.5 18
      vertex 50.6319 -39.7588 18
    endloop
  endfacet
  facet normal 0 0 1
    outer loop
      vertex 50 -39.4641 18
      vertex 67.5 -62.5 18
      vertex 50.3095 -39.6252 18
    endloop
  endfacet
  facet normal 0 0 1
    outer loop
      vertex 49.7057 -39.2766 18
      vertex 67.5 -62.5 18
      vertex 50 -39.4641 18
    endloop
  endfacet
  facet normal 0 0 1
    outer loop
      vertex 49.4288 -39.0642 18
      vertex 67.5 -62.5 18
      vertex 49.7057 -39.2766 18
    endloop
  endfacet
  facet normal 0 0 1
    outer loop
      vertex -49.4288 -39.0642 18
      vertex 49.4288 -39.0642 18
      vertex 49.1716 -38.8284 18
    endloop
  endfacet
  facet normal 0 0 1
    outer loop
      vertex -49.1716 -38.8284 18
      vertex 49.1716 -38.8284 18
      vertex 48.9358 -38.5712 18
    endloop
  endfacet
  facet normal 0 0 1
    outer loop
      vertex 48.0608 -35.3054 18
      vertex 15 0 18
      vertex 48.0152 -35.6514 18
    endloop
  endfacet
  facet normal 0 0 1
    outer loop
      vertex 27 0 18
      vertex 45 0 18
      vertex 27 62.5 18
    endloop
  endfacet
  facet normal 0 0 1
    outer loop
      vertex 48.0152 -35.6514 18
      vertex 15 0 18
      vertex 48 -36 18
    endloop
  endfacet
  facet normal 0 0 1
    outer loop
      vertex 48 -36 18
      vertex 15 0 18
      vertex 48.0152 -36.3486 18
    endloop
  endfacet
  facet normal -0 0 1
    outer loop
      vertex -3 0 18
      vertex 48.0152 -36.3486 18
      vertex 15 0 18
    endloop
  endfacet
  facet normal 0 0 1
    outer loop
      vertex 48.0152 -36.3486 18
      vertex -3 0 18
      vertex 48.0608 -36.6946 18
    endloop
  endfacet
  facet normal 0 0 1
    outer loop
      vertex 48.0608 -36.6946 18
      vertex -3 0 18
      vertex 48.1363 -37.0353 18
    endloop
  endfacet
  facet normal 0 0 1
    outer loop
      vertex -48.1363 -37.0353 18
      vertex 48.1363 -37.0353 18
      vertex -3 0 18
    endloop
  endfacet
  facet normal 0 0 1
    outer loop
      vertex 48.1363 -37.0353 18
      vertex -48.1363 -37.0353 18
      vertex 48.2412 -37.3681 18
    endloop
  endfacet
  facet normal 0 0 1
    outer loop
      vertex -48.2412 -37.3681 18
      vertex 48.2412 -37.3681 18
      vertex -48.1363 -37.0353 18
    endloop
  endfacet
  facet normal 0 0 1
    outer loop
      vertex 48.2412 -37.3681 18
      vertex -48.2412 -37.3681 18
      vertex 48.3748 -37.6905 18
    endloop
  endfacet
  facet normal 0 0 1
    outer loop
      vertex -48.3748 -37.6905 18
      vertex 48.3748 -37.6905 18
      vertex -48.2412 -37.3681 18
    endloop
  endfacet
  facet normal 0 0 1
    outer loop
      vertex -3 0 18
      vertex 15 0 18
      vertex -3 62.5 18
    endloop
  endfacet
  facet normal 0 0 1
    outer loop
      vertex 48.3748 -37.6905 18
      vertex -48.3748 -37.6905 18
      vertex 48.5359 -38 18
    endloop
  endfacet
  facet normal 0 0 1
    outer loop
      vertex -48.0152 -36.3486 18
      vertex -3 0 18
      vertex -15 0 18
    endloop
  endfacet
  facet normal 0 0 1
    outer loop
      vertex -33 0 18
      vertex -15 0 18
      vertex -33 62.5 18
    endloop
  endfacet
  facet normal 0 0 1
    outer loop
      vertex -48 -36 18
      vertex -15 0 18
      vertex -33 0 18
    endloop
  endfacet
  facet normal 0 0 1
    outer loop
      vertex -48 -36 18
      vertex -33 0 18
      vertex -45 0 18
    endloop
  endfacet
  facet normal -0 0 1
    outer loop
      vertex -48.0152 35.6514 18
      vertex -45 0 18
      vertex -48 36 18
    endloop
  endfacet
  facet normal 0 0 1
    outer loop
      vertex -15 0 18
      vertex -48 -36 18
      vertex -48.0152 -36.3486 18
    endloop
  endfacet
  facet normal 0 0 1
    outer loop
      vertex -3 0 18
      vertex -48.0152 -36.3486 18
      vertex -48.0608 -36.6946 18
    endloop
  endfacet
  facet normal 0 0 1
    outer loop
      vertex -3 0 18
      vertex -48.0608 -36.6946 18
      vertex -48.1363 -37.0353 18
    endloop
  endfacet
  facet normal 0 0 1
    outer loop
      vertex -48.5359 -38 18
      vertex 48.5359 -38 18
      vertex -48.3748 -37.6905 18
    endloop
  endfacet
  facet normal 0 0 1
    outer loop
      vertex 48.5359 -38 18
      vertex -48.5359 -38 18
      vertex 48.7234 -38.2943 18
    endloop
  endfacet
  facet normal 0 0 1
    outer loop
      vertex -48.7234 -38.2943 18
      vertex 48.7234 -38.2943 18
      vertex -48.5359 -38 18
    endloop
  endfacet
  facet normal 0 0 1
    outer loop
      vertex 48.7234 -38.2943 18
      vertex -48.7234 -38.2943 18
      vertex 48.9358 -38.5712 18
    endloop
  endfacet
  facet normal 0 0 1
    outer loop
      vertex -48.9358 -38.5712 18
      vertex 48.9358 -38.5712 18
      vertex -48.7234 -38.2943 18
    endloop
  endfacet
  facet normal 0 0 1
    outer loop
      vertex -49.1716 -38.8284 18
      vertex 48.9358 -38.5712 18
      vertex -48.9358 -38.5712 18
    endloop
  endfacet
  facet normal 0 0 1
    outer loop
      vertex 49.1716 -38.8284 18
      vertex -49.1716 -38.8284 18
      vertex -49.4288 -39.0642 18
    endloop
  endfacet
  facet normal 0 0 1
    outer loop
      vertex 49.4288 -39.0642 18
      vertex -49.4288 -39.0642 18
      vertex 67.5 -62.5 18
    endloop
  endfacet
  facet normal 0 0 1
    outer loop
      vertex -67.5 -62.5 18
      vertex -49.4288 -39.0642 18
      vertex -49.7057 -39.2766 18
    endloop
  endfacet
  facet normal 0 0 1
    outer loop
      vertex -67.5 -62.5 18
      vertex -49.7057 -39.2766 18
      vertex -50 -39.4641 18
    endloop
  endfacet
  facet normal 0 0 1
    outer loop
      vertex -67.5 -62.5 18
      vertex -50 -39.4641 18
      vertex -50.3095 -39.6252 18
    endloop
  endfacet
  facet normal 0 0 1
    outer loop
      vertex -67.5 -62.5 18
      vertex -50.3095 -39.6252 18
      vertex -50.6319 -39.7588 18
    endloop
  endfacet
  facet normal 0 0 1
    outer loop
      vertex -67.5 -62.5 18
      vertex -50.6319 -39.7588 18
      vertex -50.9647 -39.8637 18
    endloop
  endfacet
  facet normal 0 0 1
    outer loop
      vertex -67.5 -62.5 18
      vertex -50.9647 -39.8637 18
      vertex -51.3054 -39.9392 18
    endloop
  endfacet
  facet normal 0 0 1
    outer loop
      vertex -67.5 -62.5 18
      vertex -51.3054 -39.9392 18
      vertex -51.6514 -39.9848 18
    endloop
  endfacet
  facet normal 0 0 1
    outer loop
      vertex -67.5 -62.5 18
      vertex -51.6514 -39.9848 18
      vertex -52 -40 18
    endloop
  endfacet
  facet normal 0 0 1
    outer loop
      vertex -67.5 -62.5 18
      vertex -52 -40 18
      vertex -52.3486 -39.9848 18
    endloop
  endfacet
  facet normal 0 0 1
    outer loop
      vertex -67.5 -62.5 18
      vertex -52.3486 -39.9848 18
      vertex -52.6946 -39.9392 18
    endloop
  endfacet
  facet normal 0 0 1
    outer loop
      vertex -55.9848 -35.6514 18
      vertex -62.9 -39.5 18
      vertex -56 -36 18
    endloop
  endfacet
  facet normal 0 0 1
    outer loop
      vertex -56 -36 18
      vertex -62.9 -39.5 18
      vertex -55.9848 -36.3486 18
    endloop
  endfacet
  facet normal 0 0 1
    outer loop
      vertex -62.9 -39.5 18
      vertex -55.9392 -36.6946 18
      vertex -55.9848 -36.3486 18
    endloop
  endfacet
  facet normal 0 0 1
    outer loop
      vertex -62.9 -39.5 18
      vertex -55.8637 -37.0353 18
      vertex -55.9392 -36.6946 18
    endloop
  endfacet
  facet normal 0 0 1
    outer loop
      vertex -62.9 -39.5 18
      vertex -55.7588 -37.3681 18
      vertex -55.8637 -37.0353 18
    endloop
  endfacet
  facet normal 0 0 1
    outer loop
      vertex -62.9 -39.5 18
      vertex -55.6252 -37.6905 18
      vertex -55.7588 -37.3681 18
    endloop
  endfacet
  facet normal 0 0 1
    outer loop
      vertex -62.9 -39.5 18
      vertex -55.4641 -38 18
      vertex -55.6252 -37.6905 18
    endloop
  endfacet
  facet normal 0 0 1
    outer loop
      vertex -62.9061 -39.6395 18
      vertex -55.4641 -38 18
      vertex -62.9 -39.5 18
    endloop
  endfacet
  facet normal 0 0 1
    outer loop
      vertex -62.9243 -39.7778 18
      vertex -55.4641 -38 18
      vertex -62.9061 -39.6395 18
    endloop
  endfacet
  facet normal 0 0 1
    outer loop
      vertex -55.4641 -38 18
      vertex -62.9243 -39.7778 18
      vertex -55.2766 -38.2943 18
    endloop
  endfacet
  facet normal 0 0 1
    outer loop
      vertex -62.9545 -39.9141 18
      vertex -55.2766 -38.2943 18
      vertex -62.9243 -39.7778 18
    endloop
  endfacet
  facet normal 0 0 1
    outer loop
      vertex -55.2766 -38.2943 18
      vertex -62.9545 -39.9141 18
      vertex -55.0642 -38.5712 18
    endloop
  endfacet
  facet normal 0 0 1
    outer loop
      vertex -62.9965 -40.0472 18
      vertex -55.0642 -38.5712 18
      vertex -62.9545 -39.9141 18
    endloop
  endfacet
  facet normal 0 0 1
    outer loop
      vertex -55.0642 -38.5712 18
      vertex -62.9965 -40.0472 18
      vertex -54.8284 -38.8284 18
    endloop
  endfacet
  facet normal 0 0 1
    outer loop
      vertex -63.0499 -40.1762 18
      vertex -54.8284 -38.8284 18
      vertex -62.9965 -40.0472 18
    endloop
  endfacet
  facet normal 0 0 1
    outer loop
      vertex -63.1144 -40.3 18
      vertex -54.8284 -38.8284 18
      vertex -63.0499 -40.1762 18
    endloop
  endfacet
  facet normal 0 0 1
    outer loop
      vertex -54.8284 -38.8284 18
      vertex -63.1144 -40.3 18
      vertex -54.5712 -39.0642 18
    endloop
  endfacet
  facet normal 0 0 1
    outer loop
      vertex -63.1894 -40.4177 18
      vertex -54.5712 -39.0642 18
      vertex -63.1144 -40.3 18
    endloop
  endfacet
  facet normal 0 0 1
    outer loop
      vertex -54.5712 -39.0642 18
      vertex -63.1894 -40.4177 18
      vertex -54.2943 -39.2766 18
    endloop
  endfacet
  facet normal 0 0 1
    outer loop
      vertex -63.2743 -40.5285 18
      vertex -54.2943 -39.2766 18
      vertex -63.1894 -40.4177 18
    endloop
  endfacet
  facet normal 0 0 1
    outer loop
      vertex -54.2943 -39.2766 18
      vertex -63.2743 -40.5285 18
      vertex -54 -39.4641 18
    endloop
  endfacet
  facet normal 0 0 1
    outer loop
      vertex -63.3686 -40.6314 18
      vertex -54 -39.4641 18
      vertex -63.2743 -40.5285 18
    endloop
  endfacet
  facet normal 0 0 1
    outer loop
      vertex -63.4715 -40.7257 18
      vertex -54 -39.4641 18
      vertex -63.3686 -40.6314 18
    endloop
  endfacet
  facet normal 0 0 1
    outer loop
      vertex -54 -39.4641 18
      vertex -63.4715 -40.7257 18
      vertex -53.6905 -39.6252 18
    endloop
  endfacet
  facet normal 0 0 1
    outer loop
      vertex -63.5823 -40.8106 18
      vertex -53.6905 -39.6252 18
      vertex -63.4715 -40.7257 18
    endloop
  endfacet
  facet normal 0 0 1
    outer loop
      vertex -53.6905 -39.6252 18
      vertex -63.5823 -40.8106 18
      vertex -53.3681 -39.7588 18
    endloop
  endfacet
  facet normal 0 0 1
    outer loop
      vertex -63.7 -40.8856 18
      vertex -53.3681 -39.7588 18
      vertex -63.5823 -40.8106 18
    endloop
  endfacet
  facet normal 0 0 1
    outer loop
      vertex -53.3681 -39.7588 18
      vertex -63.7 -40.8856 18
      vertex -53.0353 -39.8637 18
    endloop
  endfacet
  facet normal 0 0 1
    outer loop
      vertex -67.5 -62.5 18
      vertex -53.0353 -39.8637 18
      vertex -63.7 -40.8856 18
    endloop
  endfacet
  facet normal 0 0 1
    outer loop
      vertex -53.0353 -39.8637 18
      vertex -67.5 -62.5 18
      vertex -52.6946 -39.9392 18
    endloop
  endfacet
  facet normal 0 0 1
    outer loop
      vertex -67.5 -62.5 18
      vertex -63.7 -40.8856 18
      vertex -63.8238 -40.9501 18
    endloop
  endfacet
  facet normal 0 0 1
    outer loop
      vertex -67.5 -62.5 18
      vertex -63.8238 -40.9501 18
      vertex -63.9528 -41.0035 18
    endloop
  endfacet
  facet normal 0 0 1
    outer loop
      vertex -67.5 -62.5 18
      vertex -63.9528 -41.0035 18
      vertex -64.0859 -41.0455 18
    endloop
  endfacet
  facet normal 0 0 1
    outer loop
      vertex -67.5 -62.5 18
      vertex -64.0859 -41.0455 18
      vertex -64.2222 -41.0757 18
    endloop
  endfacet
  facet normal 0 0 1
    outer loop
      vertex -67.5 -62.5 18
      vertex -64.2222 -41.0757 18
      vertex -64.3605 -41.0939 18
    endloop
  endfacet
  facet normal 0 0 1
    outer loop
      vertex -67.5 -62.5 18
      vertex -64.3605 -41.0939 18
      vertex -64.5 -41.1 18
    endloop
  endfacet
  facet normal 0 0 1
    outer loop
      vertex -67.5 -62.5 18
      vertex -64.5 -41.1 18
      vertex -64.6395 -41.0939 18
    endloop
  endfacet
  facet normal 0 0 1
    outer loop
      vertex -67.5 -62.5 18
      vertex -64.6395 -41.0939 18
      vertex -64.7778 -41.0757 18
    endloop
  endfacet
  facet normal 0 0 1
    outer loop
      vertex -49.4288 -39.0642 18
      vertex -67.5 -62.5 18
      vertex 67.5 -62.5 18
    endloop
  endfacet
  facet normal 0 0 1
    outer loop
      vertex -64.9141 -41.0455 18
      vertex -67.5 -62.5 18
      vertex -64.7778 -41.0757 18
    endloop
  endfacet
  facet normal 0 0 1
    outer loop
      vertex -69.2431 -62.4239 18
      vertex -64.9141 -41.0455 18
      vertex -65.0472 -41.0035 18
    endloop
  endfacet
  facet normal 0 0 1
    outer loop
      vertex -70.973 -62.1962 18
      vertex -65.0472 -41.0035 18
      vertex -65.1762 -40.9501 18
    endloop
  endfacet
  facet normal 0 0 1
    outer loop
      vertex -74.3404 -61.2939 18
      vertex -65.1762 -40.9501 18
      vertex -65.3 -40.8856 18
    endloop
  endfacet
  facet normal 0 0 1
    outer loop
      vertex -75.9524 -60.6262 18
      vertex -65.3 -40.8856 18
      vertex -65.4177 -40.8106 18
    endloop
  endfacet
  facet normal 0 0 1
    outer loop
      vertex -78.9715 -58.883 18
      vertex -65.4177 -40.8106 18
      vertex -65.5285 -40.7257 18
    endloop
  endfacet
  facet normal 0 0 1
    outer loop
      vertex -80.3558 -57.8209 18
      vertex -65.5285 -40.7257 18
      vertex -65.6314 -40.6314 18
    endloop
  endfacet
  facet normal 0 0 1
    outer loop
      vertex -82.8209 -55.3558 18
      vertex -65.6314 -40.6314 18
      vertex -65.7257 -40.5285 18
    endloop
  endfacet
  facet normal 0 0 1
    outer loop
      vertex -83.883 -53.9715 18
      vertex -65.7257 -40.5285 18
      vertex -65.8106 -40.4177 18
    endloop
  endfacet
  facet normal 0 0 1
    outer loop
      vertex -85.6262 -50.9524 18
      vertex -65.8106 -40.4177 18
      vertex -65.8856 -40.3 18
    endloop
  endfacet
  facet normal 0 0 1
    outer loop
      vertex -86.2939 -49.3404 18
      vertex -65.8856 -40.3 18
      vertex -65.9501 -40.1762 18
    endloop
  endfacet
  facet normal 0 0 1
    outer loop
      vertex -86.8185 -47.6764 18
      vertex -65.9501 -40.1762 18
      vertex -66.0035 -40.0472 18
    endloop
  endfacet
  facet normal 0 0 1
    outer loop
      vertex -87.4239 -44.2431 18
      vertex -66.0035 -40.0472 18
      vertex -66.0455 -39.9141 18
    endloop
  endfacet
  facet normal 0 0 1
    outer loop
      vertex -87.5 -42.5 18
      vertex -66.0455 -39.9141 18
      vertex -66.0757 -39.7778 18
    endloop
  endfacet
  facet normal 0 0 1
    outer loop
      vertex -87.5 -42.5 18
      vertex -66.0757 -39.7778 18
      vertex -66.0939 -39.6395 18
    endloop
  endfacet
  facet normal 0 0 1
    outer loop
      vertex -87.5 -42.5 18
      vertex -66.0939 -39.6395 18
      vertex -66.1 -39.5 18
    endloop
  endfacet
  facet normal 0 0 1
    outer loop
      vertex -66.0757 -39.2222 18
      vertex -87.5 -42.5 18
      vertex -66.0939 -39.3605 18
    endloop
  endfacet
  facet normal 0 0 1
    outer loop
      vertex -65.6314 40.6314 18
      vertex -82.8209 55.3558 18
      vertex -65.7257 40.5285 18
    endloop
  endfacet
  facet normal 0 0 1
    outer loop
      vertex -66.0939 -39.3605 18
      vertex -87.5 -42.5 18
      vertex -66.1 -39.5 18
    endloop
  endfacet
  facet normal -0 0 1
    outer loop
      vertex -83.883 53.9715 18
      vertex -65.7257 40.5285 18
      vertex -82.8209 55.3558 18
    endloop
  endfacet
  facet normal 0 0 1
    outer loop
      vertex -66.0455 -39.9141 18
      vertex -87.5 -42.5 18
      vertex -87.4239 -44.2431 18
    endloop
  endfacet
  facet normal 0 0 1
    outer loop
      vertex -65.7257 40.5285 18
      vertex -83.883 53.9715 18
      vertex -65.8106 40.4177 18
    endloop
  endfacet
  facet normal 0 0 1
    outer loop
      vertex -64.9141 -41.0455 18
      vertex -69.2431 -62.4239 18
      vertex -67.5 -62.5 18
    endloop
  endfacet
  facet normal -0 0 1
    outer loop
      vertex -84.8205 52.5 18
      vertex -65.8106 40.4177 18
      vertex -83.883 53.9715 18
    endloop
  endfacet
  facet normal 0 0 1
    outer loop
      vertex -65.0472 -41.0035 18
      vertex -70.973 -62.1962 18
      vertex -69.2431 -62.4239 18
    endloop
  endfacet
  facet normal -0 0 1
    outer loop
      vertex -85.6262 50.9524 18
      vertex -65.8106 40.4177 18
      vertex -84.8205 52.5 18
    endloop
  endfacet
  facet normal 0 0 1
    outer loop
      vertex -65.1762 -40.9501 18
      vertex -72.6764 -61.8185 18
      vertex -70.973 -62.1962 18
    endloop
  endfacet
  facet normal 0 0 1
    outer loop
      vertex -65.8106 40.4177 18
      vertex -85.6262 50.9524 18
      vertex -65.8856 40.3 18
    endloop
  endfacet
  facet normal 0 0 1
    outer loop
      vertex -65.1762 -40.9501 18
      vertex -74.3404 -61.2939 18
      vertex -72.6764 -61.8185 18
    endloop
  endfacet
  facet normal -0 0 1
    outer loop
      vertex -86.2939 49.3404 18
      vertex -65.8856 40.3 18
      vertex -85.6262 50.9524 18
    endloop
  endfacet
  facet normal 0 0 1
    outer loop
      vertex -65.3 -40.8856 18
      vertex -75.9524 -60.6262 18
      vertex -74.3404 -61.2939 18
    endloop
  endfacet
  facet normal 0 0 1
    outer loop
      vertex -65.8856 40.3 18
      vertex -86.2939 49.3404 18
      vertex -65.9501 40.1762 18
    endloop
  endfacet
  facet normal 0 0 1
    outer loop
      vertex -65.4177 -40.8106 18
      vertex -77.5 -59.8205 18
      vertex -75.9524 -60.6262 18
    endloop
  endfacet
  facet normal -0 0 1
    outer loop
      vertex -86.8185 47.6764 18
      vertex -65.9501 40.1762 18
      vertex -86.2939 49.3404 18
    endloop
  endfacet
  facet normal 0 0 1
    outer loop
      vertex -65.4177 -40.8106 18
      vertex -78.9715 -58.883 18
      vertex -77.5 -59.8205 18
    endloop
  endfacet
  facet normal 0 0 1
    outer loop
      vertex -65.9501 40.1762 18
      vertex -86.8185 47.6764 18
      vertex -66.0035 40.0472 18
    endloop
  endfacet
  facet normal 0 0 1
    outer loop
      vertex -65.5285 -40.7257 18
      vertex -80.3558 -57.8209 18
      vertex -78.9715 -58.883 18
    endloop
  endfacet
  facet normal -0 0 1
    outer loop
      vertex -87.1962 45.973 18
      vertex -66.0035 40.0472 18
      vertex -86.8185 47.6764 18
    endloop
  endfacet
  facet normal 0 0 1
    outer loop
      vertex -65.6314 -40.6314 18
      vertex -81.6421 -56.6421 18
      vertex -80.3558 -57.8209 18
    endloop
  endfacet
  facet normal -0 0 1
    outer loop
      vertex -87.4239 44.2431 18
      vertex -66.0035 40.0472 18
      vertex -87.1962 45.973 18
    endloop
  endfacet
  facet normal 0 0 1
    outer loop
      vertex -65.6314 -40.6314 18
      vertex -82.8209 -55.3558 18
      vertex -81.6421 -56.6421 18
    endloop
  endfacet
  facet normal 0 0 1
    outer loop
      vertex -66.0035 40.0472 18
      vertex -87.4239 44.2431 18
      vertex -66.0455 39.9141 18
    endloop
  endfacet
  facet normal 0 0 1
    outer loop
      vertex -65.7257 -40.5285 18
      vertex -83.883 -53.9715 18
      vertex -82.8209 -55.3558 18
    endloop
  endfacet
  facet normal -0 0 1
    outer loop
      vertex -87.5 42.5 18
      vertex -66.0455 39.9141 18
      vertex -87.4239 44.2431 18
    endloop
  endfacet
  facet normal 0 0 1
    outer loop
      vertex -65.8106 -40.4177 18
      vertex -84.8205 -52.5 18
      vertex -83.883 -53.9715 18
    endloop
  endfacet
  facet normal 0 0 1
    outer loop
      vertex -66.0455 39.9141 18
      vertex -87.5 42.5 18
      vertex -66.0757 39.7778 18
    endloop
  endfacet
  facet normal 0 0 1
    outer loop
      vertex -65.8106 -40.4177 18
      vertex -85.6262 -50.9524 18
      vertex -84.8205 -52.5 18
    endloop
  endfacet
  facet normal 0 0 1
    outer loop
      vertex -66.0757 39.7778 18
      vertex -87.5 42.5 18
      vertex -66.0939 39.6395 18
    endloop
  endfacet
  facet normal 0 0 1
    outer loop
      vertex -65.8856 -40.3 18
      vertex -86.2939 -49.3404 18
      vertex -85.6262 -50.9524 18
    endloop
  endfacet
  facet normal 0 0 1
    outer loop
      vertex -66.0939 39.6395 18
      vertex -87.5 42.5 18
      vertex -66.1 39.5 18
    endloop
  endfacet
  facet normal 0 0 1
    outer loop
      vertex -65.9501 -40.1762 18
      vertex -86.8185 -47.6764 18
      vertex -86.2939 -49.3404 18
    endloop
  endfacet
  facet normal 0 0 1
    outer loop
      vertex -66.0035 -40.0472 18
      vertex -87.1962 -45.973 18
      vertex -86.8185 -47.6764 18
    endloop
  endfacet
  facet normal 0 0 1
    outer loop
      vertex -66.0035 -40.0472 18
      vertex -87.4239 -44.2431 18
      vertex -87.1962 -45.973 18
    endloop
  endfacet
  facet normal 0 0 1
    outer loop
      vertex -50.6053 -35.878 18
      vertex -50.6053 -36.122 18
      vertex -50.6 -36 18
    endloop
  endfacet
  facet normal 0 0 1
    outer loop
      vertex -50.6213 -35.7569 18
      vertex -50.6053 -36.122 18
      vertex -50.6053 -35.878 18
    endloop
  endfacet
  facet normal 0 0 1
    outer loop
      vertex -50.6213 -35.7569 18
      vertex -50.6213 -36.2431 18
      vertex -50.6053 -36.122 18
    endloop
  endfacet
  facet normal 0 0 1
    outer loop
      vertex -50.6477 -35.6377 18
      vertex -50.6213 -36.2431 18
      vertex -50.6213 -35.7569 18
    endloop
  endfacet
  facet normal 0 0 1
    outer loop
      vertex -50.6477 -35.6377 18
      vertex -50.6477 -36.3623 18
      vertex -50.6213 -36.2431 18
    endloop
  endfacet
  facet normal 0 0 1
    outer loop
      vertex -50.6844 -35.5212 18
      vertex -50.6477 -36.3623 18
      vertex -50.6477 -35.6377 18
    endloop
  endfacet
  facet normal 0 0 1
    outer loop
      vertex -50.6844 -35.5212 18
      vertex -50.6844 -36.4788 18
      vertex -50.6477 -36.3623 18
    endloop
  endfacet
  facet normal 0 0 1
    outer loop
      vertex -50.7312 -35.4083 18
      vertex -50.6844 -36.4788 18
      vertex -50.6844 -35.5212 18
    endloop
  endfacet
  facet normal 0 0 1
    outer loop
      vertex -50.7312 -35.4083 18
      vertex -50.7312 -36.5917 18
      vertex -50.6844 -36.4788 18
    endloop
  endfacet
  facet normal 0 0 1
    outer loop
      vertex -50.7876 -35.3 18
      vertex -50.7312 -36.5917 18
      vertex -50.7312 -35.4083 18
    endloop
  endfacet
  facet normal 0 0 1
    outer loop
      vertex -50.7876 -35.3 18
      vertex -50.7876 -36.7 18
      vertex -50.7312 -36.5917 18
    endloop
  endfacet
  facet normal 0 0 1
    outer loop
      vertex -50.8532 -35.197 18
      vertex -50.7876 -36.7 18
      vertex -50.7876 -35.3 18
    endloop
  endfacet
  facet normal 0 0 1
    outer loop
      vertex -50.8532 -35.197 18
      vertex -50.8532 -36.803 18
      vertex -50.7876 -36.7 18
    endloop
  endfacet
  facet normal 0 0 1
    outer loop
      vertex -50.9275 -35.1001 18
      vertex -50.8532 -36.803 18
      vertex -50.8532 -35.197 18
    endloop
  endfacet
  facet normal 0 0 1
    outer loop
      vertex -50.9275 -35.1001 18
      vertex -50.9275 -36.8999 18
      vertex -50.8532 -36.803 18
    endloop
  endfacet
  facet normal 0 0 1
    outer loop
      vertex -51.01 -35.01 18
      vertex -50.9275 -36.8999 18
      vertex -50.9275 -35.1001 18
    endloop
  endfacet
  facet normal 0 0 1
    outer loop
      vertex -51.01 -35.01 18
      vertex -51.01 -36.9899 18
      vertex -50.9275 -36.8999 18
    endloop
  endfacet
  facet normal 0 0 1
    outer loop
      vertex -51.1001 -34.9275 18
      vertex -51.01 -36.9899 18
      vertex -51.01 -35.01 18
    endloop
  endfacet
  facet normal 0 0 1
    outer loop
      vertex -51.1001 -34.9275 18
      vertex -51.1001 -37.0725 18
      vertex -51.01 -36.9899 18
    endloop
  endfacet
  facet normal 0 0 1
    outer loop
      vertex -51.197 -34.8532 18
      vertex -51.1001 -37.0725 18
      vertex -51.1001 -34.9275 18
    endloop
  endfacet
  facet normal 0 0 1
    outer loop
      vertex -51.197 -34.8532 18
      vertex -51.197 -37.1468 18
      vertex -51.1001 -37.0725 18
    endloop
  endfacet
  facet normal 0 0 1
    outer loop
      vertex -51.3 -34.7876 18
      vertex -51.197 -37.1468 18
      vertex -51.197 -34.8532 18
    endloop
  endfacet
  facet normal 0 0 1
    outer loop
      vertex -51.3 -34.7876 18
      vertex -51.3 -37.2124 18
      vertex -51.197 -37.1468 18
    endloop
  endfacet
  facet normal 0 0 1
    outer loop
      vertex -51.4083 -34.7312 18
      vertex -51.3 -37.2124 18
      vertex -51.3 -34.7876 18
    endloop
  endfacet
  facet normal 0 0 1
    outer loop
      vertex -51.4083 -34.7312 18
      vertex -51.4083 -37.2688 18
      vertex -51.3 -37.2124 18
    endloop
  endfacet
  facet normal 0 0 1
    outer loop
      vertex -51.5212 -34.6844 18
      vertex -51.4083 -37.2688 18
      vertex -51.4083 -34.7312 18
    endloop
  endfacet
  facet normal 0 0 1
    outer loop
      vertex -51.5212 -34.6844 18
      vertex -51.5212 -37.3156 18
      vertex -51.4083 -37.2688 18
    endloop
  endfacet
  facet normal 0 0 1
    outer loop
      vertex -51.6377 -34.6477 18
      vertex -51.5212 -37.3156 18
      vertex -51.5212 -34.6844 18
    endloop
  endfacet
  facet normal 0 0 1
    outer loop
      vertex -51.6377 -34.6477 18
      vertex -51.6377 -37.3523 18
      vertex -51.5212 -37.3156 18
    endloop
  endfacet
  facet normal 0 0 1
    outer loop
      vertex -51.7569 -34.6213 18
      vertex -51.6377 -37.3523 18
      vertex -51.6377 -34.6477 18
    endloop
  endfacet
  facet normal 0 0 1
    outer loop
      vertex -51.7569 -34.6213 18
      vertex -51.7569 -37.3787 18
      vertex -51.6377 -37.3523 18
    endloop
  endfacet
  facet normal 0 0 1
    outer loop
      vertex -51.878 -34.6053 18
      vertex -51.7569 -37.3787 18
      vertex -51.7569 -34.6213 18
    endloop
  endfacet
  facet normal 0 0 1
    outer loop
      vertex -51.878 -34.6053 18
      vertex -51.878 -37.3947 18
      vertex -51.7569 -37.3787 18
    endloop
  endfacet
  facet normal 0 0 1
    outer loop
      vertex -52 -34.6 18
      vertex -51.878 -37.3947 18
      vertex -51.878 -34.6053 18
    endloop
  endfacet
  facet normal 0 0 1
    outer loop
      vertex -52 -34.6 18
      vertex -52 -37.4 18
      vertex -51.878 -37.3947 18
    endloop
  endfacet
  facet normal -0 0 1
    outer loop
      vertex -52.122 -34.6053 18
      vertex -52 -37.4 18
      vertex -52 -34.6 18
    endloop
  endfacet
  facet normal 0 0 1
    outer loop
      vertex -52.122 -34.6053 18
      vertex -52.122 -37.3947 18
      vertex -52 -37.4 18
    endloop
  endfacet
  facet normal -0 0 1
    outer loop
      vertex -52.2431 -34.6213 18
      vertex -52.122 -37.3947 18
      vertex -52.122 -34.6053 18
    endloop
  endfacet
  facet normal 0 0 1
    outer loop
      vertex -52.2431 -34.6213 18
      vertex -52.2431 -37.3787 18
      vertex -52.122 -37.3947 18
    endloop
  endfacet
  facet normal -0 0 1
    outer loop
      vertex -52.3623 -34.6477 18
      vertex -52.2431 -37.3787 18
      vertex -52.2431 -34.6213 18
    endloop
  endfacet
  facet normal 0 0 1
    outer loop
      vertex -52.3623 -34.6477 18
      vertex -52.3623 -37.3523 18
      vertex -52.2431 -37.3787 18
    endloop
  endfacet
  facet normal -0 0 1
    outer loop
      vertex -52.4788 -34.6844 18
      vertex -52.3623 -37.3523 18
      vertex -52.3623 -34.6477 18
    endloop
  endfacet
  facet normal 0 0 1
    outer loop
      vertex -52.4788 -34.6844 18
      vertex -52.4788 -37.3156 18
      vertex -52.3623 -37.3523 18
    endloop
  endfacet
  facet normal -0 0 1
    outer loop
      vertex -52.5917 -34.7312 18
      vertex -52.4788 -37.3156 18
      vertex -52.4788 -34.6844 18
    endloop
  endfacet
  facet normal 0 0 1
    outer loop
      vertex -52.5917 -34.7312 18
      vertex -52.5917 -37.2688 18
      vertex -52.4788 -37.3156 18
    endloop
  endfacet
  facet normal -0 0 1
    outer loop
      vertex -52.7 -34.7876 18
      vertex -52.5917 -37.2688 18
      vertex -52.5917 -34.7312 18
    endloop
  endfacet
  facet normal 0 0 1
    outer loop
      vertex -52.7 -34.7876 18
      vertex -52.7 -37.2124 18
      vertex -52.5917 -37.2688 18
    endloop
  endfacet
  facet normal -0 0 1
    outer loop
      vertex -52.803 -34.8532 18
      vertex -52.7 -37.2124 18
      vertex -52.7 -34.7876 18
    endloop
  endfacet
  facet normal 0 0 1
    outer loop
      vertex -52.803 -34.8532 18
      vertex -52.803 -37.1468 18
      vertex -52.7 -37.2124 18
    endloop
  endfacet
  facet normal -0 0 1
    outer loop
      vertex -52.8999 -34.9275 18
      vertex -52.803 -37.1468 18
      vertex -52.803 -34.8532 18
    endloop
  endfacet
  facet normal 0 0 1
    outer loop
      vertex -52.8999 -34.9275 18
      vertex -52.8999 -37.0725 18
      vertex -52.803 -37.1468 18
    endloop
  endfacet
  facet normal -0 0 1
    outer loop
      vertex -52.9899 -35.01 18
      vertex -52.8999 -37.0725 18
      vertex -52.8999 -34.9275 18
    endloop
  endfacet
  facet normal 0 0 1
    outer loop
      vertex -52.9899 -35.01 18
      vertex -52.9899 -36.9899 18
      vertex -52.8999 -37.0725 18
    endloop
  endfacet
  facet normal -0 0 1
    outer loop
      vertex -53.0725 -35.1001 18
      vertex -52.9899 -36.9899 18
      vertex -52.9899 -35.01 18
    endloop
  endfacet
  facet normal 0 0 1
    outer loop
      vertex -53.0725 -35.1001 18
      vertex -53.0725 -36.8999 18
      vertex -52.9899 -36.9899 18
    endloop
  endfacet
  facet normal -0 0 1
    outer loop
      vertex -53.1468 -35.197 18
      vertex -53.0725 -36.8999 18
      vertex -53.0725 -35.1001 18
    endloop
  endfacet
  facet normal 0 0 1
    outer loop
      vertex -53.1468 -35.197 18
      vertex -53.1468 -36.803 18
      vertex -53.0725 -36.8999 18
    endloop
  endfacet
  facet normal -0 0 1
    outer loop
      vertex -53.2124 -35.3 18
      vertex -53.1468 -36.803 18
      vertex -53.1468 -35.197 18
    endloop
  endfacet
  facet normal 0 0 1
    outer loop
      vertex -53.2124 -35.3 18
      vertex -53.2124 -36.7 18
      vertex -53.1468 -36.803 18
    endloop
  endfacet
  facet normal -0 0 1
    outer loop
      vertex -53.2688 -35.4083 18
      vertex -53.2124 -36.7 18
      vertex -53.2124 -35.3 18
    endloop
  endfacet
  facet normal 0 0 1
    outer loop
      vertex -53.2688 -35.4083 18
      vertex -53.2688 -36.5917 18
      vertex -53.2124 -36.7 18
    endloop
  endfacet
  facet normal -0 0 1
    outer loop
      vertex -53.3156 -35.5212 18
      vertex -53.2688 -36.5917 18
      vertex -53.2688 -35.4083 18
    endloop
  endfacet
  facet normal 0 0 1
    outer loop
      vertex -53.3156 -35.5212 18
      vertex -53.3156 -36.4788 18
      vertex -53.2688 -36.5917 18
    endloop
  endfacet
  facet normal -0 0 1
    outer loop
      vertex -53.3523 -35.6377 18
      vertex -53.3156 -36.4788 18
      vertex -53.3156 -35.5212 18
    endloop
  endfacet
  facet normal 0 0 1
    outer loop
      vertex -53.3523 -35.6377 18
      vertex -53.3523 -36.3623 18
      vertex -53.3156 -36.4788 18
    endloop
  endfacet
  facet normal -0 0 1
    outer loop
      vertex -53.3787 -35.7569 18
      vertex -53.3523 -36.3623 18
      vertex -53.3523 -35.6377 18
    endloop
  endfacet
  facet normal 0 0 1
    outer loop
      vertex -53.3787 -35.7569 18
      vertex -53.3787 -36.2431 18
      vertex -53.3523 -36.3623 18
    endloop
  endfacet
  facet normal -0 0 1
    outer loop
      vertex -53.3947 -35.878 18
      vertex -53.3787 -36.2431 18
      vertex -53.3787 -35.7569 18
    endloop
  endfacet
  facet normal 0 0 1
    outer loop
      vertex -53.3947 -35.878 18
      vertex -53.3947 -36.122 18
      vertex -53.3787 -36.2431 18
    endloop
  endfacet
  facet normal 0 -0 1
    outer loop
      vertex -53.3947 -36.122 18
      vertex -53.3947 -35.878 18
      vertex -53.4 -36 18
    endloop
  endfacet
  facet normal 0 0 1
    outer loop
      vertex -50.6053 36.122 18
      vertex -50.6053 35.878 18
      vertex -50.6 36 18
    endloop
  endfacet
  facet normal 0 0 1
    outer loop
      vertex -50.6213 36.2431 18
      vertex -50.6053 35.878 18
      vertex -50.6053 36.122 18
    endloop
  endfacet
  facet normal 0 0 1
    outer loop
      vertex -50.6213 36.2431 18
      vertex -50.6213 35.7569 18
      vertex -50.6053 35.878 18
    endloop
  endfacet
  facet normal 0 0 1
    outer loop
      vertex -50.6477 36.3623 18
      vertex -50.6213 35.7569 18
      vertex -50.6213 36.2431 18
    endloop
  endfacet
  facet normal 0 0 1
    outer loop
      vertex -50.6477 36.3623 18
      vertex -50.6477 35.6377 18
      vertex -50.6213 35.7569 18
    endloop
  endfacet
  facet normal 0 0 1
    outer loop
      vertex -50.6844 36.4788 18
      vertex -50.6477 35.6377 18
      vertex -50.6477 36.3623 18
    endloop
  endfacet
  facet normal 0 0 1
    outer loop
      vertex -50.6844 36.4788 18
      vertex -50.6844 35.5212 18
      vertex -50.6477 35.6377 18
    endloop
  endfacet
  facet normal 0 0 1
    outer loop
      vertex -50.7312 36.5917 18
      vertex -50.6844 35.5212 18
      vertex -50.6844 36.4788 18
    endloop
  endfacet
  facet normal 0 0 1
    outer loop
      vertex -50.7312 36.5917 18
      vertex -50.7312 35.4083 18
      vertex -50.6844 35.5212 18
    endloop
  endfacet
  facet normal 0 0 1
    outer loop
      vertex -50.7876 36.7 18
      vertex -50.7312 35.4083 18
      vertex -50.7312 36.5917 18
    endloop
  endfacet
  facet normal 0 0 1
    outer loop
      vertex -50.7876 36.7 18
      vertex -50.7876 35.3 18
      vertex -50.7312 35.4083 18
    endloop
  endfacet
  facet normal 0 0 1
    outer loop
      vertex -50.8532 36.803 18
      vertex -50.7876 35.3 18
      vertex -50.7876 36.7 18
    endloop
  endfacet
  facet normal 0 0 1
    outer loop
      vertex -50.8532 36.803 18
      vertex -50.8532 35.197 18
      vertex -50.7876 35.3 18
    endloop
  endfacet
  facet normal 0 0 1
    outer loop
      vertex -50.9275 36.8999 18
      vertex -50.8532 35.197 18
      vertex -50.8532 36.803 18
    endloop
  endfacet
  facet normal 0 0 1
    outer loop
      vertex -50.9275 36.8999 18
      vertex -50.9275 35.1001 18
      vertex -50.8532 35.197 18
    endloop
  endfacet
  facet normal 0 0 1
    outer loop
      vertex -51.01 36.9899 18
      vertex -50.9275 35.1001 18
      vertex -50.9275 36.8999 18
    endloop
  endfacet
  facet normal 0 0 1
    outer loop
      vertex -51.01 36.9899 18
      vertex -51.01 35.01 18
      vertex -50.9275 35.1001 18
    endloop
  endfacet
  facet normal 0 0 1
    outer loop
      vertex -51.1001 37.0725 18
      vertex -51.01 35.01 18
      vertex -51.01 36.9899 18
    endloop
  endfacet
  facet normal 0 0 1
    outer loop
      vertex -51.1001 37.0725 18
      vertex -51.1001 34.9275 18
      vertex -51.01 35.01 18
    endloop
  endfacet
  facet normal 0 0 1
    outer loop
      vertex -51.197 37.1468 18
      vertex -51.1001 34.9275 18
      vertex -51.1001 37.0725 18
    endloop
  endfacet
  facet normal 0 0 1
    outer loop
      vertex -51.197 37.1468 18
      vertex -51.197 34.8532 18
      vertex -51.1001 34.9275 18
    endloop
  endfacet
  facet normal 0 0 1
    outer loop
      vertex -51.3 37.2124 18
      vertex -51.197 34.8532 18
      vertex -51.197 37.1468 18
    endloop
  endfacet
  facet normal 0 0 1
    outer loop
      vertex -51.3 37.2124 18
      vertex -51.3 34.7876 18
      vertex -51.197 34.8532 18
    endloop
  endfacet
  facet normal 0 0 1
    outer loop
      vertex -51.4083 37.2688 18
      vertex -51.3 34.7876 18
      vertex -51.3 37.2124 18
    endloop
  endfacet
  facet normal 0 0 1
    outer loop
      vertex -51.4083 37.2688 18
      vertex -51.4083 34.7312 18
      vertex -51.3 34.7876 18
    endloop
  endfacet
  facet normal 0 0 1
    outer loop
      vertex -51.5212 37.3156 18
      vertex -51.4083 34.7312 18
      vertex -51.4083 37.2688 18
    endloop
  endfacet
  facet normal 0 0 1
    outer loop
      vertex -51.5212 37.3156 18
      vertex -51.5212 34.6844 18
      vertex -51.4083 34.7312 18
    endloop
  endfacet
  facet normal 0 0 1
    outer loop
      vertex -51.6377 37.3523 18
      vertex -51.5212 34.6844 18
      vertex -51.5212 37.3156 18
    endloop
  endfacet
  facet normal 0 0 1
    outer loop
      vertex -51.6377 37.3523 18
      vertex -51.6377 34.6477 18
      vertex -51.5212 34.6844 18
    endloop
  endfacet
  facet normal 0 0 1
    outer loop
      vertex -51.7569 37.3787 18
      vertex -51.6377 34.6477 18
      vertex -51.6377 37.3523 18
    endloop
  endfacet
  facet normal 0 0 1
    outer loop
      vertex -51.7569 37.3787 18
      vertex -51.7569 34.6213 18
      vertex -51.6377 34.6477 18
    endloop
  endfacet
  facet normal 0 0 1
    outer loop
      vertex -51.878 37.3947 18
      vertex -51.7569 34.6213 18
      vertex -51.7569 37.3787 18
    endloop
  endfacet
  facet normal 0 0 1
    outer loop
      vertex -51.878 37.3947 18
      vertex -51.878 34.6053 18
      vertex -51.7569 34.6213 18
    endloop
  endfacet
  facet normal 0 0 1
    outer loop
      vertex -52 37.4 18
      vertex -51.878 34.6053 18
      vertex -51.878 37.3947 18
    endloop
  endfacet
  facet normal 0 0 1
    outer loop
      vertex -52 37.4 18
      vertex -52 34.6 18
      vertex -51.878 34.6053 18
    endloop
  endfacet
  facet normal -0 0 1
    outer loop
      vertex -52.122 37.3947 18
      vertex -52 34.6 18
      vertex -52 37.4 18
    endloop
  endfacet
  facet normal 0 0 1
    outer loop
      vertex -52.122 37.3947 18
      vertex -52.122 34.6053 18
      vertex -52 34.6 18
    endloop
  endfacet
  facet normal -0 0 1
    outer loop
      vertex -52.2431 37.3787 18
      vertex -52.122 34.6053 18
      vertex -52.122 37.3947 18
    endloop
  endfacet
  facet normal 0 0 1
    outer loop
      vertex -52.2431 37.3787 18
      vertex -52.2431 34.6213 18
      vertex -52.122 34.6053 18
    endloop
  endfacet
  facet normal -0 0 1
    outer loop
      vertex -52.3623 37.3523 18
      vertex -52.2431 34.6213 18
      vertex -52.2431 37.3787 18
    endloop
  endfacet
  facet normal 0 0 1
    outer loop
      vertex -52.3623 37.3523 18
      vertex -52.3623 34.6477 18
      vertex -52.2431 34.6213 18
    endloop
  endfacet
  facet normal -0 0 1
    outer loop
      vertex -52.4788 37.3156 18
      vertex -52.3623 34.6477 18
      vertex -52.3623 37.3523 18
    endloop
  endfacet
  facet normal 0 0 1
    outer loop
      vertex -52.4788 37.3156 18
      vertex -52.4788 34.6844 18
      vertex -52.3623 34.6477 18
    endloop
  endfacet
  facet normal -0 0 1
    outer loop
      vertex -52.5917 37.2688 18
      vertex -52.4788 34.6844 18
      vertex -52.4788 37.3156 18
    endloop
  endfacet
  facet normal 0 0 1
    outer loop
      vertex -52.5917 37.2688 18
      vertex -52.5917 34.7312 18
      vertex -52.4788 34.6844 18
    endloop
  endfacet
  facet normal -0 0 1
    outer loop
      vertex -52.7 37.2124 18
      vertex -52.5917 34.7312 18
      vertex -52.5917 37.2688 18
    endloop
  endfacet
  facet normal 0 0 1
    outer loop
      vertex -52.7 37.2124 18
      vertex -52.7 34.7876 18
      vertex -52.5917 34.7312 18
    endloop
  endfacet
  facet normal -0 0 1
    outer loop
      vertex -52.803 37.1468 18
      vertex -52.7 34.7876 18
      vertex -52.7 37.2124 18
    endloop
  endfacet
  facet normal 0 0 1
    outer loop
      vertex -52.803 37.1468 18
      vertex -52.803 34.8532 18
      vertex -52.7 34.7876 18
    endloop
  endfacet
  facet normal -0 0 1
    outer loop
      vertex -52.8999 37.0725 18
      vertex -52.803 34.8532 18
      vertex -52.803 37.1468 18
    endloop
  endfacet
  facet normal 0 0 1
    outer loop
      vertex -52.8999 37.0725 18
      vertex -52.8999 34.9275 18
      vertex -52.803 34.8532 18
    endloop
  endfacet
  facet normal -0 0 1
    outer loop
      vertex -52.9899 36.9899 18
      vertex -52.8999 34.9275 18
      vertex -52.8999 37.0725 18
    endloop
  endfacet
  facet normal 0 0 1
    outer loop
      vertex -52.9899 36.9899 18
      vertex -52.9899 35.01 18
      vertex -52.8999 34.9275 18
    endloop
  endfacet
  facet normal -0 0 1
    outer loop
      vertex -53.0725 36.8999 18
      vertex -52.9899 35.01 18
      vertex -52.9899 36.9899 18
    endloop
  endfacet
  facet normal 0 0 1
    outer loop
      vertex -53.0725 36.8999 18
      vertex -53.0725 35.1001 18
      vertex -52.9899 35.01 18
    endloop
  endfacet
  facet normal -0 0 1
    outer loop
      vertex -53.1468 36.803 18
      vertex -53.0725 35.1001 18
      vertex -53.0725 36.8999 18
    endloop
  endfacet
  facet normal 0 0 1
    outer loop
      vertex -53.1468 36.803 18
      vertex -53.1468 35.197 18
      vertex -53.0725 35.1001 18
    endloop
  endfacet
  facet normal -0 0 1
    outer loop
      vertex -53.2124 36.7 18
      vertex -53.1468 35.197 18
      vertex -53.1468 36.803 18
    endloop
  endfacet
  facet normal 0 0 1
    outer loop
      vertex -53.2124 36.7 18
      vertex -53.2124 35.3 18
      vertex -53.1468 35.197 18
    endloop
  endfacet
  facet normal -0 0 1
    outer loop
      vertex -53.2688 36.5917 18
      vertex -53.2124 35.3 18
      vertex -53.2124 36.7 18
    endloop
  endfacet
  facet normal 0 0 1
    outer loop
      vertex -53.2688 36.5917 18
      vertex -53.2688 35.4083 18
      vertex -53.2124 35.3 18
    endloop
  endfacet
  facet normal -0 0 1
    outer loop
      vertex -53.3156 36.4788 18
      vertex -53.2688 35.4083 18
      vertex -53.2688 36.5917 18
    endloop
  endfacet
  facet normal 0 0 1
    outer loop
      vertex -53.3156 36.4788 18
      vertex -53.3156 35.5212 18
      vertex -53.2688 35.4083 18
    endloop
  endfacet
  facet normal -0 0 1
    outer loop
      vertex -53.3523 36.3623 18
      vertex -53.3156 35.5212 18
      vertex -53.3156 36.4788 18
    endloop
  endfacet
  facet normal 0 0 1
    outer loop
      vertex -53.3523 36.3623 18
      vertex -53.3523 35.6377 18
      vertex -53.3156 35.5212 18
    endloop
  endfacet
  facet normal -0 0 1
    outer loop
      vertex -53.3787 36.2431 18
      vertex -53.3523 35.6377 18
      vertex -53.3523 36.3623 18
    endloop
  endfacet
  facet normal 0 0 1
    outer loop
      vertex -53.3787 36.2431 18
      vertex -53.3787 35.7569 18
      vertex -53.3523 35.6377 18
    endloop
  endfacet
  facet normal -0 0 1
    outer loop
      vertex -53.3947 36.122 18
      vertex -53.3787 35.7569 18
      vertex -53.3787 36.2431 18
    endloop
  endfacet
  facet normal 0 0 1
    outer loop
      vertex -53.3947 36.122 18
      vertex -53.3947 35.878 18
      vertex -53.3787 35.7569 18
    endloop
  endfacet
  facet normal 0 -0 1
    outer loop
      vertex -53.3947 35.878 18
      vertex -53.3947 36.122 18
      vertex -53.4 36 18
    endloop
  endfacet
  facet normal 0 0 1
    outer loop
      vertex 53.3947 -35.878 18
      vertex 53.3947 -36.122 18
      vertex 53.4 -36 18
    endloop
  endfacet
  facet normal 0 0 1
    outer loop
      vertex 53.3787 -35.7569 18
      vertex 53.3947 -36.122 18
      vertex 53.3947 -35.878 18
    endloop
  endfacet
  facet normal 0 0 1
    outer loop
      vertex 53.3787 -35.7569 18
      vertex 53.3787 -36.2431 18
      vertex 53.3947 -36.122 18
    endloop
  endfacet
  facet normal 0 0 1
    outer loop
      vertex 53.3523 -35.6377 18
      vertex 53.3787 -36.2431 18
      vertex 53.3787 -35.7569 18
    endloop
  endfacet
  facet normal 0 0 1
    outer loop
      vertex 53.3523 -35.6377 18
      vertex 53.3523 -36.3623 18
      vertex 53.3787 -36.2431 18
    endloop
  endfacet
  facet normal 0 0 1
    outer loop
      vertex 53.3156 -35.5212 18
      vertex 53.3523 -36.3623 18
      vertex 53.3523 -35.6377 18
    endloop
  endfacet
  facet normal 0 0 1
    outer loop
      vertex 53.3156 -35.5212 18
      vertex 53.3156 -36.4788 18
      vertex 53.3523 -36.3623 18
    endloop
  endfacet
  facet normal 0 0 1
    outer loop
      vertex 53.2688 -35.4083 18
      vertex 53.3156 -36.4788 18
      vertex 53.3156 -35.5212 18
    endloop
  endfacet
  facet normal 0 0 1
    outer loop
      vertex 53.2688 -35.4083 18
      vertex 53.2688 -36.5917 18
      vertex 53.3156 -36.4788 18
    endloop
  endfacet
  facet normal 0 0 1
    outer loop
      vertex 53.2124 -35.3 18
      vertex 53.2688 -36.5917 18
      vertex 53.2688 -35.4083 18
    endloop
  endfacet
  facet normal 0 0 1
    outer loop
      vertex 53.2124 -35.3 18
      vertex 53.2124 -36.7 18
      vertex 53.2688 -36.5917 18
    endloop
  endfacet
  facet normal 0 0 1
    outer loop
      vertex 53.1468 -35.197 18
      vertex 53.2124 -36.7 18
      vertex 53.2124 -35.3 18
    endloop
  endfacet
  facet normal 0 0 1
    outer loop
      vertex 53.1468 -35.197 18
      vertex 53.1468 -36.803 18
      vertex 53.2124 -36.7 18
    endloop
  endfacet
  facet normal 0 0 1
    outer loop
      vertex 53.0725 -35.1001 18
      vertex 53.1468 -36.803 18
      vertex 53.1468 -35.197 18
    endloop
  endfacet
  facet normal 0 0 1
    outer loop
      vertex 53.0725 -35.1001 18
      vertex 53.0725 -36.8999 18
      vertex 53.1468 -36.803 18
    endloop
  endfacet
  facet normal 0 0 1
    outer loop
      vertex 52.9899 -35.01 18
      vertex 53.0725 -36.8999 18
      vertex 53.0725 -35.1001 18
    endloop
  endfacet
  facet normal 0 0 1
    outer loop
      vertex 52.9899 -35.01 18
      vertex 52.9899 -36.9899 18
      vertex 53.0725 -36.8999 18
    endloop
  endfacet
  facet normal 0 0 1
    outer loop
      vertex 52.8999 -34.9275 18
      vertex 52.9899 -36.9899 18
      vertex 52.9899 -35.01 18
    endloop
  endfacet
  facet normal 0 0 1
    outer loop
      vertex 52.8999 -34.9275 18
      vertex 52.8999 -37.0725 18
      vertex 52.9899 -36.9899 18
    endloop
  endfacet
  facet normal 0 0 1
    outer loop
      vertex 52.803 -34.8532 18
      vertex 52.8999 -37.0725 18
      vertex 52.8999 -34.9275 18
    endloop
  endfacet
  facet normal 0 0 1
    outer loop
      vertex 52.803 -34.8532 18
      vertex 52.803 -37.1468 18
      vertex 52.8999 -37.0725 18
    endloop
  endfacet
  facet normal 0 0 1
    outer loop
      vertex 52.7 -34.7876 18
      vertex 52.803 -37.1468 18
      vertex 52.803 -34.8532 18
    endloop
  endfacet
  facet normal 0 0 1
    outer loop
      vertex 52.7 -34.7876 18
      vertex 52.7 -37.2124 18
      vertex 52.803 -37.1468 18
    endloop
  endfacet
  facet normal 0 0 1
    outer loop
      vertex 52.5917 -34.7312 18
      vertex 52.7 -37.2124 18
      vertex 52.7 -34.7876 18
    endloop
  endfacet
  facet normal 0 0 1
    outer loop
      vertex 52.5917 -34.7312 18
      vertex 52.5917 -37.2688 18
      vertex 52.7 -37.2124 18
    endloop
  endfacet
  facet normal 0 0 1
    outer loop
      vertex 52.4788 -34.6844 18
      vertex 52.5917 -37.2688 18
      vertex 52.5917 -34.7312 18
    endloop
  endfacet
  facet normal 0 0 1
    outer loop
      vertex 52.4788 -34.6844 18
      vertex 52.4788 -37.3156 18
      vertex 52.5917 -37.2688 18
    endloop
  endfacet
  facet normal 0 0 1
    outer loop
      vertex 52.3623 -34.6477 18
      vertex 52.4788 -37.3156 18
      vertex 52.4788 -34.6844 18
    endloop
  endfacet
  facet normal 0 0 1
    outer loop
      vertex 52.3623 -34.6477 18
      vertex 52.3623 -37.3523 18
      vertex 52.4788 -37.3156 18
    endloop
  endfacet
  facet normal 0 0 1
    outer loop
      vertex 52.2431 -34.6213 18
      vertex 52.3623 -37.3523 18
      vertex 52.3623 -34.6477 18
    endloop
  endfacet
  facet normal 0 0 1
    outer loop
      vertex 52.2431 -34.6213 18
      vertex 52.2431 -37.3787 18
      vertex 52.3623 -37.3523 18
    endloop
  endfacet
  facet normal 0 0 1
    outer loop
      vertex 52.122 -34.6053 18
      vertex 52.2431 -37.3787 18
      vertex 52.2431 -34.6213 18
    endloop
  endfacet
  facet normal 0 0 1
    outer loop
      vertex 52.122 -34.6053 18
      vertex 52.122 -37.3947 18
      vertex 52.2431 -37.3787 18
    endloop
  endfacet
  facet normal 0 0 1
    outer loop
      vertex 52 -34.6 18
      vertex 52.122 -37.3947 18
      vertex 52.122 -34.6053 18
    endloop
  endfacet
  facet normal 0 0 1
    outer loop
      vertex 52 -34.6 18
      vertex 52 -37.4 18
      vertex 52.122 -37.3947 18
    endloop
  endfacet
  facet normal -0 0 1
    outer loop
      vertex 51.878 -34.6053 18
      vertex 52 -37.4 18
      vertex 52 -34.6 18
    endloop
  endfacet
  facet normal 0 0 1
    outer loop
      vertex 51.878 -34.6053 18
      vertex 51.878 -37.3947 18
      vertex 52 -37.4 18
    endloop
  endfacet
  facet normal -0 0 1
    outer loop
      vertex 51.7569 -34.6213 18
      vertex 51.878 -37.3947 18
      vertex 51.878 -34.6053 18
    endloop
  endfacet
  facet normal 0 0 1
    outer loop
      vertex 51.7569 -34.6213 18
      vertex 51.7569 -37.3787 18
      vertex 51.878 -37.3947 18
    endloop
  endfacet
  facet normal -0 0 1
    outer loop
      vertex 51.6377 -34.6477 18
      vertex 51.7569 -37.3787 18
      vertex 51.7569 -34.6213 18
    endloop
  endfacet
  facet normal 0 0 1
    outer loop
      vertex 51.6377 -34.6477 18
      vertex 51.6377 -37.3523 18
      vertex 51.7569 -37.3787 18
    endloop
  endfacet
  facet normal -0 0 1
    outer loop
      vertex 51.5212 -34.6844 18
      vertex 51.6377 -37.3523 18
      vertex 51.6377 -34.6477 18
    endloop
  endfacet
  facet normal 0 0 1
    outer loop
      vertex 51.5212 -34.6844 18
      vertex 51.5212 -37.3156 18
      vertex 51.6377 -37.3523 18
    endloop
  endfacet
  facet normal -0 0 1
    outer loop
      vertex 51.4083 -34.7312 18
      vertex 51.5212 -37.3156 18
      vertex 51.5212 -34.6844 18
    endloop
  endfacet
  facet normal 0 0 1
    outer loop
      vertex 51.4083 -34.7312 18
      vertex 51.4083 -37.2688 18
      vertex 51.5212 -37.3156 18
    endloop
  endfacet
  facet normal -0 0 1
    outer loop
      vertex 51.3 -34.7876 18
      vertex 51.4083 -37.2688 18
      vertex 51.4083 -34.7312 18
    endloop
  endfacet
  facet normal 0 0 1
    outer loop
      vertex 51.3 -34.7876 18
      vertex 51.3 -37.2124 18
      vertex 51.4083 -37.2688 18
    endloop
  endfacet
  facet normal -0 0 1
    outer loop
      vertex 51.197 -34.8532 18
      vertex 51.3 -37.2124 18
      vertex 51.3 -34.7876 18
    endloop
  endfacet
  facet normal 0 0 1
    outer loop
      vertex 51.197 -34.8532 18
      vertex 51.197 -37.1468 18
      vertex 51.3 -37.2124 18
    endloop
  endfacet
  facet normal -0 0 1
    outer loop
      vertex 51.1001 -34.9275 18
      vertex 51.197 -37.1468 18
      vertex 51.197 -34.8532 18
    endloop
  endfacet
  facet normal 0 0 1
    outer loop
      vertex 51.1001 -34.9275 18
      vertex 51.1001 -37.0725 18
      vertex 51.197 -37.1468 18
    endloop
  endfacet
  facet normal -0 0 1
    outer loop
      vertex 51.01 -35.01 18
      vertex 51.1001 -37.0725 18
      vertex 51.1001 -34.9275 18
    endloop
  endfacet
  facet normal 0 0 1
    outer loop
      vertex 51.01 -35.01 18
      vertex 51.01 -36.9899 18
      vertex 51.1001 -37.0725 18
    endloop
  endfacet
  facet normal -0 0 1
    outer loop
      vertex 50.9275 -35.1001 18
      vertex 51.01 -36.9899 18
      vertex 51.01 -35.01 18
    endloop
  endfacet
  facet normal 0 0 1
    outer loop
      vertex 50.9275 -35.1001 18
      vertex 50.9275 -36.8999 18
      vertex 51.01 -36.9899 18
    endloop
  endfacet
  facet normal -0 0 1
    outer loop
      vertex 50.8532 -35.197 18
      vertex 50.9275 -36.8999 18
      vertex 50.9275 -35.1001 18
    endloop
  endfacet
  facet normal 0 0 1
    outer loop
      vertex 50.8532 -35.197 18
      vertex 50.8532 -36.803 18
      vertex 50.9275 -36.8999 18
    endloop
  endfacet
  facet normal -0 0 1
    outer loop
      vertex 50.7876 -35.3 18
      vertex 50.8532 -36.803 18
      vertex 50.8532 -35.197 18
    endloop
  endfacet
  facet normal 0 0 1
    outer loop
      vertex 50.7876 -35.3 18
      vertex 50.7876 -36.7 18
      vertex 50.8532 -36.803 18
    endloop
  endfacet
  facet normal -0 0 1
    outer loop
      vertex 50.7312 -35.4083 18
      vertex 50.7876 -36.7 18
      vertex 50.7876 -35.3 18
    endloop
  endfacet
  facet normal 0 0 1
    outer loop
      vertex 50.7312 -35.4083 18
      vertex 50.7312 -36.5917 18
      vertex 50.7876 -36.7 18
    endloop
  endfacet
  facet normal -0 0 1
    outer loop
      vertex 50.6844 -35.5212 18
      vertex 50.7312 -36.5917 18
      vertex 50.7312 -35.4083 18
    endloop
  endfacet
  facet normal 0 0 1
    outer loop
      vertex 50.6844 -35.5212 18
      vertex 50.6844 -36.4788 18
      vertex 50.7312 -36.5917 18
    endloop
  endfacet
  facet normal -0 0 1
    outer loop
      vertex 50.6477 -35.6377 18
      vertex 50.6844 -36.4788 18
      vertex 50.6844 -35.5212 18
    endloop
  endfacet
  facet normal 0 0 1
    outer loop
      vertex 50.6477 -35.6377 18
      vertex 50.6477 -36.3623 18
      vertex 50.6844 -36.4788 18
    endloop
  endfacet
  facet normal -0 0 1
    outer loop
      vertex 50.6213 -35.7569 18
      vertex 50.6477 -36.3623 18
      vertex 50.6477 -35.6377 18
    endloop
  endfacet
  facet normal 0 0 1
    outer loop
      vertex 50.6213 -35.7569 18
      vertex 50.6213 -36.2431 18
      vertex 50.6477 -36.3623 18
    endloop
  endfacet
  facet normal -0 0 1
    outer loop
      vertex 50.6053 -35.878 18
      vertex 50.6213 -36.2431 18
      vertex 50.6213 -35.7569 18
    endloop
  endfacet
  facet normal 0 0 1
    outer loop
      vertex 50.6053 -35.878 18
      vertex 50.6053 -36.122 18
      vertex 50.6213 -36.2431 18
    endloop
  endfacet
  facet normal 0 -0 1
    outer loop
      vertex 50.6053 -36.122 18
      vertex 50.6053 -35.878 18
      vertex 50.6 -36 18
    endloop
  endfacet
  facet normal 0.976315 0.216354 0
    outer loop
      vertex -48.0608 -35.3054 30
      vertex -48.1363 -34.9647 18
      vertex -48.1363 -34.9647 30
    endloop
  endfacet
  facet normal 0.976315 0.216354 0
    outer loop
      vertex -48.1363 -34.9647 18
      vertex -48.0608 -35.3054 30
      vertex -48.0608 -35.3054 18
    endloop
  endfacet
  facet normal 0.991427 0.130662 0
    outer loop
      vertex -48.0152 -35.6514 30
      vertex -48.0608 -35.3054 18
      vertex -48.0608 -35.3054 30
    endloop
  endfacet
  facet normal 0.991427 0.130662 0
    outer loop
      vertex -48.0608 -35.3054 18
      vertex -48.0152 -35.6514 30
      vertex -48.0152 -35.6514 18
    endloop
  endfacet
  facet normal 0.953743 0.300624 0
    outer loop
      vertex -48.1363 -34.9647 30
      vertex -48.2412 -34.6319 18
      vertex -48.2412 -34.6319 30
    endloop
  endfacet
  facet normal 0.953743 0.300624 0
    outer loop
      vertex -48.2412 -34.6319 18
      vertex -48.1363 -34.9647 30
      vertex -48.1363 -34.9647 18
    endloop
  endfacet
  facet normal 0.793454 0.60863 0
    outer loop
      vertex -48.7234 -33.7057 30
      vertex -48.9358 -33.4288 18
      vertex -48.9358 -33.4288 30
    endloop
  endfacet
  facet normal 0.793454 0.60863 0
    outer loop
      vertex -48.9358 -33.4288 18
      vertex -48.7234 -33.7057 30
      vertex -48.7234 -33.7057 18
    endloop
  endfacet
  facet normal 0.737107 0.675777 0
    outer loop
      vertex -48.9358 -33.4288 30
      vertex -49.1716 -33.1716 18
      vertex -49.1716 -33.1716 30
    endloop
  endfacet
  facet normal 0.737107 0.675777 0
    outer loop
      vertex -49.1716 -33.1716 18
      vertex -48.9358 -33.4288 30
      vertex -48.9358 -33.4288 18
    endloop
  endfacet
  facet normal 0.843378 0.53732 0
    outer loop
      vertex -48.5359 -34 30
      vertex -48.7234 -33.7057 18
      vertex -48.7234 -33.7057 30
    endloop
  endfacet
  facet normal 0.843378 0.53732 0
    outer loop
      vertex -48.7234 -33.7057 18
      vertex -48.5359 -34 30
      vertex -48.5359 -34 18
    endloop
  endfacet
  facet normal 0.216354 0.976315 -0
    outer loop
      vertex -50.9647 -32.1363 18
      vertex -51.3054 -32.0608 30
      vertex -50.9647 -32.1363 30
    endloop
  endfacet
  facet normal 0.216354 0.976315 0
    outer loop
      vertex -51.3054 -32.0608 30
      vertex -50.9647 -32.1363 18
      vertex -51.3054 -32.0608 18
    endloop
  endfacet
  facet normal 0.300624 0.953743 -0
    outer loop
      vertex -50.6319 -32.2412 18
      vertex -50.9647 -32.1363 30
      vertex -50.6319 -32.2412 30
    endloop
  endfacet
  facet normal 0.300624 0.953743 0
    outer loop
      vertex -50.9647 -32.1363 30
      vertex -50.6319 -32.2412 18
      vertex -50.9647 -32.1363 18
    endloop
  endfacet
  facet normal 0.130662 0.991427 -0
    outer loop
      vertex -51.3054 -32.0608 18
      vertex -51.6514 -32.0152 30
      vertex -51.3054 -32.0608 30
    endloop
  endfacet
  facet normal 0.130662 0.991427 0
    outer loop
      vertex -51.6514 -32.0152 30
      vertex -51.3054 -32.0608 18
      vertex -51.6514 -32.0152 18
    endloop
  endfacet
  facet normal 0.461714 0.887029 -0
    outer loop
      vertex -50 -32.5359 18
      vertex -50.3095 -32.3748 30
      vertex -50 -32.5359 30
    endloop
  endfacet
  facet normal 0.461714 0.887029 0
    outer loop
      vertex -50.3095 -32.3748 30
      vertex -50 -32.5359 18
      vertex -50.3095 -32.3748 18
    endloop
  endfacet
  facet normal 0.60863 0.793454 -0
    outer loop
      vertex -49.4288 -32.9358 18
      vertex -49.7057 -32.7234 30
      vertex -49.4288 -32.9358 30
    endloop
  endfacet
  facet normal 0.60863 0.793454 0
    outer loop
      vertex -49.7057 -32.7234 30
      vertex -49.4288 -32.9358 18
      vertex -49.7057 -32.7234 18
    endloop
  endfacet
  facet normal -0.976315 0.216354 0
    outer loop
      vertex -55.9392 -35.3054 18
      vertex -55.8637 -34.9647 30
      vertex -55.8637 -34.9647 18
    endloop
  endfacet
  facet normal -0.976315 0.216354 0
    outer loop
      vertex -55.8637 -34.9647 30
      vertex -55.9392 -35.3054 18
      vertex -55.9392 -35.3054 30
    endloop
  endfacet
  facet normal -0.843378 0.53732 0
    outer loop
      vertex -55.4641 -34 18
      vertex -55.2766 -33.7057 30
      vertex -55.2766 -33.7057 18
    endloop
  endfacet
  facet normal -0.843378 0.53732 0
    outer loop
      vertex -55.2766 -33.7057 30
      vertex -55.4641 -34 18
      vertex -55.4641 -34 30
    endloop
  endfacet
  facet normal -0.793454 0.60863 0
    outer loop
      vertex -55.2766 -33.7057 18
      vertex -55.0642 -33.4288 30
      vertex -55.0642 -33.4288 18
    endloop
  endfacet
  facet normal -0.793454 0.60863 0
    outer loop
      vertex -55.0642 -33.4288 30
      vertex -55.2766 -33.7057 18
      vertex -55.2766 -33.7057 30
    endloop
  endfacet
  facet normal -0.887029 0.461714 0
    outer loop
      vertex -55.6252 -34.3095 18
      vertex -55.4641 -34 30
      vertex -55.4641 -34 18
    endloop
  endfacet
  facet normal -0.887029 0.461714 0
    outer loop
      vertex -55.4641 -34 30
      vertex -55.6252 -34.3095 18
      vertex -55.6252 -34.3095 30
    endloop
  endfacet
  facet normal -0.953743 0.300624 0
    outer loop
      vertex -55.8637 -34.9647 18
      vertex -55.7588 -34.6319 30
      vertex -55.7588 -34.6319 18
    endloop
  endfacet
  facet normal -0.953743 0.300624 0
    outer loop
      vertex -55.7588 -34.6319 30
      vertex -55.8637 -34.9647 18
      vertex -55.8637 -34.9647 30
    endloop
  endfacet
  facet normal -0.991427 0.130662 0
    outer loop
      vertex -55.9848 -35.6514 18
      vertex -55.9392 -35.3054 30
      vertex -55.9392 -35.3054 18
    endloop
  endfacet
  facet normal -0.991427 0.130662 0
    outer loop
      vertex -55.9392 -35.3054 30
      vertex -55.9848 -35.6514 18
      vertex -55.9848 -35.6514 30
    endloop
  endfacet
  facet normal 0 0 1
    outer loop
      vertex -50.6 -36 30
      vertex -48 -36 30
      vertex -48.0152 -35.6514 30
    endloop
  endfacet
  facet normal 0 0 1
    outer loop
      vertex -50.6053 -35.878 30
      vertex -48.0152 -35.6514 30
      vertex -48.0608 -35.3054 30
    endloop
  endfacet
  facet normal 0 0 1
    outer loop
      vertex -48 -36 30
      vertex -50.6 -36 30
      vertex -48.0152 -36.3486 30
    endloop
  endfacet
  facet normal 0 0 1
    outer loop
      vertex -50.6213 -35.7569 30
      vertex -48.0608 -35.3054 30
      vertex -48.1363 -34.9647 30
    endloop
  endfacet
  facet normal -0 0 1
    outer loop
      vertex -50.6053 -36.122 30
      vertex -48.0152 -36.3486 30
      vertex -50.6 -36 30
    endloop
  endfacet
  facet normal 0 0 1
    outer loop
      vertex -50.6477 -35.6377 30
      vertex -48.1363 -34.9647 30
      vertex -48.2412 -34.6319 30
    endloop
  endfacet
  facet normal 0 0 1
    outer loop
      vertex -48.0152 -36.3486 30
      vertex -50.6053 -36.122 30
      vertex -48.0608 -36.6946 30
    endloop
  endfacet
  facet normal 0 0 1
    outer loop
      vertex -50.6844 -35.5212 30
      vertex -48.2412 -34.6319 30
      vertex -48.3748 -34.3095 30
    endloop
  endfacet
  facet normal -0 0 1
    outer loop
      vertex -50.6213 -36.2431 30
      vertex -48.0608 -36.6946 30
      vertex -50.6053 -36.122 30
    endloop
  endfacet
  facet normal 0 0 1
    outer loop
      vertex -50.7312 -35.4083 30
      vertex -48.3748 -34.3095 30
      vertex -48.5359 -34 30
    endloop
  endfacet
  facet normal 0 0 1
    outer loop
      vertex -48.0608 -36.6946 30
      vertex -50.6213 -36.2431 30
      vertex -48.1363 -37.0353 30
    endloop
  endfacet
  facet normal 0 0 1
    outer loop
      vertex -50.7876 -35.3 30
      vertex -48.5359 -34 30
      vertex -48.7234 -33.7057 30
    endloop
  endfacet
  facet normal -0 0 1
    outer loop
      vertex -50.6477 -36.3623 30
      vertex -48.1363 -37.0353 30
      vertex -50.6213 -36.2431 30
    endloop
  endfacet
  facet normal 0 0 1
    outer loop
      vertex -50.8532 -35.197 30
      vertex -48.7234 -33.7057 30
      vertex -48.9358 -33.4288 30
    endloop
  endfacet
  facet normal 0 0 1
    outer loop
      vertex -48.1363 -37.0353 30
      vertex -50.6477 -36.3623 30
      vertex -48.2412 -37.3681 30
    endloop
  endfacet
  facet normal 0 0 1
    outer loop
      vertex -50.9275 -35.1001 30
      vertex -48.9358 -33.4288 30
      vertex -49.1716 -33.1716 30
    endloop
  endfacet
  facet normal -0 0 1
    outer loop
      vertex -50.6844 -36.4788 30
      vertex -48.2412 -37.3681 30
      vertex -50.6477 -36.3623 30
    endloop
  endfacet
  facet normal 0 0 1
    outer loop
      vertex -51.01 -35.01 30
      vertex -49.1716 -33.1716 30
      vertex -49.4288 -32.9358 30
    endloop
  endfacet
  facet normal 0 0 1
    outer loop
      vertex -48.2412 -37.3681 30
      vertex -50.6844 -36.4788 30
      vertex -48.3748 -37.6905 30
    endloop
  endfacet
  facet normal 0 0 1
    outer loop
      vertex -51.1001 -34.9275 30
      vertex -49.4288 -32.9358 30
      vertex -49.7057 -32.7234 30
    endloop
  endfacet
  facet normal -0 0 1
    outer loop
      vertex -50.7312 -36.5917 30
      vertex -48.3748 -37.6905 30
      vertex -50.6844 -36.4788 30
    endloop
  endfacet
  facet normal 0 0 1
    outer loop
      vertex -51.197 -34.8532 30
      vertex -49.7057 -32.7234 30
      vertex -50 -32.5359 30
    endloop
  endfacet
  facet normal 0 0 1
    outer loop
      vertex -48.3748 -37.6905 30
      vertex -50.7312 -36.5917 30
      vertex -48.5359 -38 30
    endloop
  endfacet
  facet normal 0 0 1
    outer loop
      vertex -51.3 -34.7876 30
      vertex -50 -32.5359 30
      vertex -50.3095 -32.3748 30
    endloop
  endfacet
  facet normal -0 0 1
    outer loop
      vertex -50.7876 -36.7 30
      vertex -48.5359 -38 30
      vertex -50.7312 -36.5917 30
    endloop
  endfacet
  facet normal 0 0 1
    outer loop
      vertex -48.5359 -38 30
      vertex -50.7876 -36.7 30
      vertex -48.7234 -38.2943 30
    endloop
  endfacet
  facet normal 0 0 1
    outer loop
      vertex -48.0152 -35.6514 30
      vertex -50.6053 -35.878 30
      vertex -50.6 -36 30
    endloop
  endfacet
  facet normal 0 0 1
    outer loop
      vertex -48.0608 -35.3054 30
      vertex -50.6213 -35.7569 30
      vertex -50.6053 -35.878 30
    endloop
  endfacet
  facet normal 0 0 1
    outer loop
      vertex -51.4083 -34.7312 30
      vertex -50.3095 -32.3748 30
      vertex -50.6319 -32.2412 30
    endloop
  endfacet
  facet normal 0 0 1
    outer loop
      vertex -48.1363 -34.9647 30
      vertex -50.6477 -35.6377 30
      vertex -50.6213 -35.7569 30
    endloop
  endfacet
  facet normal 0 0 1
    outer loop
      vertex -48.2412 -34.6319 30
      vertex -50.6844 -35.5212 30
      vertex -50.6477 -35.6377 30
    endloop
  endfacet
  facet normal 0 0 1
    outer loop
      vertex -48.3748 -34.3095 30
      vertex -50.7312 -35.4083 30
      vertex -50.6844 -35.5212 30
    endloop
  endfacet
  facet normal 0 0 1
    outer loop
      vertex -48.5359 -34 30
      vertex -50.7876 -35.3 30
      vertex -50.7312 -35.4083 30
    endloop
  endfacet
  facet normal 0 0 1
    outer loop
      vertex -48.7234 -33.7057 30
      vertex -50.8532 -35.197 30
      vertex -50.7876 -35.3 30
    endloop
  endfacet
  facet normal 0 0 1
    outer loop
      vertex -48.9358 -33.4288 30
      vertex -50.9275 -35.1001 30
      vertex -50.8532 -35.197 30
    endloop
  endfacet
  facet normal 0 0 1
    outer loop
      vertex -51.5212 -34.6844 30
      vertex -50.6319 -32.2412 30
      vertex -50.9647 -32.1363 30
    endloop
  endfacet
  facet normal 0 0 1
    outer loop
      vertex -49.1716 -33.1716 30
      vertex -51.01 -35.01 30
      vertex -50.9275 -35.1001 30
    endloop
  endfacet
  facet normal 0 0 1
    outer loop
      vertex -49.4288 -32.9358 30
      vertex -51.1001 -34.9275 30
      vertex -51.01 -35.01 30
    endloop
  endfacet
  facet normal 0 0 1
    outer loop
      vertex -49.7057 -32.7234 30
      vertex -51.197 -34.8532 30
      vertex -51.1001 -34.9275 30
    endloop
  endfacet
  facet normal 0 0 1
    outer loop
      vertex -50 -32.5359 30
      vertex -51.3 -34.7876 30
      vertex -51.197 -34.8532 30
    endloop
  endfacet
  facet normal 0 0 1
    outer loop
      vertex -51.6377 -34.6477 30
      vertex -50.9647 -32.1363 30
      vertex -51.3054 -32.0608 30
    endloop
  endfacet
  facet normal 0 0 1
    outer loop
      vertex -50.3095 -32.3748 30
      vertex -51.4083 -34.7312 30
      vertex -51.3 -34.7876 30
    endloop
  endfacet
  facet normal 0 0 1
    outer loop
      vertex -50.6319 -32.2412 30
      vertex -51.5212 -34.6844 30
      vertex -51.4083 -34.7312 30
    endloop
  endfacet
  facet normal 0 0 1
    outer loop
      vertex -50.9647 -32.1363 30
      vertex -51.6377 -34.6477 30
      vertex -51.5212 -34.6844 30
    endloop
  endfacet
  facet normal 0 0 1
    outer loop
      vertex -51.7569 -34.6213 30
      vertex -51.3054 -32.0608 30
      vertex -51.6514 -32.0152 30
    endloop
  endfacet
  facet normal 0 0 1
    outer loop
      vertex -51.3054 -32.0608 30
      vertex -51.7569 -34.6213 30
      vertex -51.6377 -34.6477 30
    endloop
  endfacet
  facet normal 0 0 1
    outer loop
      vertex -51.6514 -32.0152 30
      vertex -51.878 -34.6053 30
      vertex -51.7569 -34.6213 30
    endloop
  endfacet
  facet normal 0 0 1
    outer loop
      vertex -52 -32 30
      vertex -51.878 -34.6053 30
      vertex -51.6514 -32.0152 30
    endloop
  endfacet
  facet normal 0 0 1
    outer loop
      vertex -52 -32 30
      vertex -52 -34.6 30
      vertex -51.878 -34.6053 30
    endloop
  endfacet
  facet normal 0 0 1
    outer loop
      vertex -52 -32 30
      vertex -52.122 -34.6053 30
      vertex -52 -34.6 30
    endloop
  endfacet
  facet normal -0 0 1
    outer loop
      vertex -52.3486 -32.0152 30
      vertex -52.122 -34.6053 30
      vertex -52 -32 30
    endloop
  endfacet
  facet normal 0 0 1
    outer loop
      vertex -52.122 -34.6053 30
      vertex -52.3486 -32.0152 30
      vertex -52.2431 -34.6213 30
    endloop
  endfacet
  facet normal -0 0 1
    outer loop
      vertex -52.6946 -32.0608 30
      vertex -52.2431 -34.6213 30
      vertex -52.3486 -32.0152 30
    endloop
  endfacet
  facet normal 0 0 1
    outer loop
      vertex -52.2431 -34.6213 30
      vertex -52.6946 -32.0608 30
      vertex -52.3623 -34.6477 30
    endloop
  endfacet
  facet normal -0 0 1
    outer loop
      vertex -53.0353 -32.1363 30
      vertex -52.3623 -34.6477 30
      vertex -52.6946 -32.0608 30
    endloop
  endfacet
  facet normal 0 0 1
    outer loop
      vertex -52.3623 -34.6477 30
      vertex -53.0353 -32.1363 30
      vertex -52.4788 -34.6844 30
    endloop
  endfacet
  facet normal -0 0 1
    outer loop
      vertex -53.3681 -32.2412 30
      vertex -52.4788 -34.6844 30
      vertex -53.0353 -32.1363 30
    endloop
  endfacet
  facet normal 0 0 1
    outer loop
      vertex -52.4788 -34.6844 30
      vertex -53.3681 -32.2412 30
      vertex -52.5917 -34.7312 30
    endloop
  endfacet
  facet normal -0 0 1
    outer loop
      vertex -53.6905 -32.3748 30
      vertex -52.5917 -34.7312 30
      vertex -53.3681 -32.2412 30
    endloop
  endfacet
  facet normal 0 0 1
    outer loop
      vertex -52.5917 -34.7312 30
      vertex -53.6905 -32.3748 30
      vertex -52.7 -34.7876 30
    endloop
  endfacet
  facet normal -0 0 1
    outer loop
      vertex -54 -32.5359 30
      vertex -52.7 -34.7876 30
      vertex -53.6905 -32.3748 30
    endloop
  endfacet
  facet normal 0 0 1
    outer loop
      vertex -52.7 -34.7876 30
      vertex -54 -32.5359 30
      vertex -52.803 -34.8532 30
    endloop
  endfacet
  facet normal -0 0 1
    outer loop
      vertex -54.2943 -32.7234 30
      vertex -52.803 -34.8532 30
      vertex -54 -32.5359 30
    endloop
  endfacet
  facet normal 0 0 1
    outer loop
      vertex -52.803 -34.8532 30
      vertex -54.2943 -32.7234 30
      vertex -52.8999 -34.9275 30
    endloop
  endfacet
  facet normal -0 0 1
    outer loop
      vertex -54.5712 -32.9358 30
      vertex -52.8999 -34.9275 30
      vertex -54.2943 -32.7234 30
    endloop
  endfacet
  facet normal 0 0 1
    outer loop
      vertex -52.8999 -34.9275 30
      vertex -54.5712 -32.9358 30
      vertex -52.9899 -35.01 30
    endloop
  endfacet
  facet normal -0 0 1
    outer loop
      vertex -54.8284 -33.1716 30
      vertex -52.9899 -35.01 30
      vertex -54.5712 -32.9358 30
    endloop
  endfacet
  facet normal 0 0 1
    outer loop
      vertex -52.9899 -35.01 30
      vertex -54.8284 -33.1716 30
      vertex -53.0725 -35.1001 30
    endloop
  endfacet
  facet normal -0 0 1
    outer loop
      vertex -55.0642 -33.4288 30
      vertex -53.0725 -35.1001 30
      vertex -54.8284 -33.1716 30
    endloop
  endfacet
  facet normal 0 0 1
    outer loop
      vertex -53.0725 -35.1001 30
      vertex -55.0642 -33.4288 30
      vertex -53.1468 -35.197 30
    endloop
  endfacet
  facet normal -0 0 1
    outer loop
      vertex -55.2766 -33.7057 30
      vertex -53.1468 -35.197 30
      vertex -55.0642 -33.4288 30
    endloop
  endfacet
  facet normal 0 0 1
    outer loop
      vertex -53.1468 -35.197 30
      vertex -55.2766 -33.7057 30
      vertex -53.2124 -35.3 30
    endloop
  endfacet
  facet normal -0 0 1
    outer loop
      vertex -50.8532 -36.803 30
      vertex -48.7234 -38.2943 30
      vertex -50.7876 -36.7 30
    endloop
  endfacet
  facet normal 0 0 1
    outer loop
      vertex -48.7234 -38.2943 30
      vertex -50.8532 -36.803 30
      vertex -48.9358 -38.5712 30
    endloop
  endfacet
  facet normal -0 0 1
    outer loop
      vertex -50.9275 -36.8999 30
      vertex -48.9358 -38.5712 30
      vertex -50.8532 -36.803 30
    endloop
  endfacet
  facet normal 0 0 1
    outer loop
      vertex -48.9358 -38.5712 30
      vertex -50.9275 -36.8999 30
      vertex -49.1716 -38.8284 30
    endloop
  endfacet
  facet normal -0 0 1
    outer loop
      vertex -51.01 -36.9899 30
      vertex -49.1716 -38.8284 30
      vertex -50.9275 -36.8999 30
    endloop
  endfacet
  facet normal 0 0 1
    outer loop
      vertex -49.1716 -38.8284 30
      vertex -51.01 -36.9899 30
      vertex -49.4288 -39.0642 30
    endloop
  endfacet
  facet normal -0 0 1
    outer loop
      vertex -51.1001 -37.0725 30
      vertex -49.4288 -39.0642 30
      vertex -51.01 -36.9899 30
    endloop
  endfacet
  facet normal 0 0 1
    outer loop
      vertex -49.4288 -39.0642 30
      vertex -51.1001 -37.0725 30
      vertex -49.7057 -39.2766 30
    endloop
  endfacet
  facet normal -0 0 1
    outer loop
      vertex -51.197 -37.1468 30
      vertex -49.7057 -39.2766 30
      vertex -51.1001 -37.0725 30
    endloop
  endfacet
  facet normal 0 0 1
    outer loop
      vertex -49.7057 -39.2766 30
      vertex -51.197 -37.1468 30
      vertex -50 -39.4641 30
    endloop
  endfacet
  facet normal -0 0 1
    outer loop
      vertex -51.3 -37.2124 30
      vertex -50 -39.4641 30
      vertex -51.197 -37.1468 30
    endloop
  endfacet
  facet normal 0 0 1
    outer loop
      vertex -50 -39.4641 30
      vertex -51.3 -37.2124 30
      vertex -50.3095 -39.6252 30
    endloop
  endfacet
  facet normal -0 0 1
    outer loop
      vertex -51.4083 -37.2688 30
      vertex -50.3095 -39.6252 30
      vertex -51.3 -37.2124 30
    endloop
  endfacet
  facet normal 0 0 1
    outer loop
      vertex -50.3095 -39.6252 30
      vertex -51.4083 -37.2688 30
      vertex -50.6319 -39.7588 30
    endloop
  endfacet
  facet normal -0 0 1
    outer loop
      vertex -51.5212 -37.3156 30
      vertex -50.6319 -39.7588 30
      vertex -51.4083 -37.2688 30
    endloop
  endfacet
  facet normal 0 0 1
    outer loop
      vertex -50.6319 -39.7588 30
      vertex -51.5212 -37.3156 30
      vertex -50.9647 -39.8637 30
    endloop
  endfacet
  facet normal -0 0 1
    outer loop
      vertex -51.6377 -37.3523 30
      vertex -50.9647 -39.8637 30
      vertex -51.5212 -37.3156 30
    endloop
  endfacet
  facet normal 0 0 1
    outer loop
      vertex -50.9647 -39.8637 30
      vertex -51.6377 -37.3523 30
      vertex -51.3054 -39.9392 30
    endloop
  endfacet
  facet normal -0 0 1
    outer loop
      vertex -51.7569 -37.3787 30
      vertex -51.3054 -39.9392 30
      vertex -51.6377 -37.3523 30
    endloop
  endfacet
  facet normal 0 0 1
    outer loop
      vertex -51.3054 -39.9392 30
      vertex -51.7569 -37.3787 30
      vertex -51.6514 -39.9848 30
    endloop
  endfacet
  facet normal -0 0 1
    outer loop
      vertex -51.878 -37.3947 30
      vertex -51.6514 -39.9848 30
      vertex -51.7569 -37.3787 30
    endloop
  endfacet
  facet normal -0 0 1
    outer loop
      vertex -52 -37.4 30
      vertex -51.6514 -39.9848 30
      vertex -51.878 -37.3947 30
    endloop
  endfacet
  facet normal 0 0 1
    outer loop
      vertex -52 -37.4 30
      vertex -52 -40 30
      vertex -51.6514 -39.9848 30
    endloop
  endfacet
  facet normal 0 0 1
    outer loop
      vertex -52.122 -37.3947 30
      vertex -52 -40 30
      vertex -52 -37.4 30
    endloop
  endfacet
  facet normal 0 0 1
    outer loop
      vertex -52.3486 -39.9848 30
      vertex -52.122 -37.3947 30
      vertex -52.2431 -37.3787 30
    endloop
  endfacet
  facet normal 0 0 1
    outer loop
      vertex -52.122 -37.3947 30
      vertex -52.3486 -39.9848 30
      vertex -52 -40 30
    endloop
  endfacet
  facet normal 0 0 1
    outer loop
      vertex -52.6946 -39.9392 30
      vertex -52.2431 -37.3787 30
      vertex -52.3623 -37.3523 30
    endloop
  endfacet
  facet normal 0 0 1
    outer loop
      vertex -53.0353 -39.8637 30
      vertex -52.3623 -37.3523 30
      vertex -52.4788 -37.3156 30
    endloop
  endfacet
  facet normal 0 0 1
    outer loop
      vertex -53.3681 -39.7588 30
      vertex -52.4788 -37.3156 30
      vertex -52.5917 -37.2688 30
    endloop
  endfacet
  facet normal 0 0 1
    outer loop
      vertex -52.2431 -37.3787 30
      vertex -52.6946 -39.9392 30
      vertex -52.3486 -39.9848 30
    endloop
  endfacet
  facet normal 0 0 1
    outer loop
      vertex -53.6905 -39.6252 30
      vertex -52.5917 -37.2688 30
      vertex -52.7 -37.2124 30
    endloop
  endfacet
  facet normal 0 0 1
    outer loop
      vertex -54 -39.4641 30
      vertex -52.7 -37.2124 30
      vertex -52.803 -37.1468 30
    endloop
  endfacet
  facet normal 0 0 1
    outer loop
      vertex -54.2943 -39.2766 30
      vertex -52.803 -37.1468 30
      vertex -52.8999 -37.0725 30
    endloop
  endfacet
  facet normal 0 0 1
    outer loop
      vertex -54.5712 -39.0642 30
      vertex -52.8999 -37.0725 30
      vertex -52.9899 -36.9899 30
    endloop
  endfacet
  facet normal 0 0 1
    outer loop
      vertex -52.3623 -37.3523 30
      vertex -53.0353 -39.8637 30
      vertex -52.6946 -39.9392 30
    endloop
  endfacet
  facet normal 0 0 1
    outer loop
      vertex -54.8284 -38.8284 30
      vertex -52.9899 -36.9899 30
      vertex -53.0725 -36.8999 30
    endloop
  endfacet
  facet normal 0 0 1
    outer loop
      vertex -55.0642 -38.5712 30
      vertex -53.0725 -36.8999 30
      vertex -53.1468 -36.803 30
    endloop
  endfacet
  facet normal 0 0 1
    outer loop
      vertex -55.2766 -38.2943 30
      vertex -53.1468 -36.803 30
      vertex -53.2124 -36.7 30
    endloop
  endfacet
  facet normal 0 0 1
    outer loop
      vertex -55.4641 -38 30
      vertex -53.2124 -36.7 30
      vertex -53.2688 -36.5917 30
    endloop
  endfacet
  facet normal 0 0 1
    outer loop
      vertex -55.6252 -37.6905 30
      vertex -53.2688 -36.5917 30
      vertex -53.3156 -36.4788 30
    endloop
  endfacet
  facet normal 0 0 1
    outer loop
      vertex -55.7588 -37.3681 30
      vertex -53.3156 -36.4788 30
      vertex -53.3523 -36.3623 30
    endloop
  endfacet
  facet normal 0 0 1
    outer loop
      vertex -52.4788 -37.3156 30
      vertex -53.3681 -39.7588 30
      vertex -53.0353 -39.8637 30
    endloop
  endfacet
  facet normal 0 0 1
    outer loop
      vertex -55.8637 -37.0353 30
      vertex -53.3523 -36.3623 30
      vertex -53.3787 -36.2431 30
    endloop
  endfacet
  facet normal 0 0 1
    outer loop
      vertex -55.9392 -36.6946 30
      vertex -53.3787 -36.2431 30
      vertex -53.3947 -36.122 30
    endloop
  endfacet
  facet normal 0 0 1
    outer loop
      vertex -55.9848 -36.3486 30
      vertex -53.3947 -36.122 30
      vertex -53.4 -36 30
    endloop
  endfacet
  facet normal -0 0 1
    outer loop
      vertex -55.4641 -34 30
      vertex -53.2124 -35.3 30
      vertex -55.2766 -33.7057 30
    endloop
  endfacet
  facet normal 0 0 1
    outer loop
      vertex -52.5917 -37.2688 30
      vertex -53.6905 -39.6252 30
      vertex -53.3681 -39.7588 30
    endloop
  endfacet
  facet normal 0 0 1
    outer loop
      vertex -53.2124 -35.3 30
      vertex -55.4641 -34 30
      vertex -53.2688 -35.4083 30
    endloop
  endfacet
  facet normal 0 0 1
    outer loop
      vertex -52.7 -37.2124 30
      vertex -54 -39.4641 30
      vertex -53.6905 -39.6252 30
    endloop
  endfacet
  facet normal -0 0 1
    outer loop
      vertex -55.6252 -34.3095 30
      vertex -53.2688 -35.4083 30
      vertex -55.4641 -34 30
    endloop
  endfacet
  facet normal 0 0 1
    outer loop
      vertex -52.803 -37.1468 30
      vertex -54.2943 -39.2766 30
      vertex -54 -39.4641 30
    endloop
  endfacet
  facet normal 0 0 1
    outer loop
      vertex -53.2688 -35.4083 30
      vertex -55.6252 -34.3095 30
      vertex -53.3156 -35.5212 30
    endloop
  endfacet
  facet normal 0 0 1
    outer loop
      vertex -52.8999 -37.0725 30
      vertex -54.5712 -39.0642 30
      vertex -54.2943 -39.2766 30
    endloop
  endfacet
  facet normal -0 0 1
    outer loop
      vertex -55.7588 -34.6319 30
      vertex -53.3156 -35.5212 30
      vertex -55.6252 -34.3095 30
    endloop
  endfacet
  facet normal 0 0 1
    outer loop
      vertex -52.9899 -36.9899 30
      vertex -54.8284 -38.8284 30
      vertex -54.5712 -39.0642 30
    endloop
  endfacet
  facet normal 0 0 1
    outer loop
      vertex -53.3156 -35.5212 30
      vertex -55.7588 -34.6319 30
      vertex -53.3523 -35.6377 30
    endloop
  endfacet
  facet normal 0 0 1
    outer loop
      vertex -53.0725 -36.8999 30
      vertex -55.0642 -38.5712 30
      vertex -54.8284 -38.8284 30
    endloop
  endfacet
  facet normal -0 0 1
    outer loop
      vertex -55.8637 -34.9647 30
      vertex -53.3523 -35.6377 30
      vertex -55.7588 -34.6319 30
    endloop
  endfacet
  facet normal 0 0 1
    outer loop
      vertex -53.1468 -36.803 30
      vertex -55.2766 -38.2943 30
      vertex -55.0642 -38.5712 30
    endloop
  endfacet
  facet normal 0 0 1
    outer loop
      vertex -53.3523 -35.6377 30
      vertex -55.8637 -34.9647 30
      vertex -53.3787 -35.7569 30
    endloop
  endfacet
  facet normal 0 0 1
    outer loop
      vertex -53.2124 -36.7 30
      vertex -55.4641 -38 30
      vertex -55.2766 -38.2943 30
    endloop
  endfacet
  facet normal -0 0 1
    outer loop
      vertex -55.9392 -35.3054 30
      vertex -53.3787 -35.7569 30
      vertex -55.8637 -34.9647 30
    endloop
  endfacet
  facet normal 0 0 1
    outer loop
      vertex -53.2688 -36.5917 30
      vertex -55.6252 -37.6905 30
      vertex -55.4641 -38 30
    endloop
  endfacet
  facet normal 0 0 1
    outer loop
      vertex -53.3787 -35.7569 30
      vertex -55.9392 -35.3054 30
      vertex -53.3947 -35.878 30
    endloop
  endfacet
  facet normal 0 0 1
    outer loop
      vertex -53.3156 -36.4788 30
      vertex -55.7588 -37.3681 30
      vertex -55.6252 -37.6905 30
    endloop
  endfacet
  facet normal -0 0 1
    outer loop
      vertex -55.9848 -35.6514 30
      vertex -53.3947 -35.878 30
      vertex -55.9392 -35.3054 30
    endloop
  endfacet
  facet normal 0 0 1
    outer loop
      vertex -53.3523 -36.3623 30
      vertex -55.8637 -37.0353 30
      vertex -55.7588 -37.3681 30
    endloop
  endfacet
  facet normal 0 0 1
    outer loop
      vertex -53.3947 -35.878 30
      vertex -55.9848 -35.6514 30
      vertex -53.4 -36 30
    endloop
  endfacet
  facet normal 0 0 1
    outer loop
      vertex -53.3787 -36.2431 30
      vertex -55.9392 -36.6946 30
      vertex -55.8637 -37.0353 30
    endloop
  endfacet
  facet normal 0 0 1
    outer loop
      vertex -56 -36 30
      vertex -53.4 -36 30
      vertex -55.9848 -35.6514 30
    endloop
  endfacet
  facet normal 0 0 1
    outer loop
      vertex -53.3947 -36.122 30
      vertex -55.9848 -36.3486 30
      vertex -55.9392 -36.6946 30
    endloop
  endfacet
  facet normal 0 0 1
    outer loop
      vertex -53.4 -36 30
      vertex -56 -36 30
      vertex -55.9848 -36.3486 30
    endloop
  endfacet
  facet normal -0.60863 0.793454 0
    outer loop
      vertex -54.2943 -32.7234 18
      vertex -54.5712 -32.9358 30
      vertex -54.2943 -32.7234 30
    endloop
  endfacet
  facet normal -0.60863 0.793454 0
    outer loop
      vertex -54.5712 -32.9358 30
      vertex -54.2943 -32.7234 18
      vertex -54.5712 -32.9358 18
    endloop
  endfacet
  facet normal -0.461714 0.887029 0
    outer loop
      vertex -53.6905 -32.3748 18
      vertex -54 -32.5359 30
      vertex -53.6905 -32.3748 30
    endloop
  endfacet
  facet normal -0.461714 0.887029 0
    outer loop
      vertex -54 -32.5359 30
      vertex -53.6905 -32.3748 18
      vertex -54 -32.5359 18
    endloop
  endfacet
  facet normal -0.675777 0.737107 0
    outer loop
      vertex -54.5712 -32.9358 18
      vertex -54.8284 -33.1716 30
      vertex -54.5712 -32.9358 30
    endloop
  endfacet
  facet normal -0.675777 0.737107 0
    outer loop
      vertex -54.8284 -33.1716 30
      vertex -54.5712 -32.9358 18
      vertex -54.8284 -33.1716 18
    endloop
  endfacet
  facet normal -0.300624 0.953743 0
    outer loop
      vertex -53.0353 -32.1363 18
      vertex -53.3681 -32.2412 30
      vertex -53.0353 -32.1363 30
    endloop
  endfacet
  facet normal -0.300624 0.953743 0
    outer loop
      vertex -53.3681 -32.2412 30
      vertex -53.0353 -32.1363 18
      vertex -53.3681 -32.2412 18
    endloop
  endfacet
  facet normal -0.130662 0.991427 0
    outer loop
      vertex -52.3486 -32.0152 18
      vertex -52.6946 -32.0608 30
      vertex -52.3486 -32.0152 30
    endloop
  endfacet
  facet normal -0.130662 0.991427 0
    outer loop
      vertex -52.6946 -32.0608 30
      vertex -52.3486 -32.0152 18
      vertex -52.6946 -32.0608 18
    endloop
  endfacet
  facet normal 0.0435616 -0.999051 0
    outer loop
      vertex -52 -40 18
      vertex -51.6514 -39.9848 30
      vertex -52 -40 30
    endloop
  endfacet
  facet normal 0.0435616 -0.999051 0
    outer loop
      vertex -51.6514 -39.9848 30
      vertex -52 -40 18
      vertex -51.6514 -39.9848 18
    endloop
  endfacet
  facet normal 0.675777 -0.737107 0
    outer loop
      vertex -49.4288 -39.0642 18
      vertex -49.1716 -38.8284 30
      vertex -49.4288 -39.0642 30
    endloop
  endfacet
  facet normal 0.675777 -0.737107 0
    outer loop
      vertex -49.1716 -38.8284 30
      vertex -49.4288 -39.0642 18
      vertex -49.1716 -38.8284 18
    endloop
  endfacet
  facet normal 0.793454 -0.60863 0
    outer loop
      vertex -48.9358 -38.5712 30
      vertex -48.7234 -38.2943 18
      vertex -48.7234 -38.2943 30
    endloop
  endfacet
  facet normal 0.793454 -0.60863 0
    outer loop
      vertex -48.7234 -38.2943 18
      vertex -48.9358 -38.5712 30
      vertex -48.9358 -38.5712 18
    endloop
  endfacet
  facet normal 0.887029 -0.461714 0
    outer loop
      vertex -48.5359 -38 30
      vertex -48.3748 -37.6905 18
      vertex -48.3748 -37.6905 30
    endloop
  endfacet
  facet normal 0.887029 -0.461714 0
    outer loop
      vertex -48.3748 -37.6905 18
      vertex -48.5359 -38 30
      vertex -48.5359 -38 18
    endloop
  endfacet
  facet normal 0.953743 -0.300624 0
    outer loop
      vertex -48.2412 -37.3681 30
      vertex -48.1363 -37.0353 18
      vertex -48.1363 -37.0353 30
    endloop
  endfacet
  facet normal 0.953743 -0.300624 0
    outer loop
      vertex -48.1363 -37.0353 18
      vertex -48.2412 -37.3681 30
      vertex -48.2412 -37.3681 18
    endloop
  endfacet
  facet normal 0.991427 -0.130662 0
    outer loop
      vertex -48.0608 -36.6946 30
      vertex -48.0152 -36.3486 18
      vertex -48.0152 -36.3486 30
    endloop
  endfacet
  facet normal 0.991427 -0.130662 0
    outer loop
      vertex -48.0152 -36.3486 18
      vertex -48.0608 -36.6946 30
      vertex -48.0608 -36.6946 18
    endloop
  endfacet
  facet normal -0.675777 -0.737107 0
    outer loop
      vertex -54.8284 -38.8284 18
      vertex -54.5712 -39.0642 30
      vertex -54.8284 -38.8284 30
    endloop
  endfacet
  facet normal -0.675777 -0.737107 -0
    outer loop
      vertex -54.5712 -39.0642 30
      vertex -54.8284 -38.8284 18
      vertex -54.5712 -39.0642 18
    endloop
  endfacet
  facet normal -0.53732 -0.843378 0
    outer loop
      vertex -54.2943 -39.2766 18
      vertex -54 -39.4641 30
      vertex -54.2943 -39.2766 30
    endloop
  endfacet
  facet normal -0.53732 -0.843378 -0
    outer loop
      vertex -54 -39.4641 30
      vertex -54.2943 -39.2766 18
      vertex -54 -39.4641 18
    endloop
  endfacet
  facet normal -0.382824 -0.923821 0
    outer loop
      vertex -53.6905 -39.6252 18
      vertex -53.3681 -39.7588 30
      vertex -53.6905 -39.6252 30
    endloop
  endfacet
  facet normal -0.382824 -0.923821 -0
    outer loop
      vertex -53.3681 -39.7588 30
      vertex -53.6905 -39.6252 18
      vertex -53.3681 -39.7588 18
    endloop
  endfacet
  facet normal -0.130662 -0.991427 0
    outer loop
      vertex -52.6946 -39.9392 18
      vertex -52.3486 -39.9848 30
      vertex -52.6946 -39.9392 30
    endloop
  endfacet
  facet normal -0.130662 -0.991427 -0
    outer loop
      vertex -52.3486 -39.9848 30
      vertex -52.6946 -39.9392 18
      vertex -52.3486 -39.9848 18
    endloop
  endfacet
  facet normal -0.843378 -0.53732 0
    outer loop
      vertex -55.2766 -38.2943 18
      vertex -55.4641 -38 30
      vertex -55.4641 -38 18
    endloop
  endfacet
  facet normal -0.843378 -0.53732 0
    outer loop
      vertex -55.4641 -38 30
      vertex -55.2766 -38.2943 18
      vertex -55.2766 -38.2943 30
    endloop
  endfacet
  facet normal -0.887029 -0.461714 0
    outer loop
      vertex -55.4641 -38 18
      vertex -55.6252 -37.6905 30
      vertex -55.6252 -37.6905 18
    endloop
  endfacet
  facet normal -0.887029 -0.461714 0
    outer loop
      vertex -55.6252 -37.6905 30
      vertex -55.4641 -38 18
      vertex -55.4641 -38 30
    endloop
  endfacet
  facet normal -0.793454 -0.60863 0
    outer loop
      vertex -55.0642 -38.5712 18
      vertex -55.2766 -38.2943 30
      vertex -55.2766 -38.2943 18
    endloop
  endfacet
  facet normal -0.793454 -0.60863 0
    outer loop
      vertex -55.2766 -38.2943 30
      vertex -55.0642 -38.5712 18
      vertex -55.0642 -38.5712 30
    endloop
  endfacet
  facet normal -0.923821 -0.382824 0
    outer loop
      vertex -55.6252 -37.6905 18
      vertex -55.7588 -37.3681 30
      vertex -55.7588 -37.3681 18
    endloop
  endfacet
  facet normal -0.923821 -0.382824 0
    outer loop
      vertex -55.7588 -37.3681 30
      vertex -55.6252 -37.6905 18
      vertex -55.6252 -37.6905 30
    endloop
  endfacet
  facet normal -0.999051 -0.0435616 0
    outer loop
      vertex -55.9848 -36.3486 18
      vertex -56 -36 30
      vertex -56 -36 18
    endloop
  endfacet
  facet normal -0.999051 -0.0435616 0
    outer loop
      vertex -56 -36 30
      vertex -55.9848 -36.3486 18
      vertex -55.9848 -36.3486 30
    endloop
  endfacet
  facet normal 0.887029 0.461714 0
    outer loop
      vertex -48.3748 -34.3095 30
      vertex -48.5359 -34 18
      vertex -48.5359 -34 30
    endloop
  endfacet
  facet normal 0.887029 0.461714 0
    outer loop
      vertex -48.5359 -34 18
      vertex -48.3748 -34.3095 30
      vertex -48.3748 -34.3095 18
    endloop
  endfacet
  facet normal 0.0435616 0.999051 -0
    outer loop
      vertex -51.6514 -32.0152 18
      vertex -52 -32 30
      vertex -51.6514 -32.0152 30
    endloop
  endfacet
  facet normal 0.0435616 0.999051 0
    outer loop
      vertex -52 -32 30
      vertex -51.6514 -32.0152 18
      vertex -52 -32 18
    endloop
  endfacet
  facet normal -0.53732 0.843378 0
    outer loop
      vertex -54 -32.5359 18
      vertex -54.2943 -32.7234 30
      vertex -54 -32.5359 30
    endloop
  endfacet
  facet normal -0.53732 0.843378 0
    outer loop
      vertex -54.2943 -32.7234 30
      vertex -54 -32.5359 18
      vertex -54.2943 -32.7234 18
    endloop
  endfacet
  facet normal 0.999051 -0.0435616 0
    outer loop
      vertex -48.0152 -36.3486 30
      vertex -48 -36 18
      vertex -48 -36 30
    endloop
  endfacet
  facet normal 0.999051 -0.0435616 0
    outer loop
      vertex -48 -36 18
      vertex -48.0152 -36.3486 30
      vertex -48.0152 -36.3486 18
    endloop
  endfacet
  facet normal 0.130662 -0.991427 0
    outer loop
      vertex -51.6514 -39.9848 18
      vertex -51.3054 -39.9392 30
      vertex -51.6514 -39.9848 30
    endloop
  endfacet
  facet normal 0.130662 -0.991427 0
    outer loop
      vertex -51.3054 -39.9392 30
      vertex -51.6514 -39.9848 18
      vertex -51.3054 -39.9392 18
    endloop
  endfacet
  facet normal 0.300624 -0.953743 0
    outer loop
      vertex -50.9647 -39.8637 18
      vertex -50.6319 -39.7588 30
      vertex -50.9647 -39.8637 30
    endloop
  endfacet
  facet normal 0.300624 -0.953743 0
    outer loop
      vertex -50.6319 -39.7588 30
      vertex -50.9647 -39.8637 18
      vertex -50.6319 -39.7588 18
    endloop
  endfacet
  facet normal 0.382824 -0.923821 0
    outer loop
      vertex -50.6319 -39.7588 18
      vertex -50.3095 -39.6252 30
      vertex -50.6319 -39.7588 30
    endloop
  endfacet
  facet normal 0.382824 -0.923821 0
    outer loop
      vertex -50.3095 -39.6252 30
      vertex -50.6319 -39.7588 18
      vertex -50.3095 -39.6252 18
    endloop
  endfacet
  facet normal 0.216354 -0.976315 0
    outer loop
      vertex -51.3054 -39.9392 18
      vertex -50.9647 -39.8637 30
      vertex -51.3054 -39.9392 30
    endloop
  endfacet
  facet normal 0.216354 -0.976315 0
    outer loop
      vertex -50.9647 -39.8637 30
      vertex -51.3054 -39.9392 18
      vertex -50.9647 -39.8637 18
    endloop
  endfacet
  facet normal 0.737107 -0.675777 0
    outer loop
      vertex -49.1716 -38.8284 30
      vertex -48.9358 -38.5712 18
      vertex -48.9358 -38.5712 30
    endloop
  endfacet
  facet normal 0.737107 -0.675777 0
    outer loop
      vertex -48.9358 -38.5712 18
      vertex -49.1716 -38.8284 30
      vertex -49.1716 -38.8284 18
    endloop
  endfacet
  facet normal 0.60863 -0.793454 0
    outer loop
      vertex -49.7057 -39.2766 18
      vertex -49.4288 -39.0642 30
      vertex -49.7057 -39.2766 30
    endloop
  endfacet
  facet normal 0.60863 -0.793454 0
    outer loop
      vertex -49.4288 -39.0642 30
      vertex -49.7057 -39.2766 18
      vertex -49.4288 -39.0642 18
    endloop
  endfacet
  facet normal 0.461714 -0.887029 0
    outer loop
      vertex -50.3095 -39.6252 18
      vertex -50 -39.4641 30
      vertex -50.3095 -39.6252 30
    endloop
  endfacet
  facet normal 0.461714 -0.887029 0
    outer loop
      vertex -50 -39.4641 30
      vertex -50.3095 -39.6252 18
      vertex -50 -39.4641 18
    endloop
  endfacet
  facet normal 0.843378 -0.53732 0
    outer loop
      vertex -48.7234 -38.2943 30
      vertex -48.5359 -38 18
      vertex -48.5359 -38 30
    endloop
  endfacet
  facet normal 0.843378 -0.53732 0
    outer loop
      vertex -48.5359 -38 18
      vertex -48.7234 -38.2943 30
      vertex -48.7234 -38.2943 18
    endloop
  endfacet
  facet normal 0.923821 -0.382824 0
    outer loop
      vertex -48.3748 -37.6905 30
      vertex -48.2412 -37.3681 18
      vertex -48.2412 -37.3681 30
    endloop
  endfacet
  facet normal 0.923821 -0.382824 0
    outer loop
      vertex -48.2412 -37.3681 18
      vertex -48.3748 -37.6905 30
      vertex -48.3748 -37.6905 18
    endloop
  endfacet
  facet normal 0.976315 -0.216354 0
    outer loop
      vertex -48.1363 -37.0353 30
      vertex -48.0608 -36.6946 18
      vertex -48.0608 -36.6946 30
    endloop
  endfacet
  facet normal 0.976315 -0.216354 0
    outer loop
      vertex -48.0608 -36.6946 18
      vertex -48.1363 -37.0353 30
      vertex -48.1363 -37.0353 18
    endloop
  endfacet
  facet normal -0.60863 -0.793454 0
    outer loop
      vertex -54.5712 -39.0642 18
      vertex -54.2943 -39.2766 30
      vertex -54.5712 -39.0642 30
    endloop
  endfacet
  facet normal -0.60863 -0.793454 -0
    outer loop
      vertex -54.2943 -39.2766 30
      vertex -54.5712 -39.0642 18
      vertex -54.2943 -39.2766 18
    endloop
  endfacet
  facet normal -0.461714 -0.887029 0
    outer loop
      vertex -54 -39.4641 18
      vertex -53.6905 -39.6252 30
      vertex -54 -39.4641 30
    endloop
  endfacet
  facet normal -0.461714 -0.887029 -0
    outer loop
      vertex -53.6905 -39.6252 30
      vertex -54 -39.4641 18
      vertex -53.6905 -39.6252 18
    endloop
  endfacet
  facet normal -0.300624 -0.953743 0
    outer loop
      vertex -53.3681 -39.7588 18
      vertex -53.0353 -39.8637 30
      vertex -53.3681 -39.7588 30
    endloop
  endfacet
  facet normal -0.300624 -0.953743 -0
    outer loop
      vertex -53.0353 -39.8637 30
      vertex -53.3681 -39.7588 18
      vertex -53.0353 -39.8637 18
    endloop
  endfacet
  facet normal -0.0435616 -0.999051 0
    outer loop
      vertex -52.3486 -39.9848 18
      vertex -52 -40 30
      vertex -52.3486 -39.9848 30
    endloop
  endfacet
  facet normal -0.0435616 -0.999051 -0
    outer loop
      vertex -52 -40 30
      vertex -52.3486 -39.9848 18
      vertex -52 -40 18
    endloop
  endfacet
  facet normal -0.737107 -0.675777 0
    outer loop
      vertex -54.8284 -38.8284 18
      vertex -55.0642 -38.5712 30
      vertex -55.0642 -38.5712 18
    endloop
  endfacet
  facet normal -0.737107 -0.675777 0
    outer loop
      vertex -55.0642 -38.5712 30
      vertex -54.8284 -38.8284 18
      vertex -54.8284 -38.8284 30
    endloop
  endfacet
  facet normal -0.976315 -0.216354 0
    outer loop
      vertex -55.8637 -37.0353 18
      vertex -55.9392 -36.6946 30
      vertex -55.9392 -36.6946 18
    endloop
  endfacet
  facet normal -0.976315 -0.216354 0
    outer loop
      vertex -55.9392 -36.6946 30
      vertex -55.8637 -37.0353 18
      vertex -55.8637 -37.0353 30
    endloop
  endfacet
  facet normal -0.991427 -0.130662 0
    outer loop
      vertex -55.9392 -36.6946 18
      vertex -55.9848 -36.3486 30
      vertex -55.9848 -36.3486 18
    endloop
  endfacet
  facet normal -0.991427 -0.130662 0
    outer loop
      vertex -55.9848 -36.3486 30
      vertex -55.9392 -36.6946 18
      vertex -55.9392 -36.6946 30
    endloop
  endfacet
  facet normal 0.53732 -0.843378 0
    outer loop
      vertex -50 -39.4641 18
      vertex -49.7057 -39.2766 30
      vertex -50 -39.4641 30
    endloop
  endfacet
  facet normal 0.53732 -0.843378 0
    outer loop
      vertex -49.7057 -39.2766 30
      vertex -50 -39.4641 18
      vertex -49.7057 -39.2766 18
    endloop
  endfacet
  facet normal -0.216354 -0.976315 0
    outer loop
      vertex -53.0353 -39.8637 18
      vertex -52.6946 -39.9392 30
      vertex -53.0353 -39.8637 30
    endloop
  endfacet
  facet normal -0.216354 -0.976315 -0
    outer loop
      vertex -52.6946 -39.9392 30
      vertex -53.0353 -39.8637 18
      vertex -52.6946 -39.9392 18
    endloop
  endfacet
  facet normal -0.953743 -0.300624 0
    outer loop
      vertex -55.7588 -37.3681 18
      vertex -55.8637 -37.0353 30
      vertex -55.8637 -37.0353 18
    endloop
  endfacet
  facet normal -0.953743 -0.300624 0
    outer loop
      vertex -55.8637 -37.0353 30
      vertex -55.7588 -37.3681 18
      vertex -55.7588 -37.3681 30
    endloop
  endfacet
  facet normal -0.886935 -0.461894 0
    outer loop
      vertex -50.7312 -35.4083 18
      vertex -50.7876 -35.3 30
      vertex -50.7876 -35.3 18
    endloop
  endfacet
  facet normal -0.886935 -0.461894 0
    outer loop
      vertex -50.7876 -35.3 30
      vertex -50.7312 -35.4083 18
      vertex -50.7312 -35.4083 30
    endloop
  endfacet
  facet normal -0.300465 -0.953793 0
    outer loop
      vertex -51.6377 -34.6477 18
      vertex -51.5212 -34.6844 30
      vertex -51.6377 -34.6477 30
    endloop
  endfacet
  facet normal -0.300465 -0.953793 -0
    outer loop
      vertex -51.5212 -34.6844 30
      vertex -51.6377 -34.6477 18
      vertex -51.5212 -34.6844 18
    endloop
  endfacet
  facet normal 0.38293 -0.923777 0
    outer loop
      vertex -52.5917 -34.7312 18
      vertex -52.4788 -34.6844 30
      vertex -52.5917 -34.7312 30
    endloop
  endfacet
  facet normal 0.38293 -0.923777 0
    outer loop
      vertex -52.4788 -34.6844 30
      vertex -52.5917 -34.7312 18
      vertex -52.4788 -34.6844 18
    endloop
  endfacet
  facet normal 0.923777 -0.38293 0
    outer loop
      vertex -53.3156 -35.5212 30
      vertex -53.2688 -35.4083 18
      vertex -53.2688 -35.4083 30
    endloop
  endfacet
  facet normal 0.923777 -0.38293 0
    outer loop
      vertex -53.2688 -35.4083 18
      vertex -53.3156 -35.5212 30
      vertex -53.3156 -35.5212 18
    endloop
  endfacet
  facet normal -0.999058 0.0434017 0
    outer loop
      vertex -50.6053 -36.122 18
      vertex -50.6 -36 30
      vertex -50.6 -36 18
    endloop
  endfacet
  facet normal -0.999058 0.0434017 0
    outer loop
      vertex -50.6 -36 30
      vertex -50.6053 -36.122 18
      vertex -50.6053 -36.122 30
    endloop
  endfacet
  facet normal -0.0434017 -0.999058 0
    outer loop
      vertex -52 -34.6 18
      vertex -51.878 -34.6053 30
      vertex -52 -34.6 30
    endloop
  endfacet
  facet normal -0.0434017 -0.999058 -0
    outer loop
      vertex -51.878 -34.6053 30
      vertex -52 -34.6 18
      vertex -51.878 -34.6053 18
    endloop
  endfacet
  facet normal -0.461894 -0.886935 0
    outer loop
      vertex -51.4083 -34.7312 18
      vertex -51.3 -34.7876 30
      vertex -51.4083 -34.7312 30
    endloop
  endfacet
  facet normal -0.461894 -0.886935 -0
    outer loop
      vertex -51.3 -34.7876 30
      vertex -51.4083 -34.7312 18
      vertex -51.3 -34.7876 18
    endloop
  endfacet
  facet normal 0.991384 -0.130984 0
    outer loop
      vertex -53.3947 -35.878 30
      vertex -53.3787 -35.7569 18
      vertex -53.3787 -35.7569 30
    endloop
  endfacet
  facet normal 0.991384 -0.130984 0
    outer loop
      vertex -53.3787 -35.7569 18
      vertex -53.3947 -35.878 30
      vertex -53.3947 -35.878 18
    endloop
  endfacet
  facet normal 0.793567 -0.608483 0
    outer loop
      vertex -53.1468 -35.197 30
      vertex -53.0725 -35.1001 18
      vertex -53.0725 -35.1001 30
    endloop
  endfacet
  facet normal 0.793567 -0.608483 0
    outer loop
      vertex -53.0725 -35.1001 18
      vertex -53.1468 -35.197 30
      vertex -53.1468 -35.197 18
    endloop
  endfacet
  facet normal 0.216237 -0.976341 0
    outer loop
      vertex -52.3623 -34.6477 18
      vertex -52.2431 -34.6213 30
      vertex -52.3623 -34.6477 30
    endloop
  endfacet
  facet normal 0.216237 -0.976341 0
    outer loop
      vertex -52.2431 -34.6213 30
      vertex -52.3623 -34.6477 18
      vertex -52.2431 -34.6213 18
    endloop
  endfacet
  facet normal -0.991384 -0.130984 0
    outer loop
      vertex -50.6053 -35.878 18
      vertex -50.6213 -35.7569 30
      vertex -50.6213 -35.7569 18
    endloop
  endfacet
  facet normal -0.991384 -0.130984 0
    outer loop
      vertex -50.6213 -35.7569 30
      vertex -50.6053 -35.878 18
      vertex -50.6053 -35.878 30
    endloop
  endfacet
  facet normal -0.793567 -0.608483 0
    outer loop
      vertex -50.8532 -35.197 18
      vertex -50.9275 -35.1001 30
      vertex -50.9275 -35.1001 18
    endloop
  endfacet
  facet normal -0.793567 -0.608483 0
    outer loop
      vertex -50.9275 -35.1001 30
      vertex -50.8532 -35.197 18
      vertex -50.8532 -35.197 30
    endloop
  endfacet
  facet normal -0.675317 -0.737528 0
    outer loop
      vertex -51.1001 -34.9275 18
      vertex -51.01 -35.01 30
      vertex -51.1001 -34.9275 30
    endloop
  endfacet
  facet normal -0.675317 -0.737528 -0
    outer loop
      vertex -51.01 -35.01 30
      vertex -51.1001 -34.9275 18
      vertex -51.01 -35.01 18
    endloop
  endfacet
  facet normal -0.737528 -0.675317 0
    outer loop
      vertex -50.9275 -35.1001 18
      vertex -51.01 -35.01 30
      vertex -51.01 -35.01 18
    endloop
  endfacet
  facet normal -0.737528 -0.675317 0
    outer loop
      vertex -51.01 -35.01 30
      vertex -50.9275 -35.1001 18
      vertex -50.9275 -35.1001 30
    endloop
  endfacet
  facet normal 0.0434017 -0.999058 0
    outer loop
      vertex -52.122 -34.6053 18
      vertex -52 -34.6 30
      vertex -52.122 -34.6053 30
    endloop
  endfacet
  facet normal 0.0434017 -0.999058 0
    outer loop
      vertex -52 -34.6 30
      vertex -52.122 -34.6053 18
      vertex -52 -34.6 18
    endloop
  endfacet
  facet normal -0.216237 -0.976341 0
    outer loop
      vertex -51.7569 -34.6213 18
      vertex -51.6377 -34.6477 30
      vertex -51.7569 -34.6213 30
    endloop
  endfacet
  facet normal -0.216237 -0.976341 -0
    outer loop
      vertex -51.6377 -34.6477 30
      vertex -51.7569 -34.6213 18
      vertex -51.6377 -34.6477 18
    endloop
  endfacet
  facet normal -0.130984 -0.991384 0
    outer loop
      vertex -51.878 -34.6053 18
      vertex -51.7569 -34.6213 30
      vertex -51.878 -34.6053 30
    endloop
  endfacet
  facet normal -0.130984 -0.991384 -0
    outer loop
      vertex -51.7569 -34.6213 30
      vertex -51.878 -34.6053 18
      vertex -51.7569 -34.6213 18
    endloop
  endfacet
  facet normal -0.38293 -0.923777 0
    outer loop
      vertex -51.5212 -34.6844 18
      vertex -51.4083 -34.7312 30
      vertex -51.5212 -34.6844 30
    endloop
  endfacet
  facet normal -0.38293 -0.923777 -0
    outer loop
      vertex -51.4083 -34.7312 30
      vertex -51.5212 -34.6844 18
      vertex -51.4083 -34.7312 18
    endloop
  endfacet
  facet normal -0.537193 -0.843459 0
    outer loop
      vertex -51.3 -34.7876 18
      vertex -51.197 -34.8532 30
      vertex -51.3 -34.7876 30
    endloop
  endfacet
  facet normal -0.537193 -0.843459 -0
    outer loop
      vertex -51.197 -34.8532 30
      vertex -51.3 -34.7876 18
      vertex -51.197 -34.8532 18
    endloop
  endfacet
  facet normal 0.999058 -0.0434017 0
    outer loop
      vertex -53.4 -36 30
      vertex -53.3947 -35.878 18
      vertex -53.3947 -35.878 30
    endloop
  endfacet
  facet normal 0.999058 -0.0434017 0
    outer loop
      vertex -53.3947 -35.878 18
      vertex -53.4 -36 30
      vertex -53.4 -36 18
    endloop
  endfacet
  facet normal 0.953793 -0.300465 0
    outer loop
      vertex -53.3523 -35.6377 30
      vertex -53.3156 -35.5212 18
      vertex -53.3156 -35.5212 30
    endloop
  endfacet
  facet normal 0.953793 -0.300465 0
    outer loop
      vertex -53.3156 -35.5212 18
      vertex -53.3523 -35.6377 30
      vertex -53.3523 -35.6377 18
    endloop
  endfacet
  facet normal 0.976341 -0.216237 0
    outer loop
      vertex -53.3787 -35.7569 30
      vertex -53.3523 -35.6377 18
      vertex -53.3523 -35.6377 30
    endloop
  endfacet
  facet normal 0.976341 -0.216237 0
    outer loop
      vertex -53.3523 -35.6377 18
      vertex -53.3787 -35.7569 30
      vertex -53.3787 -35.7569 18
    endloop
  endfacet
  facet normal 0.886935 -0.461894 0
    outer loop
      vertex -53.2688 -35.4083 30
      vertex -53.2124 -35.3 18
      vertex -53.2124 -35.3 30
    endloop
  endfacet
  facet normal 0.886935 -0.461894 0
    outer loop
      vertex -53.2124 -35.3 18
      vertex -53.2688 -35.4083 30
      vertex -53.2688 -35.4083 18
    endloop
  endfacet
  facet normal 0.843459 -0.537193 0
    outer loop
      vertex -53.2124 -35.3 30
      vertex -53.1468 -35.197 18
      vertex -53.1468 -35.197 30
    endloop
  endfacet
  facet normal 0.843459 -0.537193 0
    outer loop
      vertex -53.1468 -35.197 18
      vertex -53.2124 -35.3 30
      vertex -53.2124 -35.3 18
    endloop
  endfacet
  facet normal 0.300465 -0.953793 0
    outer loop
      vertex -52.4788 -34.6844 18
      vertex -52.3623 -34.6477 30
      vertex -52.4788 -34.6844 30
    endloop
  endfacet
  facet normal 0.300465 -0.953793 0
    outer loop
      vertex -52.3623 -34.6477 30
      vertex -52.4788 -34.6844 18
      vertex -52.3623 -34.6477 18
    endloop
  endfacet
  facet normal 0.130984 -0.991384 0
    outer loop
      vertex -52.2431 -34.6213 18
      vertex -52.122 -34.6053 30
      vertex -52.2431 -34.6213 30
    endloop
  endfacet
  facet normal 0.130984 -0.991384 0
    outer loop
      vertex -52.122 -34.6053 30
      vertex -52.2431 -34.6213 18
      vertex -52.122 -34.6053 18
    endloop
  endfacet
  facet normal 0.608483 -0.793567 0
    outer loop
      vertex -52.8999 -34.9275 18
      vertex -52.803 -34.8532 30
      vertex -52.8999 -34.9275 30
    endloop
  endfacet
  facet normal 0.608483 -0.793567 0
    outer loop
      vertex -52.803 -34.8532 30
      vertex -52.8999 -34.9275 18
      vertex -52.803 -34.8532 18
    endloop
  endfacet
  facet normal 0.675725 -0.737154 0
    outer loop
      vertex -52.9899 -35.01 18
      vertex -52.8999 -34.9275 30
      vertex -52.9899 -35.01 30
    endloop
  endfacet
  facet normal 0.675725 -0.737154 0
    outer loop
      vertex -52.8999 -34.9275 30
      vertex -52.9899 -35.01 18
      vertex -52.8999 -34.9275 18
    endloop
  endfacet
  facet normal 0.461894 -0.886935 0
    outer loop
      vertex -52.7 -34.7876 18
      vertex -52.5917 -34.7312 30
      vertex -52.7 -34.7876 30
    endloop
  endfacet
  facet normal 0.461894 -0.886935 0
    outer loop
      vertex -52.5917 -34.7312 30
      vertex -52.7 -34.7876 18
      vertex -52.5917 -34.7312 18
    endloop
  endfacet
  facet normal 0.73712 -0.675762 0
    outer loop
      vertex -53.0725 -35.1001 30
      vertex -52.9899 -35.01 18
      vertex -52.9899 -35.01 30
    endloop
  endfacet
  facet normal 0.73712 -0.675762 0
    outer loop
      vertex -52.9899 -35.01 18
      vertex -53.0725 -35.1001 30
      vertex -53.0725 -35.1001 18
    endloop
  endfacet
  facet normal -0.999058 -0.0434017 0
    outer loop
      vertex -50.6 -36 18
      vertex -50.6053 -35.878 30
      vertex -50.6053 -35.878 18
    endloop
  endfacet
  facet normal -0.999058 -0.0434017 0
    outer loop
      vertex -50.6053 -35.878 30
      vertex -50.6 -36 18
      vertex -50.6 -36 30
    endloop
  endfacet
  facet normal -0.976341 0.216237 0
    outer loop
      vertex -50.6477 -36.3623 18
      vertex -50.6213 -36.2431 30
      vertex -50.6213 -36.2431 18
    endloop
  endfacet
  facet normal -0.976341 0.216237 0
    outer loop
      vertex -50.6213 -36.2431 30
      vertex -50.6477 -36.3623 18
      vertex -50.6477 -36.3623 30
    endloop
  endfacet
  facet normal 0.886935 0.461894 0
    outer loop
      vertex -53.2124 -36.7 30
      vertex -53.2688 -36.5917 18
      vertex -53.2688 -36.5917 30
    endloop
  endfacet
  facet normal 0.886935 0.461894 0
    outer loop
      vertex -53.2688 -36.5917 18
      vertex -53.2124 -36.7 30
      vertex -53.2124 -36.7 18
    endloop
  endfacet
  facet normal -0.130984 0.991384 0
    outer loop
      vertex -51.7569 -37.3787 18
      vertex -51.878 -37.3947 30
      vertex -51.7569 -37.3787 30
    endloop
  endfacet
  facet normal -0.130984 0.991384 0
    outer loop
      vertex -51.878 -37.3947 30
      vertex -51.7569 -37.3787 18
      vertex -51.878 -37.3947 18
    endloop
  endfacet
  facet normal -0.923777 -0.38293 0
    outer loop
      vertex -50.6844 -35.5212 18
      vertex -50.7312 -35.4083 30
      vertex -50.7312 -35.4083 18
    endloop
  endfacet
  facet normal -0.923777 -0.38293 0
    outer loop
      vertex -50.7312 -35.4083 30
      vertex -50.6844 -35.5212 18
      vertex -50.6844 -35.5212 30
    endloop
  endfacet
  facet normal -0.953793 -0.300465 0
    outer loop
      vertex -50.6477 -35.6377 18
      vertex -50.6844 -35.5212 30
      vertex -50.6844 -35.5212 18
    endloop
  endfacet
  facet normal -0.953793 -0.300465 0
    outer loop
      vertex -50.6844 -35.5212 30
      vertex -50.6477 -35.6377 18
      vertex -50.6477 -35.6377 30
    endloop
  endfacet
  facet normal -0.976341 -0.216237 0
    outer loop
      vertex -50.6213 -35.7569 18
      vertex -50.6477 -35.6377 30
      vertex -50.6477 -35.6377 18
    endloop
  endfacet
  facet normal -0.976341 -0.216237 0
    outer loop
      vertex -50.6477 -35.6377 30
      vertex -50.6213 -35.7569 18
      vertex -50.6213 -35.7569 30
    endloop
  endfacet
  facet normal -0.843459 -0.537193 0
    outer loop
      vertex -50.7876 -35.3 18
      vertex -50.8532 -35.197 30
      vertex -50.8532 -35.197 18
    endloop
  endfacet
  facet normal -0.843459 -0.537193 0
    outer loop
      vertex -50.8532 -35.197 30
      vertex -50.7876 -35.3 18
      vertex -50.7876 -35.3 30
    endloop
  endfacet
  facet normal -0.608483 -0.793567 0
    outer loop
      vertex -51.197 -34.8532 18
      vertex -51.1001 -34.9275 30
      vertex -51.197 -34.8532 30
    endloop
  endfacet
  facet normal -0.608483 -0.793567 -0
    outer loop
      vertex -51.1001 -34.9275 30
      vertex -51.197 -34.8532 18
      vertex -51.1001 -34.9275 18
    endloop
  endfacet
  facet normal 0.537193 -0.843459 0
    outer loop
      vertex -52.803 -34.8532 18
      vertex -52.7 -34.7876 30
      vertex -52.803 -34.8532 30
    endloop
  endfacet
  facet normal 0.537193 -0.843459 0
    outer loop
      vertex -52.7 -34.7876 30
      vertex -52.803 -34.8532 18
      vertex -52.7 -34.7876 18
    endloop
  endfacet
  facet normal -0.991384 0.130984 0
    outer loop
      vertex -50.6213 -36.2431 18
      vertex -50.6053 -36.122 30
      vertex -50.6053 -36.122 18
    endloop
  endfacet
  facet normal -0.991384 0.130984 0
    outer loop
      vertex -50.6053 -36.122 30
      vertex -50.6213 -36.2431 18
      vertex -50.6213 -36.2431 30
    endloop
  endfacet
  facet normal -0.675762 0.73712 0
    outer loop
      vertex -51.01 -36.9899 18
      vertex -51.1001 -37.0725 30
      vertex -51.01 -36.9899 30
    endloop
  endfacet
  facet normal -0.675762 0.73712 0
    outer loop
      vertex -51.1001 -37.0725 30
      vertex -51.01 -36.9899 18
      vertex -51.1001 -37.0725 18
    endloop
  endfacet
  facet normal -0.923777 0.38293 0
    outer loop
      vertex -50.7312 -36.5917 18
      vertex -50.6844 -36.4788 30
      vertex -50.6844 -36.4788 18
    endloop
  endfacet
  facet normal -0.923777 0.38293 0
    outer loop
      vertex -50.6844 -36.4788 30
      vertex -50.7312 -36.5917 18
      vertex -50.7312 -36.5917 30
    endloop
  endfacet
  facet normal 0.0434017 0.999058 -0
    outer loop
      vertex -52 -37.4 18
      vertex -52.122 -37.3947 30
      vertex -52 -37.4 30
    endloop
  endfacet
  facet normal 0.0434017 0.999058 0
    outer loop
      vertex -52.122 -37.3947 30
      vertex -52 -37.4 18
      vertex -52.122 -37.3947 18
    endloop
  endfacet
  facet normal 0.999058 0.0434017 0
    outer loop
      vertex -53.3947 -36.122 30
      vertex -53.4 -36 18
      vertex -53.4 -36 30
    endloop
  endfacet
  facet normal 0.999058 0.0434017 0
    outer loop
      vertex -53.4 -36 18
      vertex -53.3947 -36.122 30
      vertex -53.3947 -36.122 18
    endloop
  endfacet
  facet normal 0.923777 0.38293 0
    outer loop
      vertex -53.2688 -36.5917 30
      vertex -53.3156 -36.4788 18
      vertex -53.3156 -36.4788 30
    endloop
  endfacet
  facet normal 0.923777 0.38293 0
    outer loop
      vertex -53.3156 -36.4788 18
      vertex -53.2688 -36.5917 30
      vertex -53.2688 -36.5917 18
    endloop
  endfacet
  facet normal 0.976341 0.216237 0
    outer loop
      vertex -53.3523 -36.3623 30
      vertex -53.3787 -36.2431 18
      vertex -53.3787 -36.2431 30
    endloop
  endfacet
  facet normal 0.976341 0.216237 0
    outer loop
      vertex -53.3787 -36.2431 18
      vertex -53.3523 -36.3623 30
      vertex -53.3523 -36.3623 18
    endloop
  endfacet
  facet normal -0.300465 0.953793 0
    outer loop
      vertex -51.5212 -37.3156 18
      vertex -51.6377 -37.3523 30
      vertex -51.5212 -37.3156 30
    endloop
  endfacet
  facet normal -0.300465 0.953793 0
    outer loop
      vertex -51.6377 -37.3523 30
      vertex -51.5212 -37.3156 18
      vertex -51.6377 -37.3523 18
    endloop
  endfacet
  facet normal -0.216237 0.976341 0
    outer loop
      vertex -51.6377 -37.3523 18
      vertex -51.7569 -37.3787 30
      vertex -51.6377 -37.3523 30
    endloop
  endfacet
  facet normal -0.216237 0.976341 0
    outer loop
      vertex -51.7569 -37.3787 30
      vertex -51.6377 -37.3523 18
      vertex -51.7569 -37.3787 18
    endloop
  endfacet
  facet normal -0.608483 0.793567 0
    outer loop
      vertex -51.1001 -37.0725 18
      vertex -51.197 -37.1468 30
      vertex -51.1001 -37.0725 30
    endloop
  endfacet
  facet normal -0.608483 0.793567 0
    outer loop
      vertex -51.197 -37.1468 30
      vertex -51.1001 -37.0725 18
      vertex -51.197 -37.1468 18
    endloop
  endfacet
  facet normal -0.793567 0.608483 0
    outer loop
      vertex -50.9275 -36.8999 18
      vertex -50.8532 -36.803 30
      vertex -50.8532 -36.803 18
    endloop
  endfacet
  facet normal -0.793567 0.608483 0
    outer loop
      vertex -50.8532 -36.803 30
      vertex -50.9275 -36.8999 18
      vertex -50.9275 -36.8999 30
    endloop
  endfacet
  facet normal -0.886935 0.461894 0
    outer loop
      vertex -50.7876 -36.7 18
      vertex -50.7312 -36.5917 30
      vertex -50.7312 -36.5917 18
    endloop
  endfacet
  facet normal -0.886935 0.461894 0
    outer loop
      vertex -50.7312 -36.5917 30
      vertex -50.7876 -36.7 18
      vertex -50.7876 -36.7 30
    endloop
  endfacet
  facet normal -0.953793 0.300465 0
    outer loop
      vertex -50.6844 -36.4788 18
      vertex -50.6477 -36.3623 30
      vertex -50.6477 -36.3623 18
    endloop
  endfacet
  facet normal -0.953793 0.300465 0
    outer loop
      vertex -50.6477 -36.3623 30
      vertex -50.6844 -36.4788 18
      vertex -50.6844 -36.4788 30
    endloop
  endfacet
  facet normal 0.461894 0.886935 -0
    outer loop
      vertex -52.5917 -37.2688 18
      vertex -52.7 -37.2124 30
      vertex -52.5917 -37.2688 30
    endloop
  endfacet
  facet normal 0.461894 0.886935 0
    outer loop
      vertex -52.7 -37.2124 30
      vertex -52.5917 -37.2688 18
      vertex -52.7 -37.2124 18
    endloop
  endfacet
  facet normal -0.0434017 0.999058 0
    outer loop
      vertex -51.878 -37.3947 18
      vertex -52 -37.4 30
      vertex -51.878 -37.3947 30
    endloop
  endfacet
  facet normal -0.0434017 0.999058 0
    outer loop
      vertex -52 -37.4 30
      vertex -51.878 -37.3947 18
      vertex -52 -37.4 18
    endloop
  endfacet
  facet normal 0.793567 0.608483 0
    outer loop
      vertex -53.0725 -36.8999 30
      vertex -53.1468 -36.803 18
      vertex -53.1468 -36.803 30
    endloop
  endfacet
  facet normal 0.793567 0.608483 0
    outer loop
      vertex -53.1468 -36.803 18
      vertex -53.0725 -36.8999 30
      vertex -53.0725 -36.8999 18
    endloop
  endfacet
  facet normal 0.953793 0.300465 0
    outer loop
      vertex -53.3156 -36.4788 30
      vertex -53.3523 -36.3623 18
      vertex -53.3523 -36.3623 30
    endloop
  endfacet
  facet normal 0.953793 0.300465 0
    outer loop
      vertex -53.3523 -36.3623 18
      vertex -53.3156 -36.4788 30
      vertex -53.3156 -36.4788 18
    endloop
  endfacet
  facet normal 0.991384 0.130984 0
    outer loop
      vertex -53.3787 -36.2431 30
      vertex -53.3947 -36.122 18
      vertex -53.3947 -36.122 30
    endloop
  endfacet
  facet normal 0.991384 0.130984 0
    outer loop
      vertex -53.3947 -36.122 18
      vertex -53.3787 -36.2431 30
      vertex -53.3787 -36.2431 18
    endloop
  endfacet
  facet normal -0.38293 0.923777 0
    outer loop
      vertex -51.4083 -37.2688 18
      vertex -51.5212 -37.3156 30
      vertex -51.4083 -37.2688 30
    endloop
  endfacet
  facet normal -0.38293 0.923777 0
    outer loop
      vertex -51.5212 -37.3156 30
      vertex -51.4083 -37.2688 18
      vertex -51.5212 -37.3156 18
    endloop
  endfacet
  facet normal -0.737154 0.675725 0
    outer loop
      vertex -51.01 -36.9899 18
      vertex -50.9275 -36.8999 30
      vertex -50.9275 -36.8999 18
    endloop
  endfacet
  facet normal -0.737154 0.675725 0
    outer loop
      vertex -50.9275 -36.8999 30
      vertex -51.01 -36.9899 18
      vertex -51.01 -36.9899 30
    endloop
  endfacet
  facet normal -0.843459 0.537193 0
    outer loop
      vertex -50.8532 -36.803 18
      vertex -50.7876 -36.7 30
      vertex -50.7876 -36.7 18
    endloop
  endfacet
  facet normal -0.843459 0.537193 0
    outer loop
      vertex -50.7876 -36.7 30
      vertex -50.8532 -36.803 18
      vertex -50.8532 -36.803 30
    endloop
  endfacet
  facet normal 0.38293 0.923777 -0
    outer loop
      vertex -52.4788 -37.3156 18
      vertex -52.5917 -37.2688 30
      vertex -52.4788 -37.3156 30
    endloop
  endfacet
  facet normal 0.38293 0.923777 0
    outer loop
      vertex -52.5917 -37.2688 30
      vertex -52.4788 -37.3156 18
      vertex -52.5917 -37.2688 18
    endloop
  endfacet
  facet normal 0.216237 0.976341 -0
    outer loop
      vertex -52.2431 -37.3787 18
      vertex -52.3623 -37.3523 30
      vertex -52.2431 -37.3787 30
    endloop
  endfacet
  facet normal 0.216237 0.976341 0
    outer loop
      vertex -52.3623 -37.3523 30
      vertex -52.2431 -37.3787 18
      vertex -52.3623 -37.3523 18
    endloop
  endfacet
  facet normal 0.843459 0.537193 0
    outer loop
      vertex -53.1468 -36.803 30
      vertex -53.2124 -36.7 18
      vertex -53.2124 -36.7 30
    endloop
  endfacet
  facet normal 0.843459 0.537193 0
    outer loop
      vertex -53.2124 -36.7 18
      vertex -53.1468 -36.803 30
      vertex -53.1468 -36.803 18
    endloop
  endfacet
  facet normal 0.736746 0.676169 0
    outer loop
      vertex -52.9899 -36.9899 30
      vertex -53.0725 -36.8999 18
      vertex -53.0725 -36.8999 30
    endloop
  endfacet
  facet normal 0.736746 0.676169 0
    outer loop
      vertex -53.0725 -36.8999 18
      vertex -52.9899 -36.9899 30
      vertex -52.9899 -36.9899 18
    endloop
  endfacet
  facet normal 0.676169 0.736746 -0
    outer loop
      vertex -52.8999 -37.0725 18
      vertex -52.9899 -36.9899 30
      vertex -52.8999 -37.0725 30
    endloop
  endfacet
  facet normal 0.676169 0.736746 0
    outer loop
      vertex -52.9899 -36.9899 30
      vertex -52.8999 -37.0725 18
      vertex -52.9899 -36.9899 18
    endloop
  endfacet
  facet normal -0.537193 0.843459 0
    outer loop
      vertex -51.197 -37.1468 18
      vertex -51.3 -37.2124 30
      vertex -51.197 -37.1468 30
    endloop
  endfacet
  facet normal -0.537193 0.843459 0
    outer loop
      vertex -51.3 -37.2124 30
      vertex -51.197 -37.1468 18
      vertex -51.3 -37.2124 18
    endloop
  endfacet
  facet normal -0.461894 0.886935 0
    outer loop
      vertex -51.3 -37.2124 18
      vertex -51.4083 -37.2688 30
      vertex -51.3 -37.2124 30
    endloop
  endfacet
  facet normal -0.461894 0.886935 0
    outer loop
      vertex -51.4083 -37.2688 30
      vertex -51.3 -37.2124 18
      vertex -51.4083 -37.2688 18
    endloop
  endfacet
  facet normal 0.300465 0.953793 -0
    outer loop
      vertex -52.3623 -37.3523 18
      vertex -52.4788 -37.3156 30
      vertex -52.3623 -37.3523 30
    endloop
  endfacet
  facet normal 0.300465 0.953793 0
    outer loop
      vertex -52.4788 -37.3156 30
      vertex -52.3623 -37.3523 18
      vertex -52.4788 -37.3156 18
    endloop
  endfacet
  facet normal 0.537193 0.843459 -0
    outer loop
      vertex -52.7 -37.2124 18
      vertex -52.803 -37.1468 30
      vertex -52.7 -37.2124 30
    endloop
  endfacet
  facet normal 0.537193 0.843459 0
    outer loop
      vertex -52.803 -37.1468 30
      vertex -52.7 -37.2124 18
      vertex -52.803 -37.1468 18
    endloop
  endfacet
  facet normal 0.608483 0.793567 -0
    outer loop
      vertex -52.803 -37.1468 18
      vertex -52.8999 -37.0725 30
      vertex -52.803 -37.1468 30
    endloop
  endfacet
  facet normal 0.608483 0.793567 0
    outer loop
      vertex -52.8999 -37.0725 30
      vertex -52.803 -37.1468 18
      vertex -52.8999 -37.0725 18
    endloop
  endfacet
  facet normal 0.130984 0.991384 -0
    outer loop
      vertex -52.122 -37.3947 18
      vertex -52.2431 -37.3787 30
      vertex -52.122 -37.3947 30
    endloop
  endfacet
  facet normal 0.130984 0.991384 0
    outer loop
      vertex -52.2431 -37.3787 30
      vertex -52.122 -37.3947 18
      vertex -52.2431 -37.3787 18
    endloop
  endfacet
  facet normal 0.999051 0.0435616 0
    outer loop
      vertex -48 36 30
      vertex -48.0152 36.3486 18
      vertex -48.0152 36.3486 30
    endloop
  endfacet
  facet normal 0.999051 0.0435616 0
    outer loop
      vertex -48.0152 36.3486 18
      vertex -48 36 30
      vertex -48 36 18
    endloop
  endfacet
  facet normal -0.999051 0.0435616 0
    outer loop
      vertex -56 36 18
      vertex -55.9848 36.3486 30
      vertex -55.9848 36.3486 18
    endloop
  endfacet
  facet normal -0.999051 0.0435616 0
    outer loop
      vertex -55.9848 36.3486 30
      vertex -56 36 18
      vertex -56 36 30
    endloop
  endfacet
  facet normal 0.0435616 0.999051 -0
    outer loop
      vertex -51.6514 39.9848 18
      vertex -52 40 30
      vertex -51.6514 39.9848 30
    endloop
  endfacet
  facet normal 0.0435616 0.999051 0
    outer loop
      vertex -52 40 30
      vertex -51.6514 39.9848 18
      vertex -52 40 18
    endloop
  endfacet
  facet normal 0.0435616 -0.999051 0
    outer loop
      vertex -52 32 18
      vertex -51.6514 32.0152 30
      vertex -52 32 30
    endloop
  endfacet
  facet normal 0.0435616 -0.999051 0
    outer loop
      vertex -51.6514 32.0152 30
      vertex -52 32 18
      vertex -51.6514 32.0152 18
    endloop
  endfacet
  facet normal 0.675777 0.737107 -0
    outer loop
      vertex -49.1716 38.8284 18
      vertex -49.4288 39.0642 30
      vertex -49.1716 38.8284 30
    endloop
  endfacet
  facet normal 0.675777 0.737107 0
    outer loop
      vertex -49.4288 39.0642 30
      vertex -49.1716 38.8284 18
      vertex -49.4288 39.0642 18
    endloop
  endfacet
  facet normal -0.675777 0.737107 0
    outer loop
      vertex -54.5712 39.0642 18
      vertex -54.8284 38.8284 30
      vertex -54.5712 39.0642 30
    endloop
  endfacet
  facet normal -0.675777 0.737107 0
    outer loop
      vertex -54.8284 38.8284 30
      vertex -54.5712 39.0642 18
      vertex -54.8284 38.8284 18
    endloop
  endfacet
  facet normal -0.382824 0.923821 0
    outer loop
      vertex -53.3681 39.7588 18
      vertex -53.6905 39.6252 30
      vertex -53.3681 39.7588 30
    endloop
  endfacet
  facet normal -0.382824 0.923821 0
    outer loop
      vertex -53.6905 39.6252 30
      vertex -53.3681 39.7588 18
      vertex -53.6905 39.6252 18
    endloop
  endfacet
  facet normal 0.923821 0.382824 0
    outer loop
      vertex -48.2412 37.3681 30
      vertex -48.3748 37.6905 18
      vertex -48.3748 37.6905 30
    endloop
  endfacet
  facet normal 0.923821 0.382824 0
    outer loop
      vertex -48.3748 37.6905 18
      vertex -48.2412 37.3681 30
      vertex -48.2412 37.3681 18
    endloop
  endfacet
  facet normal 0.382824 0.923821 -0
    outer loop
      vertex -50.3095 39.6252 18
      vertex -50.6319 39.7588 30
      vertex -50.3095 39.6252 30
    endloop
  endfacet
  facet normal 0.382824 0.923821 0
    outer loop
      vertex -50.6319 39.7588 30
      vertex -50.3095 39.6252 18
      vertex -50.6319 39.7588 18
    endloop
  endfacet
  facet normal 0.53732 0.843378 -0
    outer loop
      vertex -49.7057 39.2766 18
      vertex -50 39.4641 30
      vertex -49.7057 39.2766 30
    endloop
  endfacet
  facet normal 0.53732 0.843378 0
    outer loop
      vertex -50 39.4641 30
      vertex -49.7057 39.2766 18
      vertex -50 39.4641 18
    endloop
  endfacet
  facet normal -0.843378 0.53732 0
    outer loop
      vertex -55.4641 38 18
      vertex -55.2766 38.2943 30
      vertex -55.2766 38.2943 18
    endloop
  endfacet
  facet normal -0.843378 0.53732 0
    outer loop
      vertex -55.2766 38.2943 30
      vertex -55.4641 38 18
      vertex -55.4641 38 30
    endloop
  endfacet
  facet normal -0.793454 0.60863 0
    outer loop
      vertex -55.2766 38.2943 18
      vertex -55.0642 38.5712 30
      vertex -55.0642 38.5712 18
    endloop
  endfacet
  facet normal -0.793454 0.60863 0
    outer loop
      vertex -55.0642 38.5712 30
      vertex -55.2766 38.2943 18
      vertex -55.2766 38.2943 30
    endloop
  endfacet
  facet normal -0.130662 0.991427 0
    outer loop
      vertex -52.3486 39.9848 18
      vertex -52.6946 39.9392 30
      vertex -52.3486 39.9848 30
    endloop
  endfacet
  facet normal -0.130662 0.991427 0
    outer loop
      vertex -52.6946 39.9392 30
      vertex -52.3486 39.9848 18
      vertex -52.6946 39.9392 18
    endloop
  endfacet
  facet normal 0.923821 -0.382824 0
    outer loop
      vertex -48.3748 34.3095 30
      vertex -48.2412 34.6319 18
      vertex -48.2412 34.6319 30
    endloop
  endfacet
  facet normal 0.923821 -0.382824 0
    outer loop
      vertex -48.2412 34.6319 18
      vertex -48.3748 34.3095 30
      vertex -48.3748 34.3095 18
    endloop
  endfacet
  facet normal 0.130662 -0.991427 0
    outer loop
      vertex -51.6514 32.0152 18
      vertex -51.3054 32.0608 30
      vertex -51.6514 32.0152 30
    endloop
  endfacet
  facet normal 0.130662 -0.991427 0
    outer loop
      vertex -51.3054 32.0608 30
      vertex -51.6514 32.0152 18
      vertex -51.3054 32.0608 18
    endloop
  endfacet
  facet normal 0.976315 0.216354 0
    outer loop
      vertex -48.0608 36.6946 30
      vertex -48.1363 37.0353 18
      vertex -48.1363 37.0353 30
    endloop
  endfacet
  facet normal 0.976315 0.216354 0
    outer loop
      vertex -48.1363 37.0353 18
      vertex -48.0608 36.6946 30
      vertex -48.0608 36.6946 18
    endloop
  endfacet
  facet normal 0.991427 0.130662 0
    outer loop
      vertex -48.0152 36.3486 30
      vertex -48.0608 36.6946 18
      vertex -48.0608 36.6946 30
    endloop
  endfacet
  facet normal 0.991427 0.130662 0
    outer loop
      vertex -48.0608 36.6946 18
      vertex -48.0152 36.3486 30
      vertex -48.0152 36.3486 18
    endloop
  endfacet
  facet normal 0.953743 0.300624 0
    outer loop
      vertex -48.1363 37.0353 30
      vertex -48.2412 37.3681 18
      vertex -48.2412 37.3681 30
    endloop
  endfacet
  facet normal 0.953743 0.300624 0
    outer loop
      vertex -48.2412 37.3681 18
      vertex -48.1363 37.0353 30
      vertex -48.1363 37.0353 18
    endloop
  endfacet
  facet normal 0.737107 0.675777 0
    outer loop
      vertex -48.9358 38.5712 30
      vertex -49.1716 38.8284 18
      vertex -49.1716 38.8284 30
    endloop
  endfacet
  facet normal 0.737107 0.675777 0
    outer loop
      vertex -49.1716 38.8284 18
      vertex -48.9358 38.5712 30
      vertex -48.9358 38.5712 18
    endloop
  endfacet
  facet normal 0.843378 0.53732 0
    outer loop
      vertex -48.5359 38 30
      vertex -48.7234 38.2943 18
      vertex -48.7234 38.2943 30
    endloop
  endfacet
  facet normal 0.843378 0.53732 0
    outer loop
      vertex -48.7234 38.2943 18
      vertex -48.5359 38 30
      vertex -48.5359 38 18
    endloop
  endfacet
  facet normal 0.216354 0.976315 -0
    outer loop
      vertex -50.9647 39.8637 18
      vertex -51.3054 39.9392 30
      vertex -50.9647 39.8637 30
    endloop
  endfacet
  facet normal 0.216354 0.976315 0
    outer loop
      vertex -51.3054 39.9392 30
      vertex -50.9647 39.8637 18
      vertex -51.3054 39.9392 18
    endloop
  endfacet
  facet normal 0.300624 0.953743 -0
    outer loop
      vertex -50.6319 39.7588 18
      vertex -50.9647 39.8637 30
      vertex -50.6319 39.7588 30
    endloop
  endfacet
  facet normal 0.300624 0.953743 0
    outer loop
      vertex -50.9647 39.8637 30
      vertex -50.6319 39.7588 18
      vertex -50.9647 39.8637 18
    endloop
  endfacet
  facet normal 0.130662 0.991427 -0
    outer loop
      vertex -51.3054 39.9392 18
      vertex -51.6514 39.9848 30
      vertex -51.3054 39.9392 30
    endloop
  endfacet
  facet normal 0.130662 0.991427 0
    outer loop
      vertex -51.6514 39.9848 30
      vertex -51.3054 39.9392 18
      vertex -51.6514 39.9848 18
    endloop
  endfacet
  facet normal 0.461714 0.887029 -0
    outer loop
      vertex -50 39.4641 18
      vertex -50.3095 39.6252 30
      vertex -50 39.4641 30
    endloop
  endfacet
  facet normal 0.461714 0.887029 0
    outer loop
      vertex -50.3095 39.6252 30
      vertex -50 39.4641 18
      vertex -50.3095 39.6252 18
    endloop
  endfacet
  facet normal 0.60863 0.793454 -0
    outer loop
      vertex -49.4288 39.0642 18
      vertex -49.7057 39.2766 30
      vertex -49.4288 39.0642 30
    endloop
  endfacet
  facet normal 0.60863 0.793454 0
    outer loop
      vertex -49.7057 39.2766 30
      vertex -49.4288 39.0642 18
      vertex -49.7057 39.2766 18
    endloop
  endfacet
  facet normal -0.737107 0.675777 0
    outer loop
      vertex -55.0642 38.5712 18
      vertex -54.8284 38.8284 30
      vertex -54.8284 38.8284 18
    endloop
  endfacet
  facet normal -0.737107 0.675777 0
    outer loop
      vertex -54.8284 38.8284 30
      vertex -55.0642 38.5712 18
      vertex -55.0642 38.5712 30
    endloop
  endfacet
  facet normal -0.887029 0.461714 0
    outer loop
      vertex -55.6252 37.6905 18
      vertex -55.4641 38 30
      vertex -55.4641 38 18
    endloop
  endfacet
  facet normal -0.887029 0.461714 0
    outer loop
      vertex -55.4641 38 30
      vertex -55.6252 37.6905 18
      vertex -55.6252 37.6905 30
    endloop
  endfacet
  facet normal -0.976315 0.216354 0
    outer loop
      vertex -55.9392 36.6946 18
      vertex -55.8637 37.0353 30
      vertex -55.8637 37.0353 18
    endloop
  endfacet
  facet normal -0.976315 0.216354 0
    outer loop
      vertex -55.8637 37.0353 30
      vertex -55.9392 36.6946 18
      vertex -55.9392 36.6946 30
    endloop
  endfacet
  facet normal -0.923821 0.382824 0
    outer loop
      vertex -55.7588 37.3681 18
      vertex -55.6252 37.6905 30
      vertex -55.6252 37.6905 18
    endloop
  endfacet
  facet normal -0.923821 0.382824 0
    outer loop
      vertex -55.6252 37.6905 30
      vertex -55.7588 37.3681 18
      vertex -55.7588 37.3681 30
    endloop
  endfacet
  facet normal -0.991427 0.130662 0
    outer loop
      vertex -55.9848 36.3486 18
      vertex -55.9392 36.6946 30
      vertex -55.9392 36.6946 18
    endloop
  endfacet
  facet normal -0.991427 0.130662 0
    outer loop
      vertex -55.9392 36.6946 30
      vertex -55.9848 36.3486 18
      vertex -55.9848 36.3486 30
    endloop
  endfacet
  facet normal 0 0 1
    outer loop
      vertex -50.6 36 30
      vertex -48 36 30
      vertex -48.0152 36.3486 30
    endloop
  endfacet
  facet normal 0 0 1
    outer loop
      vertex -50.6053 36.122 30
      vertex -48.0152 36.3486 30
      vertex -48.0608 36.6946 30
    endloop
  endfacet
  facet normal 0 0 1
    outer loop
      vertex -48 36 30
      vertex -50.6 36 30
      vertex -48.0152 35.6514 30
    endloop
  endfacet
  facet normal 0 0 1
    outer loop
      vertex -50.6213 36.2431 30
      vertex -48.0608 36.6946 30
      vertex -48.1363 37.0353 30
    endloop
  endfacet
  facet normal -0 0 1
    outer loop
      vertex -50.6053 35.878 30
      vertex -48.0152 35.6514 30
      vertex -50.6 36 30
    endloop
  endfacet
  facet normal 0 0 1
    outer loop
      vertex -50.6477 36.3623 30
      vertex -48.1363 37.0353 30
      vertex -48.2412 37.3681 30
    endloop
  endfacet
  facet normal 0 0 1
    outer loop
      vertex -48.0152 35.6514 30
      vertex -50.6053 35.878 30
      vertex -48.0608 35.3054 30
    endloop
  endfacet
  facet normal 0 0 1
    outer loop
      vertex -50.6844 36.4788 30
      vertex -48.2412 37.3681 30
      vertex -48.3748 37.6905 30
    endloop
  endfacet
  facet normal -0 0 1
    outer loop
      vertex -50.6213 35.7569 30
      vertex -48.0608 35.3054 30
      vertex -50.6053 35.878 30
    endloop
  endfacet
  facet normal 0 0 1
    outer loop
      vertex -50.7312 36.5917 30
      vertex -48.3748 37.6905 30
      vertex -48.5359 38 30
    endloop
  endfacet
  facet normal 0 0 1
    outer loop
      vertex -48.0608 35.3054 30
      vertex -50.6213 35.7569 30
      vertex -48.1363 34.9647 30
    endloop
  endfacet
  facet normal 0 0 1
    outer loop
      vertex -50.7876 36.7 30
      vertex -48.5359 38 30
      vertex -48.7234 38.2943 30
    endloop
  endfacet
  facet normal -0 0 1
    outer loop
      vertex -50.6477 35.6377 30
      vertex -48.1363 34.9647 30
      vertex -50.6213 35.7569 30
    endloop
  endfacet
  facet normal 0 0 1
    outer loop
      vertex -50.8532 36.803 30
      vertex -48.7234 38.2943 30
      vertex -48.9358 38.5712 30
    endloop
  endfacet
  facet normal 0 0 1
    outer loop
      vertex -48.1363 34.9647 30
      vertex -50.6477 35.6377 30
      vertex -48.2412 34.6319 30
    endloop
  endfacet
  facet normal 0 0 1
    outer loop
      vertex -50.9275 36.8999 30
      vertex -48.9358 38.5712 30
      vertex -49.1716 38.8284 30
    endloop
  endfacet
  facet normal -0 0 1
    outer loop
      vertex -50.6844 35.5212 30
      vertex -48.2412 34.6319 30
      vertex -50.6477 35.6377 30
    endloop
  endfacet
  facet normal 0 0 1
    outer loop
      vertex -51.01 36.9899 30
      vertex -49.1716 38.8284 30
      vertex -49.4288 39.0642 30
    endloop
  endfacet
  facet normal 0 0 1
    outer loop
      vertex -48.2412 34.6319 30
      vertex -50.6844 35.5212 30
      vertex -48.3748 34.3095 30
    endloop
  endfacet
  facet normal 0 0 1
    outer loop
      vertex -51.1001 37.0725 30
      vertex -49.4288 39.0642 30
      vertex -49.7057 39.2766 30
    endloop
  endfacet
  facet normal -0 0 1
    outer loop
      vertex -50.7312 35.4083 30
      vertex -48.3748 34.3095 30
      vertex -50.6844 35.5212 30
    endloop
  endfacet
  facet normal 0 0 1
    outer loop
      vertex -51.197 37.1468 30
      vertex -49.7057 39.2766 30
      vertex -50 39.4641 30
    endloop
  endfacet
  facet normal 0 0 1
    outer loop
      vertex -48.3748 34.3095 30
      vertex -50.7312 35.4083 30
      vertex -48.5359 34 30
    endloop
  endfacet
  facet normal 0 0 1
    outer loop
      vertex -51.3 37.2124 30
      vertex -50 39.4641 30
      vertex -50.3095 39.6252 30
    endloop
  endfacet
  facet normal -0 0 1
    outer loop
      vertex -50.7876 35.3 30
      vertex -48.5359 34 30
      vertex -50.7312 35.4083 30
    endloop
  endfacet
  facet normal 0 0 1
    outer loop
      vertex -48.5359 34 30
      vertex -50.7876 35.3 30
      vertex -48.7234 33.7057 30
    endloop
  endfacet
  facet normal 0 0 1
    outer loop
      vertex -48.0152 36.3486 30
      vertex -50.6053 36.122 30
      vertex -50.6 36 30
    endloop
  endfacet
  facet normal 0 0 1
    outer loop
      vertex -48.0608 36.6946 30
      vertex -50.6213 36.2431 30
      vertex -50.6053 36.122 30
    endloop
  endfacet
  facet normal 0 0 1
    outer loop
      vertex -51.4083 37.2688 30
      vertex -50.3095 39.6252 30
      vertex -50.6319 39.7588 30
    endloop
  endfacet
  facet normal 0 0 1
    outer loop
      vertex -48.1363 37.0353 30
      vertex -50.6477 36.3623 30
      vertex -50.6213 36.2431 30
    endloop
  endfacet
  facet normal 0 0 1
    outer loop
      vertex -48.2412 37.3681 30
      vertex -50.6844 36.4788 30
      vertex -50.6477 36.3623 30
    endloop
  endfacet
  facet normal 0 0 1
    outer loop
      vertex -48.3748 37.6905 30
      vertex -50.7312 36.5917 30
      vertex -50.6844 36.4788 30
    endloop
  endfacet
  facet normal 0 0 1
    outer loop
      vertex -48.5359 38 30
      vertex -50.7876 36.7 30
      vertex -50.7312 36.5917 30
    endloop
  endfacet
  facet normal 0 0 1
    outer loop
      vertex -48.7234 38.2943 30
      vertex -50.8532 36.803 30
      vertex -50.7876 36.7 30
    endloop
  endfacet
  facet normal 0 0 1
    outer loop
      vertex -48.9358 38.5712 30
      vertex -50.9275 36.8999 30
      vertex -50.8532 36.803 30
    endloop
  endfacet
  facet normal 0 0 1
    outer loop
      vertex -51.5212 37.3156 30
      vertex -50.6319 39.7588 30
      vertex -50.9647 39.8637 30
    endloop
  endfacet
  facet normal 0 0 1
    outer loop
      vertex -49.1716 38.8284 30
      vertex -51.01 36.9899 30
      vertex -50.9275 36.8999 30
    endloop
  endfacet
  facet normal 0 0 1
    outer loop
      vertex -49.4288 39.0642 30
      vertex -51.1001 37.0725 30
      vertex -51.01 36.9899 30
    endloop
  endfacet
  facet normal 0 0 1
    outer loop
      vertex -49.7057 39.2766 30
      vertex -51.197 37.1468 30
      vertex -51.1001 37.0725 30
    endloop
  endfacet
  facet normal 0 0 1
    outer loop
      vertex -50 39.4641 30
      vertex -51.3 37.2124 30
      vertex -51.197 37.1468 30
    endloop
  endfacet
  facet normal 0 0 1
    outer loop
      vertex -51.6377 37.3523 30
      vertex -50.9647 39.8637 30
      vertex -51.3054 39.9392 30
    endloop
  endfacet
  facet normal 0 0 1
    outer loop
      vertex -50.3095 39.6252 30
      vertex -51.4083 37.2688 30
      vertex -51.3 37.2124 30
    endloop
  endfacet
  facet normal 0 0 1
    outer loop
      vertex -50.6319 39.7588 30
      vertex -51.5212 37.3156 30
      vertex -51.4083 37.2688 30
    endloop
  endfacet
  facet normal 0 0 1
    outer loop
      vertex -50.9647 39.8637 30
      vertex -51.6377 37.3523 30
      vertex -51.5212 37.3156 30
    endloop
  endfacet
  facet normal 0 0 1
    outer loop
      vertex -51.7569 37.3787 30
      vertex -51.3054 39.9392 30
      vertex -51.6514 39.9848 30
    endloop
  endfacet
  facet normal 0 0 1
    outer loop
      vertex -51.3054 39.9392 30
      vertex -51.7569 37.3787 30
      vertex -51.6377 37.3523 30
    endloop
  endfacet
  facet normal 0 0 1
    outer loop
      vertex -51.6514 39.9848 30
      vertex -51.878 37.3947 30
      vertex -51.7569 37.3787 30
    endloop
  endfacet
  facet normal 0 0 1
    outer loop
      vertex -52 40 30
      vertex -51.878 37.3947 30
      vertex -51.6514 39.9848 30
    endloop
  endfacet
  facet normal 0 0 1
    outer loop
      vertex -52 40 30
      vertex -52 37.4 30
      vertex -51.878 37.3947 30
    endloop
  endfacet
  facet normal 0 0 1
    outer loop
      vertex -52 40 30
      vertex -52.122 37.3947 30
      vertex -52 37.4 30
    endloop
  endfacet
  facet normal -0 0 1
    outer loop
      vertex -52.3486 39.9848 30
      vertex -52.122 37.3947 30
      vertex -52 40 30
    endloop
  endfacet
  facet normal 0 0 1
    outer loop
      vertex -52.122 37.3947 30
      vertex -52.3486 39.9848 30
      vertex -52.2431 37.3787 30
    endloop
  endfacet
  facet normal -0 0 1
    outer loop
      vertex -52.6946 39.9392 30
      vertex -52.2431 37.3787 30
      vertex -52.3486 39.9848 30
    endloop
  endfacet
  facet normal 0 0 1
    outer loop
      vertex -52.2431 37.3787 30
      vertex -52.6946 39.9392 30
      vertex -52.3623 37.3523 30
    endloop
  endfacet
  facet normal -0 0 1
    outer loop
      vertex -53.0353 39.8637 30
      vertex -52.3623 37.3523 30
      vertex -52.6946 39.9392 30
    endloop
  endfacet
  facet normal 0 0 1
    outer loop
      vertex -52.3623 37.3523 30
      vertex -53.0353 39.8637 30
      vertex -52.4788 37.3156 30
    endloop
  endfacet
  facet normal -0 0 1
    outer loop
      vertex -53.3681 39.7588 30
      vertex -52.4788 37.3156 30
      vertex -53.0353 39.8637 30
    endloop
  endfacet
  facet normal 0 0 1
    outer loop
      vertex -52.4788 37.3156 30
      vertex -53.3681 39.7588 30
      vertex -52.5917 37.2688 30
    endloop
  endfacet
  facet normal -0 0 1
    outer loop
      vertex -53.6905 39.6252 30
      vertex -52.5917 37.2688 30
      vertex -53.3681 39.7588 30
    endloop
  endfacet
  facet normal 0 0 1
    outer loop
      vertex -52.5917 37.2688 30
      vertex -53.6905 39.6252 30
      vertex -52.7 37.2124 30
    endloop
  endfacet
  facet normal -0 0 1
    outer loop
      vertex -54 39.4641 30
      vertex -52.7 37.2124 30
      vertex -53.6905 39.6252 30
    endloop
  endfacet
  facet normal 0 0 1
    outer loop
      vertex -52.7 37.2124 30
      vertex -54 39.4641 30
      vertex -52.803 37.1468 30
    endloop
  endfacet
  facet normal -0 0 1
    outer loop
      vertex -54.2943 39.2766 30
      vertex -52.803 37.1468 30
      vertex -54 39.4641 30
    endloop
  endfacet
  facet normal 0 0 1
    outer loop
      vertex -52.803 37.1468 30
      vertex -54.2943 39.2766 30
      vertex -52.8999 37.0725 30
    endloop
  endfacet
  facet normal -0 0 1
    outer loop
      vertex -54.5712 39.0642 30
      vertex -52.8999 37.0725 30
      vertex -54.2943 39.2766 30
    endloop
  endfacet
  facet normal 0 0 1
    outer loop
      vertex -52.8999 37.0725 30
      vertex -54.5712 39.0642 30
      vertex -52.9899 36.9899 30
    endloop
  endfacet
  facet normal -0 0 1
    outer loop
      vertex -54.8284 38.8284 30
      vertex -52.9899 36.9899 30
      vertex -54.5712 39.0642 30
    endloop
  endfacet
  facet normal 0 0 1
    outer loop
      vertex -52.9899 36.9899 30
      vertex -54.8284 38.8284 30
      vertex -53.0725 36.8999 30
    endloop
  endfacet
  facet normal -0 0 1
    outer loop
      vertex -55.0642 38.5712 30
      vertex -53.0725 36.8999 30
      vertex -54.8284 38.8284 30
    endloop
  endfacet
  facet normal 0 0 1
    outer loop
      vertex -53.0725 36.8999 30
      vertex -55.0642 38.5712 30
      vertex -53.1468 36.803 30
    endloop
  endfacet
  facet normal -0 0 1
    outer loop
      vertex -55.2766 38.2943 30
      vertex -53.1468 36.803 30
      vertex -55.0642 38.5712 30
    endloop
  endfacet
  facet normal 0 0 1
    outer loop
      vertex -53.1468 36.803 30
      vertex -55.2766 38.2943 30
      vertex -53.2124 36.7 30
    endloop
  endfacet
  facet normal -0 0 1
    outer loop
      vertex -50.8532 35.197 30
      vertex -48.7234 33.7057 30
      vertex -50.7876 35.3 30
    endloop
  endfacet
  facet normal 0 0 1
    outer loop
      vertex -48.7234 33.7057 30
      vertex -50.8532 35.197 30
      vertex -48.9358 33.4288 30
    endloop
  endfacet
  facet normal -0 0 1
    outer loop
      vertex -50.9275 35.1001 30
      vertex -48.9358 33.4288 30
      vertex -50.8532 35.197 30
    endloop
  endfacet
  facet normal 0 0 1
    outer loop
      vertex -48.9358 33.4288 30
      vertex -50.9275 35.1001 30
      vertex -49.1716 33.1716 30
    endloop
  endfacet
  facet normal -0 0 1
    outer loop
      vertex -51.01 35.01 30
      vertex -49.1716 33.1716 30
      vertex -50.9275 35.1001 30
    endloop
  endfacet
  facet normal 0 0 1
    outer loop
      vertex -49.1716 33.1716 30
      vertex -51.01 35.01 30
      vertex -49.4288 32.9358 30
    endloop
  endfacet
  facet normal -0 0 1
    outer loop
      vertex -51.1001 34.9275 30
      vertex -49.4288 32.9358 30
      vertex -51.01 35.01 30
    endloop
  endfacet
  facet normal 0 0 1
    outer loop
      vertex -49.4288 32.9358 30
      vertex -51.1001 34.9275 30
      vertex -49.7057 32.7234 30
    endloop
  endfacet
  facet normal -0 0 1
    outer loop
      vertex -51.197 34.8532 30
      vertex -49.7057 32.7234 30
      vertex -51.1001 34.9275 30
    endloop
  endfacet
  facet normal 0 0 1
    outer loop
      vertex -49.7057 32.7234 30
      vertex -51.197 34.8532 30
      vertex -50 32.5359 30
    endloop
  endfacet
  facet normal -0 0 1
    outer loop
      vertex -51.3 34.7876 30
      vertex -50 32.5359 30
      vertex -51.197 34.8532 30
    endloop
  endfacet
  facet normal 0 0 1
    outer loop
      vertex -50 32.5359 30
      vertex -51.3 34.7876 30
      vertex -50.3095 32.3748 30
    endloop
  endfacet
  facet normal -0 0 1
    outer loop
      vertex -51.4083 34.7312 30
      vertex -50.3095 32.3748 30
      vertex -51.3 34.7876 30
    endloop
  endfacet
  facet normal 0 0 1
    outer loop
      vertex -50.3095 32.3748 30
      vertex -51.4083 34.7312 30
      vertex -50.6319 32.2412 30
    endloop
  endfacet
  facet normal -0 0 1
    outer loop
      vertex -51.5212 34.6844 30
      vertex -50.6319 32.2412 30
      vertex -51.4083 34.7312 30
    endloop
  endfacet
  facet normal 0 0 1
    outer loop
      vertex -50.6319 32.2412 30
      vertex -51.5212 34.6844 30
      vertex -50.9647 32.1363 30
    endloop
  endfacet
  facet normal -0 0 1
    outer loop
      vertex -51.6377 34.6477 30
      vertex -50.9647 32.1363 30
      vertex -51.5212 34.6844 30
    endloop
  endfacet
  facet normal 0 0 1
    outer loop
      vertex -50.9647 32.1363 30
      vertex -51.6377 34.6477 30
      vertex -51.3054 32.0608 30
    endloop
  endfacet
  facet normal -0 0 1
    outer loop
      vertex -51.7569 34.6213 30
      vertex -51.3054 32.0608 30
      vertex -51.6377 34.6477 30
    endloop
  endfacet
  facet normal 0 0 1
    outer loop
      vertex -51.3054 32.0608 30
      vertex -51.7569 34.6213 30
      vertex -51.6514 32.0152 30
    endloop
  endfacet
  facet normal -0 0 1
    outer loop
      vertex -51.878 34.6053 30
      vertex -51.6514 32.0152 30
      vertex -51.7569 34.6213 30
    endloop
  endfacet
  facet normal -0 0 1
    outer loop
      vertex -52 34.6 30
      vertex -51.6514 32.0152 30
      vertex -51.878 34.6053 30
    endloop
  endfacet
  facet normal 0 0 1
    outer loop
      vertex -52 34.6 30
      vertex -52 32 30
      vertex -51.6514 32.0152 30
    endloop
  endfacet
  facet normal 0 0 1
    outer loop
      vertex -52.122 34.6053 30
      vertex -52 32 30
      vertex -52 34.6 30
    endloop
  endfacet
  facet normal 0 0 1
    outer loop
      vertex -52.3486 32.0152 30
      vertex -52.122 34.6053 30
      vertex -52.2431 34.6213 30
    endloop
  endfacet
  facet normal 0 0 1
    outer loop
      vertex -52.122 34.6053 30
      vertex -52.3486 32.0152 30
      vertex -52 32 30
    endloop
  endfacet
  facet normal 0 0 1
    outer loop
      vertex -52.6946 32.0608 30
      vertex -52.2431 34.6213 30
      vertex -52.3623 34.6477 30
    endloop
  endfacet
  facet normal 0 0 1
    outer loop
      vertex -53.0353 32.1363 30
      vertex -52.3623 34.6477 30
      vertex -52.4788 34.6844 30
    endloop
  endfacet
  facet normal 0 0 1
    outer loop
      vertex -53.3681 32.2412 30
      vertex -52.4788 34.6844 30
      vertex -52.5917 34.7312 30
    endloop
  endfacet
  facet normal 0 0 1
    outer loop
      vertex -52.2431 34.6213 30
      vertex -52.6946 32.0608 30
      vertex -52.3486 32.0152 30
    endloop
  endfacet
  facet normal 0 0 1
    outer loop
      vertex -53.6905 32.3748 30
      vertex -52.5917 34.7312 30
      vertex -52.7 34.7876 30
    endloop
  endfacet
  facet normal 0 0 1
    outer loop
      vertex -54 32.5359 30
      vertex -52.7 34.7876 30
      vertex -52.803 34.8532 30
    endloop
  endfacet
  facet normal 0 0 1
    outer loop
      vertex -54.2943 32.7234 30
      vertex -52.803 34.8532 30
      vertex -52.8999 34.9275 30
    endloop
  endfacet
  facet normal 0 0 1
    outer loop
      vertex -54.5712 32.9358 30
      vertex -52.8999 34.9275 30
      vertex -52.9899 35.01 30
    endloop
  endfacet
  facet normal 0 0 1
    outer loop
      vertex -52.3623 34.6477 30
      vertex -53.0353 32.1363 30
      vertex -52.6946 32.0608 30
    endloop
  endfacet
  facet normal 0 0 1
    outer loop
      vertex -54.8284 33.1716 30
      vertex -52.9899 35.01 30
      vertex -53.0725 35.1001 30
    endloop
  endfacet
  facet normal 0 0 1
    outer loop
      vertex -55.0642 33.4288 30
      vertex -53.0725 35.1001 30
      vertex -53.1468 35.197 30
    endloop
  endfacet
  facet normal 0 0 1
    outer loop
      vertex -55.2766 33.7057 30
      vertex -53.1468 35.197 30
      vertex -53.2124 35.3 30
    endloop
  endfacet
  facet normal 0 0 1
    outer loop
      vertex -55.4641 34 30
      vertex -53.2124 35.3 30
      vertex -53.2688 35.4083 30
    endloop
  endfacet
  facet normal 0 0 1
    outer loop
      vertex -55.6252 34.3095 30
      vertex -53.2688 35.4083 30
      vertex -53.3156 35.5212 30
    endloop
  endfacet
  facet normal 0 0 1
    outer loop
      vertex -55.7588 34.6319 30
      vertex -53.3156 35.5212 30
      vertex -53.3523 35.6377 30
    endloop
  endfacet
  facet normal 0 0 1
    outer loop
      vertex -52.4788 34.6844 30
      vertex -53.3681 32.2412 30
      vertex -53.0353 32.1363 30
    endloop
  endfacet
  facet normal 0 0 1
    outer loop
      vertex -55.8637 34.9647 30
      vertex -53.3523 35.6377 30
      vertex -53.3787 35.7569 30
    endloop
  endfacet
  facet normal 0 0 1
    outer loop
      vertex -55.9392 35.3054 30
      vertex -53.3787 35.7569 30
      vertex -53.3947 35.878 30
    endloop
  endfacet
  facet normal 0 0 1
    outer loop
      vertex -55.9848 35.6514 30
      vertex -53.3947 35.878 30
      vertex -53.4 36 30
    endloop
  endfacet
  facet normal -0 0 1
    outer loop
      vertex -55.4641 38 30
      vertex -53.2124 36.7 30
      vertex -55.2766 38.2943 30
    endloop
  endfacet
  facet normal 0 0 1
    outer loop
      vertex -52.5917 34.7312 30
      vertex -53.6905 32.3748 30
      vertex -53.3681 32.2412 30
    endloop
  endfacet
  facet normal 0 0 1
    outer loop
      vertex -53.2124 36.7 30
      vertex -55.4641 38 30
      vertex -53.2688 36.5917 30
    endloop
  endfacet
  facet normal 0 0 1
    outer loop
      vertex -52.7 34.7876 30
      vertex -54 32.5359 30
      vertex -53.6905 32.3748 30
    endloop
  endfacet
  facet normal -0 0 1
    outer loop
      vertex -55.6252 37.6905 30
      vertex -53.2688 36.5917 30
      vertex -55.4641 38 30
    endloop
  endfacet
  facet normal 0 0 1
    outer loop
      vertex -52.803 34.8532 30
      vertex -54.2943 32.7234 30
      vertex -54 32.5359 30
    endloop
  endfacet
  facet normal 0 0 1
    outer loop
      vertex -53.2688 36.5917 30
      vertex -55.6252 37.6905 30
      vertex -53.3156 36.4788 30
    endloop
  endfacet
  facet normal 0 0 1
    outer loop
      vertex -52.8999 34.9275 30
      vertex -54.5712 32.9358 30
      vertex -54.2943 32.7234 30
    endloop
  endfacet
  facet normal -0 0 1
    outer loop
      vertex -55.7588 37.3681 30
      vertex -53.3156 36.4788 30
      vertex -55.6252 37.6905 30
    endloop
  endfacet
  facet normal 0 0 1
    outer loop
      vertex -52.9899 35.01 30
      vertex -54.8284 33.1716 30
      vertex -54.5712 32.9358 30
    endloop
  endfacet
  facet normal 0 0 1
    outer loop
      vertex -53.3156 36.4788 30
      vertex -55.7588 37.3681 30
      vertex -53.3523 36.3623 30
    endloop
  endfacet
  facet normal 0 0 1
    outer loop
      vertex -53.0725 35.1001 30
      vertex -55.0642 33.4288 30
      vertex -54.8284 33.1716 30
    endloop
  endfacet
  facet normal -0 0 1
    outer loop
      vertex -55.8637 37.0353 30
      vertex -53.3523 36.3623 30
      vertex -55.7588 37.3681 30
    endloop
  endfacet
  facet normal 0 0 1
    outer loop
      vertex -53.1468 35.197 30
      vertex -55.2766 33.7057 30
      vertex -55.0642 33.4288 30
    endloop
  endfacet
  facet normal 0 0 1
    outer loop
      vertex -53.3523 36.3623 30
      vertex -55.8637 37.0353 30
      vertex -53.3787 36.2431 30
    endloop
  endfacet
  facet normal 0 0 1
    outer loop
      vertex -53.2124 35.3 30
      vertex -55.4641 34 30
      vertex -55.2766 33.7057 30
    endloop
  endfacet
  facet normal -0 0 1
    outer loop
      vertex -55.9392 36.6946 30
      vertex -53.3787 36.2431 30
      vertex -55.8637 37.0353 30
    endloop
  endfacet
  facet normal 0 0 1
    outer loop
      vertex -53.2688 35.4083 30
      vertex -55.6252 34.3095 30
      vertex -55.4641 34 30
    endloop
  endfacet
  facet normal 0 0 1
    outer loop
      vertex -53.3787 36.2431 30
      vertex -55.9392 36.6946 30
      vertex -53.3947 36.122 30
    endloop
  endfacet
  facet normal 0 0 1
    outer loop
      vertex -53.3156 35.5212 30
      vertex -55.7588 34.6319 30
      vertex -55.6252 34.3095 30
    endloop
  endfacet
  facet normal -0 0 1
    outer loop
      vertex -55.9848 36.3486 30
      vertex -53.3947 36.122 30
      vertex -55.9392 36.6946 30
    endloop
  endfacet
  facet normal 0 0 1
    outer loop
      vertex -53.3523 35.6377 30
      vertex -55.8637 34.9647 30
      vertex -55.7588 34.6319 30
    endloop
  endfacet
  facet normal 0 0 1
    outer loop
      vertex -53.3947 36.122 30
      vertex -55.9848 36.3486 30
      vertex -53.4 36 30
    endloop
  endfacet
  facet normal 0 0 1
    outer loop
      vertex -53.3787 35.7569 30
      vertex -55.9392 35.3054 30
      vertex -55.8637 34.9647 30
    endloop
  endfacet
  facet normal 0 0 1
    outer loop
      vertex -56 36 30
      vertex -53.4 36 30
      vertex -55.9848 36.3486 30
    endloop
  endfacet
  facet normal 0 0 1
    outer loop
      vertex -53.3947 35.878 30
      vertex -55.9848 35.6514 30
      vertex -55.9392 35.3054 30
    endloop
  endfacet
  facet normal 0 0 1
    outer loop
      vertex -53.4 36 30
      vertex -56 36 30
      vertex -55.9848 35.6514 30
    endloop
  endfacet
  facet normal -0.461714 0.887029 0
    outer loop
      vertex -53.6905 39.6252 18
      vertex -54 39.4641 30
      vertex -53.6905 39.6252 30
    endloop
  endfacet
  facet normal -0.461714 0.887029 0
    outer loop
      vertex -54 39.4641 30
      vertex -53.6905 39.6252 18
      vertex -54 39.4641 18
    endloop
  endfacet
  facet normal -0.53732 0.843378 0
    outer loop
      vertex -54 39.4641 18
      vertex -54.2943 39.2766 30
      vertex -54 39.4641 30
    endloop
  endfacet
  facet normal -0.53732 0.843378 0
    outer loop
      vertex -54.2943 39.2766 30
      vertex -54 39.4641 18
      vertex -54.2943 39.2766 18
    endloop
  endfacet
  facet normal -0.60863 0.793454 0
    outer loop
      vertex -54.2943 39.2766 18
      vertex -54.5712 39.0642 30
      vertex -54.2943 39.2766 30
    endloop
  endfacet
  facet normal -0.60863 0.793454 0
    outer loop
      vertex -54.5712 39.0642 30
      vertex -54.2943 39.2766 18
      vertex -54.5712 39.0642 18
    endloop
  endfacet
  facet normal -0.0435616 0.999051 0
    outer loop
      vertex -52 40 18
      vertex -52.3486 39.9848 30
      vertex -52 40 30
    endloop
  endfacet
  facet normal -0.0435616 0.999051 0
    outer loop
      vertex -52.3486 39.9848 30
      vertex -52 40 18
      vertex -52.3486 39.9848 18
    endloop
  endfacet
  facet normal 0.382824 -0.923821 0
    outer loop
      vertex -50.6319 32.2412 18
      vertex -50.3095 32.3748 30
      vertex -50.6319 32.2412 30
    endloop
  endfacet
  facet normal 0.382824 -0.923821 0
    outer loop
      vertex -50.3095 32.3748 30
      vertex -50.6319 32.2412 18
      vertex -50.3095 32.3748 18
    endloop
  endfacet
  facet normal 0.793454 0.60863 0
    outer loop
      vertex -48.7234 38.2943 30
      vertex -48.9358 38.5712 18
      vertex -48.9358 38.5712 30
    endloop
  endfacet
  facet normal 0.793454 0.60863 0
    outer loop
      vertex -48.9358 38.5712 18
      vertex -48.7234 38.2943 30
      vertex -48.7234 38.2943 18
    endloop
  endfacet
  facet normal 0.887029 0.461714 0
    outer loop
      vertex -48.3748 37.6905 30
      vertex -48.5359 38 18
      vertex -48.5359 38 30
    endloop
  endfacet
  facet normal 0.887029 0.461714 0
    outer loop
      vertex -48.5359 38 18
      vertex -48.3748 37.6905 30
      vertex -48.3748 37.6905 18
    endloop
  endfacet
  facet normal -0.953743 0.300624 0
    outer loop
      vertex -55.8637 37.0353 18
      vertex -55.7588 37.3681 30
      vertex -55.7588 37.3681 18
    endloop
  endfacet
  facet normal -0.953743 0.300624 0
    outer loop
      vertex -55.7588 37.3681 30
      vertex -55.8637 37.0353 18
      vertex -55.8637 37.0353 30
    endloop
  endfacet
  facet normal -0.216354 0.976315 0
    outer loop
      vertex -52.6946 39.9392 18
      vertex -53.0353 39.8637 30
      vertex -52.6946 39.9392 30
    endloop
  endfacet
  facet normal -0.216354 0.976315 0
    outer loop
      vertex -53.0353 39.8637 30
      vertex -52.6946 39.9392 18
      vertex -53.0353 39.8637 18
    endloop
  endfacet
  facet normal -0.300624 0.953743 0
    outer loop
      vertex -53.0353 39.8637 18
      vertex -53.3681 39.7588 30
      vertex -53.0353 39.8637 30
    endloop
  endfacet
  facet normal -0.300624 0.953743 0
    outer loop
      vertex -53.3681 39.7588 30
      vertex -53.0353 39.8637 18
      vertex -53.3681 39.7588 18
    endloop
  endfacet
  facet normal 0.999051 -0.0435616 0
    outer loop
      vertex -48.0152 35.6514 30
      vertex -48 36 18
      vertex -48 36 30
    endloop
  endfacet
  facet normal 0.999051 -0.0435616 0
    outer loop
      vertex -48 36 18
      vertex -48.0152 35.6514 30
      vertex -48.0152 35.6514 18
    endloop
  endfacet
  facet normal 0.887029 -0.461714 0
    outer loop
      vertex -48.5359 34 30
      vertex -48.3748 34.3095 18
      vertex -48.3748 34.3095 30
    endloop
  endfacet
  facet normal 0.887029 -0.461714 0
    outer loop
      vertex -48.3748 34.3095 18
      vertex -48.5359 34 30
      vertex -48.5359 34 18
    endloop
  endfacet
  facet normal 0.793454 -0.60863 0
    outer loop
      vertex -48.9358 33.4288 30
      vertex -48.7234 33.7057 18
      vertex -48.7234 33.7057 30
    endloop
  endfacet
  facet normal 0.793454 -0.60863 0
    outer loop
      vertex -48.7234 33.7057 18
      vertex -48.9358 33.4288 30
      vertex -48.9358 33.4288 18
    endloop
  endfacet
  facet normal 0.976315 -0.216354 0
    outer loop
      vertex -48.1363 34.9647 30
      vertex -48.0608 35.3054 18
      vertex -48.0608 35.3054 30
    endloop
  endfacet
  facet normal 0.976315 -0.216354 0
    outer loop
      vertex -48.0608 35.3054 18
      vertex -48.1363 34.9647 30
      vertex -48.1363 34.9647 18
    endloop
  endfacet
  facet normal -0.737107 -0.675777 0
    outer loop
      vertex -54.8284 33.1716 18
      vertex -55.0642 33.4288 30
      vertex -55.0642 33.4288 18
    endloop
  endfacet
  facet normal -0.737107 -0.675777 0
    outer loop
      vertex -55.0642 33.4288 30
      vertex -54.8284 33.1716 18
      vertex -54.8284 33.1716 30
    endloop
  endfacet
  facet normal -0.999051 -0.0435616 0
    outer loop
      vertex -55.9848 35.6514 18
      vertex -56 36 30
      vertex -56 36 18
    endloop
  endfacet
  facet normal -0.999051 -0.0435616 0
    outer loop
      vertex -56 36 30
      vertex -55.9848 35.6514 18
      vertex -55.9848 35.6514 30
    endloop
  endfacet
  facet normal 0.216354 -0.976315 0
    outer loop
      vertex -51.3054 32.0608 18
      vertex -50.9647 32.1363 30
      vertex -51.3054 32.0608 30
    endloop
  endfacet
  facet normal 0.216354 -0.976315 0
    outer loop
      vertex -50.9647 32.1363 30
      vertex -51.3054 32.0608 18
      vertex -50.9647 32.1363 18
    endloop
  endfacet
  facet normal 0.991427 -0.130662 0
    outer loop
      vertex -48.0608 35.3054 30
      vertex -48.0152 35.6514 18
      vertex -48.0152 35.6514 30
    endloop
  endfacet
  facet normal 0.991427 -0.130662 0
    outer loop
      vertex -48.0152 35.6514 18
      vertex -48.0608 35.3054 30
      vertex -48.0608 35.3054 18
    endloop
  endfacet
  facet normal 0.675777 -0.737107 0
    outer loop
      vertex -49.4288 32.9358 18
      vertex -49.1716 33.1716 30
      vertex -49.4288 32.9358 30
    endloop
  endfacet
  facet normal 0.675777 -0.737107 0
    outer loop
      vertex -49.1716 33.1716 30
      vertex -49.4288 32.9358 18
      vertex -49.1716 33.1716 18
    endloop
  endfacet
  facet normal 0.737107 -0.675777 0
    outer loop
      vertex -49.1716 33.1716 30
      vertex -48.9358 33.4288 18
      vertex -48.9358 33.4288 30
    endloop
  endfacet
  facet normal 0.737107 -0.675777 0
    outer loop
      vertex -48.9358 33.4288 18
      vertex -49.1716 33.1716 30
      vertex -49.1716 33.1716 18
    endloop
  endfacet
  facet normal 0.461714 -0.887029 0
    outer loop
      vertex -50.3095 32.3748 18
      vertex -50 32.5359 30
      vertex -50.3095 32.3748 30
    endloop
  endfacet
  facet normal 0.461714 -0.887029 0
    outer loop
      vertex -50 32.5359 30
      vertex -50.3095 32.3748 18
      vertex -50 32.5359 18
    endloop
  endfacet
  facet normal 0.60863 -0.793454 0
    outer loop
      vertex -49.7057 32.7234 18
      vertex -49.4288 32.9358 30
      vertex -49.7057 32.7234 30
    endloop
  endfacet
  facet normal 0.60863 -0.793454 0
    outer loop
      vertex -49.4288 32.9358 30
      vertex -49.7057 32.7234 18
      vertex -49.4288 32.9358 18
    endloop
  endfacet
  facet normal 0.843378 -0.53732 0
    outer loop
      vertex -48.7234 33.7057 30
      vertex -48.5359 34 18
      vertex -48.5359 34 30
    endloop
  endfacet
  facet normal 0.843378 -0.53732 0
    outer loop
      vertex -48.5359 34 18
      vertex -48.7234 33.7057 30
      vertex -48.7234 33.7057 18
    endloop
  endfacet
  facet normal -0.216354 -0.976315 0
    outer loop
      vertex -53.0353 32.1363 18
      vertex -52.6946 32.0608 30
      vertex -53.0353 32.1363 30
    endloop
  endfacet
  facet normal -0.216354 -0.976315 -0
    outer loop
      vertex -52.6946 32.0608 30
      vertex -53.0353 32.1363 18
      vertex -52.6946 32.0608 18
    endloop
  endfacet
  facet normal -0.130662 -0.991427 0
    outer loop
      vertex -52.6946 32.0608 18
      vertex -52.3486 32.0152 30
      vertex -52.6946 32.0608 30
    endloop
  endfacet
  facet normal -0.130662 -0.991427 -0
    outer loop
      vertex -52.3486 32.0152 30
      vertex -52.6946 32.0608 18
      vertex -52.3486 32.0152 18
    endloop
  endfacet
  facet normal -0.675777 -0.737107 0
    outer loop
      vertex -54.8284 33.1716 18
      vertex -54.5712 32.9358 30
      vertex -54.8284 33.1716 30
    endloop
  endfacet
  facet normal -0.675777 -0.737107 -0
    outer loop
      vertex -54.5712 32.9358 30
      vertex -54.8284 33.1716 18
      vertex -54.5712 32.9358 18
    endloop
  endfacet
  facet normal -0.793454 -0.60863 0
    outer loop
      vertex -55.0642 33.4288 18
      vertex -55.2766 33.7057 30
      vertex -55.2766 33.7057 18
    endloop
  endfacet
  facet normal -0.793454 -0.60863 0
    outer loop
      vertex -55.2766 33.7057 30
      vertex -55.0642 33.4288 18
      vertex -55.0642 33.4288 30
    endloop
  endfacet
  facet normal -0.923821 -0.382824 0
    outer loop
      vertex -55.6252 34.3095 18
      vertex -55.7588 34.6319 30
      vertex -55.7588 34.6319 18
    endloop
  endfacet
  facet normal -0.923821 -0.382824 0
    outer loop
      vertex -55.7588 34.6319 30
      vertex -55.6252 34.3095 18
      vertex -55.6252 34.3095 30
    endloop
  endfacet
  facet normal -0.976315 -0.216354 0
    outer loop
      vertex -55.8637 34.9647 18
      vertex -55.9392 35.3054 30
      vertex -55.9392 35.3054 18
    endloop
  endfacet
  facet normal -0.976315 -0.216354 0
    outer loop
      vertex -55.9392 35.3054 30
      vertex -55.8637 34.9647 18
      vertex -55.8637 34.9647 30
    endloop
  endfacet
  facet normal -0.991427 -0.130662 0
    outer loop
      vertex -55.9392 35.3054 18
      vertex -55.9848 35.6514 30
      vertex -55.9848 35.6514 18
    endloop
  endfacet
  facet normal -0.991427 -0.130662 0
    outer loop
      vertex -55.9848 35.6514 30
      vertex -55.9392 35.3054 18
      vertex -55.9392 35.3054 30
    endloop
  endfacet
  facet normal 0.53732 -0.843378 0
    outer loop
      vertex -50 32.5359 18
      vertex -49.7057 32.7234 30
      vertex -50 32.5359 30
    endloop
  endfacet
  facet normal 0.53732 -0.843378 0
    outer loop
      vertex -49.7057 32.7234 30
      vertex -50 32.5359 18
      vertex -49.7057 32.7234 18
    endloop
  endfacet
  facet normal 0.953743 -0.300624 0
    outer loop
      vertex -48.2412 34.6319 30
      vertex -48.1363 34.9647 18
      vertex -48.1363 34.9647 30
    endloop
  endfacet
  facet normal 0.953743 -0.300624 0
    outer loop
      vertex -48.1363 34.9647 18
      vertex -48.2412 34.6319 30
      vertex -48.2412 34.6319 18
    endloop
  endfacet
  facet normal -0.0435616 -0.999051 0
    outer loop
      vertex -52.3486 32.0152 18
      vertex -52 32 30
      vertex -52.3486 32.0152 30
    endloop
  endfacet
  facet normal -0.0435616 -0.999051 -0
    outer loop
      vertex -52 32 30
      vertex -52.3486 32.0152 18
      vertex -52 32 18
    endloop
  endfacet
  facet normal -0.60863 -0.793454 0
    outer loop
      vertex -54.5712 32.9358 18
      vertex -54.2943 32.7234 30
      vertex -54.5712 32.9358 30
    endloop
  endfacet
  facet normal -0.60863 -0.793454 -0
    outer loop
      vertex -54.2943 32.7234 30
      vertex -54.5712 32.9358 18
      vertex -54.2943 32.7234 18
    endloop
  endfacet
  facet normal -0.461714 -0.887029 0
    outer loop
      vertex -54 32.5359 18
      vertex -53.6905 32.3748 30
      vertex -54 32.5359 30
    endloop
  endfacet
  facet normal -0.461714 -0.887029 -0
    outer loop
      vertex -53.6905 32.3748 30
      vertex -54 32.5359 18
      vertex -53.6905 32.3748 18
    endloop
  endfacet
  facet normal -0.53732 -0.843378 0
    outer loop
      vertex -54.2943 32.7234 18
      vertex -54 32.5359 30
      vertex -54.2943 32.7234 30
    endloop
  endfacet
  facet normal -0.53732 -0.843378 -0
    outer loop
      vertex -54 32.5359 30
      vertex -54.2943 32.7234 18
      vertex -54 32.5359 18
    endloop
  endfacet
  facet normal -0.382824 -0.923821 0
    outer loop
      vertex -53.6905 32.3748 18
      vertex -53.3681 32.2412 30
      vertex -53.6905 32.3748 30
    endloop
  endfacet
  facet normal -0.382824 -0.923821 -0
    outer loop
      vertex -53.3681 32.2412 30
      vertex -53.6905 32.3748 18
      vertex -53.3681 32.2412 18
    endloop
  endfacet
  facet normal -0.300624 -0.953743 0
    outer loop
      vertex -53.3681 32.2412 18
      vertex -53.0353 32.1363 30
      vertex -53.3681 32.2412 30
    endloop
  endfacet
  facet normal -0.300624 -0.953743 -0
    outer loop
      vertex -53.0353 32.1363 30
      vertex -53.3681 32.2412 18
      vertex -53.0353 32.1363 18
    endloop
  endfacet
  facet normal -0.887029 -0.461714 0
    outer loop
      vertex -55.4641 34 18
      vertex -55.6252 34.3095 30
      vertex -55.6252 34.3095 18
    endloop
  endfacet
  facet normal -0.887029 -0.461714 0
    outer loop
      vertex -55.6252 34.3095 30
      vertex -55.4641 34 18
      vertex -55.4641 34 30
    endloop
  endfacet
  facet normal -0.953743 -0.300624 0
    outer loop
      vertex -55.7588 34.6319 18
      vertex -55.8637 34.9647 30
      vertex -55.8637 34.9647 18
    endloop
  endfacet
  facet normal -0.953743 -0.300624 0
    outer loop
      vertex -55.8637 34.9647 30
      vertex -55.7588 34.6319 18
      vertex -55.7588 34.6319 30
    endloop
  endfacet
  facet normal 0.300624 -0.953743 0
    outer loop
      vertex -50.9647 32.1363 18
      vertex -50.6319 32.2412 30
      vertex -50.9647 32.1363 30
    endloop
  endfacet
  facet normal 0.300624 -0.953743 0
    outer loop
      vertex -50.6319 32.2412 30
      vertex -50.9647 32.1363 18
      vertex -50.6319 32.2412 18
    endloop
  endfacet
  facet normal -0.843378 -0.53732 0
    outer loop
      vertex -55.2766 33.7057 18
      vertex -55.4641 34 30
      vertex -55.4641 34 18
    endloop
  endfacet
  facet normal -0.843378 -0.53732 0
    outer loop
      vertex -55.4641 34 30
      vertex -55.2766 33.7057 18
      vertex -55.2766 33.7057 30
    endloop
  endfacet
  facet normal -0.999058 -0.0434017 0
    outer loop
      vertex -50.6 36 18
      vertex -50.6053 36.122 30
      vertex -50.6053 36.122 18
    endloop
  endfacet
  facet normal -0.999058 -0.0434017 0
    outer loop
      vertex -50.6053 36.122 30
      vertex -50.6 36 18
      vertex -50.6 36 30
    endloop
  endfacet
  facet normal 0.0434017 -0.999058 0
    outer loop
      vertex -52.122 37.3947 18
      vertex -52 37.4 30
      vertex -52.122 37.3947 30
    endloop
  endfacet
  facet normal 0.0434017 -0.999058 0
    outer loop
      vertex -52 37.4 30
      vertex -52.122 37.3947 18
      vertex -52 37.4 18
    endloop
  endfacet
  facet normal -0.675762 -0.73712 0
    outer loop
      vertex -51.1001 37.0725 18
      vertex -51.01 36.9899 30
      vertex -51.1001 37.0725 30
    endloop
  endfacet
  facet normal -0.675762 -0.73712 -0
    outer loop
      vertex -51.01 36.9899 30
      vertex -51.1001 37.0725 18
      vertex -51.01 36.9899 18
    endloop
  endfacet
  facet normal 0.736746 -0.676169 0
    outer loop
      vertex -53.0725 36.8999 30
      vertex -52.9899 36.9899 18
      vertex -52.9899 36.9899 30
    endloop
  endfacet
  facet normal 0.736746 -0.676169 0
    outer loop
      vertex -52.9899 36.9899 18
      vertex -53.0725 36.8999 30
      vertex -53.0725 36.8999 18
    endloop
  endfacet
  facet normal 0.38293 -0.923777 0
    outer loop
      vertex -52.5917 37.2688 18
      vertex -52.4788 37.3156 30
      vertex -52.5917 37.2688 30
    endloop
  endfacet
  facet normal 0.38293 -0.923777 0
    outer loop
      vertex -52.4788 37.3156 30
      vertex -52.5917 37.2688 18
      vertex -52.4788 37.3156 18
    endloop
  endfacet
  facet normal 0.953793 0.300465 0
    outer loop
      vertex -53.3156 35.5212 30
      vertex -53.3523 35.6377 18
      vertex -53.3523 35.6377 30
    endloop
  endfacet
  facet normal 0.953793 0.300465 0
    outer loop
      vertex -53.3523 35.6377 18
      vertex -53.3156 35.5212 30
      vertex -53.3156 35.5212 18
    endloop
  endfacet
  facet normal -0.923777 -0.38293 0
    outer loop
      vertex -50.6844 36.4788 18
      vertex -50.7312 36.5917 30
      vertex -50.7312 36.5917 18
    endloop
  endfacet
  facet normal -0.923777 -0.38293 0
    outer loop
      vertex -50.7312 36.5917 30
      vertex -50.6844 36.4788 18
      vertex -50.6844 36.4788 30
    endloop
  endfacet
  facet normal -0.300465 -0.953793 0
    outer loop
      vertex -51.6377 37.3523 18
      vertex -51.5212 37.3156 30
      vertex -51.6377 37.3523 30
    endloop
  endfacet
  facet normal -0.300465 -0.953793 -0
    outer loop
      vertex -51.5212 37.3156 30
      vertex -51.6377 37.3523 18
      vertex -51.5212 37.3156 18
    endloop
  endfacet
  facet normal 0.923777 -0.38293 0
    outer loop
      vertex -53.3156 36.4788 30
      vertex -53.2688 36.5917 18
      vertex -53.2688 36.5917 30
    endloop
  endfacet
  facet normal 0.923777 -0.38293 0
    outer loop
      vertex -53.2688 36.5917 18
      vertex -53.3156 36.4788 30
      vertex -53.3156 36.4788 18
    endloop
  endfacet
  facet normal 0.886935 -0.461894 0
    outer loop
      vertex -53.2688 36.5917 30
      vertex -53.2124 36.7 18
      vertex -53.2124 36.7 30
    endloop
  endfacet
  facet normal 0.886935 -0.461894 0
    outer loop
      vertex -53.2124 36.7 18
      vertex -53.2688 36.5917 30
      vertex -53.2688 36.5917 18
    endloop
  endfacet
  facet normal 0.216237 -0.976341 0
    outer loop
      vertex -52.3623 37.3523 18
      vertex -52.2431 37.3787 30
      vertex -52.3623 37.3523 30
    endloop
  endfacet
  facet normal 0.216237 -0.976341 0
    outer loop
      vertex -52.2431 37.3787 30
      vertex -52.3623 37.3523 18
      vertex -52.2431 37.3787 18
    endloop
  endfacet
  facet normal -0.923777 0.38293 0
    outer loop
      vertex -50.7312 35.4083 18
      vertex -50.6844 35.5212 30
      vertex -50.6844 35.5212 18
    endloop
  endfacet
  facet normal -0.923777 0.38293 0
    outer loop
      vertex -50.6844 35.5212 30
      vertex -50.7312 35.4083 18
      vertex -50.7312 35.4083 30
    endloop
  endfacet
  facet normal -0.300465 0.953793 0
    outer loop
      vertex -51.5212 34.6844 18
      vertex -51.6377 34.6477 30
      vertex -51.5212 34.6844 30
    endloop
  endfacet
  facet normal -0.300465 0.953793 0
    outer loop
      vertex -51.6377 34.6477 30
      vertex -51.5212 34.6844 18
      vertex -51.6377 34.6477 18
    endloop
  endfacet
  facet normal -0.737528 0.675317 0
    outer loop
      vertex -51.01 35.01 18
      vertex -50.9275 35.1001 30
      vertex -50.9275 35.1001 18
    endloop
  endfacet
  facet normal -0.737528 0.675317 0
    outer loop
      vertex -50.9275 35.1001 30
      vertex -51.01 35.01 18
      vertex -51.01 35.01 30
    endloop
  endfacet
  facet normal 0.216237 0.976341 -0
    outer loop
      vertex -52.2431 34.6213 18
      vertex -52.3623 34.6477 30
      vertex -52.2431 34.6213 30
    endloop
  endfacet
  facet normal 0.216237 0.976341 0
    outer loop
      vertex -52.3623 34.6477 30
      vertex -52.2431 34.6213 18
      vertex -52.3623 34.6477 18
    endloop
  endfacet
  facet normal 0.73712 0.675762 0
    outer loop
      vertex -52.9899 35.01 30
      vertex -53.0725 35.1001 18
      vertex -53.0725 35.1001 30
    endloop
  endfacet
  facet normal 0.73712 0.675762 0
    outer loop
      vertex -53.0725 35.1001 18
      vertex -52.9899 35.01 30
      vertex -52.9899 35.01 18
    endloop
  endfacet
  facet normal -0.976341 -0.216237 0
    outer loop
      vertex -50.6213 36.2431 18
      vertex -50.6477 36.3623 30
      vertex -50.6477 36.3623 18
    endloop
  endfacet
  facet normal -0.976341 -0.216237 0
    outer loop
      vertex -50.6477 36.3623 30
      vertex -50.6213 36.2431 18
      vertex -50.6213 36.2431 30
    endloop
  endfacet
  facet normal -0.991384 -0.130984 0
    outer loop
      vertex -50.6053 36.122 18
      vertex -50.6213 36.2431 30
      vertex -50.6213 36.2431 18
    endloop
  endfacet
  facet normal -0.991384 -0.130984 0
    outer loop
      vertex -50.6213 36.2431 30
      vertex -50.6053 36.122 18
      vertex -50.6053 36.122 30
    endloop
  endfacet
  facet normal -0.953793 -0.300465 0
    outer loop
      vertex -50.6477 36.3623 18
      vertex -50.6844 36.4788 30
      vertex -50.6844 36.4788 18
    endloop
  endfacet
  facet normal -0.953793 -0.300465 0
    outer loop
      vertex -50.6844 36.4788 30
      vertex -50.6477 36.3623 18
      vertex -50.6477 36.3623 30
    endloop
  endfacet
  facet normal -0.886935 -0.461894 0
    outer loop
      vertex -50.7312 36.5917 18
      vertex -50.7876 36.7 30
      vertex -50.7876 36.7 18
    endloop
  endfacet
  facet normal -0.886935 -0.461894 0
    outer loop
      vertex -50.7876 36.7 30
      vertex -50.7312 36.5917 18
      vertex -50.7312 36.5917 30
    endloop
  endfacet
  facet normal -0.130984 -0.991384 0
    outer loop
      vertex -51.878 37.3947 18
      vertex -51.7569 37.3787 30
      vertex -51.878 37.3947 30
    endloop
  endfacet
  facet normal -0.130984 -0.991384 -0
    outer loop
      vertex -51.7569 37.3787 30
      vertex -51.878 37.3947 18
      vertex -51.7569 37.3787 18
    endloop
  endfacet
  facet normal -0.0434017 -0.999058 0
    outer loop
      vertex -52 37.4 18
      vertex -51.878 37.3947 30
      vertex -52 37.4 30
    endloop
  endfacet
  facet normal -0.0434017 -0.999058 -0
    outer loop
      vertex -51.878 37.3947 30
      vertex -52 37.4 18
      vertex -51.878 37.3947 18
    endloop
  endfacet
  facet normal -0.461894 -0.886935 0
    outer loop
      vertex -51.4083 37.2688 18
      vertex -51.3 37.2124 30
      vertex -51.4083 37.2688 30
    endloop
  endfacet
  facet normal -0.461894 -0.886935 -0
    outer loop
      vertex -51.3 37.2124 30
      vertex -51.4083 37.2688 18
      vertex -51.3 37.2124 18
    endloop
  endfacet
  facet normal -0.38293 -0.923777 0
    outer loop
      vertex -51.5212 37.3156 18
      vertex -51.4083 37.2688 30
      vertex -51.5212 37.3156 30
    endloop
  endfacet
  facet normal -0.38293 -0.923777 -0
    outer loop
      vertex -51.4083 37.2688 30
      vertex -51.5212 37.3156 18
      vertex -51.4083 37.2688 18
    endloop
  endfacet
  facet normal 0.991384 -0.130984 0
    outer loop
      vertex -53.3947 36.122 30
      vertex -53.3787 36.2431 18
      vertex -53.3787 36.2431 30
    endloop
  endfacet
  facet normal 0.991384 -0.130984 0
    outer loop
      vertex -53.3787 36.2431 18
      vertex -53.3947 36.122 30
      vertex -53.3947 36.122 18
    endloop
  endfacet
  facet normal 0.953793 -0.300465 0
    outer loop
      vertex -53.3523 36.3623 30
      vertex -53.3156 36.4788 18
      vertex -53.3156 36.4788 30
    endloop
  endfacet
  facet normal 0.953793 -0.300465 0
    outer loop
      vertex -53.3156 36.4788 18
      vertex -53.3523 36.3623 30
      vertex -53.3523 36.3623 18
    endloop
  endfacet
  facet normal 0.976341 -0.216237 0
    outer loop
      vertex -53.3787 36.2431 30
      vertex -53.3523 36.3623 18
      vertex -53.3523 36.3623 30
    endloop
  endfacet
  facet normal 0.976341 -0.216237 0
    outer loop
      vertex -53.3523 36.3623 18
      vertex -53.3787 36.2431 30
      vertex -53.3787 36.2431 18
    endloop
  endfacet
  facet normal 0.999058 -0.0434017 0
    outer loop
      vertex -53.4 36 30
      vertex -53.3947 36.122 18
      vertex -53.3947 36.122 30
    endloop
  endfacet
  facet normal 0.999058 -0.0434017 0
    outer loop
      vertex -53.3947 36.122 18
      vertex -53.4 36 30
      vertex -53.4 36 18
    endloop
  endfacet
  facet normal 0.608483 -0.793567 0
    outer loop
      vertex -52.8999 37.0725 18
      vertex -52.803 37.1468 30
      vertex -52.8999 37.0725 30
    endloop
  endfacet
  facet normal 0.608483 -0.793567 0
    outer loop
      vertex -52.803 37.1468 30
      vertex -52.8999 37.0725 18
      vertex -52.803 37.1468 18
    endloop
  endfacet
  facet normal 0.461894 -0.886935 0
    outer loop
      vertex -52.7 37.2124 18
      vertex -52.5917 37.2688 30
      vertex -52.7 37.2124 30
    endloop
  endfacet
  facet normal 0.461894 -0.886935 0
    outer loop
      vertex -52.5917 37.2688 30
      vertex -52.7 37.2124 18
      vertex -52.5917 37.2688 18
    endloop
  endfacet
  facet normal 0.130984 -0.991384 0
    outer loop
      vertex -52.2431 37.3787 18
      vertex -52.122 37.3947 30
      vertex -52.2431 37.3787 30
    endloop
  endfacet
  facet normal 0.130984 -0.991384 0
    outer loop
      vertex -52.122 37.3947 30
      vertex -52.2431 37.3787 18
      vertex -52.122 37.3947 18
    endloop
  endfacet
  facet normal -0.130984 0.991384 0
    outer loop
      vertex -51.7569 34.6213 18
      vertex -51.878 34.6053 30
      vertex -51.7569 34.6213 30
    endloop
  endfacet
  facet normal -0.130984 0.991384 0
    outer loop
      vertex -51.878 34.6053 30
      vertex -51.7569 34.6213 18
      vertex -51.878 34.6053 18
    endloop
  endfacet
  facet normal -0.461894 0.886935 0
    outer loop
      vertex -51.3 34.7876 18
      vertex -51.4083 34.7312 30
      vertex -51.3 34.7876 30
    endloop
  endfacet
  facet normal -0.461894 0.886935 0
    outer loop
      vertex -51.4083 34.7312 30
      vertex -51.3 34.7876 18
      vertex -51.4083 34.7312 18
    endloop
  endfacet
  facet normal -0.675317 0.737528 0
    outer loop
      vertex -51.01 35.01 18
      vertex -51.1001 34.9275 30
      vertex -51.01 35.01 30
    endloop
  endfacet
  facet normal -0.675317 0.737528 0
    outer loop
      vertex -51.1001 34.9275 30
      vertex -51.01 35.01 18
      vertex -51.1001 34.9275 18
    endloop
  endfacet
  facet normal -0.886935 0.461894 0
    outer loop
      vertex -50.7876 35.3 18
      vertex -50.7312 35.4083 30
      vertex -50.7312 35.4083 18
    endloop
  endfacet
  facet normal -0.886935 0.461894 0
    outer loop
      vertex -50.7312 35.4083 30
      vertex -50.7876 35.3 18
      vertex -50.7876 35.3 30
    endloop
  endfacet
  facet normal -0.991384 0.130984 0
    outer loop
      vertex -50.6213 35.7569 18
      vertex -50.6053 35.878 30
      vertex -50.6053 35.878 18
    endloop
  endfacet
  facet normal -0.991384 0.130984 0
    outer loop
      vertex -50.6053 35.878 30
      vertex -50.6213 35.7569 18
      vertex -50.6213 35.7569 30
    endloop
  endfacet
  facet normal -0.976341 0.216237 0
    outer loop
      vertex -50.6477 35.6377 18
      vertex -50.6213 35.7569 30
      vertex -50.6213 35.7569 18
    endloop
  endfacet
  facet normal -0.976341 0.216237 0
    outer loop
      vertex -50.6213 35.7569 30
      vertex -50.6477 35.6377 18
      vertex -50.6477 35.6377 30
    endloop
  endfacet
  facet normal -0.999058 0.0434017 0
    outer loop
      vertex -50.6053 35.878 18
      vertex -50.6 36 30
      vertex -50.6 36 18
    endloop
  endfacet
  facet normal -0.999058 0.0434017 0
    outer loop
      vertex -50.6 36 30
      vertex -50.6053 35.878 18
      vertex -50.6053 35.878 30
    endloop
  endfacet
  facet normal 0.461894 0.886935 -0
    outer loop
      vertex -52.5917 34.7312 18
      vertex -52.7 34.7876 30
      vertex -52.5917 34.7312 30
    endloop
  endfacet
  facet normal 0.461894 0.886935 0
    outer loop
      vertex -52.7 34.7876 30
      vertex -52.5917 34.7312 18
      vertex -52.7 34.7876 18
    endloop
  endfacet
  facet normal 0.38293 0.923777 -0
    outer loop
      vertex -52.4788 34.6844 18
      vertex -52.5917 34.7312 30
      vertex -52.4788 34.6844 30
    endloop
  endfacet
  facet normal 0.38293 0.923777 0
    outer loop
      vertex -52.5917 34.7312 30
      vertex -52.4788 34.6844 18
      vertex -52.5917 34.7312 18
    endloop
  endfacet
  facet normal 0.0434017 0.999058 -0
    outer loop
      vertex -52 34.6 18
      vertex -52.122 34.6053 30
      vertex -52 34.6 30
    endloop
  endfacet
  facet normal 0.0434017 0.999058 0
    outer loop
      vertex -52.122 34.6053 30
      vertex -52 34.6 18
      vertex -52.122 34.6053 18
    endloop
  endfacet
  facet normal 0.886935 0.461894 0
    outer loop
      vertex -53.2124 35.3 30
      vertex -53.2688 35.4083 18
      vertex -53.2688 35.4083 30
    endloop
  endfacet
  facet normal 0.886935 0.461894 0
    outer loop
      vertex -53.2688 35.4083 18
      vertex -53.2124 35.3 30
      vertex -53.2124 35.3 18
    endloop
  endfacet
  facet normal 0.793567 0.608483 0
    outer loop
      vertex -53.0725 35.1001 30
      vertex -53.1468 35.197 18
      vertex -53.1468 35.197 30
    endloop
  endfacet
  facet normal 0.793567 0.608483 0
    outer loop
      vertex -53.1468 35.197 18
      vertex -53.0725 35.1001 30
      vertex -53.0725 35.1001 18
    endloop
  endfacet
  facet normal 0.923777 0.38293 0
    outer loop
      vertex -53.2688 35.4083 30
      vertex -53.3156 35.5212 18
      vertex -53.3156 35.5212 30
    endloop
  endfacet
  facet normal 0.923777 0.38293 0
    outer loop
      vertex -53.3156 35.5212 18
      vertex -53.2688 35.4083 30
      vertex -53.2688 35.4083 18
    endloop
  endfacet
  facet normal 0.991384 0.130984 0
    outer loop
      vertex -53.3787 35.7569 30
      vertex -53.3947 35.878 18
      vertex -53.3947 35.878 30
    endloop
  endfacet
  facet normal 0.991384 0.130984 0
    outer loop
      vertex -53.3947 35.878 18
      vertex -53.3787 35.7569 30
      vertex -53.3787 35.7569 18
    endloop
  endfacet
  facet normal -0.737154 -0.675725 0
    outer loop
      vertex -50.9275 36.8999 18
      vertex -51.01 36.9899 30
      vertex -51.01 36.9899 18
    endloop
  endfacet
  facet normal -0.737154 -0.675725 0
    outer loop
      vertex -51.01 36.9899 30
      vertex -50.9275 36.8999 18
      vertex -50.9275 36.8999 30
    endloop
  endfacet
  facet normal -0.793567 -0.608483 0
    outer loop
      vertex -50.8532 36.803 18
      vertex -50.9275 36.8999 30
      vertex -50.9275 36.8999 18
    endloop
  endfacet
  facet normal -0.793567 -0.608483 0
    outer loop
      vertex -50.9275 36.8999 30
      vertex -50.8532 36.803 18
      vertex -50.8532 36.803 30
    endloop
  endfacet
  facet normal -0.843459 -0.537193 0
    outer loop
      vertex -50.7876 36.7 18
      vertex -50.8532 36.803 30
      vertex -50.8532 36.803 18
    endloop
  endfacet
  facet normal -0.843459 -0.537193 0
    outer loop
      vertex -50.8532 36.803 30
      vertex -50.7876 36.7 18
      vertex -50.7876 36.7 30
    endloop
  endfacet
  facet normal -0.216237 -0.976341 0
    outer loop
      vertex -51.7569 37.3787 18
      vertex -51.6377 37.3523 30
      vertex -51.7569 37.3787 30
    endloop
  endfacet
  facet normal -0.216237 -0.976341 -0
    outer loop
      vertex -51.6377 37.3523 30
      vertex -51.7569 37.3787 18
      vertex -51.6377 37.3523 18
    endloop
  endfacet
  facet normal -0.537193 -0.843459 0
    outer loop
      vertex -51.3 37.2124 18
      vertex -51.197 37.1468 30
      vertex -51.3 37.2124 30
    endloop
  endfacet
  facet normal -0.537193 -0.843459 -0
    outer loop
      vertex -51.197 37.1468 30
      vertex -51.3 37.2124 18
      vertex -51.197 37.1468 18
    endloop
  endfacet
  facet normal -0.608483 -0.793567 0
    outer loop
      vertex -51.197 37.1468 18
      vertex -51.1001 37.0725 30
      vertex -51.197 37.1468 30
    endloop
  endfacet
  facet normal -0.608483 -0.793567 -0
    outer loop
      vertex -51.1001 37.0725 30
      vertex -51.197 37.1468 18
      vertex -51.1001 37.0725 18
    endloop
  endfacet
  facet normal 0.793567 -0.608483 0
    outer loop
      vertex -53.1468 36.803 30
      vertex -53.0725 36.8999 18
      vertex -53.0725 36.8999 30
    endloop
  endfacet
  facet normal 0.793567 -0.608483 0
    outer loop
      vertex -53.0725 36.8999 18
      vertex -53.1468 36.803 30
      vertex -53.1468 36.803 18
    endloop
  endfacet
  facet normal 0.843459 -0.537193 0
    outer loop
      vertex -53.2124 36.7 30
      vertex -53.1468 36.803 18
      vertex -53.1468 36.803 30
    endloop
  endfacet
  facet normal 0.843459 -0.537193 0
    outer loop
      vertex -53.1468 36.803 18
      vertex -53.2124 36.7 30
      vertex -53.2124 36.7 18
    endloop
  endfacet
  facet normal 0.999058 0.0434017 0
    outer loop
      vertex -53.3947 35.878 30
      vertex -53.4 36 18
      vertex -53.4 36 30
    endloop
  endfacet
  facet normal 0.999058 0.0434017 0
    outer loop
      vertex -53.4 36 18
      vertex -53.3947 35.878 30
      vertex -53.3947 35.878 18
    endloop
  endfacet
  facet normal 0.676169 -0.736746 0
    outer loop
      vertex -52.9899 36.9899 18
      vertex -52.8999 37.0725 30
      vertex -52.9899 36.9899 30
    endloop
  endfacet
  facet normal 0.676169 -0.736746 0
    outer loop
      vertex -52.8999 37.0725 30
      vertex -52.9899 36.9899 18
      vertex -52.8999 37.0725 18
    endloop
  endfacet
  facet normal 0.537193 -0.843459 0
    outer loop
      vertex -52.803 37.1468 18
      vertex -52.7 37.2124 30
      vertex -52.803 37.1468 30
    endloop
  endfacet
  facet normal 0.537193 -0.843459 0
    outer loop
      vertex -52.7 37.2124 30
      vertex -52.803 37.1468 18
      vertex -52.7 37.2124 18
    endloop
  endfacet
  facet normal 0.300465 -0.953793 0
    outer loop
      vertex -52.4788 37.3156 18
      vertex -52.3623 37.3523 30
      vertex -52.4788 37.3156 30
    endloop
  endfacet
  facet normal 0.300465 -0.953793 0
    outer loop
      vertex -52.3623 37.3523 30
      vertex -52.4788 37.3156 18
      vertex -52.3623 37.3523 18
    endloop
  endfacet
  facet normal -0.216237 0.976341 0
    outer loop
      vertex -51.6377 34.6477 18
      vertex -51.7569 34.6213 30
      vertex -51.6377 34.6477 30
    endloop
  endfacet
  facet normal -0.216237 0.976341 0
    outer loop
      vertex -51.7569 34.6213 30
      vertex -51.6377 34.6477 18
      vertex -51.7569 34.6213 18
    endloop
  endfacet
  facet normal -0.38293 0.923777 0
    outer loop
      vertex -51.4083 34.7312 18
      vertex -51.5212 34.6844 30
      vertex -51.4083 34.7312 30
    endloop
  endfacet
  facet normal -0.38293 0.923777 0
    outer loop
      vertex -51.5212 34.6844 30
      vertex -51.4083 34.7312 18
      vertex -51.5212 34.6844 18
    endloop
  endfacet
  facet normal -0.537193 0.843459 0
    outer loop
      vertex -51.197 34.8532 18
      vertex -51.3 34.7876 30
      vertex -51.197 34.8532 30
    endloop
  endfacet
  facet normal -0.537193 0.843459 0
    outer loop
      vertex -51.3 34.7876 30
      vertex -51.197 34.8532 18
      vertex -51.3 34.7876 18
    endloop
  endfacet
  facet normal -0.793567 0.608483 0
    outer loop
      vertex -50.9275 35.1001 18
      vertex -50.8532 35.197 30
      vertex -50.8532 35.197 18
    endloop
  endfacet
  facet normal -0.793567 0.608483 0
    outer loop
      vertex -50.8532 35.197 30
      vertex -50.9275 35.1001 18
      vertex -50.9275 35.1001 30
    endloop
  endfacet
  facet normal -0.953793 0.300465 0
    outer loop
      vertex -50.6844 35.5212 18
      vertex -50.6477 35.6377 30
      vertex -50.6477 35.6377 18
    endloop
  endfacet
  facet normal -0.953793 0.300465 0
    outer loop
      vertex -50.6477 35.6377 30
      vertex -50.6844 35.5212 18
      vertex -50.6844 35.5212 30
    endloop
  endfacet
  facet normal 0.608483 0.793567 -0
    outer loop
      vertex -52.803 34.8532 18
      vertex -52.8999 34.9275 30
      vertex -52.803 34.8532 30
    endloop
  endfacet
  facet normal 0.608483 0.793567 0
    outer loop
      vertex -52.8999 34.9275 30
      vertex -52.803 34.8532 18
      vertex -52.8999 34.9275 18
    endloop
  endfacet
  facet normal 0.300465 0.953793 -0
    outer loop
      vertex -52.3623 34.6477 18
      vertex -52.4788 34.6844 30
      vertex -52.3623 34.6477 30
    endloop
  endfacet
  facet normal 0.300465 0.953793 0
    outer loop
      vertex -52.4788 34.6844 30
      vertex -52.3623 34.6477 18
      vertex -52.4788 34.6844 18
    endloop
  endfacet
  facet normal 0.130984 0.991384 -0
    outer loop
      vertex -52.122 34.6053 18
      vertex -52.2431 34.6213 30
      vertex -52.122 34.6053 30
    endloop
  endfacet
  facet normal 0.130984 0.991384 0
    outer loop
      vertex -52.2431 34.6213 30
      vertex -52.122 34.6053 18
      vertex -52.2431 34.6213 18
    endloop
  endfacet
  facet normal -0.0434017 0.999058 0
    outer loop
      vertex -51.878 34.6053 18
      vertex -52 34.6 30
      vertex -51.878 34.6053 30
    endloop
  endfacet
  facet normal -0.0434017 0.999058 0
    outer loop
      vertex -52 34.6 30
      vertex -51.878 34.6053 18
      vertex -52 34.6 18
    endloop
  endfacet
  facet normal 0.675725 0.737154 -0
    outer loop
      vertex -52.8999 34.9275 18
      vertex -52.9899 35.01 30
      vertex -52.8999 34.9275 30
    endloop
  endfacet
  facet normal 0.675725 0.737154 0
    outer loop
      vertex -52.9899 35.01 30
      vertex -52.8999 34.9275 18
      vertex -52.9899 35.01 18
    endloop
  endfacet
  facet normal 0.843459 0.537193 0
    outer loop
      vertex -53.1468 35.197 30
      vertex -53.2124 35.3 18
      vertex -53.2124 35.3 30
    endloop
  endfacet
  facet normal 0.843459 0.537193 0
    outer loop
      vertex -53.2124 35.3 18
      vertex -53.1468 35.197 30
      vertex -53.1468 35.197 18
    endloop
  endfacet
  facet normal 0.976341 0.216237 0
    outer loop
      vertex -53.3523 35.6377 30
      vertex -53.3787 35.7569 18
      vertex -53.3787 35.7569 30
    endloop
  endfacet
  facet normal 0.976341 0.216237 0
    outer loop
      vertex -53.3787 35.7569 18
      vertex -53.3523 35.6377 30
      vertex -53.3523 35.6377 18
    endloop
  endfacet
  facet normal -0.608483 0.793567 0
    outer loop
      vertex -51.1001 34.9275 18
      vertex -51.197 34.8532 30
      vertex -51.1001 34.9275 30
    endloop
  endfacet
  facet normal -0.608483 0.793567 0
    outer loop
      vertex -51.197 34.8532 30
      vertex -51.1001 34.9275 18
      vertex -51.197 34.8532 18
    endloop
  endfacet
  facet normal -0.843459 0.537193 0
    outer loop
      vertex -50.8532 35.197 18
      vertex -50.7876 35.3 30
      vertex -50.7876 35.3 18
    endloop
  endfacet
  facet normal -0.843459 0.537193 0
    outer loop
      vertex -50.7876 35.3 30
      vertex -50.8532 35.197 18
      vertex -50.8532 35.197 30
    endloop
  endfacet
  facet normal 0.537193 0.843459 -0
    outer loop
      vertex -52.7 34.7876 18
      vertex -52.803 34.8532 30
      vertex -52.7 34.7876 30
    endloop
  endfacet
  facet normal 0.537193 0.843459 0
    outer loop
      vertex -52.803 34.8532 30
      vertex -52.7 34.7876 18
      vertex -52.803 34.8532 18
    endloop
  endfacet
  facet normal 0.887029 0.461714 0
    outer loop
      vertex 55.6252 -34.3095 30
      vertex 55.4641 -34 18
      vertex 55.4641 -34 30
    endloop
  endfacet
  facet normal 0.887029 0.461714 0
    outer loop
      vertex 55.4641 -34 18
      vertex 55.6252 -34.3095 30
      vertex 55.6252 -34.3095 18
    endloop
  endfacet
  facet normal 0.382824 0.923821 -0
    outer loop
      vertex 53.6905 -32.3748 18
      vertex 53.3681 -32.2412 30
      vertex 53.6905 -32.3748 30
    endloop
  endfacet
  facet normal 0.382824 0.923821 0
    outer loop
      vertex 53.3681 -32.2412 30
      vertex 53.6905 -32.3748 18
      vertex 53.3681 -32.2412 18
    endloop
  endfacet
  facet normal -0.382824 0.923821 0
    outer loop
      vertex 50.6319 -32.2412 18
      vertex 50.3095 -32.3748 30
      vertex 50.6319 -32.2412 30
    endloop
  endfacet
  facet normal -0.382824 0.923821 0
    outer loop
      vertex 50.3095 -32.3748 30
      vertex 50.6319 -32.2412 18
      vertex 50.3095 -32.3748 18
    endloop
  endfacet
  facet normal -0.923821 0.382824 0
    outer loop
      vertex 48.2412 -34.6319 18
      vertex 48.3748 -34.3095 30
      vertex 48.3748 -34.3095 18
    endloop
  endfacet
  facet normal -0.923821 0.382824 0
    outer loop
      vertex 48.3748 -34.3095 30
      vertex 48.2412 -34.6319 18
      vertex 48.2412 -34.6319 30
    endloop
  endfacet
  facet normal 0.130662 0.991427 -0
    outer loop
      vertex 52.6946 -32.0608 18
      vertex 52.3486 -32.0152 30
      vertex 52.6946 -32.0608 30
    endloop
  endfacet
  facet normal 0.130662 0.991427 0
    outer loop
      vertex 52.3486 -32.0152 30
      vertex 52.6946 -32.0608 18
      vertex 52.3486 -32.0152 18
    endloop
  endfacet
  facet normal 0.53732 0.843378 -0
    outer loop
      vertex 54.2943 -32.7234 18
      vertex 54 -32.5359 30
      vertex 54.2943 -32.7234 30
    endloop
  endfacet
  facet normal 0.53732 0.843378 0
    outer loop
      vertex 54 -32.5359 30
      vertex 54.2943 -32.7234 18
      vertex 54 -32.5359 18
    endloop
  endfacet
  facet normal -0.991427 0.130662 0
    outer loop
      vertex 48.0152 -35.6514 18
      vertex 48.0608 -35.3054 30
      vertex 48.0608 -35.3054 18
    endloop
  endfacet
  facet normal -0.991427 0.130662 0
    outer loop
      vertex 48.0608 -35.3054 30
      vertex 48.0152 -35.6514 18
      vertex 48.0152 -35.6514 30
    endloop
  endfacet
  facet normal -0.793454 0.60863 0
    outer loop
      vertex 48.7234 -33.7057 18
      vertex 48.9358 -33.4288 30
      vertex 48.9358 -33.4288 18
    endloop
  endfacet
  facet normal -0.793454 0.60863 0
    outer loop
      vertex 48.9358 -33.4288 30
      vertex 48.7234 -33.7057 18
      vertex 48.7234 -33.7057 30
    endloop
  endfacet
  facet normal -0.216354 0.976315 0
    outer loop
      vertex 51.3054 -32.0608 18
      vertex 50.9647 -32.1363 30
      vertex 51.3054 -32.0608 30
    endloop
  endfacet
  facet normal -0.216354 0.976315 0
    outer loop
      vertex 50.9647 -32.1363 30
      vertex 51.3054 -32.0608 18
      vertex 50.9647 -32.1363 18
    endloop
  endfacet
  facet normal 0.999051 -0.0435616 0
    outer loop
      vertex 55.9848 -36.3486 30
      vertex 56 -36 18
      vertex 56 -36 30
    endloop
  endfacet
  facet normal 0.999051 -0.0435616 0
    outer loop
      vertex 56 -36 18
      vertex 55.9848 -36.3486 30
      vertex 55.9848 -36.3486 18
    endloop
  endfacet
  facet normal 0.461714 -0.887029 0
    outer loop
      vertex 53.6905 -39.6252 18
      vertex 54 -39.4641 30
      vertex 53.6905 -39.6252 30
    endloop
  endfacet
  facet normal 0.461714 -0.887029 0
    outer loop
      vertex 54 -39.4641 30
      vertex 53.6905 -39.6252 18
      vertex 54 -39.4641 18
    endloop
  endfacet
  facet normal -0.887029 -0.461714 0
    outer loop
      vertex 48.5359 -38 18
      vertex 48.3748 -37.6905 30
      vertex 48.3748 -37.6905 18
    endloop
  endfacet
  facet normal -0.887029 -0.461714 0
    outer loop
      vertex 48.3748 -37.6905 30
      vertex 48.5359 -38 18
      vertex 48.5359 -38 30
    endloop
  endfacet
  facet normal 0.991427 0.130662 0
    outer loop
      vertex 55.9848 -35.6514 30
      vertex 55.9392 -35.3054 18
      vertex 55.9392 -35.3054 30
    endloop
  endfacet
  facet normal 0.991427 0.130662 0
    outer loop
      vertex 55.9392 -35.3054 18
      vertex 55.9848 -35.6514 30
      vertex 55.9848 -35.6514 18
    endloop
  endfacet
  facet normal 0.793454 0.60863 0
    outer loop
      vertex 55.2766 -33.7057 30
      vertex 55.0642 -33.4288 18
      vertex 55.0642 -33.4288 30
    endloop
  endfacet
  facet normal 0.793454 0.60863 0
    outer loop
      vertex 55.0642 -33.4288 18
      vertex 55.2766 -33.7057 30
      vertex 55.2766 -33.7057 18
    endloop
  endfacet
  facet normal 0.675777 0.737107 -0
    outer loop
      vertex 54.8284 -33.1716 18
      vertex 54.5712 -32.9358 30
      vertex 54.8284 -33.1716 30
    endloop
  endfacet
  facet normal 0.675777 0.737107 0
    outer loop
      vertex 54.5712 -32.9358 30
      vertex 54.8284 -33.1716 18
      vertex 54.5712 -32.9358 18
    endloop
  endfacet
  facet normal 0.0435616 0.999051 -0
    outer loop
      vertex 52.3486 -32.0152 18
      vertex 52 -32 30
      vertex 52.3486 -32.0152 30
    endloop
  endfacet
  facet normal 0.0435616 0.999051 0
    outer loop
      vertex 52 -32 30
      vertex 52.3486 -32.0152 18
      vertex 52 -32 18
    endloop
  endfacet
  facet normal 0.300624 0.953743 -0
    outer loop
      vertex 53.3681 -32.2412 18
      vertex 53.0353 -32.1363 30
      vertex 53.3681 -32.2412 30
    endloop
  endfacet
  facet normal 0.300624 0.953743 0
    outer loop
      vertex 53.0353 -32.1363 30
      vertex 53.3681 -32.2412 18
      vertex 53.0353 -32.1363 18
    endloop
  endfacet
  facet normal 0.216354 0.976315 -0
    outer loop
      vertex 53.0353 -32.1363 18
      vertex 52.6946 -32.0608 30
      vertex 53.0353 -32.1363 30
    endloop
  endfacet
  facet normal 0.216354 0.976315 0
    outer loop
      vertex 52.6946 -32.0608 30
      vertex 53.0353 -32.1363 18
      vertex 52.6946 -32.0608 18
    endloop
  endfacet
  facet normal 0.461714 0.887029 -0
    outer loop
      vertex 54 -32.5359 18
      vertex 53.6905 -32.3748 30
      vertex 54 -32.5359 30
    endloop
  endfacet
  facet normal 0.461714 0.887029 0
    outer loop
      vertex 53.6905 -32.3748 30
      vertex 54 -32.5359 18
      vertex 53.6905 -32.3748 18
    endloop
  endfacet
  facet normal 0.60863 0.793454 -0
    outer loop
      vertex 54.5712 -32.9358 18
      vertex 54.2943 -32.7234 30
      vertex 54.5712 -32.9358 30
    endloop
  endfacet
  facet normal 0.60863 0.793454 0
    outer loop
      vertex 54.2943 -32.7234 30
      vertex 54.5712 -32.9358 18
      vertex 54.2943 -32.7234 18
    endloop
  endfacet
  facet normal -0.999051 0.0435616 0
    outer loop
      vertex 48 -36 18
      vertex 48.0152 -35.6514 30
      vertex 48.0152 -35.6514 18
    endloop
  endfacet
  facet normal -0.999051 0.0435616 0
    outer loop
      vertex 48.0152 -35.6514 30
      vertex 48 -36 18
      vertex 48 -36 30
    endloop
  endfacet
  facet normal -0.953743 0.300624 0
    outer loop
      vertex 48.1363 -34.9647 18
      vertex 48.2412 -34.6319 30
      vertex 48.2412 -34.6319 18
    endloop
  endfacet
  facet normal -0.953743 0.300624 0
    outer loop
      vertex 48.2412 -34.6319 30
      vertex 48.1363 -34.9647 18
      vertex 48.1363 -34.9647 30
    endloop
  endfacet
  facet normal -0.976315 0.216354 0
    outer loop
      vertex 48.0608 -35.3054 18
      vertex 48.1363 -34.9647 30
      vertex 48.1363 -34.9647 18
    endloop
  endfacet
  facet normal -0.976315 0.216354 0
    outer loop
      vertex 48.1363 -34.9647 30
      vertex 48.0608 -35.3054 18
      vertex 48.0608 -35.3054 30
    endloop
  endfacet
  facet normal -0.887029 0.461714 0
    outer loop
      vertex 48.3748 -34.3095 18
      vertex 48.5359 -34 30
      vertex 48.5359 -34 18
    endloop
  endfacet
  facet normal -0.887029 0.461714 0
    outer loop
      vertex 48.5359 -34 30
      vertex 48.3748 -34.3095 18
      vertex 48.3748 -34.3095 30
    endloop
  endfacet
  facet normal -0.843378 0.53732 0
    outer loop
      vertex 48.5359 -34 18
      vertex 48.7234 -33.7057 30
      vertex 48.7234 -33.7057 18
    endloop
  endfacet
  facet normal -0.843378 0.53732 0
    outer loop
      vertex 48.7234 -33.7057 30
      vertex 48.5359 -34 18
      vertex 48.5359 -34 30
    endloop
  endfacet
  facet normal -0.300624 0.953743 0
    outer loop
      vertex 50.9647 -32.1363 18
      vertex 50.6319 -32.2412 30
      vertex 50.9647 -32.1363 30
    endloop
  endfacet
  facet normal -0.300624 0.953743 0
    outer loop
      vertex 50.6319 -32.2412 30
      vertex 50.9647 -32.1363 18
      vertex 50.6319 -32.2412 18
    endloop
  endfacet
  facet normal -0.130662 0.991427 0
    outer loop
      vertex 51.6514 -32.0152 18
      vertex 51.3054 -32.0608 30
      vertex 51.6514 -32.0152 30
    endloop
  endfacet
  facet normal -0.130662 0.991427 0
    outer loop
      vertex 51.3054 -32.0608 30
      vertex 51.6514 -32.0152 18
      vertex 51.3054 -32.0608 18
    endloop
  endfacet
  facet normal -0.60863 0.793454 0
    outer loop
      vertex 49.7057 -32.7234 18
      vertex 49.4288 -32.9358 30
      vertex 49.7057 -32.7234 30
    endloop
  endfacet
  facet normal -0.60863 0.793454 0
    outer loop
      vertex 49.4288 -32.9358 30
      vertex 49.7057 -32.7234 18
      vertex 49.4288 -32.9358 18
    endloop
  endfacet
  facet normal -0.675777 0.737107 0
    outer loop
      vertex 49.4288 -32.9358 18
      vertex 49.1716 -33.1716 30
      vertex 49.4288 -32.9358 30
    endloop
  endfacet
  facet normal -0.675777 0.737107 0
    outer loop
      vertex 49.1716 -33.1716 30
      vertex 49.4288 -32.9358 18
      vertex 49.1716 -33.1716 18
    endloop
  endfacet
  facet normal -0.53732 0.843378 0
    outer loop
      vertex 50 -32.5359 18
      vertex 49.7057 -32.7234 30
      vertex 50 -32.5359 30
    endloop
  endfacet
  facet normal -0.53732 0.843378 0
    outer loop
      vertex 49.7057 -32.7234 30
      vertex 50 -32.5359 18
      vertex 49.7057 -32.7234 18
    endloop
  endfacet
  facet normal -0.737107 0.675777 0
    outer loop
      vertex 48.9358 -33.4288 18
      vertex 49.1716 -33.1716 30
      vertex 49.1716 -33.1716 18
    endloop
  endfacet
  facet normal -0.737107 0.675777 0
    outer loop
      vertex 49.1716 -33.1716 30
      vertex 48.9358 -33.4288 18
      vertex 48.9358 -33.4288 30
    endloop
  endfacet
  facet normal 0.999051 0.0435616 0
    outer loop
      vertex 56 -36 30
      vertex 55.9848 -35.6514 18
      vertex 55.9848 -35.6514 30
    endloop
  endfacet
  facet normal 0.999051 0.0435616 0
    outer loop
      vertex 55.9848 -35.6514 18
      vertex 56 -36 30
      vertex 56 -36 18
    endloop
  endfacet
  facet normal 0.793454 -0.60863 0
    outer loop
      vertex 55.0642 -38.5712 30
      vertex 55.2766 -38.2943 18
      vertex 55.2766 -38.2943 30
    endloop
  endfacet
  facet normal 0.793454 -0.60863 0
    outer loop
      vertex 55.2766 -38.2943 18
      vertex 55.0642 -38.5712 30
      vertex 55.0642 -38.5712 18
    endloop
  endfacet
  facet normal 0.130662 -0.991427 0
    outer loop
      vertex 52.3486 -39.9848 18
      vertex 52.6946 -39.9392 30
      vertex 52.3486 -39.9848 30
    endloop
  endfacet
  facet normal 0.130662 -0.991427 0
    outer loop
      vertex 52.6946 -39.9392 30
      vertex 52.3486 -39.9848 18
      vertex 52.6946 -39.9392 18
    endloop
  endfacet
  facet normal 0.382824 -0.923821 0
    outer loop
      vertex 53.3681 -39.7588 18
      vertex 53.6905 -39.6252 30
      vertex 53.3681 -39.7588 30
    endloop
  endfacet
  facet normal 0.382824 -0.923821 0
    outer loop
      vertex 53.6905 -39.6252 30
      vertex 53.3681 -39.7588 18
      vertex 53.6905 -39.6252 18
    endloop
  endfacet
  facet normal 0.923821 0.382824 0
    outer loop
      vertex 55.7588 -34.6319 30
      vertex 55.6252 -34.3095 18
      vertex 55.6252 -34.3095 30
    endloop
  endfacet
  facet normal 0.923821 0.382824 0
    outer loop
      vertex 55.6252 -34.3095 18
      vertex 55.7588 -34.6319 30
      vertex 55.7588 -34.6319 18
    endloop
  endfacet
  facet normal 0.953743 0.300624 0
    outer loop
      vertex 55.8637 -34.9647 30
      vertex 55.7588 -34.6319 18
      vertex 55.7588 -34.6319 30
    endloop
  endfacet
  facet normal 0.953743 0.300624 0
    outer loop
      vertex 55.7588 -34.6319 18
      vertex 55.8637 -34.9647 30
      vertex 55.8637 -34.9647 18
    endloop
  endfacet
  facet normal 0.843378 0.53732 0
    outer loop
      vertex 55.4641 -34 30
      vertex 55.2766 -33.7057 18
      vertex 55.2766 -33.7057 30
    endloop
  endfacet
  facet normal 0.843378 0.53732 0
    outer loop
      vertex 55.2766 -33.7057 18
      vertex 55.4641 -34 30
      vertex 55.4641 -34 18
    endloop
  endfacet
  facet normal 0.737107 0.675777 0
    outer loop
      vertex 55.0642 -33.4288 30
      vertex 54.8284 -33.1716 18
      vertex 54.8284 -33.1716 30
    endloop
  endfacet
  facet normal 0.737107 0.675777 0
    outer loop
      vertex 54.8284 -33.1716 18
      vertex 55.0642 -33.4288 30
      vertex 55.0642 -33.4288 18
    endloop
  endfacet
  facet normal -0.0435616 0.999051 0
    outer loop
      vertex 52 -32 18
      vertex 51.6514 -32.0152 30
      vertex 52 -32 30
    endloop
  endfacet
  facet normal -0.0435616 0.999051 0
    outer loop
      vertex 51.6514 -32.0152 30
      vertex 52 -32 18
      vertex 51.6514 -32.0152 18
    endloop
  endfacet
  facet normal -0.999051 -0.0435616 0
    outer loop
      vertex 48.0152 -36.3486 18
      vertex 48 -36 30
      vertex 48 -36 18
    endloop
  endfacet
  facet normal -0.999051 -0.0435616 0
    outer loop
      vertex 48 -36 30
      vertex 48.0152 -36.3486 18
      vertex 48.0152 -36.3486 30
    endloop
  endfacet
  facet normal 0.976315 -0.216354 0
    outer loop
      vertex 55.8637 -37.0353 30
      vertex 55.9392 -36.6946 18
      vertex 55.9392 -36.6946 30
    endloop
  endfacet
  facet normal 0.976315 -0.216354 0
    outer loop
      vertex 55.9392 -36.6946 18
      vertex 55.8637 -37.0353 30
      vertex 55.8637 -37.0353 18
    endloop
  endfacet
  facet normal 0.991427 -0.130662 0
    outer loop
      vertex 55.9392 -36.6946 30
      vertex 55.9848 -36.3486 18
      vertex 55.9848 -36.3486 30
    endloop
  endfacet
  facet normal 0.991427 -0.130662 0
    outer loop
      vertex 55.9848 -36.3486 18
      vertex 55.9392 -36.6946 30
      vertex 55.9392 -36.6946 18
    endloop
  endfacet
  facet normal 0.887029 -0.461714 0
    outer loop
      vertex 55.4641 -38 30
      vertex 55.6252 -37.6905 18
      vertex 55.6252 -37.6905 30
    endloop
  endfacet
  facet normal 0.887029 -0.461714 0
    outer loop
      vertex 55.6252 -37.6905 18
      vertex 55.4641 -38 30
      vertex 55.4641 -38 18
    endloop
  endfacet
  facet normal 0.53732 -0.843378 0
    outer loop
      vertex 54 -39.4641 18
      vertex 54.2943 -39.2766 30
      vertex 54 -39.4641 30
    endloop
  endfacet
  facet normal 0.53732 -0.843378 0
    outer loop
      vertex 54.2943 -39.2766 30
      vertex 54 -39.4641 18
      vertex 54.2943 -39.2766 18
    endloop
  endfacet
  facet normal 0.737107 -0.675777 0
    outer loop
      vertex 54.8284 -38.8284 30
      vertex 55.0642 -38.5712 18
      vertex 55.0642 -38.5712 30
    endloop
  endfacet
  facet normal 0.737107 -0.675777 0
    outer loop
      vertex 55.0642 -38.5712 18
      vertex 54.8284 -38.8284 30
      vertex 54.8284 -38.8284 18
    endloop
  endfacet
  facet normal -0.130662 -0.991427 0
    outer loop
      vertex 51.3054 -39.9392 18
      vertex 51.6514 -39.9848 30
      vertex 51.3054 -39.9392 30
    endloop
  endfacet
  facet normal -0.130662 -0.991427 -0
    outer loop
      vertex 51.6514 -39.9848 30
      vertex 51.3054 -39.9392 18
      vertex 51.6514 -39.9848 18
    endloop
  endfacet
  facet normal -0.461714 -0.887029 0
    outer loop
      vertex 50 -39.4641 18
      vertex 50.3095 -39.6252 30
      vertex 50 -39.4641 30
    endloop
  endfacet
  facet normal -0.461714 -0.887029 -0
    outer loop
      vertex 50.3095 -39.6252 30
      vertex 50 -39.4641 18
      vertex 50.3095 -39.6252 18
    endloop
  endfacet
  facet normal -0.991427 -0.130662 0
    outer loop
      vertex 48.0608 -36.6946 18
      vertex 48.0152 -36.3486 30
      vertex 48.0152 -36.3486 18
    endloop
  endfacet
  facet normal -0.991427 -0.130662 0
    outer loop
      vertex 48.0152 -36.3486 30
      vertex 48.0608 -36.6946 18
      vertex 48.0608 -36.6946 30
    endloop
  endfacet
  facet normal -0.953743 -0.300624 0
    outer loop
      vertex 48.2412 -37.3681 18
      vertex 48.1363 -37.0353 30
      vertex 48.1363 -37.0353 18
    endloop
  endfacet
  facet normal -0.953743 -0.300624 0
    outer loop
      vertex 48.1363 -37.0353 30
      vertex 48.2412 -37.3681 18
      vertex 48.2412 -37.3681 30
    endloop
  endfacet
  facet normal -0.843378 -0.53732 0
    outer loop
      vertex 48.7234 -38.2943 18
      vertex 48.5359 -38 30
      vertex 48.5359 -38 18
    endloop
  endfacet
  facet normal -0.843378 -0.53732 0
    outer loop
      vertex 48.5359 -38 30
      vertex 48.7234 -38.2943 18
      vertex 48.7234 -38.2943 30
    endloop
  endfacet
  facet normal -0.737107 -0.675777 0
    outer loop
      vertex 49.1716 -38.8284 18
      vertex 48.9358 -38.5712 30
      vertex 48.9358 -38.5712 18
    endloop
  endfacet
  facet normal -0.737107 -0.675777 0
    outer loop
      vertex 48.9358 -38.5712 30
      vertex 49.1716 -38.8284 18
      vertex 49.1716 -38.8284 30
    endloop
  endfacet
  facet normal 0.976315 0.216354 0
    outer loop
      vertex 55.9392 -35.3054 30
      vertex 55.8637 -34.9647 18
      vertex 55.8637 -34.9647 30
    endloop
  endfacet
  facet normal 0.976315 0.216354 0
    outer loop
      vertex 55.8637 -34.9647 18
      vertex 55.9392 -35.3054 30
      vertex 55.9392 -35.3054 18
    endloop
  endfacet
  facet normal 0 0 1
    outer loop
      vertex 53.4 -36 30
      vertex 56 -36 30
      vertex 55.9848 -35.6514 30
    endloop
  endfacet
  facet normal 0 0 1
    outer loop
      vertex 53.3947 -35.878 30
      vertex 55.9848 -35.6514 30
      vertex 55.9392 -35.3054 30
    endloop
  endfacet
  facet normal 0 0 1
    outer loop
      vertex 56 -36 30
      vertex 53.4 -36 30
      vertex 55.9848 -36.3486 30
    endloop
  endfacet
  facet normal 0 0 1
    outer loop
      vertex 53.3787 -35.7569 30
      vertex 55.9392 -35.3054 30
      vertex 55.8637 -34.9647 30
    endloop
  endfacet
  facet normal -0 0 1
    outer loop
      vertex 53.3947 -36.122 30
      vertex 55.9848 -36.3486 30
      vertex 53.4 -36 30
    endloop
  endfacet
  facet normal 0 0 1
    outer loop
      vertex 53.3523 -35.6377 30
      vertex 55.8637 -34.9647 30
      vertex 55.7588 -34.6319 30
    endloop
  endfacet
  facet normal 0 0 1
    outer loop
      vertex 55.9848 -36.3486 30
      vertex 53.3947 -36.122 30
      vertex 55.9392 -36.6946 30
    endloop
  endfacet
  facet normal 0 0 1
    outer loop
      vertex 53.3156 -35.5212 30
      vertex 55.7588 -34.6319 30
      vertex 55.6252 -34.3095 30
    endloop
  endfacet
  facet normal -0 0 1
    outer loop
      vertex 53.3787 -36.2431 30
      vertex 55.9392 -36.6946 30
      vertex 53.3947 -36.122 30
    endloop
  endfacet
  facet normal 0 0 1
    outer loop
      vertex 53.2688 -35.4083 30
      vertex 55.6252 -34.3095 30
      vertex 55.4641 -34 30
    endloop
  endfacet
  facet normal 0 0 1
    outer loop
      vertex 55.9392 -36.6946 30
      vertex 53.3787 -36.2431 30
      vertex 55.8637 -37.0353 30
    endloop
  endfacet
  facet normal 0 0 1
    outer loop
      vertex 53.2124 -35.3 30
      vertex 55.4641 -34 30
      vertex 55.2766 -33.7057 30
    endloop
  endfacet
  facet normal -0 0 1
    outer loop
      vertex 53.3523 -36.3623 30
      vertex 55.8637 -37.0353 30
      vertex 53.3787 -36.2431 30
    endloop
  endfacet
  facet normal 0 0 1
    outer loop
      vertex 53.1468 -35.197 30
      vertex 55.2766 -33.7057 30
      vertex 55.0642 -33.4288 30
    endloop
  endfacet
  facet normal 0 0 1
    outer loop
      vertex 55.8637 -37.0353 30
      vertex 53.3523 -36.3623 30
      vertex 55.7588 -37.3681 30
    endloop
  endfacet
  facet normal 0 0 1
    outer loop
      vertex 53.0725 -35.1001 30
      vertex 55.0642 -33.4288 30
      vertex 54.8284 -33.1716 30
    endloop
  endfacet
  facet normal -0 0 1
    outer loop
      vertex 53.3156 -36.4788 30
      vertex 55.7588 -37.3681 30
      vertex 53.3523 -36.3623 30
    endloop
  endfacet
  facet normal 0 0 1
    outer loop
      vertex 52.9899 -35.01 30
      vertex 54.8284 -33.1716 30
      vertex 54.5712 -32.9358 30
    endloop
  endfacet
  facet normal 0 0 1
    outer loop
      vertex 55.7588 -37.3681 30
      vertex 53.3156 -36.4788 30
      vertex 55.6252 -37.6905 30
    endloop
  endfacet
  facet normal 0 0 1
    outer loop
      vertex 52.8999 -34.9275 30
      vertex 54.5712 -32.9358 30
      vertex 54.2943 -32.7234 30
    endloop
  endfacet
  facet normal -0 0 1
    outer loop
      vertex 53.2688 -36.5917 30
      vertex 55.6252 -37.6905 30
      vertex 53.3156 -36.4788 30
    endloop
  endfacet
  facet normal 0 0 1
    outer loop
      vertex 52.803 -34.8532 30
      vertex 54.2943 -32.7234 30
      vertex 54 -32.5359 30
    endloop
  endfacet
  facet normal 0 0 1
    outer loop
      vertex 55.6252 -37.6905 30
      vertex 53.2688 -36.5917 30
      vertex 55.4641 -38 30
    endloop
  endfacet
  facet normal 0 0 1
    outer loop
      vertex 52.7 -34.7876 30
      vertex 54 -32.5359 30
      vertex 53.6905 -32.3748 30
    endloop
  endfacet
  facet normal -0 0 1
    outer loop
      vertex 53.2124 -36.7 30
      vertex 55.4641 -38 30
      vertex 53.2688 -36.5917 30
    endloop
  endfacet
  facet normal 0 0 1
    outer loop
      vertex 55.4641 -38 30
      vertex 53.2124 -36.7 30
      vertex 55.2766 -38.2943 30
    endloop
  endfacet
  facet normal 0 0 1
    outer loop
      vertex 55.9848 -35.6514 30
      vertex 53.3947 -35.878 30
      vertex 53.4 -36 30
    endloop
  endfacet
  facet normal 0 0 1
    outer loop
      vertex 55.9392 -35.3054 30
      vertex 53.3787 -35.7569 30
      vertex 53.3947 -35.878 30
    endloop
  endfacet
  facet normal 0 0 1
    outer loop
      vertex 52.5917 -34.7312 30
      vertex 53.6905 -32.3748 30
      vertex 53.3681 -32.2412 30
    endloop
  endfacet
  facet normal 0 0 1
    outer loop
      vertex 55.8637 -34.9647 30
      vertex 53.3523 -35.6377 30
      vertex 53.3787 -35.7569 30
    endloop
  endfacet
  facet normal 0 0 1
    outer loop
      vertex 55.7588 -34.6319 30
      vertex 53.3156 -35.5212 30
      vertex 53.3523 -35.6377 30
    endloop
  endfacet
  facet normal 0 0 1
    outer loop
      vertex 55.6252 -34.3095 30
      vertex 53.2688 -35.4083 30
      vertex 53.3156 -35.5212 30
    endloop
  endfacet
  facet normal 0 0 1
    outer loop
      vertex 55.4641 -34 30
      vertex 53.2124 -35.3 30
      vertex 53.2688 -35.4083 30
    endloop
  endfacet
  facet normal 0 0 1
    outer loop
      vertex 55.2766 -33.7057 30
      vertex 53.1468 -35.197 30
      vertex 53.2124 -35.3 30
    endloop
  endfacet
  facet normal 0 0 1
    outer loop
      vertex 55.0642 -33.4288 30
      vertex 53.0725 -35.1001 30
      vertex 53.1468 -35.197 30
    endloop
  endfacet
  facet normal 0 0 1
    outer loop
      vertex 52.4788 -34.6844 30
      vertex 53.3681 -32.2412 30
      vertex 53.0353 -32.1363 30
    endloop
  endfacet
  facet normal 0 0 1
    outer loop
      vertex 54.8284 -33.1716 30
      vertex 52.9899 -35.01 30
      vertex 53.0725 -35.1001 30
    endloop
  endfacet
  facet normal 0 0 1
    outer loop
      vertex 54.5712 -32.9358 30
      vertex 52.8999 -34.9275 30
      vertex 52.9899 -35.01 30
    endloop
  endfacet
  facet normal 0 0 1
    outer loop
      vertex 54.2943 -32.7234 30
      vertex 52.803 -34.8532 30
      vertex 52.8999 -34.9275 30
    endloop
  endfacet
  facet normal 0 0 1
    outer loop
      vertex 54 -32.5359 30
      vertex 52.7 -34.7876 30
      vertex 52.803 -34.8532 30
    endloop
  endfacet
  facet normal 0 0 1
    outer loop
      vertex 52.3623 -34.6477 30
      vertex 53.0353 -32.1363 30
      vertex 52.6946 -32.0608 30
    endloop
  endfacet
  facet normal 0 0 1
    outer loop
      vertex 53.6905 -32.3748 30
      vertex 52.5917 -34.7312 30
      vertex 52.7 -34.7876 30
    endloop
  endfacet
  facet normal 0 0 1
    outer loop
      vertex 53.3681 -32.2412 30
      vertex 52.4788 -34.6844 30
      vertex 52.5917 -34.7312 30
    endloop
  endfacet
  facet normal 0 0 1
    outer loop
      vertex 53.0353 -32.1363 30
      vertex 52.3623 -34.6477 30
      vertex 52.4788 -34.6844 30
    endloop
  endfacet
  facet normal 0 0 1
    outer loop
      vertex 52.2431 -34.6213 30
      vertex 52.6946 -32.0608 30
      vertex 52.3486 -32.0152 30
    endloop
  endfacet
  facet normal 0 0 1
    outer loop
      vertex 52.6946 -32.0608 30
      vertex 52.2431 -34.6213 30
      vertex 52.3623 -34.6477 30
    endloop
  endfacet
  facet normal 0 0 1
    outer loop
      vertex 52.3486 -32.0152 30
      vertex 52.122 -34.6053 30
      vertex 52.2431 -34.6213 30
    endloop
  endfacet
  facet normal 0 0 1
    outer loop
      vertex 52 -32 30
      vertex 52.122 -34.6053 30
      vertex 52.3486 -32.0152 30
    endloop
  endfacet
  facet normal 0 0 1
    outer loop
      vertex 52 -32 30
      vertex 52 -34.6 30
      vertex 52.122 -34.6053 30
    endloop
  endfacet
  facet normal 0 0 1
    outer loop
      vertex 52 -32 30
      vertex 51.878 -34.6053 30
      vertex 52 -34.6 30
    endloop
  endfacet
  facet normal -0 0 1
    outer loop
      vertex 51.6514 -32.0152 30
      vertex 51.878 -34.6053 30
      vertex 52 -32 30
    endloop
  endfacet
  facet normal 0 0 1
    outer loop
      vertex 51.878 -34.6053 30
      vertex 51.6514 -32.0152 30
      vertex 51.7569 -34.6213 30
    endloop
  endfacet
  facet normal -0 0 1
    outer loop
      vertex 51.3054 -32.0608 30
      vertex 51.7569 -34.6213 30
      vertex 51.6514 -32.0152 30
    endloop
  endfacet
  facet normal 0 0 1
    outer loop
      vertex 51.7569 -34.6213 30
      vertex 51.3054 -32.0608 30
      vertex 51.6377 -34.6477 30
    endloop
  endfacet
  facet normal -0 0 1
    outer loop
      vertex 50.9647 -32.1363 30
      vertex 51.6377 -34.6477 30
      vertex 51.3054 -32.0608 30
    endloop
  endfacet
  facet normal 0 0 1
    outer loop
      vertex 51.6377 -34.6477 30
      vertex 50.9647 -32.1363 30
      vertex 51.5212 -34.6844 30
    endloop
  endfacet
  facet normal -0 0 1
    outer loop
      vertex 50.6319 -32.2412 30
      vertex 51.5212 -34.6844 30
      vertex 50.9647 -32.1363 30
    endloop
  endfacet
  facet normal 0 0 1
    outer loop
      vertex 51.5212 -34.6844 30
      vertex 50.6319 -32.2412 30
      vertex 51.4083 -34.7312 30
    endloop
  endfacet
  facet normal -0 0 1
    outer loop
      vertex 50.3095 -32.3748 30
      vertex 51.4083 -34.7312 30
      vertex 50.6319 -32.2412 30
    endloop
  endfacet
  facet normal 0 0 1
    outer loop
      vertex 51.4083 -34.7312 30
      vertex 50.3095 -32.3748 30
      vertex 51.3 -34.7876 30
    endloop
  endfacet
  facet normal -0 0 1
    outer loop
      vertex 50 -32.5359 30
      vertex 51.3 -34.7876 30
      vertex 50.3095 -32.3748 30
    endloop
  endfacet
  facet normal 0 0 1
    outer loop
      vertex 51.3 -34.7876 30
      vertex 50 -32.5359 30
      vertex 51.197 -34.8532 30
    endloop
  endfacet
  facet normal -0 0 1
    outer loop
      vertex 49.7057 -32.7234 30
      vertex 51.197 -34.8532 30
      vertex 50 -32.5359 30
    endloop
  endfacet
  facet normal 0 0 1
    outer loop
      vertex 51.197 -34.8532 30
      vertex 49.7057 -32.7234 30
      vertex 51.1001 -34.9275 30
    endloop
  endfacet
  facet normal -0 0 1
    outer loop
      vertex 49.4288 -32.9358 30
      vertex 51.1001 -34.9275 30
      vertex 49.7057 -32.7234 30
    endloop
  endfacet
  facet normal 0 0 1
    outer loop
      vertex 51.1001 -34.9275 30
      vertex 49.4288 -32.9358 30
      vertex 51.01 -35.01 30
    endloop
  endfacet
  facet normal -0 0 1
    outer loop
      vertex 49.1716 -33.1716 30
      vertex 51.01 -35.01 30
      vertex 49.4288 -32.9358 30
    endloop
  endfacet
  facet normal 0 0 1
    outer loop
      vertex 51.01 -35.01 30
      vertex 49.1716 -33.1716 30
      vertex 50.9275 -35.1001 30
    endloop
  endfacet
  facet normal -0 0 1
    outer loop
      vertex 48.9358 -33.4288 30
      vertex 50.9275 -35.1001 30
      vertex 49.1716 -33.1716 30
    endloop
  endfacet
  facet normal 0 0 1
    outer loop
      vertex 50.9275 -35.1001 30
      vertex 48.9358 -33.4288 30
      vertex 50.8532 -35.197 30
    endloop
  endfacet
  facet normal -0 0 1
    outer loop
      vertex 48.7234 -33.7057 30
      vertex 50.8532 -35.197 30
      vertex 48.9358 -33.4288 30
    endloop
  endfacet
  facet normal 0 0 1
    outer loop
      vertex 50.8532 -35.197 30
      vertex 48.7234 -33.7057 30
      vertex 50.7876 -35.3 30
    endloop
  endfacet
  facet normal -0 0 1
    outer loop
      vertex 53.1468 -36.803 30
      vertex 55.2766 -38.2943 30
      vertex 53.2124 -36.7 30
    endloop
  endfacet
  facet normal 0 0 1
    outer loop
      vertex 55.2766 -38.2943 30
      vertex 53.1468 -36.803 30
      vertex 55.0642 -38.5712 30
    endloop
  endfacet
  facet normal -0 0 1
    outer loop
      vertex 53.0725 -36.8999 30
      vertex 55.0642 -38.5712 30
      vertex 53.1468 -36.803 30
    endloop
  endfacet
  facet normal 0 0 1
    outer loop
      vertex 55.0642 -38.5712 30
      vertex 53.0725 -36.8999 30
      vertex 54.8284 -38.8284 30
    endloop
  endfacet
  facet normal -0 0 1
    outer loop
      vertex 52.9899 -36.9899 30
      vertex 54.8284 -38.8284 30
      vertex 53.0725 -36.8999 30
    endloop
  endfacet
  facet normal 0 0 1
    outer loop
      vertex 54.8284 -38.8284 30
      vertex 52.9899 -36.9899 30
      vertex 54.5712 -39.0642 30
    endloop
  endfacet
  facet normal -0 0 1
    outer loop
      vertex 52.8999 -37.0725 30
      vertex 54.5712 -39.0642 30
      vertex 52.9899 -36.9899 30
    endloop
  endfacet
  facet normal 0 0 1
    outer loop
      vertex 54.5712 -39.0642 30
      vertex 52.8999 -37.0725 30
      vertex 54.2943 -39.2766 30
    endloop
  endfacet
  facet normal -0 0 1
    outer loop
      vertex 52.803 -37.1468 30
      vertex 54.2943 -39.2766 30
      vertex 52.8999 -37.0725 30
    endloop
  endfacet
  facet normal 0 0 1
    outer loop
      vertex 54.2943 -39.2766 30
      vertex 52.803 -37.1468 30
      vertex 54 -39.4641 30
    endloop
  endfacet
  facet normal -0 0 1
    outer loop
      vertex 52.7 -37.2124 30
      vertex 54 -39.4641 30
      vertex 52.803 -37.1468 30
    endloop
  endfacet
  facet normal 0 0 1
    outer loop
      vertex 54 -39.4641 30
      vertex 52.7 -37.2124 30
      vertex 53.6905 -39.6252 30
    endloop
  endfacet
  facet normal -0 0 1
    outer loop
      vertex 52.5917 -37.2688 30
      vertex 53.6905 -39.6252 30
      vertex 52.7 -37.2124 30
    endloop
  endfacet
  facet normal 0 0 1
    outer loop
      vertex 53.6905 -39.6252 30
      vertex 52.5917 -37.2688 30
      vertex 53.3681 -39.7588 30
    endloop
  endfacet
  facet normal -0 0 1
    outer loop
      vertex 52.4788 -37.3156 30
      vertex 53.3681 -39.7588 30
      vertex 52.5917 -37.2688 30
    endloop
  endfacet
  facet normal 0 0 1
    outer loop
      vertex 53.3681 -39.7588 30
      vertex 52.4788 -37.3156 30
      vertex 53.0353 -39.8637 30
    endloop
  endfacet
  facet normal -0 0 1
    outer loop
      vertex 52.3623 -37.3523 30
      vertex 53.0353 -39.8637 30
      vertex 52.4788 -37.3156 30
    endloop
  endfacet
  facet normal 0 0 1
    outer loop
      vertex 53.0353 -39.8637 30
      vertex 52.3623 -37.3523 30
      vertex 52.6946 -39.9392 30
    endloop
  endfacet
  facet normal -0 0 1
    outer loop
      vertex 52.2431 -37.3787 30
      vertex 52.6946 -39.9392 30
      vertex 52.3623 -37.3523 30
    endloop
  endfacet
  facet normal 0 0 1
    outer loop
      vertex 52.6946 -39.9392 30
      vertex 52.2431 -37.3787 30
      vertex 52.3486 -39.9848 30
    endloop
  endfacet
  facet normal -0 0 1
    outer loop
      vertex 52.122 -37.3947 30
      vertex 52.3486 -39.9848 30
      vertex 52.2431 -37.3787 30
    endloop
  endfacet
  facet normal -0 0 1
    outer loop
      vertex 52 -37.4 30
      vertex 52.3486 -39.9848 30
      vertex 52.122 -37.3947 30
    endloop
  endfacet
  facet normal 0 0 1
    outer loop
      vertex 52 -37.4 30
      vertex 52 -40 30
      vertex 52.3486 -39.9848 30
    endloop
  endfacet
  facet normal 0 0 1
    outer loop
      vertex 51.878 -37.3947 30
      vertex 52 -40 30
      vertex 52 -37.4 30
    endloop
  endfacet
  facet normal 0 0 1
    outer loop
      vertex 51.6514 -39.9848 30
      vertex 51.878 -37.3947 30
      vertex 51.7569 -37.3787 30
    endloop
  endfacet
  facet normal 0 0 1
    outer loop
      vertex 51.878 -37.3947 30
      vertex 51.6514 -39.9848 30
      vertex 52 -40 30
    endloop
  endfacet
  facet normal 0 0 1
    outer loop
      vertex 51.3054 -39.9392 30
      vertex 51.7569 -37.3787 30
      vertex 51.6377 -37.3523 30
    endloop
  endfacet
  facet normal 0 0 1
    outer loop
      vertex 50.9647 -39.8637 30
      vertex 51.6377 -37.3523 30
      vertex 51.5212 -37.3156 30
    endloop
  endfacet
  facet normal 0 0 1
    outer loop
      vertex 50.6319 -39.7588 30
      vertex 51.5212 -37.3156 30
      vertex 51.4083 -37.2688 30
    endloop
  endfacet
  facet normal 0 0 1
    outer loop
      vertex 51.7569 -37.3787 30
      vertex 51.3054 -39.9392 30
      vertex 51.6514 -39.9848 30
    endloop
  endfacet
  facet normal 0 0 1
    outer loop
      vertex 50.3095 -39.6252 30
      vertex 51.4083 -37.2688 30
      vertex 51.3 -37.2124 30
    endloop
  endfacet
  facet normal 0 0 1
    outer loop
      vertex 50 -39.4641 30
      vertex 51.3 -37.2124 30
      vertex 51.197 -37.1468 30
    endloop
  endfacet
  facet normal 0 0 1
    outer loop
      vertex 49.7057 -39.2766 30
      vertex 51.197 -37.1468 30
      vertex 51.1001 -37.0725 30
    endloop
  endfacet
  facet normal 0 0 1
    outer loop
      vertex 49.4288 -39.0642 30
      vertex 51.1001 -37.0725 30
      vertex 51.01 -36.9899 30
    endloop
  endfacet
  facet normal 0 0 1
    outer loop
      vertex 51.6377 -37.3523 30
      vertex 50.9647 -39.8637 30
      vertex 51.3054 -39.9392 30
    endloop
  endfacet
  facet normal 0 0 1
    outer loop
      vertex 49.1716 -38.8284 30
      vertex 51.01 -36.9899 30
      vertex 50.9275 -36.8999 30
    endloop
  endfacet
  facet normal 0 0 1
    outer loop
      vertex 48.9358 -38.5712 30
      vertex 50.9275 -36.8999 30
      vertex 50.8532 -36.803 30
    endloop
  endfacet
  facet normal 0 0 1
    outer loop
      vertex 48.7234 -38.2943 30
      vertex 50.8532 -36.803 30
      vertex 50.7876 -36.7 30
    endloop
  endfacet
  facet normal 0 0 1
    outer loop
      vertex 48.5359 -38 30
      vertex 50.7876 -36.7 30
      vertex 50.7312 -36.5917 30
    endloop
  endfacet
  facet normal 0 0 1
    outer loop
      vertex 48.3748 -37.6905 30
      vertex 50.7312 -36.5917 30
      vertex 50.6844 -36.4788 30
    endloop
  endfacet
  facet normal 0 0 1
    outer loop
      vertex 48.2412 -37.3681 30
      vertex 50.6844 -36.4788 30
      vertex 50.6477 -36.3623 30
    endloop
  endfacet
  facet normal 0 0 1
    outer loop
      vertex 51.5212 -37.3156 30
      vertex 50.6319 -39.7588 30
      vertex 50.9647 -39.8637 30
    endloop
  endfacet
  facet normal 0 0 1
    outer loop
      vertex 48.1363 -37.0353 30
      vertex 50.6477 -36.3623 30
      vertex 50.6213 -36.2431 30
    endloop
  endfacet
  facet normal 0 0 1
    outer loop
      vertex 48.0608 -36.6946 30
      vertex 50.6213 -36.2431 30
      vertex 50.6053 -36.122 30
    endloop
  endfacet
  facet normal 0 0 1
    outer loop
      vertex 48.0152 -36.3486 30
      vertex 50.6053 -36.122 30
      vertex 50.6 -36 30
    endloop
  endfacet
  facet normal -0 0 1
    outer loop
      vertex 48.5359 -34 30
      vertex 50.7876 -35.3 30
      vertex 48.7234 -33.7057 30
    endloop
  endfacet
  facet normal 0 0 1
    outer loop
      vertex 51.4083 -37.2688 30
      vertex 50.3095 -39.6252 30
      vertex 50.6319 -39.7588 30
    endloop
  endfacet
  facet normal 0 0 1
    outer loop
      vertex 50.7876 -35.3 30
      vertex 48.5359 -34 30
      vertex 50.7312 -35.4083 30
    endloop
  endfacet
  facet normal 0 0 1
    outer loop
      vertex 51.3 -37.2124 30
      vertex 50 -39.4641 30
      vertex 50.3095 -39.6252 30
    endloop
  endfacet
  facet normal -0 0 1
    outer loop
      vertex 48.3748 -34.3095 30
      vertex 50.7312 -35.4083 30
      vertex 48.5359 -34 30
    endloop
  endfacet
  facet normal 0 0 1
    outer loop
      vertex 51.197 -37.1468 30
      vertex 49.7057 -39.2766 30
      vertex 50 -39.4641 30
    endloop
  endfacet
  facet normal 0 0 1
    outer loop
      vertex 50.7312 -35.4083 30
      vertex 48.3748 -34.3095 30
      vertex 50.6844 -35.5212 30
    endloop
  endfacet
  facet normal 0 0 1
    outer loop
      vertex 51.1001 -37.0725 30
      vertex 49.4288 -39.0642 30
      vertex 49.7057 -39.2766 30
    endloop
  endfacet
  facet normal -0 0 1
    outer loop
      vertex 48.2412 -34.6319 30
      vertex 50.6844 -35.5212 30
      vertex 48.3748 -34.3095 30
    endloop
  endfacet
  facet normal 0 0 1
    outer loop
      vertex 51.01 -36.9899 30
      vertex 49.1716 -38.8284 30
      vertex 49.4288 -39.0642 30
    endloop
  endfacet
  facet normal 0 0 1
    outer loop
      vertex 50.6844 -35.5212 30
      vertex 48.2412 -34.6319 30
      vertex 50.6477 -35.6377 30
    endloop
  endfacet
  facet normal 0 0 1
    outer loop
      vertex 50.9275 -36.8999 30
      vertex 48.9358 -38.5712 30
      vertex 49.1716 -38.8284 30
    endloop
  endfacet
  facet normal -0 0 1
    outer loop
      vertex 48.1363 -34.9647 30
      vertex 50.6477 -35.6377 30
      vertex 48.2412 -34.6319 30
    endloop
  endfacet
  facet normal 0 0 1
    outer loop
      vertex 50.8532 -36.803 30
      vertex 48.7234 -38.2943 30
      vertex 48.9358 -38.5712 30
    endloop
  endfacet
  facet normal 0 0 1
    outer loop
      vertex 50.6477 -35.6377 30
      vertex 48.1363 -34.9647 30
      vertex 50.6213 -35.7569 30
    endloop
  endfacet
  facet normal 0 0 1
    outer loop
      vertex 50.7876 -36.7 30
      vertex 48.5359 -38 30
      vertex 48.7234 -38.2943 30
    endloop
  endfacet
  facet normal -0 0 1
    outer loop
      vertex 48.0608 -35.3054 30
      vertex 50.6213 -35.7569 30
      vertex 48.1363 -34.9647 30
    endloop
  endfacet
  facet normal 0 0 1
    outer loop
      vertex 50.7312 -36.5917 30
      vertex 48.3748 -37.6905 30
      vertex 48.5359 -38 30
    endloop
  endfacet
  facet normal 0 0 1
    outer loop
      vertex 50.6213 -35.7569 30
      vertex 48.0608 -35.3054 30
      vertex 50.6053 -35.878 30
    endloop
  endfacet
  facet normal 0 0 1
    outer loop
      vertex 50.6844 -36.4788 30
      vertex 48.2412 -37.3681 30
      vertex 48.3748 -37.6905 30
    endloop
  endfacet
  facet normal -0 0 1
    outer loop
      vertex 48.0152 -35.6514 30
      vertex 50.6053 -35.878 30
      vertex 48.0608 -35.3054 30
    endloop
  endfacet
  facet normal 0 0 1
    outer loop
      vertex 50.6477 -36.3623 30
      vertex 48.1363 -37.0353 30
      vertex 48.2412 -37.3681 30
    endloop
  endfacet
  facet normal 0 0 1
    outer loop
      vertex 50.6053 -35.878 30
      vertex 48.0152 -35.6514 30
      vertex 50.6 -36 30
    endloop
  endfacet
  facet normal 0 0 1
    outer loop
      vertex 50.6213 -36.2431 30
      vertex 48.0608 -36.6946 30
      vertex 48.1363 -37.0353 30
    endloop
  endfacet
  facet normal 0 0 1
    outer loop
      vertex 48 -36 30
      vertex 50.6 -36 30
      vertex 48.0152 -35.6514 30
    endloop
  endfacet
  facet normal 0 0 1
    outer loop
      vertex 50.6053 -36.122 30
      vertex 48.0152 -36.3486 30
      vertex 48.0608 -36.6946 30
    endloop
  endfacet
  facet normal 0 0 1
    outer loop
      vertex 50.6 -36 30
      vertex 48 -36 30
      vertex 48.0152 -36.3486 30
    endloop
  endfacet
  facet normal -0.461714 0.887029 0
    outer loop
      vertex 50.3095 -32.3748 18
      vertex 50 -32.5359 30
      vertex 50.3095 -32.3748 30
    endloop
  endfacet
  facet normal -0.461714 0.887029 0
    outer loop
      vertex 50 -32.5359 30
      vertex 50.3095 -32.3748 18
      vertex 50 -32.5359 18
    endloop
  endfacet
  facet normal 0.953743 -0.300624 0
    outer loop
      vertex 55.7588 -37.3681 30
      vertex 55.8637 -37.0353 18
      vertex 55.8637 -37.0353 30
    endloop
  endfacet
  facet normal 0.953743 -0.300624 0
    outer loop
      vertex 55.8637 -37.0353 18
      vertex 55.7588 -37.3681 30
      vertex 55.7588 -37.3681 18
    endloop
  endfacet
  facet normal 0.923821 -0.382824 0
    outer loop
      vertex 55.6252 -37.6905 30
      vertex 55.7588 -37.3681 18
      vertex 55.7588 -37.3681 30
    endloop
  endfacet
  facet normal 0.923821 -0.382824 0
    outer loop
      vertex 55.7588 -37.3681 18
      vertex 55.6252 -37.6905 30
      vertex 55.6252 -37.6905 18
    endloop
  endfacet
  facet normal 0.60863 -0.793454 0
    outer loop
      vertex 54.2943 -39.2766 18
      vertex 54.5712 -39.0642 30
      vertex 54.2943 -39.2766 30
    endloop
  endfacet
  facet normal 0.60863 -0.793454 0
    outer loop
      vertex 54.5712 -39.0642 30
      vertex 54.2943 -39.2766 18
      vertex 54.5712 -39.0642 18
    endloop
  endfacet
  facet normal 0.675777 -0.737107 0
    outer loop
      vertex 54.5712 -39.0642 18
      vertex 54.8284 -38.8284 30
      vertex 54.5712 -39.0642 30
    endloop
  endfacet
  facet normal 0.675777 -0.737107 0
    outer loop
      vertex 54.8284 -38.8284 30
      vertex 54.5712 -39.0642 18
      vertex 54.8284 -38.8284 18
    endloop
  endfacet
  facet normal 0.843378 -0.53732 0
    outer loop
      vertex 55.2766 -38.2943 30
      vertex 55.4641 -38 18
      vertex 55.4641 -38 30
    endloop
  endfacet
  facet normal 0.843378 -0.53732 0
    outer loop
      vertex 55.4641 -38 18
      vertex 55.2766 -38.2943 30
      vertex 55.2766 -38.2943 18
    endloop
  endfacet
  facet normal -0.60863 -0.793454 0
    outer loop
      vertex 49.4288 -39.0642 18
      vertex 49.7057 -39.2766 30
      vertex 49.4288 -39.0642 30
    endloop
  endfacet
  facet normal -0.60863 -0.793454 -0
    outer loop
      vertex 49.7057 -39.2766 30
      vertex 49.4288 -39.0642 18
      vertex 49.7057 -39.2766 18
    endloop
  endfacet
  facet normal 0.0435616 -0.999051 0
    outer loop
      vertex 52 -40 18
      vertex 52.3486 -39.9848 30
      vertex 52 -40 30
    endloop
  endfacet
  facet normal 0.0435616 -0.999051 0
    outer loop
      vertex 52.3486 -39.9848 30
      vertex 52 -40 18
      vertex 52.3486 -39.9848 18
    endloop
  endfacet
  facet normal -0.300624 -0.953743 0
    outer loop
      vertex 50.6319 -39.7588 18
      vertex 50.9647 -39.8637 30
      vertex 50.6319 -39.7588 30
    endloop
  endfacet
  facet normal -0.300624 -0.953743 -0
    outer loop
      vertex 50.9647 -39.8637 30
      vertex 50.6319 -39.7588 18
      vertex 50.9647 -39.8637 18
    endloop
  endfacet
  facet normal -0.216354 -0.976315 0
    outer loop
      vertex 50.9647 -39.8637 18
      vertex 51.3054 -39.9392 30
      vertex 50.9647 -39.8637 30
    endloop
  endfacet
  facet normal -0.216354 -0.976315 -0
    outer loop
      vertex 51.3054 -39.9392 30
      vertex 50.9647 -39.8637 18
      vertex 51.3054 -39.9392 18
    endloop
  endfacet
  facet normal -0.53732 -0.843378 0
    outer loop
      vertex 49.7057 -39.2766 18
      vertex 50 -39.4641 30
      vertex 49.7057 -39.2766 30
    endloop
  endfacet
  facet normal -0.53732 -0.843378 -0
    outer loop
      vertex 50 -39.4641 30
      vertex 49.7057 -39.2766 18
      vertex 50 -39.4641 18
    endloop
  endfacet
  facet normal -0.976315 -0.216354 0
    outer loop
      vertex 48.1363 -37.0353 18
      vertex 48.0608 -36.6946 30
      vertex 48.0608 -36.6946 18
    endloop
  endfacet
  facet normal -0.976315 -0.216354 0
    outer loop
      vertex 48.0608 -36.6946 30
      vertex 48.1363 -37.0353 18
      vertex 48.1363 -37.0353 30
    endloop
  endfacet
  facet normal -0.923821 -0.382824 0
    outer loop
      vertex 48.3748 -37.6905 18
      vertex 48.2412 -37.3681 30
      vertex 48.2412 -37.3681 18
    endloop
  endfacet
  facet normal -0.923821 -0.382824 0
    outer loop
      vertex 48.2412 -37.3681 30
      vertex 48.3748 -37.6905 18
      vertex 48.3748 -37.6905 30
    endloop
  endfacet
  facet normal -0.793454 -0.60863 0
    outer loop
      vertex 48.9358 -38.5712 18
      vertex 48.7234 -38.2943 30
      vertex 48.7234 -38.2943 18
    endloop
  endfacet
  facet normal -0.793454 -0.60863 0
    outer loop
      vertex 48.7234 -38.2943 30
      vertex 48.9358 -38.5712 18
      vertex 48.9358 -38.5712 30
    endloop
  endfacet
  facet normal -0.675777 -0.737107 0
    outer loop
      vertex 49.1716 -38.8284 18
      vertex 49.4288 -39.0642 30
      vertex 49.1716 -38.8284 30
    endloop
  endfacet
  facet normal -0.675777 -0.737107 -0
    outer loop
      vertex 49.4288 -39.0642 30
      vertex 49.1716 -38.8284 18
      vertex 49.4288 -39.0642 18
    endloop
  endfacet
  facet normal -0.0435616 -0.999051 0
    outer loop
      vertex 51.6514 -39.9848 18
      vertex 52 -40 30
      vertex 51.6514 -39.9848 30
    endloop
  endfacet
  facet normal -0.0435616 -0.999051 -0
    outer loop
      vertex 52 -40 30
      vertex 51.6514 -39.9848 18
      vertex 52 -40 18
    endloop
  endfacet
  facet normal -0.382824 -0.923821 0
    outer loop
      vertex 50.3095 -39.6252 18
      vertex 50.6319 -39.7588 30
      vertex 50.3095 -39.6252 30
    endloop
  endfacet
  facet normal -0.382824 -0.923821 -0
    outer loop
      vertex 50.6319 -39.7588 30
      vertex 50.3095 -39.6252 18
      vertex 50.6319 -39.7588 18
    endloop
  endfacet
  facet normal 0.300624 -0.953743 0
    outer loop
      vertex 53.0353 -39.8637 18
      vertex 53.3681 -39.7588 30
      vertex 53.0353 -39.8637 30
    endloop
  endfacet
  facet normal 0.300624 -0.953743 0
    outer loop
      vertex 53.3681 -39.7588 30
      vertex 53.0353 -39.8637 18
      vertex 53.3681 -39.7588 18
    endloop
  endfacet
  facet normal 0.216354 -0.976315 0
    outer loop
      vertex 52.6946 -39.9392 18
      vertex 53.0353 -39.8637 30
      vertex 52.6946 -39.9392 30
    endloop
  endfacet
  facet normal 0.216354 -0.976315 0
    outer loop
      vertex 53.0353 -39.8637 30
      vertex 52.6946 -39.9392 18
      vertex 53.0353 -39.8637 18
    endloop
  endfacet
  facet normal -0.999058 -0.0434017 0
    outer loop
      vertex 53.4 -36 18
      vertex 53.3947 -35.878 30
      vertex 53.3947 -35.878 18
    endloop
  endfacet
  facet normal -0.999058 -0.0434017 0
    outer loop
      vertex 53.3947 -35.878 30
      vertex 53.4 -36 18
      vertex 53.4 -36 30
    endloop
  endfacet
  facet normal 0.999058 -0.0434017 0
    outer loop
      vertex 50.6 -36 30
      vertex 50.6053 -35.878 18
      vertex 50.6053 -35.878 30
    endloop
  endfacet
  facet normal 0.999058 -0.0434017 0
    outer loop
      vertex 50.6053 -35.878 18
      vertex 50.6 -36 30
      vertex 50.6 -36 18
    endloop
  endfacet
  facet normal 0.0434017 -0.999058 0
    outer loop
      vertex 51.878 -34.6053 18
      vertex 52 -34.6 30
      vertex 51.878 -34.6053 30
    endloop
  endfacet
  facet normal 0.0434017 -0.999058 0
    outer loop
      vertex 52 -34.6 30
      vertex 51.878 -34.6053 18
      vertex 52 -34.6 18
    endloop
  endfacet
  facet normal -0.675725 -0.737154 0
    outer loop
      vertex 52.8999 -34.9275 18
      vertex 52.9899 -35.01 30
      vertex 52.8999 -34.9275 30
    endloop
  endfacet
  facet normal -0.675725 -0.737154 -0
    outer loop
      vertex 52.9899 -35.01 30
      vertex 52.8999 -34.9275 18
      vertex 52.9899 -35.01 18
    endloop
  endfacet
  facet normal 0.737528 -0.675317 0
    outer loop
      vertex 50.9275 -35.1001 30
      vertex 51.01 -35.01 18
      vertex 51.01 -35.01 30
    endloop
  endfacet
  facet normal 0.737528 -0.675317 0
    outer loop
      vertex 51.01 -35.01 18
      vertex 50.9275 -35.1001 30
      vertex 50.9275 -35.1001 18
    endloop
  endfacet
  facet normal 0.38293 -0.923777 0
    outer loop
      vertex 51.4083 -34.7312 18
      vertex 51.5212 -34.6844 30
      vertex 51.4083 -34.7312 30
    endloop
  endfacet
  facet normal 0.38293 -0.923777 0
    outer loop
      vertex 51.5212 -34.6844 30
      vertex 51.4083 -34.7312 18
      vertex 51.5212 -34.6844 18
    endloop
  endfacet
  facet normal -0.923777 -0.38293 0
    outer loop
      vertex 53.3156 -35.5212 18
      vertex 53.2688 -35.4083 30
      vertex 53.2688 -35.4083 18
    endloop
  endfacet
  facet normal -0.923777 -0.38293 0
    outer loop
      vertex 53.2688 -35.4083 30
      vertex 53.3156 -35.5212 18
      vertex 53.3156 -35.5212 30
    endloop
  endfacet
  facet normal -0.300465 -0.953793 0
    outer loop
      vertex 52.3623 -34.6477 18
      vertex 52.4788 -34.6844 30
      vertex 52.3623 -34.6477 30
    endloop
  endfacet
  facet normal -0.300465 -0.953793 -0
    outer loop
      vertex 52.4788 -34.6844 30
      vertex 52.3623 -34.6477 18
      vertex 52.4788 -34.6844 18
    endloop
  endfacet
  facet normal 0.886935 -0.461894 0
    outer loop
      vertex 50.7312 -35.4083 30
      vertex 50.7876 -35.3 18
      vertex 50.7876 -35.3 30
    endloop
  endfacet
  facet normal 0.886935 -0.461894 0
    outer loop
      vertex 50.7876 -35.3 18
      vertex 50.7312 -35.4083 30
      vertex 50.7312 -35.4083 18
    endloop
  endfacet
  facet normal 0.843459 -0.537193 0
    outer loop
      vertex 50.7876 -35.3 30
      vertex 50.8532 -35.197 18
      vertex 50.8532 -35.197 30
    endloop
  endfacet
  facet normal 0.843459 -0.537193 0
    outer loop
      vertex 50.8532 -35.197 18
      vertex 50.7876 -35.3 30
      vertex 50.7876 -35.3 18
    endloop
  endfacet
  facet normal 0.0434017 0.999058 -0
    outer loop
      vertex 52 -37.4 18
      vertex 51.878 -37.3947 30
      vertex 52 -37.4 30
    endloop
  endfacet
  facet normal 0.0434017 0.999058 0
    outer loop
      vertex 51.878 -37.3947 30
      vertex 52 -37.4 18
      vertex 51.878 -37.3947 18
    endloop
  endfacet
  facet normal -0.130984 0.991384 0
    outer loop
      vertex 52.2431 -37.3787 18
      vertex 52.122 -37.3947 30
      vertex 52.2431 -37.3787 30
    endloop
  endfacet
  facet normal -0.130984 0.991384 0
    outer loop
      vertex 52.122 -37.3947 30
      vertex 52.2431 -37.3787 18
      vertex 52.122 -37.3947 18
    endloop
  endfacet
  facet normal -0.976341 -0.216237 0
    outer loop
      vertex 53.3787 -35.7569 18
      vertex 53.3523 -35.6377 30
      vertex 53.3523 -35.6377 18
    endloop
  endfacet
  facet normal -0.976341 -0.216237 0
    outer loop
      vertex 53.3523 -35.6377 30
      vertex 53.3787 -35.7569 18
      vertex 53.3787 -35.7569 30
    endloop
  endfacet
  facet normal -0.991384 -0.130984 0
    outer loop
      vertex 53.3947 -35.878 18
      vertex 53.3787 -35.7569 30
      vertex 53.3787 -35.7569 18
    endloop
  endfacet
  facet normal -0.991384 -0.130984 0
    outer loop
      vertex 53.3787 -35.7569 30
      vertex 53.3947 -35.878 18
      vertex 53.3947 -35.878 30
    endloop
  endfacet
  facet normal -0.953793 -0.300465 0
    outer loop
      vertex 53.3523 -35.6377 18
      vertex 53.3156 -35.5212 30
      vertex 53.3156 -35.5212 18
    endloop
  endfacet
  facet normal -0.953793 -0.300465 0
    outer loop
      vertex 53.3156 -35.5212 30
      vertex 53.3523 -35.6377 18
      vertex 53.3523 -35.6377 30
    endloop
  endfacet
  facet normal -0.73712 -0.675762 0
    outer loop
      vertex 53.0725 -35.1001 18
      vertex 52.9899 -35.01 30
      vertex 52.9899 -35.01 18
    endloop
  endfacet
  facet normal -0.73712 -0.675762 0
    outer loop
      vertex 52.9899 -35.01 30
      vertex 53.0725 -35.1001 18
      vertex 53.0725 -35.1001 30
    endloop
  endfacet
  facet normal -0.843459 -0.537193 0
    outer loop
      vertex 53.2124 -35.3 18
      vertex 53.1468 -35.197 30
      vertex 53.1468 -35.197 18
    endloop
  endfacet
  facet normal -0.843459 -0.537193 0
    outer loop
      vertex 53.1468 -35.197 30
      vertex 53.2124 -35.3 18
      vertex 53.2124 -35.3 30
    endloop
  endfacet
  facet normal -0.130984 -0.991384 0
    outer loop
      vertex 52.122 -34.6053 18
      vertex 52.2431 -34.6213 30
      vertex 52.122 -34.6053 30
    endloop
  endfacet
  facet normal -0.130984 -0.991384 -0
    outer loop
      vertex 52.2431 -34.6213 30
      vertex 52.122 -34.6053 18
      vertex 52.2431 -34.6213 18
    endloop
  endfacet
  facet normal -0.0434017 -0.999058 0
    outer loop
      vertex 52 -34.6 18
      vertex 52.122 -34.6053 30
      vertex 52 -34.6 30
    endloop
  endfacet
  facet normal -0.0434017 -0.999058 -0
    outer loop
      vertex 52.122 -34.6053 30
      vertex 52 -34.6 18
      vertex 52.122 -34.6053 18
    endloop
  endfacet
  facet normal -0.537193 -0.843459 0
    outer loop
      vertex 52.7 -34.7876 18
      vertex 52.803 -34.8532 30
      vertex 52.7 -34.7876 30
    endloop
  endfacet
  facet normal -0.537193 -0.843459 -0
    outer loop
      vertex 52.803 -34.8532 30
      vertex 52.7 -34.7876 18
      vertex 52.803 -34.8532 18
    endloop
  endfacet
  facet normal -0.461894 -0.886935 0
    outer loop
      vertex 52.5917 -34.7312 18
      vertex 52.7 -34.7876 30
      vertex 52.5917 -34.7312 30
    endloop
  endfacet
  facet normal -0.461894 -0.886935 -0
    outer loop
      vertex 52.7 -34.7876 30
      vertex 52.5917 -34.7312 18
      vertex 52.7 -34.7876 18
    endloop
  endfacet
  facet normal 0.793567 -0.608483 0
    outer loop
      vertex 50.8532 -35.197 30
      vertex 50.9275 -35.1001 18
      vertex 50.9275 -35.1001 30
    endloop
  endfacet
  facet normal 0.793567 -0.608483 0
    outer loop
      vertex 50.9275 -35.1001 18
      vertex 50.8532 -35.197 30
      vertex 50.8532 -35.197 18
    endloop
  endfacet
  facet normal 0.923777 -0.38293 0
    outer loop
      vertex 50.6844 -35.5212 30
      vertex 50.7312 -35.4083 18
      vertex 50.7312 -35.4083 30
    endloop
  endfacet
  facet normal 0.923777 -0.38293 0
    outer loop
      vertex 50.7312 -35.4083 18
      vertex 50.6844 -35.5212 30
      vertex 50.6844 -35.5212 18
    endloop
  endfacet
  facet normal 0.976341 -0.216237 0
    outer loop
      vertex 50.6213 -35.7569 30
      vertex 50.6477 -35.6377 18
      vertex 50.6477 -35.6377 30
    endloop
  endfacet
  facet normal 0.976341 -0.216237 0
    outer loop
      vertex 50.6477 -35.6377 18
      vertex 50.6213 -35.7569 30
      vertex 50.6213 -35.7569 18
    endloop
  endfacet
  facet normal 0.991384 -0.130984 0
    outer loop
      vertex 50.6053 -35.878 30
      vertex 50.6213 -35.7569 18
      vertex 50.6213 -35.7569 30
    endloop
  endfacet
  facet normal 0.991384 -0.130984 0
    outer loop
      vertex 50.6213 -35.7569 18
      vertex 50.6053 -35.878 30
      vertex 50.6053 -35.878 18
    endloop
  endfacet
  facet normal 0.608483 -0.793567 0
    outer loop
      vertex 51.1001 -34.9275 18
      vertex 51.197 -34.8532 30
      vertex 51.1001 -34.9275 30
    endloop
  endfacet
  facet normal 0.608483 -0.793567 0
    outer loop
      vertex 51.197 -34.8532 30
      vertex 51.1001 -34.9275 18
      vertex 51.197 -34.8532 18
    endloop
  endfacet
  facet normal 0.461894 -0.886935 0
    outer loop
      vertex 51.3 -34.7876 18
      vertex 51.4083 -34.7312 30
      vertex 51.3 -34.7876 30
    endloop
  endfacet
  facet normal 0.461894 -0.886935 0
    outer loop
      vertex 51.4083 -34.7312 30
      vertex 51.3 -34.7876 18
      vertex 51.4083 -34.7312 18
    endloop
  endfacet
  facet normal 0.675317 -0.737528 0
    outer loop
      vertex 51.01 -35.01 18
      vertex 51.1001 -34.9275 30
      vertex 51.01 -35.01 30
    endloop
  endfacet
  facet normal 0.675317 -0.737528 0
    outer loop
      vertex 51.1001 -34.9275 30
      vertex 51.01 -35.01 18
      vertex 51.1001 -34.9275 18
    endloop
  endfacet
  facet normal 0.130984 -0.991384 0
    outer loop
      vertex 51.7569 -34.6213 18
      vertex 51.878 -34.6053 30
      vertex 51.7569 -34.6213 30
    endloop
  endfacet
  facet normal 0.130984 -0.991384 0
    outer loop
      vertex 51.878 -34.6053 30
      vertex 51.7569 -34.6213 18
      vertex 51.878 -34.6053 18
    endloop
  endfacet
  facet normal 0.216237 -0.976341 0
    outer loop
      vertex 51.6377 -34.6477 18
      vertex 51.7569 -34.6213 30
      vertex 51.6377 -34.6477 30
    endloop
  endfacet
  facet normal 0.216237 -0.976341 0
    outer loop
      vertex 51.7569 -34.6213 30
      vertex 51.6377 -34.6477 18
      vertex 51.7569 -34.6213 18
    endloop
  endfacet
  facet normal 0.923777 0.38293 0
    outer loop
      vertex 50.7312 -36.5917 30
      vertex 50.6844 -36.4788 18
      vertex 50.6844 -36.4788 30
    endloop
  endfacet
  facet normal 0.923777 0.38293 0
    outer loop
      vertex 50.6844 -36.4788 18
      vertex 50.7312 -36.5917 30
      vertex 50.7312 -36.5917 18
    endloop
  endfacet
  facet normal -0.300465 0.953793 0
    outer loop
      vertex 52.4788 -37.3156 18
      vertex 52.3623 -37.3523 30
      vertex 52.4788 -37.3156 30
    endloop
  endfacet
  facet normal -0.300465 0.953793 0
    outer loop
      vertex 52.3623 -37.3523 30
      vertex 52.4788 -37.3156 18
      vertex 52.3623 -37.3523 18
    endloop
  endfacet
  facet normal -0.216237 0.976341 0
    outer loop
      vertex 52.3623 -37.3523 18
      vertex 52.2431 -37.3787 30
      vertex 52.3623 -37.3523 30
    endloop
  endfacet
  facet normal -0.216237 0.976341 0
    outer loop
      vertex 52.2431 -37.3787 30
      vertex 52.3623 -37.3523 18
      vertex 52.2431 -37.3787 18
    endloop
  endfacet
  facet normal -0.793567 -0.608483 0
    outer loop
      vertex 53.1468 -35.197 18
      vertex 53.0725 -35.1001 30
      vertex 53.0725 -35.1001 18
    endloop
  endfacet
  facet normal -0.793567 -0.608483 0
    outer loop
      vertex 53.0725 -35.1001 30
      vertex 53.1468 -35.197 18
      vertex 53.1468 -35.197 30
    endloop
  endfacet
  facet normal -0.886935 -0.461894 0
    outer loop
      vertex 53.2688 -35.4083 18
      vertex 53.2124 -35.3 30
      vertex 53.2124 -35.3 18
    endloop
  endfacet
  facet normal -0.886935 -0.461894 0
    outer loop
      vertex 53.2124 -35.3 30
      vertex 53.2688 -35.4083 18
      vertex 53.2688 -35.4083 30
    endloop
  endfacet
  facet normal -0.216237 -0.976341 0
    outer loop
      vertex 52.2431 -34.6213 18
      vertex 52.3623 -34.6477 30
      vertex 52.2431 -34.6213 30
    endloop
  endfacet
  facet normal -0.216237 -0.976341 -0
    outer loop
      vertex 52.3623 -34.6477 30
      vertex 52.2431 -34.6213 18
      vertex 52.3623 -34.6477 18
    endloop
  endfacet
  facet normal -0.38293 -0.923777 0
    outer loop
      vertex 52.4788 -34.6844 18
      vertex 52.5917 -34.7312 30
      vertex 52.4788 -34.6844 30
    endloop
  endfacet
  facet normal -0.38293 -0.923777 -0
    outer loop
      vertex 52.5917 -34.7312 30
      vertex 52.4788 -34.6844 18
      vertex 52.5917 -34.7312 18
    endloop
  endfacet
  facet normal -0.608483 -0.793567 0
    outer loop
      vertex 52.803 -34.8532 18
      vertex 52.8999 -34.9275 30
      vertex 52.803 -34.8532 30
    endloop
  endfacet
  facet normal -0.608483 -0.793567 -0
    outer loop
      vertex 52.8999 -34.9275 30
      vertex 52.803 -34.8532 18
      vertex 52.8999 -34.9275 18
    endloop
  endfacet
  facet normal 0.953793 -0.300465 0
    outer loop
      vertex 50.6477 -35.6377 30
      vertex 50.6844 -35.5212 18
      vertex 50.6844 -35.5212 30
    endloop
  endfacet
  facet normal 0.953793 -0.300465 0
    outer loop
      vertex 50.6844 -35.5212 18
      vertex 50.6477 -35.6377 30
      vertex 50.6477 -35.6377 18
    endloop
  endfacet
  facet normal 0.537193 -0.843459 0
    outer loop
      vertex 51.197 -34.8532 18
      vertex 51.3 -34.7876 30
      vertex 51.197 -34.8532 30
    endloop
  endfacet
  facet normal 0.537193 -0.843459 0
    outer loop
      vertex 51.3 -34.7876 30
      vertex 51.197 -34.8532 18
      vertex 51.3 -34.7876 18
    endloop
  endfacet
  facet normal 0.300465 -0.953793 0
    outer loop
      vertex 51.5212 -34.6844 18
      vertex 51.6377 -34.6477 30
      vertex 51.5212 -34.6844 30
    endloop
  endfacet
  facet normal 0.300465 -0.953793 0
    outer loop
      vertex 51.6377 -34.6477 30
      vertex 51.5212 -34.6844 18
      vertex 51.6377 -34.6477 18
    endloop
  endfacet
  facet normal -0.976341 0.216237 0
    outer loop
      vertex 53.3523 -36.3623 18
      vertex 53.3787 -36.2431 30
      vertex 53.3787 -36.2431 18
    endloop
  endfacet
  facet normal -0.976341 0.216237 0
    outer loop
      vertex 53.3787 -36.2431 30
      vertex 53.3523 -36.3623 18
      vertex 53.3523 -36.3623 30
    endloop
  endfacet
  facet normal -0.991384 0.130984 0
    outer loop
      vertex 53.3787 -36.2431 18
      vertex 53.3947 -36.122 30
      vertex 53.3947 -36.122 18
    endloop
  endfacet
  facet normal -0.991384 0.130984 0
    outer loop
      vertex 53.3947 -36.122 30
      vertex 53.3787 -36.2431 18
      vertex 53.3787 -36.2431 30
    endloop
  endfacet
  facet normal -0.999058 0.0434017 0
    outer loop
      vertex 53.3947 -36.122 18
      vertex 53.4 -36 30
      vertex 53.4 -36 18
    endloop
  endfacet
  facet normal -0.999058 0.0434017 0
    outer loop
      vertex 53.4 -36 30
      vertex 53.3947 -36.122 18
      vertex 53.3947 -36.122 30
    endloop
  endfacet
  facet normal -0.923777 0.38293 0
    outer loop
      vertex 53.2688 -36.5917 18
      vertex 53.3156 -36.4788 30
      vertex 53.3156 -36.4788 18
    endloop
  endfacet
  facet normal -0.923777 0.38293 0
    outer loop
      vertex 53.3156 -36.4788 30
      vertex 53.2688 -36.5917 18
      vertex 53.2688 -36.5917 30
    endloop
  endfacet
  facet normal 0.737154 0.675725 0
    outer loop
      vertex 51.01 -36.9899 30
      vertex 50.9275 -36.8999 18
      vertex 50.9275 -36.8999 30
    endloop
  endfacet
  facet normal 0.737154 0.675725 0
    outer loop
      vertex 50.9275 -36.8999 18
      vertex 51.01 -36.9899 30
      vertex 51.01 -36.9899 18
    endloop
  endfacet
  facet normal 0.976341 0.216237 0
    outer loop
      vertex 50.6477 -36.3623 30
      vertex 50.6213 -36.2431 18
      vertex 50.6213 -36.2431 30
    endloop
  endfacet
  facet normal 0.976341 0.216237 0
    outer loop
      vertex 50.6213 -36.2431 18
      vertex 50.6477 -36.3623 30
      vertex 50.6477 -36.3623 18
    endloop
  endfacet
  facet normal 0.999058 0.0434017 0
    outer loop
      vertex 50.6053 -36.122 30
      vertex 50.6 -36 18
      vertex 50.6 -36 30
    endloop
  endfacet
  facet normal 0.999058 0.0434017 0
    outer loop
      vertex 50.6 -36 18
      vertex 50.6053 -36.122 30
      vertex 50.6053 -36.122 18
    endloop
  endfacet
  facet normal -0.38293 0.923777 0
    outer loop
      vertex 52.5917 -37.2688 18
      vertex 52.4788 -37.3156 30
      vertex 52.5917 -37.2688 30
    endloop
  endfacet
  facet normal -0.38293 0.923777 0
    outer loop
      vertex 52.4788 -37.3156 30
      vertex 52.5917 -37.2688 18
      vertex 52.4788 -37.3156 18
    endloop
  endfacet
  facet normal -0.793567 0.608483 0
    outer loop
      vertex 53.0725 -36.8999 18
      vertex 53.1468 -36.803 30
      vertex 53.1468 -36.803 18
    endloop
  endfacet
  facet normal -0.793567 0.608483 0
    outer loop
      vertex 53.1468 -36.803 30
      vertex 53.0725 -36.8999 18
      vertex 53.0725 -36.8999 30
    endloop
  endfacet
  facet normal -0.461894 0.886935 0
    outer loop
      vertex 52.7 -37.2124 18
      vertex 52.5917 -37.2688 30
      vertex 52.7 -37.2124 30
    endloop
  endfacet
  facet normal -0.461894 0.886935 0
    outer loop
      vertex 52.5917 -37.2688 30
      vertex 52.7 -37.2124 18
      vertex 52.5917 -37.2688 18
    endloop
  endfacet
  facet normal -0.953793 0.300465 0
    outer loop
      vertex 53.3156 -36.4788 18
      vertex 53.3523 -36.3623 30
      vertex 53.3523 -36.3623 18
    endloop
  endfacet
  facet normal -0.953793 0.300465 0
    outer loop
      vertex 53.3523 -36.3623 30
      vertex 53.3156 -36.4788 18
      vertex 53.3156 -36.4788 30
    endloop
  endfacet
  facet normal -0.0434017 0.999058 0
    outer loop
      vertex 52.122 -37.3947 18
      vertex 52 -37.4 30
      vertex 52.122 -37.3947 30
    endloop
  endfacet
  facet normal -0.0434017 0.999058 0
    outer loop
      vertex 52 -37.4 30
      vertex 52.122 -37.3947 18
      vertex 52 -37.4 18
    endloop
  endfacet
  facet normal 0.216237 0.976341 -0
    outer loop
      vertex 51.7569 -37.3787 18
      vertex 51.6377 -37.3523 30
      vertex 51.7569 -37.3787 30
    endloop
  endfacet
  facet normal 0.216237 0.976341 0
    outer loop
      vertex 51.6377 -37.3523 30
      vertex 51.7569 -37.3787 18
      vertex 51.6377 -37.3523 18
    endloop
  endfacet
  facet normal 0.675762 0.73712 -0
    outer loop
      vertex 51.1001 -37.0725 18
      vertex 51.01 -36.9899 30
      vertex 51.1001 -37.0725 30
    endloop
  endfacet
  facet normal 0.675762 0.73712 0
    outer loop
      vertex 51.01 -36.9899 30
      vertex 51.1001 -37.0725 18
      vertex 51.01 -36.9899 18
    endloop
  endfacet
  facet normal 0.793567 0.608483 0
    outer loop
      vertex 50.9275 -36.8999 30
      vertex 50.8532 -36.803 18
      vertex 50.8532 -36.803 30
    endloop
  endfacet
  facet normal 0.793567 0.608483 0
    outer loop
      vertex 50.8532 -36.803 18
      vertex 50.9275 -36.8999 30
      vertex 50.9275 -36.8999 18
    endloop
  endfacet
  facet normal 0.953793 0.300465 0
    outer loop
      vertex 50.6844 -36.4788 30
      vertex 50.6477 -36.3623 18
      vertex 50.6477 -36.3623 30
    endloop
  endfacet
  facet normal 0.953793 0.300465 0
    outer loop
      vertex 50.6477 -36.3623 18
      vertex 50.6844 -36.4788 30
      vertex 50.6844 -36.4788 18
    endloop
  endfacet
  facet normal 0.991384 0.130984 0
    outer loop
      vertex 50.6213 -36.2431 30
      vertex 50.6053 -36.122 18
      vertex 50.6053 -36.122 30
    endloop
  endfacet
  facet normal 0.991384 0.130984 0
    outer loop
      vertex 50.6053 -36.122 18
      vertex 50.6213 -36.2431 30
      vertex 50.6213 -36.2431 18
    endloop
  endfacet
  facet normal -0.886935 0.461894 0
    outer loop
      vertex 53.2124 -36.7 18
      vertex 53.2688 -36.5917 30
      vertex 53.2688 -36.5917 18
    endloop
  endfacet
  facet normal -0.886935 0.461894 0
    outer loop
      vertex 53.2688 -36.5917 30
      vertex 53.2124 -36.7 18
      vertex 53.2124 -36.7 30
    endloop
  endfacet
  facet normal -0.843459 0.537193 0
    outer loop
      vertex 53.1468 -36.803 18
      vertex 53.2124 -36.7 30
      vertex 53.2124 -36.7 18
    endloop
  endfacet
  facet normal -0.843459 0.537193 0
    outer loop
      vertex 53.2124 -36.7 30
      vertex 53.1468 -36.803 18
      vertex 53.1468 -36.803 30
    endloop
  endfacet
  facet normal -0.676169 0.736746 0
    outer loop
      vertex 52.9899 -36.9899 18
      vertex 52.8999 -37.0725 30
      vertex 52.9899 -36.9899 30
    endloop
  endfacet
  facet normal -0.676169 0.736746 0
    outer loop
      vertex 52.8999 -37.0725 30
      vertex 52.9899 -36.9899 18
      vertex 52.8999 -37.0725 18
    endloop
  endfacet
  facet normal -0.608483 0.793567 0
    outer loop
      vertex 52.8999 -37.0725 18
      vertex 52.803 -37.1468 30
      vertex 52.8999 -37.0725 30
    endloop
  endfacet
  facet normal -0.608483 0.793567 0
    outer loop
      vertex 52.803 -37.1468 30
      vertex 52.8999 -37.0725 18
      vertex 52.803 -37.1468 18
    endloop
  endfacet
  facet normal -0.736746 0.676169 0
    outer loop
      vertex 52.9899 -36.9899 18
      vertex 53.0725 -36.8999 30
      vertex 53.0725 -36.8999 18
    endloop
  endfacet
  facet normal -0.736746 0.676169 0
    outer loop
      vertex 53.0725 -36.8999 30
      vertex 52.9899 -36.9899 18
      vertex 52.9899 -36.9899 30
    endloop
  endfacet
  facet normal 0.130984 0.991384 -0
    outer loop
      vertex 51.878 -37.3947 18
      vertex 51.7569 -37.3787 30
      vertex 51.878 -37.3947 30
    endloop
  endfacet
  facet normal 0.130984 0.991384 0
    outer loop
      vertex 51.7569 -37.3787 30
      vertex 51.878 -37.3947 18
      vertex 51.7569 -37.3787 18
    endloop
  endfacet
  facet normal 0.608483 0.793567 -0
    outer loop
      vertex 51.197 -37.1468 18
      vertex 51.1001 -37.0725 30
      vertex 51.197 -37.1468 30
    endloop
  endfacet
  facet normal 0.608483 0.793567 0
    outer loop
      vertex 51.1001 -37.0725 30
      vertex 51.197 -37.1468 18
      vertex 51.1001 -37.0725 18
    endloop
  endfacet
  facet normal 0.38293 0.923777 -0
    outer loop
      vertex 51.5212 -37.3156 18
      vertex 51.4083 -37.2688 30
      vertex 51.5212 -37.3156 30
    endloop
  endfacet
  facet normal 0.38293 0.923777 0
    outer loop
      vertex 51.4083 -37.2688 30
      vertex 51.5212 -37.3156 18
      vertex 51.4083 -37.2688 18
    endloop
  endfacet
  facet normal 0.461894 0.886935 -0
    outer loop
      vertex 51.4083 -37.2688 18
      vertex 51.3 -37.2124 30
      vertex 51.4083 -37.2688 30
    endloop
  endfacet
  facet normal 0.461894 0.886935 0
    outer loop
      vertex 51.3 -37.2124 30
      vertex 51.4083 -37.2688 18
      vertex 51.3 -37.2124 18
    endloop
  endfacet
  facet normal 0.886935 0.461894 0
    outer loop
      vertex 50.7876 -36.7 30
      vertex 50.7312 -36.5917 18
      vertex 50.7312 -36.5917 30
    endloop
  endfacet
  facet normal 0.886935 0.461894 0
    outer loop
      vertex 50.7312 -36.5917 18
      vertex 50.7876 -36.7 30
      vertex 50.7876 -36.7 18
    endloop
  endfacet
  facet normal -0.537193 0.843459 0
    outer loop
      vertex 52.803 -37.1468 18
      vertex 52.7 -37.2124 30
      vertex 52.803 -37.1468 30
    endloop
  endfacet
  facet normal -0.537193 0.843459 0
    outer loop
      vertex 52.7 -37.2124 30
      vertex 52.803 -37.1468 18
      vertex 52.7 -37.2124 18
    endloop
  endfacet
  facet normal 0.300465 0.953793 -0
    outer loop
      vertex 51.6377 -37.3523 18
      vertex 51.5212 -37.3156 30
      vertex 51.6377 -37.3523 30
    endloop
  endfacet
  facet normal 0.300465 0.953793 0
    outer loop
      vertex 51.5212 -37.3156 30
      vertex 51.6377 -37.3523 18
      vertex 51.5212 -37.3156 18
    endloop
  endfacet
  facet normal 0.537193 0.843459 -0
    outer loop
      vertex 51.3 -37.2124 18
      vertex 51.197 -37.1468 30
      vertex 51.3 -37.2124 30
    endloop
  endfacet
  facet normal 0.537193 0.843459 0
    outer loop
      vertex 51.197 -37.1468 30
      vertex 51.3 -37.2124 18
      vertex 51.197 -37.1468 18
    endloop
  endfacet
  facet normal 0.843459 0.537193 0
    outer loop
      vertex 50.8532 -36.803 30
      vertex 50.7876 -36.7 18
      vertex 50.7876 -36.7 30
    endloop
  endfacet
  facet normal 0.843459 0.537193 0
    outer loop
      vertex 50.7876 -36.7 18
      vertex 50.8532 -36.803 30
      vertex 50.8532 -36.803 18
    endloop
  endfacet
  facet normal 0.60863 0.793454 -0
    outer loop
      vertex 54.5712 39.0642 20
      vertex 54.2943 39.2766 30
      vertex 54.5712 39.0642 30
    endloop
  endfacet
  facet normal 0.60863 0.793454 0
    outer loop
      vertex 54.2943 39.2766 30
      vertex 54.5712 39.0642 20
      vertex 54.2943 39.2766 20
    endloop
  endfacet
  facet normal -0.382824 0.923821 0
    outer loop
      vertex 50.6319 39.7588 20
      vertex 50.3095 39.6252 30
      vertex 50.6319 39.7588 30
    endloop
  endfacet
  facet normal -0.382824 0.923821 0
    outer loop
      vertex 50.3095 39.6252 30
      vertex 50.6319 39.7588 20
      vertex 50.3095 39.6252 20
    endloop
  endfacet
  facet normal -0.923821 0.382824 0
    outer loop
      vertex 48.2412 37.3681 20
      vertex 48.3748 37.6905 30
      vertex 48.3748 37.6905 20
    endloop
  endfacet
  facet normal -0.923821 0.382824 0
    outer loop
      vertex 48.3748 37.6905 30
      vertex 48.2412 37.3681 20
      vertex 48.2412 37.3681 30
    endloop
  endfacet
  facet normal 0.60863 -0.793454 0
    outer loop
      vertex 54.2943 32.7234 20
      vertex 54.5712 32.9358 30
      vertex 54.2943 32.7234 30
    endloop
  endfacet
  facet normal 0.60863 -0.793454 0
    outer loop
      vertex 54.5712 32.9358 30
      vertex 54.2943 32.7234 20
      vertex 54.5712 32.9358 20
    endloop
  endfacet
  facet normal 0.923821 -0.382824 0
    outer loop
      vertex 55.6252 34.3095 30
      vertex 55.7588 34.6319 20
      vertex 55.7588 34.6319 30
    endloop
  endfacet
  facet normal 0.923821 -0.382824 0
    outer loop
      vertex 55.7588 34.6319 20
      vertex 55.6252 34.3095 30
      vertex 55.6252 34.3095 20
    endloop
  endfacet
  facet normal -0.382824 -0.923821 0
    outer loop
      vertex 50.3095 32.3748 20
      vertex 50.6319 32.2412 30
      vertex 50.3095 32.3748 30
    endloop
  endfacet
  facet normal -0.382824 -0.923821 -0
    outer loop
      vertex 50.6319 32.2412 30
      vertex 50.3095 32.3748 20
      vertex 50.6319 32.2412 20
    endloop
  endfacet
  facet normal 0.923821 0.382824 0
    outer loop
      vertex 55.7588 37.3681 30
      vertex 55.6252 37.6905 20
      vertex 55.6252 37.6905 30
    endloop
  endfacet
  facet normal 0.923821 0.382824 0
    outer loop
      vertex 55.6252 37.6905 20
      vertex 55.7588 37.3681 30
      vertex 55.7588 37.3681 20
    endloop
  endfacet
  facet normal 0.887029 0.461714 0
    outer loop
      vertex 55.6252 37.6905 30
      vertex 55.4641 38 20
      vertex 55.4641 38 30
    endloop
  endfacet
  facet normal 0.887029 0.461714 0
    outer loop
      vertex 55.4641 38 20
      vertex 55.6252 37.6905 30
      vertex 55.6252 37.6905 20
    endloop
  endfacet
  facet normal 0.382824 0.923821 -0
    outer loop
      vertex 53.6905 39.6252 20
      vertex 53.3681 39.7588 30
      vertex 53.6905 39.6252 30
    endloop
  endfacet
  facet normal 0.382824 0.923821 0
    outer loop
      vertex 53.3681 39.7588 30
      vertex 53.6905 39.6252 20
      vertex 53.3681 39.7588 20
    endloop
  endfacet
  facet normal -0.793454 0.60863 0
    outer loop
      vertex 48.7234 38.2943 20
      vertex 48.9358 38.5712 30
      vertex 48.9358 38.5712 20
    endloop
  endfacet
  facet normal -0.793454 0.60863 0
    outer loop
      vertex 48.9358 38.5712 30
      vertex 48.7234 38.2943 20
      vertex 48.7234 38.2943 30
    endloop
  endfacet
  facet normal -0.216354 0.976315 0
    outer loop
      vertex 51.3054 39.9392 20
      vertex 50.9647 39.8637 30
      vertex 51.3054 39.9392 30
    endloop
  endfacet
  facet normal -0.216354 0.976315 0
    outer loop
      vertex 50.9647 39.8637 30
      vertex 51.3054 39.9392 20
      vertex 50.9647 39.8637 20
    endloop
  endfacet
  facet normal 0.991427 -0.130662 0
    outer loop
      vertex 55.9392 35.3054 30
      vertex 55.9848 35.6514 20
      vertex 55.9848 35.6514 30
    endloop
  endfacet
  facet normal 0.991427 -0.130662 0
    outer loop
      vertex 55.9848 35.6514 20
      vertex 55.9392 35.3054 30
      vertex 55.9392 35.3054 20
    endloop
  endfacet
  facet normal 0.793454 -0.60863 0
    outer loop
      vertex 55.0642 33.4288 30
      vertex 55.2766 33.7057 20
      vertex 55.2766 33.7057 30
    endloop
  endfacet
  facet normal 0.793454 -0.60863 0
    outer loop
      vertex 55.2766 33.7057 20
      vertex 55.0642 33.4288 30
      vertex 55.0642 33.4288 20
    endloop
  endfacet
  facet normal -0.130662 -0.991427 0
    outer loop
      vertex 51.3054 32.0608 20
      vertex 51.6514 32.0152 30
      vertex 51.3054 32.0608 30
    endloop
  endfacet
  facet normal -0.130662 -0.991427 -0
    outer loop
      vertex 51.6514 32.0152 30
      vertex 51.3054 32.0608 20
      vertex 51.6514 32.0152 20
    endloop
  endfacet
  facet normal -0.60863 -0.793454 0
    outer loop
      vertex 49.4288 32.9358 20
      vertex 49.7057 32.7234 30
      vertex 49.4288 32.9358 30
    endloop
  endfacet
  facet normal -0.60863 -0.793454 -0
    outer loop
      vertex 49.7057 32.7234 30
      vertex 49.4288 32.9358 20
      vertex 49.7057 32.7234 20
    endloop
  endfacet
  facet normal 0.976315 0.216354 0
    outer loop
      vertex 55.9392 36.6946 30
      vertex 55.8637 37.0353 20
      vertex 55.8637 37.0353 30
    endloop
  endfacet
  facet normal 0.976315 0.216354 0
    outer loop
      vertex 55.8637 37.0353 20
      vertex 55.9392 36.6946 30
      vertex 55.9392 36.6946 20
    endloop
  endfacet
  facet normal 0.953743 0.300624 0
    outer loop
      vertex 55.8637 37.0353 30
      vertex 55.7588 37.3681 20
      vertex 55.7588 37.3681 30
    endloop
  endfacet
  facet normal 0.953743 0.300624 0
    outer loop
      vertex 55.7588 37.3681 20
      vertex 55.8637 37.0353 30
      vertex 55.8637 37.0353 20
    endloop
  endfacet
  facet normal 0.737107 0.675777 0
    outer loop
      vertex 55.0642 38.5712 30
      vertex 54.8284 38.8284 20
      vertex 54.8284 38.8284 30
    endloop
  endfacet
  facet normal 0.737107 0.675777 0
    outer loop
      vertex 54.8284 38.8284 20
      vertex 55.0642 38.5712 30
      vertex 55.0642 38.5712 20
    endloop
  endfacet
  facet normal 0.793454 0.60863 0
    outer loop
      vertex 55.2766 38.2943 30
      vertex 55.0642 38.5712 20
      vertex 55.0642 38.5712 30
    endloop
  endfacet
  facet normal 0.793454 0.60863 0
    outer loop
      vertex 55.0642 38.5712 20
      vertex 55.2766 38.2943 30
      vertex 55.2766 38.2943 20
    endloop
  endfacet
  facet normal 0.675777 0.737107 -0
    outer loop
      vertex 54.8284 38.8284 20
      vertex 54.5712 39.0642 30
      vertex 54.8284 38.8284 30
    endloop
  endfacet
  facet normal 0.675777 0.737107 0
    outer loop
      vertex 54.5712 39.0642 30
      vertex 54.8284 38.8284 20
      vertex 54.5712 39.0642 20
    endloop
  endfacet
  facet normal 0.53732 0.843378 -0
    outer loop
      vertex 54.2943 39.2766 20
      vertex 54 39.4641 30
      vertex 54.2943 39.2766 30
    endloop
  endfacet
  facet normal 0.53732 0.843378 0
    outer loop
      vertex 54 39.4641 30
      vertex 54.2943 39.2766 20
      vertex 54 39.4641 20
    endloop
  endfacet
  facet normal -0.0435616 0.999051 0
    outer loop
      vertex 52 40 20
      vertex 51.6514 39.9848 30
      vertex 52 40 30
    endloop
  endfacet
  facet normal -0.0435616 0.999051 0
    outer loop
      vertex 51.6514 39.9848 30
      vertex 52 40 20
      vertex 51.6514 39.9848 20
    endloop
  endfacet
  facet normal 0.461714 0.887029 -0
    outer loop
      vertex 54 39.4641 20
      vertex 53.6905 39.6252 30
      vertex 54 39.4641 30
    endloop
  endfacet
  facet normal 0.461714 0.887029 0
    outer loop
      vertex 53.6905 39.6252 30
      vertex 54 39.4641 20
      vertex 53.6905 39.6252 20
    endloop
  endfacet
  facet normal 0.300624 0.953743 -0
    outer loop
      vertex 53.3681 39.7588 20
      vertex 53.0353 39.8637 30
      vertex 53.3681 39.7588 30
    endloop
  endfacet
  facet normal 0.300624 0.953743 0
    outer loop
      vertex 53.0353 39.8637 30
      vertex 53.3681 39.7588 20
      vertex 53.0353 39.8637 20
    endloop
  endfacet
  facet normal 0.216354 0.976315 -0
    outer loop
      vertex 53.0353 39.8637 20
      vertex 52.6946 39.9392 30
      vertex 53.0353 39.8637 30
    endloop
  endfacet
  facet normal 0.216354 0.976315 0
    outer loop
      vertex 52.6946 39.9392 30
      vertex 53.0353 39.8637 20
      vertex 52.6946 39.9392 20
    endloop
  endfacet
  facet normal -0.999051 0.0435616 0
    outer loop
      vertex 48 36 20
      vertex 48.0152 36.3486 30
      vertex 48.0152 36.3486 20
    endloop
  endfacet
  facet normal -0.999051 0.0435616 0
    outer loop
      vertex 48.0152 36.3486 30
      vertex 48 36 20
      vertex 48 36 30
    endloop
  endfacet
  facet normal -0.953743 0.300624 0
    outer loop
      vertex 48.1363 37.0353 20
      vertex 48.2412 37.3681 30
      vertex 48.2412 37.3681 20
    endloop
  endfacet
  facet normal -0.953743 0.300624 0
    outer loop
      vertex 48.2412 37.3681 30
      vertex 48.1363 37.0353 20
      vertex 48.1363 37.0353 30
    endloop
  endfacet
  facet normal -0.976315 0.216354 0
    outer loop
      vertex 48.0608 36.6946 20
      vertex 48.1363 37.0353 30
      vertex 48.1363 37.0353 20
    endloop
  endfacet
  facet normal -0.976315 0.216354 0
    outer loop
      vertex 48.1363 37.0353 30
      vertex 48.0608 36.6946 20
      vertex 48.0608 36.6946 30
    endloop
  endfacet
  facet normal -0.887029 0.461714 0
    outer loop
      vertex 48.3748 37.6905 20
      vertex 48.5359 38 30
      vertex 48.5359 38 20
    endloop
  endfacet
  facet normal -0.887029 0.461714 0
    outer loop
      vertex 48.5359 38 30
      vertex 48.3748 37.6905 20
      vertex 48.3748 37.6905 30
    endloop
  endfacet
  facet normal -0.843378 0.53732 0
    outer loop
      vertex 48.5359 38 20
      vertex 48.7234 38.2943 30
      vertex 48.7234 38.2943 20
    endloop
  endfacet
  facet normal -0.843378 0.53732 0
    outer loop
      vertex 48.7234 38.2943 30
      vertex 48.5359 38 20
      vertex 48.5359 38 30
    endloop
  endfacet
  facet normal -0.300624 0.953743 0
    outer loop
      vertex 50.9647 39.8637 20
      vertex 50.6319 39.7588 30
      vertex 50.9647 39.8637 30
    endloop
  endfacet
  facet normal -0.300624 0.953743 0
    outer loop
      vertex 50.6319 39.7588 30
      vertex 50.9647 39.8637 20
      vertex 50.6319 39.7588 20
    endloop
  endfacet
  facet normal -0.130662 0.991427 0
    outer loop
      vertex 51.6514 39.9848 20
      vertex 51.3054 39.9392 30
      vertex 51.6514 39.9848 30
    endloop
  endfacet
  facet normal -0.130662 0.991427 0
    outer loop
      vertex 51.3054 39.9392 30
      vertex 51.6514 39.9848 20
      vertex 51.3054 39.9392 20
    endloop
  endfacet
  facet normal -0.60863 0.793454 0
    outer loop
      vertex 49.7057 39.2766 20
      vertex 49.4288 39.0642 30
      vertex 49.7057 39.2766 30
    endloop
  endfacet
  facet normal -0.60863 0.793454 0
    outer loop
      vertex 49.4288 39.0642 30
      vertex 49.7057 39.2766 20
      vertex 49.4288 39.0642 20
    endloop
  endfacet
  facet normal -0.675777 0.737107 0
    outer loop
      vertex 49.4288 39.0642 20
      vertex 49.1716 38.8284 30
      vertex 49.4288 39.0642 30
    endloop
  endfacet
  facet normal -0.675777 0.737107 0
    outer loop
      vertex 49.1716 38.8284 30
      vertex 49.4288 39.0642 20
      vertex 49.1716 38.8284 20
    endloop
  endfacet
  facet normal -0.53732 0.843378 0
    outer loop
      vertex 50 39.4641 20
      vertex 49.7057 39.2766 30
      vertex 50 39.4641 30
    endloop
  endfacet
  facet normal -0.53732 0.843378 0
    outer loop
      vertex 49.7057 39.2766 30
      vertex 50 39.4641 20
      vertex 49.7057 39.2766 20
    endloop
  endfacet
  facet normal -0.737107 0.675777 0
    outer loop
      vertex 48.9358 38.5712 20
      vertex 49.1716 38.8284 30
      vertex 49.1716 38.8284 20
    endloop
  endfacet
  facet normal -0.737107 0.675777 0
    outer loop
      vertex 49.1716 38.8284 30
      vertex 48.9358 38.5712 20
      vertex 48.9358 38.5712 30
    endloop
  endfacet
  facet normal 0.999051 0.0435616 0
    outer loop
      vertex 56 36 30
      vertex 55.9848 36.3486 20
      vertex 55.9848 36.3486 30
    endloop
  endfacet
  facet normal 0.999051 0.0435616 0
    outer loop
      vertex 55.9848 36.3486 20
      vertex 56 36 30
      vertex 56 36 20
    endloop
  endfacet
  facet normal 0.130662 -0.991427 0
    outer loop
      vertex 52.3486 32.0152 20
      vertex 52.6946 32.0608 30
      vertex 52.3486 32.0152 30
    endloop
  endfacet
  facet normal 0.130662 -0.991427 0
    outer loop
      vertex 52.6946 32.0608 30
      vertex 52.3486 32.0152 20
      vertex 52.6946 32.0608 20
    endloop
  endfacet
  facet normal 0.216354 -0.976315 0
    outer loop
      vertex 52.6946 32.0608 20
      vertex 53.0353 32.1363 30
      vertex 52.6946 32.0608 30
    endloop
  endfacet
  facet normal 0.216354 -0.976315 0
    outer loop
      vertex 53.0353 32.1363 30
      vertex 52.6946 32.0608 20
      vertex 53.0353 32.1363 20
    endloop
  endfacet
  facet normal 0.300624 -0.953743 0
    outer loop
      vertex 53.0353 32.1363 20
      vertex 53.3681 32.2412 30
      vertex 53.0353 32.1363 30
    endloop
  endfacet
  facet normal 0.300624 -0.953743 0
    outer loop
      vertex 53.3681 32.2412 30
      vertex 53.0353 32.1363 20
      vertex 53.3681 32.2412 20
    endloop
  endfacet
  facet normal 0.675777 -0.737107 0
    outer loop
      vertex 54.5712 32.9358 20
      vertex 54.8284 33.1716 30
      vertex 54.5712 32.9358 30
    endloop
  endfacet
  facet normal 0.675777 -0.737107 0
    outer loop
      vertex 54.8284 33.1716 30
      vertex 54.5712 32.9358 20
      vertex 54.8284 33.1716 20
    endloop
  endfacet
  facet normal 0.461714 -0.887029 0
    outer loop
      vertex 53.6905 32.3748 20
      vertex 54 32.5359 30
      vertex 53.6905 32.3748 30
    endloop
  endfacet
  facet normal 0.461714 -0.887029 0
    outer loop
      vertex 54 32.5359 30
      vertex 53.6905 32.3748 20
      vertex 54 32.5359 20
    endloop
  endfacet
  facet normal 0.887029 -0.461714 0
    outer loop
      vertex 55.4641 34 30
      vertex 55.6252 34.3095 20
      vertex 55.6252 34.3095 30
    endloop
  endfacet
  facet normal 0.887029 -0.461714 0
    outer loop
      vertex 55.6252 34.3095 20
      vertex 55.4641 34 30
      vertex 55.4641 34 20
    endloop
  endfacet
  facet normal -0.0435616 -0.999051 0
    outer loop
      vertex 51.6514 32.0152 20
      vertex 52 32 30
      vertex 51.6514 32.0152 30
    endloop
  endfacet
  facet normal -0.0435616 -0.999051 -0
    outer loop
      vertex 52 32 30
      vertex 51.6514 32.0152 20
      vertex 52 32 20
    endloop
  endfacet
  facet normal -0.300624 -0.953743 0
    outer loop
      vertex 50.6319 32.2412 20
      vertex 50.9647 32.1363 30
      vertex 50.6319 32.2412 30
    endloop
  endfacet
  facet normal -0.300624 -0.953743 -0
    outer loop
      vertex 50.9647 32.1363 30
      vertex 50.6319 32.2412 20
      vertex 50.9647 32.1363 20
    endloop
  endfacet
  facet normal -0.461714 -0.887029 0
    outer loop
      vertex 50 32.5359 20
      vertex 50.3095 32.3748 30
      vertex 50 32.5359 30
    endloop
  endfacet
  facet normal -0.461714 -0.887029 -0
    outer loop
      vertex 50.3095 32.3748 30
      vertex 50 32.5359 20
      vertex 50.3095 32.3748 20
    endloop
  endfacet
  facet normal -0.953743 -0.300624 0
    outer loop
      vertex 48.2412 34.6319 20
      vertex 48.1363 34.9647 30
      vertex 48.1363 34.9647 20
    endloop
  endfacet
  facet normal -0.953743 -0.300624 0
    outer loop
      vertex 48.1363 34.9647 30
      vertex 48.2412 34.6319 20
      vertex 48.2412 34.6319 30
    endloop
  endfacet
  facet normal -0.991427 -0.130662 0
    outer loop
      vertex 48.0608 35.3054 20
      vertex 48.0152 35.6514 30
      vertex 48.0152 35.6514 20
    endloop
  endfacet
  facet normal -0.991427 -0.130662 0
    outer loop
      vertex 48.0152 35.6514 30
      vertex 48.0608 35.3054 20
      vertex 48.0608 35.3054 30
    endloop
  endfacet
  facet normal -0.737107 -0.675777 0
    outer loop
      vertex 49.1716 33.1716 20
      vertex 48.9358 33.4288 30
      vertex 48.9358 33.4288 20
    endloop
  endfacet
  facet normal -0.737107 -0.675777 0
    outer loop
      vertex 48.9358 33.4288 30
      vertex 49.1716 33.1716 20
      vertex 49.1716 33.1716 30
    endloop
  endfacet
  facet normal -0.675777 -0.737107 0
    outer loop
      vertex 49.1716 33.1716 20
      vertex 49.4288 32.9358 30
      vertex 49.1716 33.1716 30
    endloop
  endfacet
  facet normal -0.675777 -0.737107 -0
    outer loop
      vertex 49.4288 32.9358 30
      vertex 49.1716 33.1716 20
      vertex 49.4288 32.9358 20
    endloop
  endfacet
  facet normal 0.991427 0.130662 0
    outer loop
      vertex 55.9848 36.3486 30
      vertex 55.9392 36.6946 20
      vertex 55.9392 36.6946 30
    endloop
  endfacet
  facet normal 0.991427 0.130662 0
    outer loop
      vertex 55.9392 36.6946 20
      vertex 55.9848 36.3486 30
      vertex 55.9848 36.3486 20
    endloop
  endfacet
  facet normal 0.843378 0.53732 0
    outer loop
      vertex 55.4641 38 30
      vertex 55.2766 38.2943 20
      vertex 55.2766 38.2943 30
    endloop
  endfacet
  facet normal 0.843378 0.53732 0
    outer loop
      vertex 55.2766 38.2943 20
      vertex 55.4641 38 30
      vertex 55.4641 38 20
    endloop
  endfacet
  facet normal 0.130662 0.991427 -0
    outer loop
      vertex 52.6946 39.9392 20
      vertex 52.3486 39.9848 30
      vertex 52.6946 39.9392 30
    endloop
  endfacet
  facet normal 0.130662 0.991427 0
    outer loop
      vertex 52.3486 39.9848 30
      vertex 52.6946 39.9392 20
      vertex 52.3486 39.9848 20
    endloop
  endfacet
  facet normal 0.0435616 0.999051 -0
    outer loop
      vertex 52.3486 39.9848 20
      vertex 52 40 30
      vertex 52.3486 39.9848 30
    endloop
  endfacet
  facet normal 0.0435616 0.999051 0
    outer loop
      vertex 52 40 30
      vertex 52.3486 39.9848 20
      vertex 52 40 20
    endloop
  endfacet
  facet normal -0.999051 -0.0435616 0
    outer loop
      vertex 48.0152 35.6514 20
      vertex 48 36 30
      vertex 48 36 20
    endloop
  endfacet
  facet normal -0.999051 -0.0435616 0
    outer loop
      vertex 48 36 30
      vertex 48.0152 35.6514 20
      vertex 48.0152 35.6514 30
    endloop
  endfacet
  facet normal -0.991427 0.130662 0
    outer loop
      vertex 48.0152 36.3486 20
      vertex 48.0608 36.6946 30
      vertex 48.0608 36.6946 20
    endloop
  endfacet
  facet normal -0.991427 0.130662 0
    outer loop
      vertex 48.0608 36.6946 30
      vertex 48.0152 36.3486 20
      vertex 48.0152 36.3486 30
    endloop
  endfacet
  facet normal -0.461714 0.887029 0
    outer loop
      vertex 50.3095 39.6252 20
      vertex 50 39.4641 30
      vertex 50.3095 39.6252 30
    endloop
  endfacet
  facet normal -0.461714 0.887029 0
    outer loop
      vertex 50 39.4641 30
      vertex 50.3095 39.6252 20
      vertex 50 39.4641 20
    endloop
  endfacet
  facet normal 0.999051 -0.0435616 0
    outer loop
      vertex 55.9848 35.6514 30
      vertex 56 36 20
      vertex 56 36 30
    endloop
  endfacet
  facet normal 0.999051 -0.0435616 0
    outer loop
      vertex 56 36 20
      vertex 55.9848 35.6514 30
      vertex 55.9848 35.6514 20
    endloop
  endfacet
  facet normal 0.976315 -0.216354 0
    outer loop
      vertex 55.8637 34.9647 30
      vertex 55.9392 35.3054 20
      vertex 55.9392 35.3054 30
    endloop
  endfacet
  facet normal 0.976315 -0.216354 0
    outer loop
      vertex 55.9392 35.3054 20
      vertex 55.8637 34.9647 30
      vertex 55.8637 34.9647 20
    endloop
  endfacet
  facet normal 0.953743 -0.300624 0
    outer loop
      vertex 55.7588 34.6319 30
      vertex 55.8637 34.9647 20
      vertex 55.8637 34.9647 30
    endloop
  endfacet
  facet normal 0.953743 -0.300624 0
    outer loop
      vertex 55.8637 34.9647 20
      vertex 55.7588 34.6319 30
      vertex 55.7588 34.6319 20
    endloop
  endfacet
  facet normal 0.382824 -0.923821 0
    outer loop
      vertex 53.3681 32.2412 20
      vertex 53.6905 32.3748 30
      vertex 53.3681 32.2412 30
    endloop
  endfacet
  facet normal 0.382824 -0.923821 0
    outer loop
      vertex 53.6905 32.3748 30
      vertex 53.3681 32.2412 20
      vertex 53.6905 32.3748 20
    endloop
  endfacet
  facet normal 0.737107 -0.675777 0
    outer loop
      vertex 54.8284 33.1716 30
      vertex 55.0642 33.4288 20
      vertex 55.0642 33.4288 30
    endloop
  endfacet
  facet normal 0.737107 -0.675777 0
    outer loop
      vertex 55.0642 33.4288 20
      vertex 54.8284 33.1716 30
      vertex 54.8284 33.1716 20
    endloop
  endfacet
  facet normal 0.53732 -0.843378 0
    outer loop
      vertex 54 32.5359 20
      vertex 54.2943 32.7234 30
      vertex 54 32.5359 30
    endloop
  endfacet
  facet normal 0.53732 -0.843378 0
    outer loop
      vertex 54.2943 32.7234 30
      vertex 54 32.5359 20
      vertex 54.2943 32.7234 20
    endloop
  endfacet
  facet normal 0.843378 -0.53732 0
    outer loop
      vertex 55.2766 33.7057 30
      vertex 55.4641 34 20
      vertex 55.4641 34 30
    endloop
  endfacet
  facet normal 0.843378 -0.53732 0
    outer loop
      vertex 55.4641 34 20
      vertex 55.2766 33.7057 30
      vertex 55.2766 33.7057 20
    endloop
  endfacet
  facet normal 0.0435616 -0.999051 0
    outer loop
      vertex 52 32 20
      vertex 52.3486 32.0152 30
      vertex 52 32 30
    endloop
  endfacet
  facet normal 0.0435616 -0.999051 0
    outer loop
      vertex 52.3486 32.0152 30
      vertex 52 32 20
      vertex 52.3486 32.0152 20
    endloop
  endfacet
  facet normal -0.216354 -0.976315 0
    outer loop
      vertex 50.9647 32.1363 20
      vertex 51.3054 32.0608 30
      vertex 50.9647 32.1363 30
    endloop
  endfacet
  facet normal -0.216354 -0.976315 -0
    outer loop
      vertex 51.3054 32.0608 30
      vertex 50.9647 32.1363 20
      vertex 51.3054 32.0608 20
    endloop
  endfacet
  facet normal -0.53732 -0.843378 0
    outer loop
      vertex 49.7057 32.7234 20
      vertex 50 32.5359 30
      vertex 49.7057 32.7234 30
    endloop
  endfacet
  facet normal -0.53732 -0.843378 -0
    outer loop
      vertex 50 32.5359 30
      vertex 49.7057 32.7234 20
      vertex 50 32.5359 20
    endloop
  endfacet
  facet normal -0.923821 -0.382824 0
    outer loop
      vertex 48.3748 34.3095 20
      vertex 48.2412 34.6319 30
      vertex 48.2412 34.6319 20
    endloop
  endfacet
  facet normal -0.923821 -0.382824 0
    outer loop
      vertex 48.2412 34.6319 30
      vertex 48.3748 34.3095 20
      vertex 48.3748 34.3095 30
    endloop
  endfacet
  facet normal -0.976315 -0.216354 0
    outer loop
      vertex 48.1363 34.9647 20
      vertex 48.0608 35.3054 30
      vertex 48.0608 35.3054 20
    endloop
  endfacet
  facet normal -0.976315 -0.216354 0
    outer loop
      vertex 48.0608 35.3054 30
      vertex 48.1363 34.9647 20
      vertex 48.1363 34.9647 30
    endloop
  endfacet
  facet normal -0.793454 -0.60863 0
    outer loop
      vertex 48.9358 33.4288 20
      vertex 48.7234 33.7057 30
      vertex 48.7234 33.7057 20
    endloop
  endfacet
  facet normal -0.793454 -0.60863 0
    outer loop
      vertex 48.7234 33.7057 30
      vertex 48.9358 33.4288 20
      vertex 48.9358 33.4288 30
    endloop
  endfacet
  facet normal -0.887029 -0.461714 0
    outer loop
      vertex 48.5359 34 20
      vertex 48.3748 34.3095 30
      vertex 48.3748 34.3095 20
    endloop
  endfacet
  facet normal -0.887029 -0.461714 0
    outer loop
      vertex 48.3748 34.3095 30
      vertex 48.5359 34 20
      vertex 48.5359 34 30
    endloop
  endfacet
  facet normal 0 0 1
    outer loop
      vertex 53.4 36 30
      vertex 56 36 30
      vertex 55.9848 36.3486 30
    endloop
  endfacet
  facet normal 0 0 1
    outer loop
      vertex 53.3947 36.122 30
      vertex 55.9848 36.3486 30
      vertex 55.9392 36.6946 30
    endloop
  endfacet
  facet normal 0 0 1
    outer loop
      vertex 56 36 30
      vertex 53.4 36 30
      vertex 55.9848 35.6514 30
    endloop
  endfacet
  facet normal 0 0 1
    outer loop
      vertex 53.3787 36.2431 30
      vertex 55.9392 36.6946 30
      vertex 55.8637 37.0353 30
    endloop
  endfacet
  facet normal -0 0 1
    outer loop
      vertex 53.3947 35.878 30
      vertex 55.9848 35.6514 30
      vertex 53.4 36 30
    endloop
  endfacet
  facet normal 0 0 1
    outer loop
      vertex 53.3523 36.3623 30
      vertex 55.8637 37.0353 30
      vertex 55.7588 37.3681 30
    endloop
  endfacet
  facet normal 0 0 1
    outer loop
      vertex 55.9848 35.6514 30
      vertex 53.3947 35.878 30
      vertex 55.9392 35.3054 30
    endloop
  endfacet
  facet normal 0 0 1
    outer loop
      vertex 53.3156 36.4788 30
      vertex 55.7588 37.3681 30
      vertex 55.6252 37.6905 30
    endloop
  endfacet
  facet normal -0 0 1
    outer loop
      vertex 53.3787 35.7569 30
      vertex 55.9392 35.3054 30
      vertex 53.3947 35.878 30
    endloop
  endfacet
  facet normal 0 0 1
    outer loop
      vertex 53.2688 36.5917 30
      vertex 55.6252 37.6905 30
      vertex 55.4641 38 30
    endloop
  endfacet
  facet normal 0 0 1
    outer loop
      vertex 55.9392 35.3054 30
      vertex 53.3787 35.7569 30
      vertex 55.8637 34.9647 30
    endloop
  endfacet
  facet normal 0 0 1
    outer loop
      vertex 53.2124 36.7 30
      vertex 55.4641 38 30
      vertex 55.2766 38.2943 30
    endloop
  endfacet
  facet normal -0 0 1
    outer loop
      vertex 53.3523 35.6377 30
      vertex 55.8637 34.9647 30
      vertex 53.3787 35.7569 30
    endloop
  endfacet
  facet normal 0 0 1
    outer loop
      vertex 53.1468 36.803 30
      vertex 55.2766 38.2943 30
      vertex 55.0642 38.5712 30
    endloop
  endfacet
  facet normal 0 0 1
    outer loop
      vertex 55.8637 34.9647 30
      vertex 53.3523 35.6377 30
      vertex 55.7588 34.6319 30
    endloop
  endfacet
  facet normal 0 0 1
    outer loop
      vertex 53.0725 36.8999 30
      vertex 55.0642 38.5712 30
      vertex 54.8284 38.8284 30
    endloop
  endfacet
  facet normal -0 0 1
    outer loop
      vertex 53.3156 35.5212 30
      vertex 55.7588 34.6319 30
      vertex 53.3523 35.6377 30
    endloop
  endfacet
  facet normal 0 0 1
    outer loop
      vertex 52.9899 36.9899 30
      vertex 54.8284 38.8284 30
      vertex 54.5712 39.0642 30
    endloop
  endfacet
  facet normal 0 0 1
    outer loop
      vertex 55.7588 34.6319 30
      vertex 53.3156 35.5212 30
      vertex 55.6252 34.3095 30
    endloop
  endfacet
  facet normal 0 0 1
    outer loop
      vertex 52.8999 37.0725 30
      vertex 54.5712 39.0642 30
      vertex 54.2943 39.2766 30
    endloop
  endfacet
  facet normal -0 0 1
    outer loop
      vertex 53.2688 35.4083 30
      vertex 55.6252 34.3095 30
      vertex 53.3156 35.5212 30
    endloop
  endfacet
  facet normal 0 0 1
    outer loop
      vertex 52.803 37.1468 30
      vertex 54.2943 39.2766 30
      vertex 54 39.4641 30
    endloop
  endfacet
  facet normal 0 0 1
    outer loop
      vertex 55.6252 34.3095 30
      vertex 53.2688 35.4083 30
      vertex 55.4641 34 30
    endloop
  endfacet
  facet normal 0 0 1
    outer loop
      vertex 52.7 37.2124 30
      vertex 54 39.4641 30
      vertex 53.6905 39.6252 30
    endloop
  endfacet
  facet normal -0 0 1
    outer loop
      vertex 53.2124 35.3 30
      vertex 55.4641 34 30
      vertex 53.2688 35.4083 30
    endloop
  endfacet
  facet normal 0 0 1
    outer loop
      vertex 55.4641 34 30
      vertex 53.2124 35.3 30
      vertex 55.2766 33.7057 30
    endloop
  endfacet
  facet normal 0 0 1
    outer loop
      vertex 55.9848 36.3486 30
      vertex 53.3947 36.122 30
      vertex 53.4 36 30
    endloop
  endfacet
  facet normal 0 0 1
    outer loop
      vertex 55.9392 36.6946 30
      vertex 53.3787 36.2431 30
      vertex 53.3947 36.122 30
    endloop
  endfacet
  facet normal 0 0 1
    outer loop
      vertex 52.5917 37.2688 30
      vertex 53.6905 39.6252 30
      vertex 53.3681 39.7588 30
    endloop
  endfacet
  facet normal 0 0 1
    outer loop
      vertex 55.8637 37.0353 30
      vertex 53.3523 36.3623 30
      vertex 53.3787 36.2431 30
    endloop
  endfacet
  facet normal 0 0 1
    outer loop
      vertex 55.7588 37.3681 30
      vertex 53.3156 36.4788 30
      vertex 53.3523 36.3623 30
    endloop
  endfacet
  facet normal 0 0 1
    outer loop
      vertex 55.6252 37.6905 30
      vertex 53.2688 36.5917 30
      vertex 53.3156 36.4788 30
    endloop
  endfacet
  facet normal 0 0 1
    outer loop
      vertex 55.4641 38 30
      vertex 53.2124 36.7 30
      vertex 53.2688 36.5917 30
    endloop
  endfacet
  facet normal 0 0 1
    outer loop
      vertex 55.2766 38.2943 30
      vertex 53.1468 36.803 30
      vertex 53.2124 36.7 30
    endloop
  endfacet
  facet normal 0 0 1
    outer loop
      vertex 55.0642 38.5712 30
      vertex 53.0725 36.8999 30
      vertex 53.1468 36.803 30
    endloop
  endfacet
  facet normal 0 0 1
    outer loop
      vertex 52.4788 37.3156 30
      vertex 53.3681 39.7588 30
      vertex 53.0353 39.8637 30
    endloop
  endfacet
  facet normal 0 0 1
    outer loop
      vertex 54.8284 38.8284 30
      vertex 52.9899 36.9899 30
      vertex 53.0725 36.8999 30
    endloop
  endfacet
  facet normal 0 0 1
    outer loop
      vertex 54.5712 39.0642 30
      vertex 52.8999 37.0725 30
      vertex 52.9899 36.9899 30
    endloop
  endfacet
  facet normal 0 0 1
    outer loop
      vertex 54.2943 39.2766 30
      vertex 52.803 37.1468 30
      vertex 52.8999 37.0725 30
    endloop
  endfacet
  facet normal 0 0 1
    outer loop
      vertex 54 39.4641 30
      vertex 52.7 37.2124 30
      vertex 52.803 37.1468 30
    endloop
  endfacet
  facet normal 0 0 1
    outer loop
      vertex 52.3623 37.3523 30
      vertex 53.0353 39.8637 30
      vertex 52.6946 39.9392 30
    endloop
  endfacet
  facet normal 0 0 1
    outer loop
      vertex 53.6905 39.6252 30
      vertex 52.5917 37.2688 30
      vertex 52.7 37.2124 30
    endloop
  endfacet
  facet normal 0 0 1
    outer loop
      vertex 53.3681 39.7588 30
      vertex 52.4788 37.3156 30
      vertex 52.5917 37.2688 30
    endloop
  endfacet
  facet normal 0 0 1
    outer loop
      vertex 53.0353 39.8637 30
      vertex 52.3623 37.3523 30
      vertex 52.4788 37.3156 30
    endloop
  endfacet
  facet normal 0 0 1
    outer loop
      vertex 52.2431 37.3787 30
      vertex 52.6946 39.9392 30
      vertex 52.3486 39.9848 30
    endloop
  endfacet
  facet normal 0 0 1
    outer loop
      vertex 52.6946 39.9392 30
      vertex 52.2431 37.3787 30
      vertex 52.3623 37.3523 30
    endloop
  endfacet
  facet normal 0 0 1
    outer loop
      vertex 52.3486 39.9848 30
      vertex 52.122 37.3947 30
      vertex 52.2431 37.3787 30
    endloop
  endfacet
  facet normal 0 0 1
    outer loop
      vertex 52 40 30
      vertex 52.122 37.3947 30
      vertex 52.3486 39.9848 30
    endloop
  endfacet
  facet normal 0 0 1
    outer loop
      vertex 52 40 30
      vertex 52 37.4 30
      vertex 52.122 37.3947 30
    endloop
  endfacet
  facet normal 0 0 1
    outer loop
      vertex 52 40 30
      vertex 51.878 37.3947 30
      vertex 52 37.4 30
    endloop
  endfacet
  facet normal -0 0 1
    outer loop
      vertex 51.6514 39.9848 30
      vertex 51.878 37.3947 30
      vertex 52 40 30
    endloop
  endfacet
  facet normal 0 0 1
    outer loop
      vertex 51.878 37.3947 30
      vertex 51.6514 39.9848 30
      vertex 51.7569 37.3787 30
    endloop
  endfacet
  facet normal -0 0 1
    outer loop
      vertex 51.3054 39.9392 30
      vertex 51.7569 37.3787 30
      vertex 51.6514 39.9848 30
    endloop
  endfacet
  facet normal 0 0 1
    outer loop
      vertex 51.7569 37.3787 30
      vertex 51.3054 39.9392 30
      vertex 51.6377 37.3523 30
    endloop
  endfacet
  facet normal -0 0 1
    outer loop
      vertex 50.9647 39.8637 30
      vertex 51.6377 37.3523 30
      vertex 51.3054 39.9392 30
    endloop
  endfacet
  facet normal 0 0 1
    outer loop
      vertex 51.6377 37.3523 30
      vertex 50.9647 39.8637 30
      vertex 51.5212 37.3156 30
    endloop
  endfacet
  facet normal -0 0 1
    outer loop
      vertex 50.6319 39.7588 30
      vertex 51.5212 37.3156 30
      vertex 50.9647 39.8637 30
    endloop
  endfacet
  facet normal 0 0 1
    outer loop
      vertex 51.5212 37.3156 30
      vertex 50.6319 39.7588 30
      vertex 51.4083 37.2688 30
    endloop
  endfacet
  facet normal -0 0 1
    outer loop
      vertex 50.3095 39.6252 30
      vertex 51.4083 37.2688 30
      vertex 50.6319 39.7588 30
    endloop
  endfacet
  facet normal 0 0 1
    outer loop
      vertex 51.4083 37.2688 30
      vertex 50.3095 39.6252 30
      vertex 51.3 37.2124 30
    endloop
  endfacet
  facet normal -0 0 1
    outer loop
      vertex 50 39.4641 30
      vertex 51.3 37.2124 30
      vertex 50.3095 39.6252 30
    endloop
  endfacet
  facet normal 0 0 1
    outer loop
      vertex 51.3 37.2124 30
      vertex 50 39.4641 30
      vertex 51.197 37.1468 30
    endloop
  endfacet
  facet normal -0 0 1
    outer loop
      vertex 49.7057 39.2766 30
      vertex 51.197 37.1468 30
      vertex 50 39.4641 30
    endloop
  endfacet
  facet normal 0 0 1
    outer loop
      vertex 51.197 37.1468 30
      vertex 49.7057 39.2766 30
      vertex 51.1001 37.0725 30
    endloop
  endfacet
  facet normal -0 0 1
    outer loop
      vertex 49.4288 39.0642 30
      vertex 51.1001 37.0725 30
      vertex 49.7057 39.2766 30
    endloop
  endfacet
  facet normal 0 0 1
    outer loop
      vertex 51.1001 37.0725 30
      vertex 49.4288 39.0642 30
      vertex 51.01 36.9899 30
    endloop
  endfacet
  facet normal -0 0 1
    outer loop
      vertex 49.1716 38.8284 30
      vertex 51.01 36.9899 30
      vertex 49.4288 39.0642 30
    endloop
  endfacet
  facet normal 0 0 1
    outer loop
      vertex 51.01 36.9899 30
      vertex 49.1716 38.8284 30
      vertex 50.9275 36.8999 30
    endloop
  endfacet
  facet normal -0 0 1
    outer loop
      vertex 48.9358 38.5712 30
      vertex 50.9275 36.8999 30
      vertex 49.1716 38.8284 30
    endloop
  endfacet
  facet normal 0 0 1
    outer loop
      vertex 50.9275 36.8999 30
      vertex 48.9358 38.5712 30
      vertex 50.8532 36.803 30
    endloop
  endfacet
  facet normal -0 0 1
    outer loop
      vertex 48.7234 38.2943 30
      vertex 50.8532 36.803 30
      vertex 48.9358 38.5712 30
    endloop
  endfacet
  facet normal 0 0 1
    outer loop
      vertex 50.8532 36.803 30
      vertex 48.7234 38.2943 30
      vertex 50.7876 36.7 30
    endloop
  endfacet
  facet normal -0 0 1
    outer loop
      vertex 53.1468 35.197 30
      vertex 55.2766 33.7057 30
      vertex 53.2124 35.3 30
    endloop
  endfacet
  facet normal 0 0 1
    outer loop
      vertex 55.2766 33.7057 30
      vertex 53.1468 35.197 30
      vertex 55.0642 33.4288 30
    endloop
  endfacet
  facet normal -0 0 1
    outer loop
      vertex 53.0725 35.1001 30
      vertex 55.0642 33.4288 30
      vertex 53.1468 35.197 30
    endloop
  endfacet
  facet normal 0 0 1
    outer loop
      vertex 55.0642 33.4288 30
      vertex 53.0725 35.1001 30
      vertex 54.8284 33.1716 30
    endloop
  endfacet
  facet normal -0 0 1
    outer loop
      vertex 52.9899 35.01 30
      vertex 54.8284 33.1716 30
      vertex 53.0725 35.1001 30
    endloop
  endfacet
  facet normal 0 0 1
    outer loop
      vertex 54.8284 33.1716 30
      vertex 52.9899 35.01 30
      vertex 54.5712 32.9358 30
    endloop
  endfacet
  facet normal -0 0 1
    outer loop
      vertex 52.8999 34.9275 30
      vertex 54.5712 32.9358 30
      vertex 52.9899 35.01 30
    endloop
  endfacet
  facet normal 0 0 1
    outer loop
      vertex 54.5712 32.9358 30
      vertex 52.8999 34.9275 30
      vertex 54.2943 32.7234 30
    endloop
  endfacet
  facet normal -0 0 1
    outer loop
      vertex 52.803 34.8532 30
      vertex 54.2943 32.7234 30
      vertex 52.8999 34.9275 30
    endloop
  endfacet
  facet normal 0 0 1
    outer loop
      vertex 54.2943 32.7234 30
      vertex 52.803 34.8532 30
      vertex 54 32.5359 30
    endloop
  endfacet
  facet normal -0 0 1
    outer loop
      vertex 52.7 34.7876 30
      vertex 54 32.5359 30
      vertex 52.803 34.8532 30
    endloop
  endfacet
  facet normal 0 0 1
    outer loop
      vertex 54 32.5359 30
      vertex 52.7 34.7876 30
      vertex 53.6905 32.3748 30
    endloop
  endfacet
  facet normal -0 0 1
    outer loop
      vertex 52.5917 34.7312 30
      vertex 53.6905 32.3748 30
      vertex 52.7 34.7876 30
    endloop
  endfacet
  facet normal 0 0 1
    outer loop
      vertex 53.6905 32.3748 30
      vertex 52.5917 34.7312 30
      vertex 53.3681 32.2412 30
    endloop
  endfacet
  facet normal -0 0 1
    outer loop
      vertex 52.4788 34.6844 30
      vertex 53.3681 32.2412 30
      vertex 52.5917 34.7312 30
    endloop
  endfacet
  facet normal 0 0 1
    outer loop
      vertex 53.3681 32.2412 30
      vertex 52.4788 34.6844 30
      vertex 53.0353 32.1363 30
    endloop
  endfacet
  facet normal -0 0 1
    outer loop
      vertex 52.3623 34.6477 30
      vertex 53.0353 32.1363 30
      vertex 52.4788 34.6844 30
    endloop
  endfacet
  facet normal 0 0 1
    outer loop
      vertex 53.0353 32.1363 30
      vertex 52.3623 34.6477 30
      vertex 52.6946 32.0608 30
    endloop
  endfacet
  facet normal -0 0 1
    outer loop
      vertex 52.2431 34.6213 30
      vertex 52.6946 32.0608 30
      vertex 52.3623 34.6477 30
    endloop
  endfacet
  facet normal 0 0 1
    outer loop
      vertex 52.6946 32.0608 30
      vertex 52.2431 34.6213 30
      vertex 52.3486 32.0152 30
    endloop
  endfacet
  facet normal -0 0 1
    outer loop
      vertex 52.122 34.6053 30
      vertex 52.3486 32.0152 30
      vertex 52.2431 34.6213 30
    endloop
  endfacet
  facet normal -0 0 1
    outer loop
      vertex 52 34.6 30
      vertex 52.3486 32.0152 30
      vertex 52.122 34.6053 30
    endloop
  endfacet
  facet normal 0 0 1
    outer loop
      vertex 52 34.6 30
      vertex 52 32 30
      vertex 52.3486 32.0152 30
    endloop
  endfacet
  facet normal 0 0 1
    outer loop
      vertex 51.878 34.6053 30
      vertex 52 32 30
      vertex 52 34.6 30
    endloop
  endfacet
  facet normal 0 0 1
    outer loop
      vertex 51.6514 32.0152 30
      vertex 51.878 34.6053 30
      vertex 51.7569 34.6213 30
    endloop
  endfacet
  facet normal 0 0 1
    outer loop
      vertex 51.878 34.6053 30
      vertex 51.6514 32.0152 30
      vertex 52 32 30
    endloop
  endfacet
  facet normal 0 0 1
    outer loop
      vertex 51.3054 32.0608 30
      vertex 51.7569 34.6213 30
      vertex 51.6377 34.6477 30
    endloop
  endfacet
  facet normal 0 0 1
    outer loop
      vertex 50.9647 32.1363 30
      vertex 51.6377 34.6477 30
      vertex 51.5212 34.6844 30
    endloop
  endfacet
  facet normal 0 0 1
    outer loop
      vertex 50.6319 32.2412 30
      vertex 51.5212 34.6844 30
      vertex 51.4083 34.7312 30
    endloop
  endfacet
  facet normal 0 0 1
    outer loop
      vertex 51.7569 34.6213 30
      vertex 51.3054 32.0608 30
      vertex 51.6514 32.0152 30
    endloop
  endfacet
  facet normal 0 0 1
    outer loop
      vertex 50.3095 32.3748 30
      vertex 51.4083 34.7312 30
      vertex 51.3 34.7876 30
    endloop
  endfacet
  facet normal 0 0 1
    outer loop
      vertex 50 32.5359 30
      vertex 51.3 34.7876 30
      vertex 51.197 34.8532 30
    endloop
  endfacet
  facet normal 0 0 1
    outer loop
      vertex 49.7057 32.7234 30
      vertex 51.197 34.8532 30
      vertex 51.1001 34.9275 30
    endloop
  endfacet
  facet normal 0 0 1
    outer loop
      vertex 49.4288 32.9358 30
      vertex 51.1001 34.9275 30
      vertex 51.01 35.01 30
    endloop
  endfacet
  facet normal 0 0 1
    outer loop
      vertex 51.6377 34.6477 30
      vertex 50.9647 32.1363 30
      vertex 51.3054 32.0608 30
    endloop
  endfacet
  facet normal 0 0 1
    outer loop
      vertex 49.1716 33.1716 30
      vertex 51.01 35.01 30
      vertex 50.9275 35.1001 30
    endloop
  endfacet
  facet normal 0 0 1
    outer loop
      vertex 48.9358 33.4288 30
      vertex 50.9275 35.1001 30
      vertex 50.8532 35.197 30
    endloop
  endfacet
  facet normal 0 0 1
    outer loop
      vertex 48.7234 33.7057 30
      vertex 50.8532 35.197 30
      vertex 50.7876 35.3 30
    endloop
  endfacet
  facet normal 0 0 1
    outer loop
      vertex 48.5359 34 30
      vertex 50.7876 35.3 30
      vertex 50.7312 35.4083 30
    endloop
  endfacet
  facet normal 0 0 1
    outer loop
      vertex 48.3748 34.3095 30
      vertex 50.7312 35.4083 30
      vertex 50.6844 35.5212 30
    endloop
  endfacet
  facet normal 0 0 1
    outer loop
      vertex 48.2412 34.6319 30
      vertex 50.6844 35.5212 30
      vertex 50.6477 35.6377 30
    endloop
  endfacet
  facet normal 0 0 1
    outer loop
      vertex 51.5212 34.6844 30
      vertex 50.6319 32.2412 30
      vertex 50.9647 32.1363 30
    endloop
  endfacet
  facet normal 0 0 1
    outer loop
      vertex 48.1363 34.9647 30
      vertex 50.6477 35.6377 30
      vertex 50.6213 35.7569 30
    endloop
  endfacet
  facet normal 0 0 1
    outer loop
      vertex 48.0608 35.3054 30
      vertex 50.6213 35.7569 30
      vertex 50.6053 35.878 30
    endloop
  endfacet
  facet normal 0 0 1
    outer loop
      vertex 48.0152 35.6514 30
      vertex 50.6053 35.878 30
      vertex 50.6 36 30
    endloop
  endfacet
  facet normal -0 0 1
    outer loop
      vertex 48.5359 38 30
      vertex 50.7876 36.7 30
      vertex 48.7234 38.2943 30
    endloop
  endfacet
  facet normal 0 0 1
    outer loop
      vertex 51.4083 34.7312 30
      vertex 50.3095 32.3748 30
      vertex 50.6319 32.2412 30
    endloop
  endfacet
  facet normal 0 0 1
    outer loop
      vertex 50.7876 36.7 30
      vertex 48.5359 38 30
      vertex 50.7312 36.5917 30
    endloop
  endfacet
  facet normal 0 0 1
    outer loop
      vertex 51.3 34.7876 30
      vertex 50 32.5359 30
      vertex 50.3095 32.3748 30
    endloop
  endfacet
  facet normal -0 0 1
    outer loop
      vertex 48.3748 37.6905 30
      vertex 50.7312 36.5917 30
      vertex 48.5359 38 30
    endloop
  endfacet
  facet normal 0 0 1
    outer loop
      vertex 51.197 34.8532 30
      vertex 49.7057 32.7234 30
      vertex 50 32.5359 30
    endloop
  endfacet
  facet normal 0 0 1
    outer loop
      vertex 50.7312 36.5917 30
      vertex 48.3748 37.6905 30
      vertex 50.6844 36.4788 30
    endloop
  endfacet
  facet normal 0 0 1
    outer loop
      vertex 51.1001 34.9275 30
      vertex 49.4288 32.9358 30
      vertex 49.7057 32.7234 30
    endloop
  endfacet
  facet normal -0 0 1
    outer loop
      vertex 48.2412 37.3681 30
      vertex 50.6844 36.4788 30
      vertex 48.3748 37.6905 30
    endloop
  endfacet
  facet normal 0 0 1
    outer loop
      vertex 51.01 35.01 30
      vertex 49.1716 33.1716 30
      vertex 49.4288 32.9358 30
    endloop
  endfacet
  facet normal 0 0 1
    outer loop
      vertex 50.6844 36.4788 30
      vertex 48.2412 37.3681 30
      vertex 50.6477 36.3623 30
    endloop
  endfacet
  facet normal 0 0 1
    outer loop
      vertex 50.9275 35.1001 30
      vertex 48.9358 33.4288 30
      vertex 49.1716 33.1716 30
    endloop
  endfacet
  facet normal -0 0 1
    outer loop
      vertex 48.1363 37.0353 30
      vertex 50.6477 36.3623 30
      vertex 48.2412 37.3681 30
    endloop
  endfacet
  facet normal 0 0 1
    outer loop
      vertex 50.8532 35.197 30
      vertex 48.7234 33.7057 30
      vertex 48.9358 33.4288 30
    endloop
  endfacet
  facet normal 0 0 1
    outer loop
      vertex 50.6477 36.3623 30
      vertex 48.1363 37.0353 30
      vertex 50.6213 36.2431 30
    endloop
  endfacet
  facet normal 0 0 1
    outer loop
      vertex 50.7876 35.3 30
      vertex 48.5359 34 30
      vertex 48.7234 33.7057 30
    endloop
  endfacet
  facet normal -0 0 1
    outer loop
      vertex 48.0608 36.6946 30
      vertex 50.6213 36.2431 30
      vertex 48.1363 37.0353 30
    endloop
  endfacet
  facet normal 0 0 1
    outer loop
      vertex 50.7312 35.4083 30
      vertex 48.3748 34.3095 30
      vertex 48.5359 34 30
    endloop
  endfacet
  facet normal 0 0 1
    outer loop
      vertex 50.6213 36.2431 30
      vertex 48.0608 36.6946 30
      vertex 50.6053 36.122 30
    endloop
  endfacet
  facet normal 0 0 1
    outer loop
      vertex 50.6844 35.5212 30
      vertex 48.2412 34.6319 30
      vertex 48.3748 34.3095 30
    endloop
  endfacet
  facet normal -0 0 1
    outer loop
      vertex 48.0152 36.3486 30
      vertex 50.6053 36.122 30
      vertex 48.0608 36.6946 30
    endloop
  endfacet
  facet normal 0 0 1
    outer loop
      vertex 50.6477 35.6377 30
      vertex 48.1363 34.9647 30
      vertex 48.2412 34.6319 30
    endloop
  endfacet
  facet normal 0 0 1
    outer loop
      vertex 50.6053 36.122 30
      vertex 48.0152 36.3486 30
      vertex 50.6 36 30
    endloop
  endfacet
  facet normal 0 0 1
    outer loop
      vertex 50.6213 35.7569 30
      vertex 48.0608 35.3054 30
      vertex 48.1363 34.9647 30
    endloop
  endfacet
  facet normal 0 0 1
    outer loop
      vertex 48 36 30
      vertex 50.6 36 30
      vertex 48.0152 36.3486 30
    endloop
  endfacet
  facet normal 0 0 1
    outer loop
      vertex 50.6053 35.878 30
      vertex 48.0152 35.6514 30
      vertex 48.0608 35.3054 30
    endloop
  endfacet
  facet normal 0 0 1
    outer loop
      vertex 50.6 36 30
      vertex 48 36 30
      vertex 48.0152 35.6514 30
    endloop
  endfacet
  facet normal -0.843378 -0.53732 0
    outer loop
      vertex 48.7234 33.7057 20
      vertex 48.5359 34 30
      vertex 48.5359 34 20
    endloop
  endfacet
  facet normal -0.843378 -0.53732 0
    outer loop
      vertex 48.5359 34 30
      vertex 48.7234 33.7057 20
      vertex 48.7234 33.7057 30
    endloop
  endfacet
  facet normal -0.999058 -0.0434017 0
    outer loop
      vertex 53.4 36 20
      vertex 53.3947 36.122 30
      vertex 53.3947 36.122 20
    endloop
  endfacet
  facet normal -0.999058 -0.0434017 0
    outer loop
      vertex 53.3947 36.122 30
      vertex 53.4 36 20
      vertex 53.4 36 30
    endloop
  endfacet
  facet normal 0.0434017 -0.999058 0
    outer loop
      vertex 51.878 37.3947 20
      vertex 52 37.4 30
      vertex 51.878 37.3947 30
    endloop
  endfacet
  facet normal 0.0434017 -0.999058 0
    outer loop
      vertex 52 37.4 30
      vertex 51.878 37.3947 20
      vertex 52 37.4 20
    endloop
  endfacet
  facet normal -0.676169 -0.736746 0
    outer loop
      vertex 52.8999 37.0725 20
      vertex 52.9899 36.9899 30
      vertex 52.8999 37.0725 30
    endloop
  endfacet
  facet normal -0.676169 -0.736746 -0
    outer loop
      vertex 52.9899 36.9899 30
      vertex 52.8999 37.0725 20
      vertex 52.9899 36.9899 20
    endloop
  endfacet
  facet normal 0.737154 -0.675725 0
    outer loop
      vertex 50.9275 36.8999 30
      vertex 51.01 36.9899 20
      vertex 51.01 36.9899 30
    endloop
  endfacet
  facet normal 0.737154 -0.675725 0
    outer loop
      vertex 51.01 36.9899 20
      vertex 50.9275 36.8999 30
      vertex 50.9275 36.8999 20
    endloop
  endfacet
  facet normal 0.38293 -0.923777 0
    outer loop
      vertex 51.4083 37.2688 20
      vertex 51.5212 37.3156 30
      vertex 51.4083 37.2688 30
    endloop
  endfacet
  facet normal 0.38293 -0.923777 0
    outer loop
      vertex 51.5212 37.3156 30
      vertex 51.4083 37.2688 20
      vertex 51.5212 37.3156 20
    endloop
  endfacet
  facet normal -0.923777 -0.38293 0
    outer loop
      vertex 53.3156 36.4788 20
      vertex 53.2688 36.5917 30
      vertex 53.2688 36.5917 20
    endloop
  endfacet
  facet normal -0.923777 -0.38293 0
    outer loop
      vertex 53.2688 36.5917 30
      vertex 53.3156 36.4788 20
      vertex 53.3156 36.4788 30
    endloop
  endfacet
  facet normal -0.300465 -0.953793 0
    outer loop
      vertex 52.3623 37.3523 20
      vertex 52.4788 37.3156 30
      vertex 52.3623 37.3523 30
    endloop
  endfacet
  facet normal -0.300465 -0.953793 -0
    outer loop
      vertex 52.4788 37.3156 30
      vertex 52.3623 37.3523 20
      vertex 52.4788 37.3156 20
    endloop
  endfacet
  facet normal 0.923777 -0.38293 0
    outer loop
      vertex 50.6844 36.4788 30
      vertex 50.7312 36.5917 20
      vertex 50.7312 36.5917 30
    endloop
  endfacet
  facet normal 0.923777 -0.38293 0
    outer loop
      vertex 50.7312 36.5917 20
      vertex 50.6844 36.4788 30
      vertex 50.6844 36.4788 20
    endloop
  endfacet
  facet normal 0.886935 -0.461894 0
    outer loop
      vertex 50.7312 36.5917 30
      vertex 50.7876 36.7 20
      vertex 50.7876 36.7 30
    endloop
  endfacet
  facet normal 0.886935 -0.461894 0
    outer loop
      vertex 50.7876 36.7 20
      vertex 50.7312 36.5917 30
      vertex 50.7312 36.5917 20
    endloop
  endfacet
  facet normal 0.216237 -0.976341 0
    outer loop
      vertex 51.6377 37.3523 20
      vertex 51.7569 37.3787 30
      vertex 51.6377 37.3523 30
    endloop
  endfacet
  facet normal 0.216237 -0.976341 0
    outer loop
      vertex 51.7569 37.3787 30
      vertex 51.6377 37.3523 20
      vertex 51.7569 37.3787 20
    endloop
  endfacet
  facet normal -0.923777 0.38293 0
    outer loop
      vertex 53.2688 35.4083 20
      vertex 53.3156 35.5212 30
      vertex 53.3156 35.5212 20
    endloop
  endfacet
  facet normal -0.923777 0.38293 0
    outer loop
      vertex 53.3156 35.5212 30
      vertex 53.2688 35.4083 20
      vertex 53.2688 35.4083 30
    endloop
  endfacet
  facet normal -0.300465 0.953793 0
    outer loop
      vertex 52.4788 34.6844 20
      vertex 52.3623 34.6477 30
      vertex 52.4788 34.6844 30
    endloop
  endfacet
  facet normal -0.300465 0.953793 0
    outer loop
      vertex 52.3623 34.6477 30
      vertex 52.4788 34.6844 20
      vertex 52.3623 34.6477 20
    endloop
  endfacet
  facet normal -0.73712 0.675762 0
    outer loop
      vertex 52.9899 35.01 20
      vertex 53.0725 35.1001 30
      vertex 53.0725 35.1001 20
    endloop
  endfacet
  facet normal -0.73712 0.675762 0
    outer loop
      vertex 53.0725 35.1001 30
      vertex 52.9899 35.01 20
      vertex 52.9899 35.01 30
    endloop
  endfacet
  facet normal 0.216237 0.976341 -0
    outer loop
      vertex 51.7569 34.6213 20
      vertex 51.6377 34.6477 30
      vertex 51.7569 34.6213 30
    endloop
  endfacet
  facet normal 0.216237 0.976341 0
    outer loop
      vertex 51.6377 34.6477 30
      vertex 51.7569 34.6213 20
      vertex 51.6377 34.6477 20
    endloop
  endfacet
  facet normal 0.675317 0.737528 -0
    outer loop
      vertex 51.1001 34.9275 20
      vertex 51.01 35.01 30
      vertex 51.1001 34.9275 30
    endloop
  endfacet
  facet normal 0.675317 0.737528 0
    outer loop
      vertex 51.01 35.01 30
      vertex 51.1001 34.9275 20
      vertex 51.01 35.01 20
    endloop
  endfacet
  facet normal 0.923777 0.38293 0
    outer loop
      vertex 50.7312 35.4083 30
      vertex 50.6844 35.5212 20
      vertex 50.6844 35.5212 30
    endloop
  endfacet
  facet normal 0.923777 0.38293 0
    outer loop
      vertex 50.6844 35.5212 20
      vertex 50.7312 35.4083 30
      vertex 50.7312 35.4083 20
    endloop
  endfacet
  facet normal -0.976341 -0.216237 0
    outer loop
      vertex 53.3787 36.2431 20
      vertex 53.3523 36.3623 30
      vertex 53.3523 36.3623 20
    endloop
  endfacet
  facet normal -0.976341 -0.216237 0
    outer loop
      vertex 53.3523 36.3623 30
      vertex 53.3787 36.2431 20
      vertex 53.3787 36.2431 30
    endloop
  endfacet
  facet normal -0.991384 -0.130984 0
    outer loop
      vertex 53.3947 36.122 20
      vertex 53.3787 36.2431 30
      vertex 53.3787 36.2431 20
    endloop
  endfacet
  facet normal -0.991384 -0.130984 0
    outer loop
      vertex 53.3787 36.2431 30
      vertex 53.3947 36.122 20
      vertex 53.3947 36.122 30
    endloop
  endfacet
  facet normal -0.953793 -0.300465 0
    outer loop
      vertex 53.3523 36.3623 20
      vertex 53.3156 36.4788 30
      vertex 53.3156 36.4788 20
    endloop
  endfacet
  facet normal -0.953793 -0.300465 0
    outer loop
      vertex 53.3156 36.4788 30
      vertex 53.3523 36.3623 20
      vertex 53.3523 36.3623 30
    endloop
  endfacet
  facet normal -0.886935 -0.461894 0
    outer loop
      vertex 53.2688 36.5917 20
      vertex 53.2124 36.7 30
      vertex 53.2124 36.7 20
    endloop
  endfacet
  facet normal -0.886935 -0.461894 0
    outer loop
      vertex 53.2124 36.7 30
      vertex 53.2688 36.5917 20
      vertex 53.2688 36.5917 30
    endloop
  endfacet
  facet normal -0.130984 -0.991384 0
    outer loop
      vertex 52.122 37.3947 20
      vertex 52.2431 37.3787 30
      vertex 52.122 37.3947 30
    endloop
  endfacet
  facet normal -0.130984 -0.991384 -0
    outer loop
      vertex 52.2431 37.3787 30
      vertex 52.122 37.3947 20
      vertex 52.2431 37.3787 20
    endloop
  endfacet
  facet normal -0.0434017 -0.999058 0
    outer loop
      vertex 52 37.4 20
      vertex 52.122 37.3947 30
      vertex 52 37.4 30
    endloop
  endfacet
  facet normal -0.0434017 -0.999058 -0
    outer loop
      vertex 52.122 37.3947 30
      vertex 52 37.4 20
      vertex 52.122 37.3947 20
    endloop
  endfacet
  facet normal -0.461894 -0.886935 0
    outer loop
      vertex 52.5917 37.2688 20
      vertex 52.7 37.2124 30
      vertex 52.5917 37.2688 30
    endloop
  endfacet
  facet normal -0.461894 -0.886935 -0
    outer loop
      vertex 52.7 37.2124 30
      vertex 52.5917 37.2688 20
      vertex 52.7 37.2124 20
    endloop
  endfacet
  facet normal 0.991384 -0.130984 0
    outer loop
      vertex 50.6053 36.122 30
      vertex 50.6213 36.2431 20
      vertex 50.6213 36.2431 30
    endloop
  endfacet
  facet normal 0.991384 -0.130984 0
    outer loop
      vertex 50.6213 36.2431 20
      vertex 50.6053 36.122 30
      vertex 50.6053 36.122 20
    endloop
  endfacet
  facet normal 0.843459 -0.537193 0
    outer loop
      vertex 50.7876 36.7 30
      vertex 50.8532 36.803 20
      vertex 50.8532 36.803 30
    endloop
  endfacet
  facet normal 0.843459 -0.537193 0
    outer loop
      vertex 50.8532 36.803 20
      vertex 50.7876 36.7 30
      vertex 50.7876 36.7 20
    endloop
  endfacet
  facet normal 0.953793 -0.300465 0
    outer loop
      vertex 50.6477 36.3623 30
      vertex 50.6844 36.4788 20
      vertex 50.6844 36.4788 30
    endloop
  endfacet
  facet normal 0.953793 -0.300465 0
    outer loop
      vertex 50.6844 36.4788 20
      vertex 50.6477 36.3623 30
      vertex 50.6477 36.3623 20
    endloop
  endfacet
  facet normal 0.999058 -0.0434017 0
    outer loop
      vertex 50.6 36 30
      vertex 50.6053 36.122 20
      vertex 50.6053 36.122 30
    endloop
  endfacet
  facet normal 0.999058 -0.0434017 0
    outer loop
      vertex 50.6053 36.122 20
      vertex 50.6 36 30
      vertex 50.6 36 20
    endloop
  endfacet
  facet normal 0.537193 -0.843459 0
    outer loop
      vertex 51.197 37.1468 20
      vertex 51.3 37.2124 30
      vertex 51.197 37.1468 30
    endloop
  endfacet
  facet normal 0.537193 -0.843459 0
    outer loop
      vertex 51.3 37.2124 30
      vertex 51.197 37.1468 20
      vertex 51.3 37.2124 20
    endloop
  endfacet
  facet normal 0.675762 -0.73712 0
    outer loop
      vertex 51.01 36.9899 20
      vertex 51.1001 37.0725 30
      vertex 51.01 36.9899 30
    endloop
  endfacet
  facet normal 0.675762 -0.73712 0
    outer loop
      vertex 51.1001 37.0725 30
      vertex 51.01 36.9899 20
      vertex 51.1001 37.0725 20
    endloop
  endfacet
  facet normal 0.300465 -0.953793 0
    outer loop
      vertex 51.5212 37.3156 20
      vertex 51.6377 37.3523 30
      vertex 51.5212 37.3156 30
    endloop
  endfacet
  facet normal 0.300465 -0.953793 0
    outer loop
      vertex 51.6377 37.3523 30
      vertex 51.5212 37.3156 20
      vertex 51.6377 37.3523 20
    endloop
  endfacet
  facet normal 0.130984 -0.991384 0
    outer loop
      vertex 51.7569 37.3787 20
      vertex 51.878 37.3947 30
      vertex 51.7569 37.3787 30
    endloop
  endfacet
  facet normal 0.130984 -0.991384 0
    outer loop
      vertex 51.878 37.3947 30
      vertex 51.7569 37.3787 20
      vertex 51.878 37.3947 20
    endloop
  endfacet
  facet normal -0.999058 0.0434017 0
    outer loop
      vertex 53.3947 35.878 20
      vertex 53.4 36 30
      vertex 53.4 36 20
    endloop
  endfacet
  facet normal -0.999058 0.0434017 0
    outer loop
      vertex 53.4 36 30
      vertex 53.3947 35.878 20
      vertex 53.3947 35.878 30
    endloop
  endfacet
  facet normal -0.130984 0.991384 0
    outer loop
      vertex 52.2431 34.6213 20
      vertex 52.122 34.6053 30
      vertex 52.2431 34.6213 30
    endloop
  endfacet
  facet normal -0.130984 0.991384 0
    outer loop
      vertex 52.122 34.6053 30
      vertex 52.2431 34.6213 20
      vertex 52.122 34.6053 20
    endloop
  endfacet
  facet normal -0.461894 0.886935 0
    outer loop
      vertex 52.7 34.7876 20
      vertex 52.5917 34.7312 30
      vertex 52.7 34.7876 30
    endloop
  endfacet
  facet normal -0.461894 0.886935 0
    outer loop
      vertex 52.5917 34.7312 30
      vertex 52.7 34.7876 20
      vertex 52.5917 34.7312 20
    endloop
  endfacet
  facet normal -0.675725 0.737154 0
    outer loop
      vertex 52.9899 35.01 20
      vertex 52.8999 34.9275 30
      vertex 52.9899 35.01 30
    endloop
  endfacet
  facet normal -0.675725 0.737154 0
    outer loop
      vertex 52.8999 34.9275 30
      vertex 52.9899 35.01 20
      vertex 52.8999 34.9275 20
    endloop
  endfacet
  facet normal -0.537193 0.843459 0
    outer loop
      vertex 52.803 34.8532 20
      vertex 52.7 34.7876 30
      vertex 52.803 34.8532 30
    endloop
  endfacet
  facet normal -0.537193 0.843459 0
    outer loop
      vertex 52.7 34.7876 30
      vertex 52.803 34.8532 20
      vertex 52.7 34.7876 20
    endloop
  endfacet
  facet normal -0.991384 0.130984 0
    outer loop
      vertex 53.3787 35.7569 20
      vertex 53.3947 35.878 30
      vertex 53.3947 35.878 20
    endloop
  endfacet
  facet normal -0.991384 0.130984 0
    outer loop
      vertex 53.3947 35.878 30
      vertex 53.3787 35.7569 20
      vertex 53.3787 35.7569 30
    endloop
  endfacet
  facet normal -0.976341 0.216237 0
    outer loop
      vertex 53.3523 35.6377 20
      vertex 53.3787 35.7569 30
      vertex 53.3787 35.7569 20
    endloop
  endfacet
  facet normal -0.976341 0.216237 0
    outer loop
      vertex 53.3787 35.7569 30
      vertex 53.3523 35.6377 20
      vertex 53.3523 35.6377 30
    endloop
  endfacet
  facet normal 0.38293 0.923777 -0
    outer loop
      vertex 51.5212 34.6844 20
      vertex 51.4083 34.7312 30
      vertex 51.5212 34.6844 30
    endloop
  endfacet
  facet normal 0.38293 0.923777 0
    outer loop
      vertex 51.4083 34.7312 30
      vertex 51.5212 34.6844 20
      vertex 51.4083 34.7312 20
    endloop
  endfacet
  facet normal 0.0434017 0.999058 -0
    outer loop
      vertex 52 34.6 20
      vertex 51.878 34.6053 30
      vertex 52 34.6 30
    endloop
  endfacet
  facet normal 0.0434017 0.999058 0
    outer loop
      vertex 51.878 34.6053 30
      vertex 52 34.6 20
      vertex 51.878 34.6053 20
    endloop
  endfacet
  facet normal 0.793567 0.608483 0
    outer loop
      vertex 50.9275 35.1001 30
      vertex 50.8532 35.197 20
      vertex 50.8532 35.197 30
    endloop
  endfacet
  facet normal 0.793567 0.608483 0
    outer loop
      vertex 50.8532 35.197 20
      vertex 50.9275 35.1001 30
      vertex 50.9275 35.1001 20
    endloop
  endfacet
  facet normal 0.886935 0.461894 0
    outer loop
      vertex 50.7876 35.3 30
      vertex 50.7312 35.4083 20
      vertex 50.7312 35.4083 30
    endloop
  endfacet
  facet normal 0.886935 0.461894 0
    outer loop
      vertex 50.7312 35.4083 20
      vertex 50.7876 35.3 30
      vertex 50.7876 35.3 20
    endloop
  endfacet
  facet normal 0.737528 0.675317 0
    outer loop
      vertex 51.01 35.01 30
      vertex 50.9275 35.1001 20
      vertex 50.9275 35.1001 30
    endloop
  endfacet
  facet normal 0.737528 0.675317 0
    outer loop
      vertex 50.9275 35.1001 20
      vertex 51.01 35.01 30
      vertex 51.01 35.01 20
    endloop
  endfacet
  facet normal 0.991384 0.130984 0
    outer loop
      vertex 50.6213 35.7569 30
      vertex 50.6053 35.878 20
      vertex 50.6053 35.878 30
    endloop
  endfacet
  facet normal 0.991384 0.130984 0
    outer loop
      vertex 50.6053 35.878 20
      vertex 50.6213 35.7569 30
      vertex 50.6213 35.7569 20
    endloop
  endfacet
  facet normal 0.953793 0.300465 0
    outer loop
      vertex 50.6844 35.5212 30
      vertex 50.6477 35.6377 20
      vertex 50.6477 35.6377 30
    endloop
  endfacet
  facet normal 0.953793 0.300465 0
    outer loop
      vertex 50.6477 35.6377 20
      vertex 50.6844 35.5212 30
      vertex 50.6844 35.5212 20
    endloop
  endfacet
  facet normal 0.976341 0.216237 0
    outer loop
      vertex 50.6477 35.6377 30
      vertex 50.6213 35.7569 20
      vertex 50.6213 35.7569 30
    endloop
  endfacet
  facet normal 0.976341 0.216237 0
    outer loop
      vertex 50.6213 35.7569 20
      vertex 50.6477 35.6377 30
      vertex 50.6477 35.6377 20
    endloop
  endfacet
  facet normal -0.736746 -0.676169 0
    outer loop
      vertex 53.0725 36.8999 20
      vertex 52.9899 36.9899 30
      vertex 52.9899 36.9899 20
    endloop
  endfacet
  facet normal -0.736746 -0.676169 0
    outer loop
      vertex 52.9899 36.9899 30
      vertex 53.0725 36.8999 20
      vertex 53.0725 36.8999 30
    endloop
  endfacet
  facet normal -0.793567 -0.608483 0
    outer loop
      vertex 53.1468 36.803 20
      vertex 53.0725 36.8999 30
      vertex 53.0725 36.8999 20
    endloop
  endfacet
  facet normal -0.793567 -0.608483 0
    outer loop
      vertex 53.0725 36.8999 30
      vertex 53.1468 36.803 20
      vertex 53.1468 36.803 30
    endloop
  endfacet
  facet normal -0.216237 -0.976341 0
    outer loop
      vertex 52.2431 37.3787 20
      vertex 52.3623 37.3523 30
      vertex 52.2431 37.3787 30
    endloop
  endfacet
  facet normal -0.216237 -0.976341 -0
    outer loop
      vertex 52.3623 37.3523 30
      vertex 52.2431 37.3787 20
      vertex 52.3623 37.3523 20
    endloop
  endfacet
  facet normal -0.38293 -0.923777 0
    outer loop
      vertex 52.4788 37.3156 20
      vertex 52.5917 37.2688 30
      vertex 52.4788 37.3156 30
    endloop
  endfacet
  facet normal -0.38293 -0.923777 -0
    outer loop
      vertex 52.5917 37.2688 30
      vertex 52.4788 37.3156 20
      vertex 52.5917 37.2688 20
    endloop
  endfacet
  facet normal -0.608483 -0.793567 0
    outer loop
      vertex 52.803 37.1468 20
      vertex 52.8999 37.0725 30
      vertex 52.803 37.1468 30
    endloop
  endfacet
  facet normal -0.608483 -0.793567 -0
    outer loop
      vertex 52.8999 37.0725 30
      vertex 52.803 37.1468 20
      vertex 52.8999 37.0725 20
    endloop
  endfacet
  facet normal -0.537193 -0.843459 0
    outer loop
      vertex 52.7 37.2124 20
      vertex 52.803 37.1468 30
      vertex 52.7 37.2124 30
    endloop
  endfacet
  facet normal -0.537193 -0.843459 -0
    outer loop
      vertex 52.803 37.1468 30
      vertex 52.7 37.2124 20
      vertex 52.803 37.1468 20
    endloop
  endfacet
  facet normal 0.793567 -0.608483 0
    outer loop
      vertex 50.8532 36.803 30
      vertex 50.9275 36.8999 20
      vertex 50.9275 36.8999 30
    endloop
  endfacet
  facet normal 0.793567 -0.608483 0
    outer loop
      vertex 50.9275 36.8999 20
      vertex 50.8532 36.803 30
      vertex 50.8532 36.803 20
    endloop
  endfacet
  facet normal 0.976341 -0.216237 0
    outer loop
      vertex 50.6213 36.2431 30
      vertex 50.6477 36.3623 20
      vertex 50.6477 36.3623 30
    endloop
  endfacet
  facet normal 0.976341 -0.216237 0
    outer loop
      vertex 50.6477 36.3623 20
      vertex 50.6213 36.2431 30
      vertex 50.6213 36.2431 20
    endloop
  endfacet
  facet normal 0.999058 0.0434017 0
    outer loop
      vertex 50.6053 35.878 30
      vertex 50.6 36 20
      vertex 50.6 36 30
    endloop
  endfacet
  facet normal 0.999058 0.0434017 0
    outer loop
      vertex 50.6 36 20
      vertex 50.6053 35.878 30
      vertex 50.6053 35.878 20
    endloop
  endfacet
  facet normal 0.461894 -0.886935 0
    outer loop
      vertex 51.3 37.2124 20
      vertex 51.4083 37.2688 30
      vertex 51.3 37.2124 30
    endloop
  endfacet
  facet normal 0.461894 -0.886935 0
    outer loop
      vertex 51.4083 37.2688 30
      vertex 51.3 37.2124 20
      vertex 51.4083 37.2688 20
    endloop
  endfacet
  facet normal 0.608483 -0.793567 0
    outer loop
      vertex 51.1001 37.0725 20
      vertex 51.197 37.1468 30
      vertex 51.1001 37.0725 30
    endloop
  endfacet
  facet normal 0.608483 -0.793567 0
    outer loop
      vertex 51.197 37.1468 30
      vertex 51.1001 37.0725 20
      vertex 51.197 37.1468 20
    endloop
  endfacet
  facet normal -0.216237 0.976341 0
    outer loop
      vertex 52.3623 34.6477 20
      vertex 52.2431 34.6213 30
      vertex 52.3623 34.6477 30
    endloop
  endfacet
  facet normal -0.216237 0.976341 0
    outer loop
      vertex 52.2431 34.6213 30
      vertex 52.3623 34.6477 20
      vertex 52.2431 34.6213 20
    endloop
  endfacet
  facet normal -0.38293 0.923777 0
    outer loop
      vertex 52.5917 34.7312 20
      vertex 52.4788 34.6844 30
      vertex 52.5917 34.7312 30
    endloop
  endfacet
  facet normal -0.38293 0.923777 0
    outer loop
      vertex 52.4788 34.6844 30
      vertex 52.5917 34.7312 20
      vertex 52.4788 34.6844 20
    endloop
  endfacet
  facet normal -0.886935 0.461894 0
    outer loop
      vertex 53.2124 35.3 20
      vertex 53.2688 35.4083 30
      vertex 53.2688 35.4083 20
    endloop
  endfacet
  facet normal -0.886935 0.461894 0
    outer loop
      vertex 53.2688 35.4083 30
      vertex 53.2124 35.3 20
      vertex 53.2124 35.3 30
    endloop
  endfacet
  facet normal -0.793567 0.608483 0
    outer loop
      vertex 53.0725 35.1001 20
      vertex 53.1468 35.197 30
      vertex 53.1468 35.197 20
    endloop
  endfacet
  facet normal -0.793567 0.608483 0
    outer loop
      vertex 53.1468 35.197 30
      vertex 53.0725 35.1001 20
      vertex 53.0725 35.1001 30
    endloop
  endfacet
  facet normal -0.843459 0.537193 0
    outer loop
      vertex 53.1468 35.197 20
      vertex 53.2124 35.3 30
      vertex 53.2124 35.3 20
    endloop
  endfacet
  facet normal -0.843459 0.537193 0
    outer loop
      vertex 53.2124 35.3 30
      vertex 53.1468 35.197 20
      vertex 53.1468 35.197 30
    endloop
  endfacet
  facet normal -0.953793 0.300465 0
    outer loop
      vertex 53.3156 35.5212 20
      vertex 53.3523 35.6377 30
      vertex 53.3523 35.6377 20
    endloop
  endfacet
  facet normal -0.953793 0.300465 0
    outer loop
      vertex 53.3523 35.6377 30
      vertex 53.3156 35.5212 20
      vertex 53.3156 35.5212 30
    endloop
  endfacet
  facet normal 0.461894 0.886935 -0
    outer loop
      vertex 51.4083 34.7312 20
      vertex 51.3 34.7876 30
      vertex 51.4083 34.7312 30
    endloop
  endfacet
  facet normal 0.461894 0.886935 0
    outer loop
      vertex 51.3 34.7876 30
      vertex 51.4083 34.7312 20
      vertex 51.3 34.7876 20
    endloop
  endfacet
  facet normal 0.608483 0.793567 -0
    outer loop
      vertex 51.197 34.8532 20
      vertex 51.1001 34.9275 30
      vertex 51.197 34.8532 30
    endloop
  endfacet
  facet normal 0.608483 0.793567 0
    outer loop
      vertex 51.1001 34.9275 30
      vertex 51.197 34.8532 20
      vertex 51.1001 34.9275 20
    endloop
  endfacet
  facet normal 0.537193 0.843459 -0
    outer loop
      vertex 51.3 34.7876 20
      vertex 51.197 34.8532 30
      vertex 51.3 34.7876 30
    endloop
  endfacet
  facet normal 0.537193 0.843459 0
    outer loop
      vertex 51.197 34.8532 30
      vertex 51.3 34.7876 20
      vertex 51.197 34.8532 20
    endloop
  endfacet
  facet normal 0.300465 0.953793 -0
    outer loop
      vertex 51.6377 34.6477 20
      vertex 51.5212 34.6844 30
      vertex 51.6377 34.6477 30
    endloop
  endfacet
  facet normal 0.300465 0.953793 0
    outer loop
      vertex 51.5212 34.6844 30
      vertex 51.6377 34.6477 20
      vertex 51.5212 34.6844 20
    endloop
  endfacet
  facet normal 0.130984 0.991384 -0
    outer loop
      vertex 51.878 34.6053 20
      vertex 51.7569 34.6213 30
      vertex 51.878 34.6053 30
    endloop
  endfacet
  facet normal 0.130984 0.991384 0
    outer loop
      vertex 51.7569 34.6213 30
      vertex 51.878 34.6053 20
      vertex 51.7569 34.6213 20
    endloop
  endfacet
  facet normal -0.0434017 0.999058 0
    outer loop
      vertex 52.122 34.6053 20
      vertex 52 34.6 30
      vertex 52.122 34.6053 30
    endloop
  endfacet
  facet normal -0.0434017 0.999058 0
    outer loop
      vertex 52 34.6 30
      vertex 52.122 34.6053 20
      vertex 52 34.6 20
    endloop
  endfacet
  facet normal 0.843459 0.537193 0
    outer loop
      vertex 50.8532 35.197 30
      vertex 50.7876 35.3 20
      vertex 50.7876 35.3 30
    endloop
  endfacet
  facet normal 0.843459 0.537193 0
    outer loop
      vertex 50.7876 35.3 20
      vertex 50.8532 35.197 30
      vertex 50.8532 35.197 20
    endloop
  endfacet
  facet normal -0.843459 -0.537193 0
    outer loop
      vertex 53.2124 36.7 20
      vertex 53.1468 36.803 30
      vertex 53.1468 36.803 20
    endloop
  endfacet
  facet normal -0.843459 -0.537193 0
    outer loop
      vertex 53.1468 36.803 30
      vertex 53.2124 36.7 20
      vertex 53.2124 36.7 30
    endloop
  endfacet
  facet normal -0.608483 0.793567 0
    outer loop
      vertex 52.8999 34.9275 20
      vertex 52.803 34.8532 30
      vertex 52.8999 34.9275 30
    endloop
  endfacet
  facet normal -0.608483 0.793567 0
    outer loop
      vertex 52.803 34.8532 30
      vertex 52.8999 34.9275 20
      vertex 52.803 34.8532 20
    endloop
  endfacet
  facet normal 0.216475 -0.976288 0
    outer loop
      vertex 70.973 -62.1962 0
      vertex 72.6764 -61.8185 18
      vertex 70.973 -62.1962 18
    endloop
  endfacet
  facet normal 0.216475 -0.976288 0
    outer loop
      vertex 72.6764 -61.8185 18
      vertex 70.973 -62.1962 0
      vertex 72.6764 -61.8185 0
    endloop
  endfacet
  facet normal 0.1305 -0.991448 0
    outer loop
      vertex 69.2431 -62.4239 0
      vertex 70.973 -62.1962 18
      vertex 69.2431 -62.4239 18
    endloop
  endfacet
  facet normal 0.1305 -0.991448 0
    outer loop
      vertex 70.973 -62.1962 18
      vertex 69.2431 -62.4239 0
      vertex 70.973 -62.1962 0
    endloop
  endfacet
  facet normal -0.999048 0.0436163 0
    outer loop
      vertex -87.5 42.5 0
      vertex -87.4239 44.2431 18
      vertex -87.4239 44.2431 0
    endloop
  endfacet
  facet normal -0.999048 0.0436163 0
    outer loop
      vertex -87.4239 44.2431 18
      vertex -87.5 42.5 0
      vertex -87.5 42.5 18
    endloop
  endfacet
  facet normal 0.0436163 -0.999048 0
    outer loop
      vertex 67.5 -62.5 0
      vertex 69.2431 -62.4239 18
      vertex 67.5 -62.5 18
    endloop
  endfacet
  facet normal 0.0436163 -0.999048 0
    outer loop
      vertex 69.2431 -62.4239 18
      vertex 67.5 -62.5 0
      vertex 69.2431 -62.4239 0
    endloop
  endfacet
  facet normal 0.608721 0.793384 -0
    outer loop
      vertex 80.3558 57.8209 0
      vertex 78.9715 58.883 18
      vertex 80.3558 57.8209 18
    endloop
  endfacet
  facet normal 0.608721 0.793384 0
    outer loop
      vertex 78.9715 58.883 18
      vertex 80.3558 57.8209 0
      vertex 78.9715 58.883 0
    endloop
  endfacet
  facet normal 0 -1 0
    outer loop
      vertex -67.5 -62.5 0
      vertex 67.5 -62.5 18
      vertex -67.5 -62.5 18
    endloop
  endfacet
  facet normal 0 -1 -0
    outer loop
      vertex 67.5 -62.5 18
      vertex -67.5 -62.5 0
      vertex 67.5 -62.5 0
    endloop
  endfacet
  facet normal -0.608721 0.793384 0
    outer loop
      vertex -78.9715 58.883 0
      vertex -80.3558 57.8209 18
      vertex -78.9715 58.883 18
    endloop
  endfacet
  facet normal -0.608721 0.793384 0
    outer loop
      vertex -80.3558 57.8209 18
      vertex -78.9715 58.883 0
      vertex -80.3558 57.8209 0
    endloop
  endfacet
  facet normal -0.1305 0.991448 0
    outer loop
      vertex -69.2431 62.4239 0
      vertex -70.973 62.1962 18
      vertex -69.2431 62.4239 18
    endloop
  endfacet
  facet normal -0.1305 0.991448 0
    outer loop
      vertex -70.973 62.1962 18
      vertex -69.2431 62.4239 0
      vertex -70.973 62.1962 0
    endloop
  endfacet
  facet normal 0.382677 0.923882 -0
    outer loop
      vertex 75.9524 60.6262 0
      vertex 74.3404 61.2939 18
      vertex 75.9524 60.6262 18
    endloop
  endfacet
  facet normal 0.382677 0.923882 0
    outer loop
      vertex 74.3404 61.2939 18
      vertex 75.9524 60.6262 0
      vertex 74.3404 61.2939 0
    endloop
  endfacet
  facet normal 0.216475 0.976288 -0
    outer loop
      vertex 72.6764 61.8185 0
      vertex 70.973 62.1962 18
      vertex 72.6764 61.8185 18
    endloop
  endfacet
  facet normal 0.216475 0.976288 0
    outer loop
      vertex 70.973 62.1962 18
      vertex 72.6764 61.8185 0
      vertex 70.973 62.1962 0
    endloop
  endfacet
  facet normal 0 1 -0
    outer loop
      vertex -45 62.5 0
      vertex -67.5 62.5 18
      vertex -45 62.5 18
    endloop
  endfacet
  facet normal 0 1 0
    outer loop
      vertex -67.5 62.5 18
      vertex -45 62.5 0
      vertex -67.5 62.5 0
    endloop
  endfacet
  facet normal 0 1 -0
    outer loop
      vertex 67.5 62.5 0
      vertex 57 62.5 18
      vertex 67.5 62.5 18
    endloop
  endfacet
  facet normal 0 1 0
    outer loop
      vertex 57 62.5 18
      vertex 67.5 62.5 0
      vertex 57 62.5 0
    endloop
  endfacet
  facet normal 0 1 0
    outer loop
      vertex -15 62.5 5
      vertex -15 62.5 0
      vertex -18 62.5 5
    endloop
  endfacet
  facet normal 0 1 0
    outer loop
      vertex -18 62.5 15
      vertex -15 62.5 18
      vertex -15 62.5 15
    endloop
  endfacet
  facet normal 0 1 0
    outer loop
      vertex -15 62.5 18
      vertex -18 62.5 15
      vertex -33 62.5 18
    endloop
  endfacet
  facet normal 0 1 -0
    outer loop
      vertex -18 62.5 5
      vertex -33 62.5 18
      vertex -18 62.5 15
    endloop
  endfacet
  facet normal 0 1 0
    outer loop
      vertex -33 62.5 0
      vertex -18 62.5 5
      vertex -15 62.5 0
    endloop
  endfacet
  facet normal 0 1 0
    outer loop
      vertex -18 62.5 5
      vertex -33 62.5 0
      vertex -33 62.5 18
    endloop
  endfacet
  facet normal 0 1 -0
    outer loop
      vertex 15 62.5 0
      vertex -3 62.5 5
      vertex 15 62.5 5
    endloop
  endfacet
  facet normal 0 1 0
    outer loop
      vertex -3 62.5 5
      vertex 15 62.5 0
      vertex -3 62.5 0
    endloop
  endfacet
  facet normal 0 1 -0
    outer loop
      vertex 45 62.5 0
      vertex 27 62.5 18
      vertex 45 62.5 18
    endloop
  endfacet
  facet normal 0 1 0
    outer loop
      vertex 27 62.5 18
      vertex 45 62.5 0
      vertex 27 62.5 0
    endloop
  endfacet
  facet normal 0 1 -0
    outer loop
      vertex 15 62.5 15
      vertex -3 62.5 18
      vertex 15 62.5 18
    endloop
  endfacet
  facet normal 0 1 0
    outer loop
      vertex -3 62.5 18
      vertex 15 62.5 15
      vertex -3 62.5 15
    endloop
  endfacet
  facet normal 0.999048 0.0436163 0
    outer loop
      vertex 87.5 42.5 18
      vertex 87.4239 44.2431 0
      vertex 87.4239 44.2431 18
    endloop
  endfacet
  facet normal 0.999048 0.0436163 0
    outer loop
      vertex 87.4239 44.2431 0
      vertex 87.5 42.5 18
      vertex 87.5 42.5 0
    endloop
  endfacet
  facet normal 0.999048 -0.0436163 0
    outer loop
      vertex 87.4239 -44.2431 18
      vertex 87.5 -42.5 0
      vertex 87.5 -42.5 18
    endloop
  endfacet
  facet normal 0.999048 -0.0436163 0
    outer loop
      vertex 87.5 -42.5 0
      vertex 87.4239 -44.2431 18
      vertex 87.4239 -44.2431 0
    endloop
  endfacet
  facet normal -0.300676 0.953726 0
    outer loop
      vertex -72.6764 61.8185 0
      vertex -74.3404 61.2939 18
      vertex -72.6764 61.8185 18
    endloop
  endfacet
  facet normal -0.300676 0.953726 0
    outer loop
      vertex -74.3404 61.2939 18
      vertex -72.6764 61.8185 0
      vertex -74.3404 61.2939 0
    endloop
  endfacet
  facet normal -1 0 0
    outer loop
      vertex -87.5 -42.5 0
      vertex -87.5 42.5 18
      vertex -87.5 42.5 0
    endloop
  endfacet
  facet normal -1 -0 0
    outer loop
      vertex -87.5 42.5 18
      vertex -87.5 -42.5 0
      vertex -87.5 -42.5 18
    endloop
  endfacet
  facet normal 0 0 -1
    outer loop
      vertex -62.9545 -39.0859 0
      vertex -33 0 0
      vertex -62.9243 -39.2222 0
    endloop
  endfacet
  facet normal 0 0 -1
    outer loop
      vertex -45 0 0
      vertex -62.9061 39.3605 0
      vertex -62.9 39.5 0
    endloop
  endfacet
  facet normal 0 0 -1
    outer loop
      vertex -62.9965 -38.9528 0
      vertex -33 0 0
      vertex -62.9545 -39.0859 0
    endloop
  endfacet
  facet normal 0 0 -1
    outer loop
      vertex -45 0 0
      vertex -62.9243 39.2222 0
      vertex -62.9061 39.3605 0
    endloop
  endfacet
  facet normal 0 0 -1
    outer loop
      vertex -63.0499 -38.8238 0
      vertex -33 0 0
      vertex -62.9965 -38.9528 0
    endloop
  endfacet
  facet normal 0 0 -1
    outer loop
      vertex -45 0 0
      vertex -62.9545 39.0859 0
      vertex -62.9243 39.2222 0
    endloop
  endfacet
  facet normal -0 0 -1
    outer loop
      vertex -33 0 0
      vertex -63.0499 -38.8238 0
      vertex -45 0 0
    endloop
  endfacet
  facet normal 0 0 -1
    outer loop
      vertex -45 0 0
      vertex -62.9965 38.9528 0
      vertex -62.9545 39.0859 0
    endloop
  endfacet
  facet normal 0 0 -1
    outer loop
      vertex -63.1144 -38.7 0
      vertex -45 0 0
      vertex -63.0499 -38.8238 0
    endloop
  endfacet
  facet normal 0 0 -1
    outer loop
      vertex -45 0 0
      vertex -63.0499 38.8238 0
      vertex -62.9965 38.9528 0
    endloop
  endfacet
  facet normal 0 0 -1
    outer loop
      vertex -63.1894 -38.5823 0
      vertex -45 0 0
      vertex -63.1144 -38.7 0
    endloop
  endfacet
  facet normal 0 0 -1
    outer loop
      vertex -45 0 0
      vertex -63.1144 38.7 0
      vertex -63.0499 38.8238 0
    endloop
  endfacet
  facet normal 0 0 -1
    outer loop
      vertex -63.2743 -38.4715 0
      vertex -45 0 0
      vertex -63.1894 -38.5823 0
    endloop
  endfacet
  facet normal 0 0 -1
    outer loop
      vertex -45 0 0
      vertex -63.1894 38.5823 0
      vertex -63.1144 38.7 0
    endloop
  endfacet
  facet normal 0 0 -1
    outer loop
      vertex -63.3686 -38.3686 0
      vertex -45 0 0
      vertex -63.2743 -38.4715 0
    endloop
  endfacet
  facet normal 0 0 -1
    outer loop
      vertex -45 0 0
      vertex -63.2743 38.4715 0
      vertex -63.1894 38.5823 0
    endloop
  endfacet
  facet normal 0 0 -1
    outer loop
      vertex -63.4715 -38.2743 0
      vertex -45 0 0
      vertex -63.3686 -38.3686 0
    endloop
  endfacet
  facet normal 0 0 -1
    outer loop
      vertex -45 0 0
      vertex -63.3686 38.3686 0
      vertex -63.2743 38.4715 0
    endloop
  endfacet
  facet normal 0 0 -1
    outer loop
      vertex -63.5823 -38.1894 0
      vertex -45 0 0
      vertex -63.4715 -38.2743 0
    endloop
  endfacet
  facet normal 0 0 -1
    outer loop
      vertex -45 0 0
      vertex -63.4715 38.2743 0
      vertex -63.3686 38.3686 0
    endloop
  endfacet
  facet normal 0 0 -1
    outer loop
      vertex -63.7 -38.1144 0
      vertex -45 0 0
      vertex -63.5823 -38.1894 0
    endloop
  endfacet
  facet normal 0 0 -1
    outer loop
      vertex -45 0 0
      vertex -63.5823 38.1894 0
      vertex -63.4715 38.2743 0
    endloop
  endfacet
  facet normal 0 0 -1
    outer loop
      vertex -63.8238 -38.0499 0
      vertex -45 0 0
      vertex -63.7 -38.1144 0
    endloop
  endfacet
  facet normal 0 0 -1
    outer loop
      vertex -45 0 0
      vertex -63.7 38.1144 0
      vertex -63.5823 38.1894 0
    endloop
  endfacet
  facet normal 0 0 -1
    outer loop
      vertex -63.9528 -37.9965 0
      vertex -45 0 0
      vertex -63.8238 -38.0499 0
    endloop
  endfacet
  facet normal 0 0 -1
    outer loop
      vertex -45 0 0
      vertex -63.8238 38.0499 0
      vertex -63.7 38.1144 0
    endloop
  endfacet
  facet normal 0 0 -1
    outer loop
      vertex -64.0859 -37.9545 0
      vertex -45 0 0
      vertex -63.9528 -37.9965 0
    endloop
  endfacet
  facet normal 0 0 -1
    outer loop
      vertex -45 0 0
      vertex -63.9528 37.9965 0
      vertex -63.8238 38.0499 0
    endloop
  endfacet
  facet normal 0 0 -1
    outer loop
      vertex -64.2222 -37.9243 0
      vertex -45 0 0
      vertex -64.0859 -37.9545 0
    endloop
  endfacet
  facet normal 0 0 -1
    outer loop
      vertex -45 0 0
      vertex -64.0859 37.9545 0
      vertex -63.9528 37.9965 0
    endloop
  endfacet
  facet normal 0 0 -1
    outer loop
      vertex -64.3605 -37.9061 0
      vertex -45 0 0
      vertex -64.2222 -37.9243 0
    endloop
  endfacet
  facet normal 0 0 -1
    outer loop
      vertex -45 0 0
      vertex -64.2222 37.9243 0
      vertex -64.0859 37.9545 0
    endloop
  endfacet
  facet normal 0 0 -1
    outer loop
      vertex -64.5 -37.9 0
      vertex -45 0 0
      vertex -64.3605 -37.9061 0
    endloop
  endfacet
  facet normal 0 0 -1
    outer loop
      vertex -45 0 0
      vertex -64.3605 37.9061 0
      vertex -64.2222 37.9243 0
    endloop
  endfacet
  facet normal 0 0 -1
    outer loop
      vertex -64.6395 -37.9061 0
      vertex -45 0 0
      vertex -64.5 -37.9 0
    endloop
  endfacet
  facet normal 0 0 -1
    outer loop
      vertex -45 0 0
      vertex -64.5 37.9 0
      vertex -64.3605 37.9061 0
    endloop
  endfacet
  facet normal 0 0 -1
    outer loop
      vertex -64.7778 -37.9243 0
      vertex -45 0 0
      vertex -64.6395 -37.9061 0
    endloop
  endfacet
  facet normal 0 0 -1
    outer loop
      vertex -45 0 0
      vertex -64.6395 37.9061 0
      vertex -64.5 37.9 0
    endloop
  endfacet
  facet normal 0 0 -1
    outer loop
      vertex -64.9141 -37.9545 0
      vertex -45 0 0
      vertex -64.7778 -37.9243 0
    endloop
  endfacet
  facet normal 0 0 -1
    outer loop
      vertex -45 0 0
      vertex -64.7778 37.9243 0
      vertex -64.6395 37.9061 0
    endloop
  endfacet
  facet normal 0 0 -1
    outer loop
      vertex -65.0472 -37.9965 0
      vertex -45 0 0
      vertex -64.9141 -37.9545 0
    endloop
  endfacet
  facet normal 0 0 -1
    outer loop
      vertex -45 0 0
      vertex -64.9141 37.9545 0
      vertex -64.7778 37.9243 0
    endloop
  endfacet
  facet normal 0 0 -1
    outer loop
      vertex -65.1762 -38.0499 0
      vertex -45 0 0
      vertex -65.0472 -37.9965 0
    endloop
  endfacet
  facet normal 0 0 -1
    outer loop
      vertex -45 0 0
      vertex -65.0472 37.9965 0
      vertex -64.9141 37.9545 0
    endloop
  endfacet
  facet normal 0 0 -1
    outer loop
      vertex -65.3 -38.1144 0
      vertex -45 0 0
      vertex -65.1762 -38.0499 0
    endloop
  endfacet
  facet normal 0 0 -1
    outer loop
      vertex -45 0 0
      vertex -65.1762 38.0499 0
      vertex -65.0472 37.9965 0
    endloop
  endfacet
  facet normal 0 0 -1
    outer loop
      vertex -45 0 0
      vertex -65.3 -38.1144 0
      vertex -87.5 -42.5 0
    endloop
  endfacet
  facet normal 0 0 -1
    outer loop
      vertex -87.5 42.5 0
      vertex -45 0 0
      vertex -87.5 -42.5 0
    endloop
  endfacet
  facet normal 0 0 -1
    outer loop
      vertex -87.5 -42.5 0
      vertex -65.3 -38.1144 0
      vertex -65.4177 -38.1894 0
    endloop
  endfacet
  facet normal -0 -0 -1
    outer loop
      vertex -65.3 38.1144 0
      vertex -45 0 0
      vertex -87.5 42.5 0
    endloop
  endfacet
  facet normal 0 0 -1
    outer loop
      vertex -87.5 -42.5 0
      vertex -65.4177 -38.1894 0
      vertex -65.5285 -38.2743 0
    endloop
  endfacet
  facet normal 0 0 -1
    outer loop
      vertex -45 0 0
      vertex -65.3 38.1144 0
      vertex -65.1762 38.0499 0
    endloop
  endfacet
  facet normal 0 0 -1
    outer loop
      vertex -87.5 -42.5 0
      vertex -65.5285 -38.2743 0
      vertex -65.6314 -38.3686 0
    endloop
  endfacet
  facet normal 0 0 -1
    outer loop
      vertex -65.3 38.1144 0
      vertex -87.5 42.5 0
      vertex -65.4177 38.1894 0
    endloop
  endfacet
  facet normal 0 0 -1
    outer loop
      vertex -87.5 -42.5 0
      vertex -65.6314 -38.3686 0
      vertex -65.7257 -38.4715 0
    endloop
  endfacet
  facet normal 0 0 -1
    outer loop
      vertex -65.4177 38.1894 0
      vertex -87.5 42.5 0
      vertex -65.5285 38.2743 0
    endloop
  endfacet
  facet normal 0 0 -1
    outer loop
      vertex -87.5 -42.5 0
      vertex -65.7257 -38.4715 0
      vertex -65.8106 -38.5823 0
    endloop
  endfacet
  facet normal 0 0 -1
    outer loop
      vertex -65.5285 38.2743 0
      vertex -87.5 42.5 0
      vertex -65.6314 38.3686 0
    endloop
  endfacet
  facet normal 0 0 -1
    outer loop
      vertex -87.5 -42.5 0
      vertex -65.8106 -38.5823 0
      vertex -65.8856 -38.7 0
    endloop
  endfacet
  facet normal 0 0 -1
    outer loop
      vertex -65.6314 38.3686 0
      vertex -87.5 42.5 0
      vertex -65.7257 38.4715 0
    endloop
  endfacet
  facet normal 0 0 -1
    outer loop
      vertex -87.5 -42.5 0
      vertex -65.8856 -38.7 0
      vertex -65.9501 -38.8238 0
    endloop
  endfacet
  facet normal 0 0 -1
    outer loop
      vertex -65.7257 38.4715 0
      vertex -87.5 42.5 0
      vertex -65.8106 38.5823 0
    endloop
  endfacet
  facet normal 0 0 -1
    outer loop
      vertex -87.5 -42.5 0
      vertex -65.9501 -38.8238 0
      vertex -66.0035 -38.9528 0
    endloop
  endfacet
  facet normal 0 0 -1
    outer loop
      vertex -65.8106 38.5823 0
      vertex -87.5 42.5 0
      vertex -65.8856 38.7 0
    endloop
  endfacet
  facet normal 0 0 -1
    outer loop
      vertex -87.5 -42.5 0
      vertex -66.0035 -38.9528 0
      vertex -66.0455 -39.0859 0
    endloop
  endfacet
  facet normal 0 0 -1
    outer loop
      vertex -65.8856 38.7 0
      vertex -87.5 42.5 0
      vertex -65.9501 38.8238 0
    endloop
  endfacet
  facet normal 0 0 -1
    outer loop
      vertex -87.5 -42.5 0
      vertex -66.0455 -39.0859 0
      vertex -66.0757 -39.2222 0
    endloop
  endfacet
  facet normal 0 0 -1
    outer loop
      vertex -65.9501 38.8238 0
      vertex -87.5 42.5 0
      vertex -66.0035 38.9528 0
    endloop
  endfacet
  facet normal 0 0 -1
    outer loop
      vertex -87.5 -42.5 0
      vertex -66.0757 -39.2222 0
      vertex -66.0939 -39.3605 0
    endloop
  endfacet
  facet normal 0 0 -1
    outer loop
      vertex -66.0035 38.9528 0
      vertex -87.5 42.5 0
      vertex -66.0455 39.0859 0
    endloop
  endfacet
  facet normal 0 0 -1
    outer loop
      vertex -87.5 -42.5 0
      vertex -66.0939 -39.3605 0
      vertex -66.1 -39.5 0
    endloop
  endfacet
  facet normal 0 0 -1
    outer loop
      vertex -66.0455 39.0859 0
      vertex -87.5 42.5 0
      vertex -66.0757 39.2222 0
    endloop
  endfacet
  facet normal 0 0 -1
    outer loop
      vertex 66.0455 -39.0859 0
      vertex 87.5 -42.5 0
      vertex 66.0757 -39.2222 0
    endloop
  endfacet
  facet normal 0 0 -1
    outer loop
      vertex 87.5 42.5 0
      vertex 66.0939 39.3605 0
      vertex 66.1 39.5 0
    endloop
  endfacet
  facet normal 0 0 -1
    outer loop
      vertex 66.0035 -38.9528 0
      vertex 87.5 -42.5 0
      vertex 66.0455 -39.0859 0
    endloop
  endfacet
  facet normal 0 0 -1
    outer loop
      vertex 87.5 42.5 0
      vertex 66.0757 39.2222 0
      vertex 66.0939 39.3605 0
    endloop
  endfacet
  facet normal 0 0 -1
    outer loop
      vertex 65.9501 -38.8238 0
      vertex 87.5 -42.5 0
      vertex 66.0035 -38.9528 0
    endloop
  endfacet
  facet normal 0 0 -1
    outer loop
      vertex 87.5 42.5 0
      vertex 66.0455 39.0859 0
      vertex 66.0757 39.2222 0
    endloop
  endfacet
  facet normal 0 0 -1
    outer loop
      vertex 65.8856 -38.7 0
      vertex 87.5 -42.5 0
      vertex 65.9501 -38.8238 0
    endloop
  endfacet
  facet normal 0 0 -1
    outer loop
      vertex 87.5 42.5 0
      vertex 66.0035 38.9528 0
      vertex 66.0455 39.0859 0
    endloop
  endfacet
  facet normal 0 0 -1
    outer loop
      vertex 65.8106 -38.5823 0
      vertex 87.5 -42.5 0
      vertex 65.8856 -38.7 0
    endloop
  endfacet
  facet normal 0 0 -1
    outer loop
      vertex 87.5 42.5 0
      vertex 65.9501 38.8238 0
      vertex 66.0035 38.9528 0
    endloop
  endfacet
  facet normal 0 0 -1
    outer loop
      vertex 65.7257 -38.4715 0
      vertex 87.5 -42.5 0
      vertex 65.8106 -38.5823 0
    endloop
  endfacet
  facet normal 0 -0 -1
    outer loop
      vertex 65.4177 38.1894 0
      vertex 87.5 42.5 0
      vertex 57 0 0
    endloop
  endfacet
  facet normal 0 0 -1
    outer loop
      vertex 87.5 -42.5 0
      vertex 57 0 0
      vertex 87.5 42.5 0
    endloop
  endfacet
  facet normal 0 0 -1
    outer loop
      vertex 87.5 42.5 0
      vertex 65.8856 38.7 0
      vertex 65.9501 38.8238 0
    endloop
  endfacet
  facet normal 0 0 -1
    outer loop
      vertex 65.6314 -38.3686 0
      vertex 87.5 -42.5 0
      vertex 65.7257 -38.4715 0
    endloop
  endfacet
  facet normal 0 0 -1
    outer loop
      vertex 87.5 42.5 0
      vertex 65.8106 38.5823 0
      vertex 65.8856 38.7 0
    endloop
  endfacet
  facet normal 0 0 -1
    outer loop
      vertex 65.5285 -38.2743 0
      vertex 87.5 -42.5 0
      vertex 65.6314 -38.3686 0
    endloop
  endfacet
  facet normal 0 0 -1
    outer loop
      vertex 87.5 42.5 0
      vertex 65.7257 38.4715 0
      vertex 65.8106 38.5823 0
    endloop
  endfacet
  facet normal 0 0 -1
    outer loop
      vertex 65.4177 -38.1894 0
      vertex 87.5 -42.5 0
      vertex 65.5285 -38.2743 0
    endloop
  endfacet
  facet normal 0 0 -1
    outer loop
      vertex 87.5 42.5 0
      vertex 65.6314 38.3686 0
      vertex 65.7257 38.4715 0
    endloop
  endfacet
  facet normal 0 0 -1
    outer loop
      vertex 87.5 -42.5 0
      vertex 65.4177 -38.1894 0
      vertex 57 0 0
    endloop
  endfacet
  facet normal 0 0 -1
    outer loop
      vertex 87.5 42.5 0
      vertex 65.5285 38.2743 0
      vertex 65.6314 38.3686 0
    endloop
  endfacet
  facet normal 0 0 -1
    outer loop
      vertex 57 0 0
      vertex 65.4177 -38.1894 0
      vertex 65.3 -38.1144 0
    endloop
  endfacet
  facet normal 0 0 -1
    outer loop
      vertex 87.5 42.5 0
      vertex 65.4177 38.1894 0
      vertex 65.5285 38.2743 0
    endloop
  endfacet
  facet normal 0 0 -1
    outer loop
      vertex 57 0 0
      vertex 65.3 -38.1144 0
      vertex 65.1762 -38.0499 0
    endloop
  endfacet
  facet normal 0 0 -1
    outer loop
      vertex 65.4177 38.1894 0
      vertex 57 0 0
      vertex 65.3 38.1144 0
    endloop
  endfacet
  facet normal 0 0 -1
    outer loop
      vertex 57 0 0
      vertex 65.1762 -38.0499 0
      vertex 65.0472 -37.9965 0
    endloop
  endfacet
  facet normal 0 0 -1
    outer loop
      vertex 65.3 38.1144 0
      vertex 57 0 0
      vertex 65.1762 38.0499 0
    endloop
  endfacet
  facet normal 0 0 -1
    outer loop
      vertex 57 0 0
      vertex 65.0472 -37.9965 0
      vertex 64.9141 -37.9545 0
    endloop
  endfacet
  facet normal 0 0 -1
    outer loop
      vertex 65.1762 38.0499 0
      vertex 57 0 0
      vertex 65.0472 37.9965 0
    endloop
  endfacet
  facet normal 0 0 -1
    outer loop
      vertex 57 0 0
      vertex 64.9141 -37.9545 0
      vertex 64.7778 -37.9243 0
    endloop
  endfacet
  facet normal 0 0 -1
    outer loop
      vertex 65.0472 37.9965 0
      vertex 57 0 0
      vertex 64.9141 37.9545 0
    endloop
  endfacet
  facet normal 0 0 -1
    outer loop
      vertex 57 0 0
      vertex 64.7778 -37.9243 0
      vertex 64.6395 -37.9061 0
    endloop
  endfacet
  facet normal 0 0 -1
    outer loop
      vertex 64.9141 37.9545 0
      vertex 57 0 0
      vertex 64.7778 37.9243 0
    endloop
  endfacet
  facet normal 0 0 -1
    outer loop
      vertex 57 0 0
      vertex 64.6395 -37.9061 0
      vertex 64.5 -37.9 0
    endloop
  endfacet
  facet normal 0 0 -1
    outer loop
      vertex 64.7778 37.9243 0
      vertex 57 0 0
      vertex 64.6395 37.9061 0
    endloop
  endfacet
  facet normal 0 0 -1
    outer loop
      vertex 57 0 0
      vertex 64.5 -37.9 0
      vertex 64.3605 -37.9061 0
    endloop
  endfacet
  facet normal 0 0 -1
    outer loop
      vertex 64.6395 37.9061 0
      vertex 57 0 0
      vertex 64.5 37.9 0
    endloop
  endfacet
  facet normal 0 0 -1
    outer loop
      vertex 57 0 0
      vertex 64.3605 -37.9061 0
      vertex 64.2222 -37.9243 0
    endloop
  endfacet
  facet normal -0 0 -1
    outer loop
      vertex 64.5 37.9 0
      vertex 57 0 0
      vertex 64.3605 37.9061 0
    endloop
  endfacet
  facet normal 0 0 -1
    outer loop
      vertex 57 0 0
      vertex 64.2222 -37.9243 0
      vertex 64.0859 -37.9545 0
    endloop
  endfacet
  facet normal -0 0 -1
    outer loop
      vertex 64.3605 37.9061 0
      vertex 57 0 0
      vertex 64.2222 37.9243 0
    endloop
  endfacet
  facet normal 0 0 -1
    outer loop
      vertex 57 0 0
      vertex 64.0859 -37.9545 0
      vertex 63.9528 -37.9965 0
    endloop
  endfacet
  facet normal -0 0 -1
    outer loop
      vertex 64.2222 37.9243 0
      vertex 57 0 0
      vertex 64.0859 37.9545 0
    endloop
  endfacet
  facet normal 0 0 -1
    outer loop
      vertex 57 0 0
      vertex 63.9528 -37.9965 0
      vertex 63.8238 -38.0499 0
    endloop
  endfacet
  facet normal -0 0 -1
    outer loop
      vertex 64.0859 37.9545 0
      vertex 57 0 0
      vertex 63.9528 37.9965 0
    endloop
  endfacet
  facet normal 0 0 -1
    outer loop
      vertex 57 0 0
      vertex 63.8238 -38.0499 0
      vertex 63.7 -38.1144 0
    endloop
  endfacet
  facet normal -0 0 -1
    outer loop
      vertex 63.9528 37.9965 0
      vertex 57 0 0
      vertex 63.8238 38.0499 0
    endloop
  endfacet
  facet normal 0 0 -1
    outer loop
      vertex 57 0 0
      vertex 63.7 -38.1144 0
      vertex 63.5823 -38.1894 0
    endloop
  endfacet
  facet normal -0 0 -1
    outer loop
      vertex 63.8238 38.0499 0
      vertex 57 0 0
      vertex 63.7 38.1144 0
    endloop
  endfacet
  facet normal 0 0 -1
    outer loop
      vertex 45 0 0
      vertex 63.5823 -38.1894 0
      vertex 63.4715 -38.2743 0
    endloop
  endfacet
  facet normal -0 0 -1
    outer loop
      vertex 63.7 38.1144 0
      vertex 57 0 0
      vertex 63.5823 38.1894 0
    endloop
  endfacet
  facet normal 0 0 -1
    outer loop
      vertex 45 0 0
      vertex 63.4715 -38.2743 0
      vertex 63.3686 -38.3686 0
    endloop
  endfacet
  facet normal -0 0 -1
    outer loop
      vertex 63.5823 38.1894 0
      vertex 57 0 0
      vertex 63.4715 38.2743 0
    endloop
  endfacet
  facet normal 0 0 -1
    outer loop
      vertex 45 0 0
      vertex 63.3686 -38.3686 0
      vertex 63.2743 -38.4715 0
    endloop
  endfacet
  facet normal -0 0 -1
    outer loop
      vertex 63.4715 38.2743 0
      vertex 57 0 0
      vertex 63.3686 38.3686 0
    endloop
  endfacet
  facet normal 0 0 -1
    outer loop
      vertex 45 0 0
      vertex 63.2743 -38.4715 0
      vertex 63.1894 -38.5823 0
    endloop
  endfacet
  facet normal -0 0 -1
    outer loop
      vertex 63.3686 38.3686 0
      vertex 57 0 0
      vertex 63.2743 38.4715 0
    endloop
  endfacet
  facet normal 0 0 -1
    outer loop
      vertex 45 0 0
      vertex 63.1894 -38.5823 0
      vertex 63.1144 -38.7 0
    endloop
  endfacet
  facet normal -0 0 -1
    outer loop
      vertex 63.2743 38.4715 0
      vertex 57 0 0
      vertex 63.1894 38.5823 0
    endloop
  endfacet
  facet normal 0 0 -1
    outer loop
      vertex 45 0 0
      vertex 63.1144 -38.7 0
      vertex 63.0499 -38.8238 0
    endloop
  endfacet
  facet normal -0 0 -1
    outer loop
      vertex 63.1894 38.5823 0
      vertex 57 0 0
      vertex 63.1144 38.7 0
    endloop
  endfacet
  facet normal 0 0 -1
    outer loop
      vertex 45 0 0
      vertex 63.0499 -38.8238 0
      vertex 62.9965 -38.9528 0
    endloop
  endfacet
  facet normal -0 0 -1
    outer loop
      vertex 63.1144 38.7 0
      vertex 57 0 0
      vertex 63.0499 38.8238 0
    endloop
  endfacet
  facet normal 0 0 -1
    outer loop
      vertex 27 0 0
      vertex 62.9965 -38.9528 0
      vertex 62.9545 -39.0859 0
    endloop
  endfacet
  facet normal -0 0 -1
    outer loop
      vertex 63.0499 38.8238 0
      vertex 57 0 0
      vertex 62.9965 38.9528 0
    endloop
  endfacet
  facet normal 0 0 -1
    outer loop
      vertex 27 0 0
      vertex 62.9545 -39.0859 0
      vertex 62.9243 -39.2222 0
    endloop
  endfacet
  facet normal -0 0 -1
    outer loop
      vertex 62.9965 38.9528 0
      vertex 57 0 0
      vertex 62.9545 39.0859 0
    endloop
  endfacet
  facet normal 0 0 -1
    outer loop
      vertex 27 0 0
      vertex 62.9243 -39.2222 0
      vertex 62.9061 -39.3605 0
    endloop
  endfacet
  facet normal -0 0 -1
    outer loop
      vertex 62.9545 39.0859 0
      vertex 57 0 0
      vertex 62.9243 39.2222 0
    endloop
  endfacet
  facet normal 0 0 -1
    outer loop
      vertex 27 0 0
      vertex 62.9061 -39.3605 0
      vertex 62.9 -39.5 0
    endloop
  endfacet
  facet normal -0 0 -1
    outer loop
      vertex 62.9243 39.2222 0
      vertex 57 0 0
      vertex 62.9061 39.3605 0
    endloop
  endfacet
  facet normal 0 0 -1
    outer loop
      vertex 66.0455 -39.9141 0
      vertex 87.5 -42.5 0
      vertex 87.4239 -44.2431 0
    endloop
  endfacet
  facet normal 0 0 -1
    outer loop
      vertex 66.0939 -39.3605 0
      vertex 87.5 -42.5 0
      vertex 66.1 -39.5 0
    endloop
  endfacet
  facet normal 0 0 -1
    outer loop
      vertex 66.0035 -40.0472 0
      vertex 87.4239 -44.2431 0
      vertex 87.1962 -45.973 0
    endloop
  endfacet
  facet normal 0 0 -1
    outer loop
      vertex 66.0757 -39.2222 0
      vertex 87.5 -42.5 0
      vertex 66.0939 -39.3605 0
    endloop
  endfacet
  facet normal 0 0 -1
    outer loop
      vertex 66.0035 -40.0472 0
      vertex 87.1962 -45.973 0
      vertex 86.8185 -47.6764 0
    endloop
  endfacet
  facet normal 0 0 -1
    outer loop
      vertex 66.0939 39.6395 0
      vertex 87.5 42.5 0
      vertex 66.1 39.5 0
    endloop
  endfacet
  facet normal 0 0 -1
    outer loop
      vertex 65.9501 -40.1762 0
      vertex 86.8185 -47.6764 0
      vertex 86.2939 -49.3404 0
    endloop
  endfacet
  facet normal 0 0 -1
    outer loop
      vertex 66.0757 39.7778 0
      vertex 87.5 42.5 0
      vertex 66.0939 39.6395 0
    endloop
  endfacet
  facet normal 0 0 -1
    outer loop
      vertex 65.8856 -40.3 0
      vertex 86.2939 -49.3404 0
      vertex 85.6262 -50.9524 0
    endloop
  endfacet
  facet normal 0 0 -1
    outer loop
      vertex 66.0455 39.9141 0
      vertex 87.5 42.5 0
      vertex 66.0757 39.7778 0
    endloop
  endfacet
  facet normal 0 0 -1
    outer loop
      vertex 65.8106 -40.4177 0
      vertex 85.6262 -50.9524 0
      vertex 84.8205 -52.5 0
    endloop
  endfacet
  facet normal -0 0 -1
    outer loop
      vertex 87.5 42.5 0
      vertex 66.0455 39.9141 0
      vertex 87.4239 44.2431 0
    endloop
  endfacet
  facet normal 0 0 -1
    outer loop
      vertex 65.8106 -40.4177 0
      vertex 84.8205 -52.5 0
      vertex 83.883 -53.9715 0
    endloop
  endfacet
  facet normal 0 0 -1
    outer loop
      vertex 66.0035 40.0472 0
      vertex 87.4239 44.2431 0
      vertex 66.0455 39.9141 0
    endloop
  endfacet
  facet normal 0 0 -1
    outer loop
      vertex 65.7257 -40.5285 0
      vertex 83.883 -53.9715 0
      vertex 82.8209 -55.3558 0
    endloop
  endfacet
  facet normal -0 0 -1
    outer loop
      vertex 87.4239 44.2431 0
      vertex 66.0035 40.0472 0
      vertex 87.1962 45.973 0
    endloop
  endfacet
  facet normal 0 0 -1
    outer loop
      vertex 65.6314 -40.6314 0
      vertex 82.8209 -55.3558 0
      vertex 81.6421 -56.6421 0
    endloop
  endfacet
  facet normal -0 0 -1
    outer loop
      vertex 87.1962 45.973 0
      vertex 66.0035 40.0472 0
      vertex 86.8185 47.6764 0
    endloop
  endfacet
  facet normal 0 0 -1
    outer loop
      vertex 65.6314 -40.6314 0
      vertex 81.6421 -56.6421 0
      vertex 80.3558 -57.8209 0
    endloop
  endfacet
  facet normal 0 0 -1
    outer loop
      vertex 65.9501 40.1762 0
      vertex 86.8185 47.6764 0
      vertex 66.0035 40.0472 0
    endloop
  endfacet
  facet normal 0 0 -1
    outer loop
      vertex 65.5285 -40.7257 0
      vertex 80.3558 -57.8209 0
      vertex 78.9715 -58.883 0
    endloop
  endfacet
  facet normal -0 0 -1
    outer loop
      vertex 86.8185 47.6764 0
      vertex 65.9501 40.1762 0
      vertex 86.2939 49.3404 0
    endloop
  endfacet
  facet normal 0 0 -1
    outer loop
      vertex 65.4177 -40.8106 0
      vertex 78.9715 -58.883 0
      vertex 77.5 -59.8205 0
    endloop
  endfacet
  facet normal 0 0 -1
    outer loop
      vertex 65.8856 40.3 0
      vertex 86.2939 49.3404 0
      vertex 65.9501 40.1762 0
    endloop
  endfacet
  facet normal 0 0 -1
    outer loop
      vertex 65.4177 -40.8106 0
      vertex 77.5 -59.8205 0
      vertex 75.9524 -60.6262 0
    endloop
  endfacet
  facet normal -0 0 -1
    outer loop
      vertex 86.2939 49.3404 0
      vertex 65.8856 40.3 0
      vertex 85.6262 50.9524 0
    endloop
  endfacet
  facet normal 0 0 -1
    outer loop
      vertex 65.3 -40.8856 0
      vertex 75.9524 -60.6262 0
      vertex 74.3404 -61.2939 0
    endloop
  endfacet
  facet normal 0 0 -1
    outer loop
      vertex 65.8106 40.4177 0
      vertex 85.6262 50.9524 0
      vertex 65.8856 40.3 0
    endloop
  endfacet
  facet normal 0 0 -1
    outer loop
      vertex 65.1762 -40.9501 0
      vertex 74.3404 -61.2939 0
      vertex 72.6764 -61.8185 0
    endloop
  endfacet
  facet normal -0 0 -1
    outer loop
      vertex 85.6262 50.9524 0
      vertex 65.8106 40.4177 0
      vertex 84.8205 52.5 0
    endloop
  endfacet
  facet normal 0 0 -1
    outer loop
      vertex 65.1762 -40.9501 0
      vertex 72.6764 -61.8185 0
      vertex 70.973 -62.1962 0
    endloop
  endfacet
  facet normal -0 0 -1
    outer loop
      vertex 84.8205 52.5 0
      vertex 65.8106 40.4177 0
      vertex 83.883 53.9715 0
    endloop
  endfacet
  facet normal 0 0 -1
    outer loop
      vertex 65.0472 -41.0035 0
      vertex 70.973 -62.1962 0
      vertex 69.2431 -62.4239 0
    endloop
  endfacet
  facet normal 0 0 -1
    outer loop
      vertex 65.7257 40.5285 0
      vertex 83.883 53.9715 0
      vertex 65.8106 40.4177 0
    endloop
  endfacet
  facet normal 0 0 -1
    outer loop
      vertex 64.9141 -41.0455 0
      vertex 69.2431 -62.4239 0
      vertex 67.5 -62.5 0
    endloop
  endfacet
  facet normal -0 0 -1
    outer loop
      vertex 83.883 53.9715 0
      vertex 65.7257 40.5285 0
      vertex 82.8209 55.3558 0
    endloop
  endfacet
  facet normal 0 0 -1
    outer loop
      vertex 65.6314 40.6314 0
      vertex 82.8209 55.3558 0
      vertex 65.7257 40.5285 0
    endloop
  endfacet
  facet normal 0 0 -1
    outer loop
      vertex 87.5 -42.5 0
      vertex 66.0939 -39.6395 0
      vertex 66.1 -39.5 0
    endloop
  endfacet
  facet normal 0 0 -1
    outer loop
      vertex 87.5 -42.5 0
      vertex 66.0757 -39.7778 0
      vertex 66.0939 -39.6395 0
    endloop
  endfacet
  facet normal 0 0 -1
    outer loop
      vertex 87.5 -42.5 0
      vertex 66.0455 -39.9141 0
      vertex 66.0757 -39.7778 0
    endloop
  endfacet
  facet normal 0 0 -1
    outer loop
      vertex 87.4239 -44.2431 0
      vertex 66.0035 -40.0472 0
      vertex 66.0455 -39.9141 0
    endloop
  endfacet
  facet normal 0 0 -1
    outer loop
      vertex 86.8185 -47.6764 0
      vertex 65.9501 -40.1762 0
      vertex 66.0035 -40.0472 0
    endloop
  endfacet
  facet normal 0 0 -1
    outer loop
      vertex 86.2939 -49.3404 0
      vertex 65.8856 -40.3 0
      vertex 65.9501 -40.1762 0
    endloop
  endfacet
  facet normal 0 0 -1
    outer loop
      vertex 85.6262 -50.9524 0
      vertex 65.8106 -40.4177 0
      vertex 65.8856 -40.3 0
    endloop
  endfacet
  facet normal 0 0 -1
    outer loop
      vertex 83.883 -53.9715 0
      vertex 65.7257 -40.5285 0
      vertex 65.8106 -40.4177 0
    endloop
  endfacet
  facet normal 0 0 -1
    outer loop
      vertex 82.8209 -55.3558 0
      vertex 65.6314 -40.6314 0
      vertex 65.7257 -40.5285 0
    endloop
  endfacet
  facet normal 0 0 -1
    outer loop
      vertex 80.3558 -57.8209 0
      vertex 65.5285 -40.7257 0
      vertex 65.6314 -40.6314 0
    endloop
  endfacet
  facet normal 0 0 -1
    outer loop
      vertex 78.9715 -58.883 0
      vertex 65.4177 -40.8106 0
      vertex 65.5285 -40.7257 0
    endloop
  endfacet
  facet normal 0 0 -1
    outer loop
      vertex 75.9524 -60.6262 0
      vertex 65.3 -40.8856 0
      vertex 65.4177 -40.8106 0
    endloop
  endfacet
  facet normal 0 0 -1
    outer loop
      vertex 74.3404 -61.2939 0
      vertex 65.1762 -40.9501 0
      vertex 65.3 -40.8856 0
    endloop
  endfacet
  facet normal 0 0 -1
    outer loop
      vertex 70.973 -62.1962 0
      vertex 65.0472 -41.0035 0
      vertex 65.1762 -40.9501 0
    endloop
  endfacet
  facet normal 0 0 -1
    outer loop
      vertex 69.2431 -62.4239 0
      vertex 64.9141 -41.0455 0
      vertex 65.0472 -41.0035 0
    endloop
  endfacet
  facet normal 0 0 -1
    outer loop
      vertex 67.5 -62.5 0
      vertex 64.7778 -41.0757 0
      vertex 64.9141 -41.0455 0
    endloop
  endfacet
  facet normal 0 0 -1
    outer loop
      vertex 67.5 -62.5 0
      vertex 64.6395 -41.0939 0
      vertex 64.7778 -41.0757 0
    endloop
  endfacet
  facet normal 0 0 -1
    outer loop
      vertex 67.5 -62.5 0
      vertex 64.5 -41.1 0
      vertex 64.6395 -41.0939 0
    endloop
  endfacet
  facet normal 0 0 -1
    outer loop
      vertex 67.5 -62.5 0
      vertex 64.3605 -41.0939 0
      vertex 64.5 -41.1 0
    endloop
  endfacet
  facet normal 0 0 -1
    outer loop
      vertex 67.5 -62.5 0
      vertex 64.2222 -41.0757 0
      vertex 64.3605 -41.0939 0
    endloop
  endfacet
  facet normal 0 0 -1
    outer loop
      vertex 67.5 -62.5 0
      vertex 64.0859 -41.0455 0
      vertex 64.2222 -41.0757 0
    endloop
  endfacet
  facet normal 0 0 -1
    outer loop
      vertex 67.5 -62.5 0
      vertex 63.9528 -41.0035 0
      vertex 64.0859 -41.0455 0
    endloop
  endfacet
  facet normal 0 0 -1
    outer loop
      vertex 67.5 -62.5 0
      vertex 63.8238 -40.9501 0
      vertex 63.9528 -41.0035 0
    endloop
  endfacet
  facet normal 0 0 -1
    outer loop
      vertex 67.5 -62.5 0
      vertex 63.7 -40.8856 0
      vertex 63.8238 -40.9501 0
    endloop
  endfacet
  facet normal 0 0 -1
    outer loop
      vertex 67.5 -62.5 0
      vertex 63.5823 -40.8106 0
      vertex 63.7 -40.8856 0
    endloop
  endfacet
  facet normal 0 0 -1
    outer loop
      vertex 67.5 -62.5 0
      vertex 63.4715 -40.7257 0
      vertex 63.5823 -40.8106 0
    endloop
  endfacet
  facet normal 0 0 -1
    outer loop
      vertex 67.5 -62.5 0
      vertex 63.3686 -40.6314 0
      vertex 63.4715 -40.7257 0
    endloop
  endfacet
  facet normal 0 0 -1
    outer loop
      vertex 67.5 -62.5 0
      vertex 63.2743 -40.5285 0
      vertex 63.3686 -40.6314 0
    endloop
  endfacet
  facet normal 0 0 -1
    outer loop
      vertex 67.5 -62.5 0
      vertex 63.1894 -40.4177 0
      vertex 63.2743 -40.5285 0
    endloop
  endfacet
  facet normal 0 0 -1
    outer loop
      vertex 67.5 -62.5 0
      vertex 63.1144 -40.3 0
      vertex 63.1894 -40.4177 0
    endloop
  endfacet
  facet normal 0 0 -1
    outer loop
      vertex 67.5 -62.5 0
      vertex 63.0499 -40.1762 0
      vertex 63.1144 -40.3 0
    endloop
  endfacet
  facet normal 0 0 -1
    outer loop
      vertex 67.5 -62.5 0
      vertex 62.9965 -40.0472 0
      vertex 63.0499 -40.1762 0
    endloop
  endfacet
  facet normal 0 0 -1
    outer loop
      vertex -3 0 0
      vertex 62.9965 -40.0472 0
      vertex 67.5 -62.5 0
    endloop
  endfacet
  facet normal -0 -0 -1
    outer loop
      vertex 15 0 0
      vertex 62.9965 -40.0472 0
      vertex -3 0 0
    endloop
  endfacet
  facet normal 0 0 -1
    outer loop
      vertex 57 62.5 0
      vertex 62.9061 39.3605 0
      vertex 57 0 0
    endloop
  endfacet
  facet normal 0 0 -1
    outer loop
      vertex 27 0 0
      vertex 62.9 -39.5 0
      vertex 62.9061 -39.6395 0
    endloop
  endfacet
  facet normal 0 0 -1
    outer loop
      vertex 15 0 0
      vertex 62.9061 -39.6395 0
      vertex 62.9243 -39.7778 0
    endloop
  endfacet
  facet normal 0 0 -1
    outer loop
      vertex 63.5823 -38.1894 0
      vertex 45 0 0
      vertex 57 0 0
    endloop
  endfacet
  facet normal 0 0 -1
    outer loop
      vertex 62.9965 -40.0472 0
      vertex 15 0 0
      vertex 62.9545 -39.9141 0
    endloop
  endfacet
  facet normal 0 0 -1
    outer loop
      vertex 45 0 0
      vertex 27 0 0
      vertex 45 62.5 0
    endloop
  endfacet
  facet normal 0 0 -1
    outer loop
      vertex 62.9965 -38.9528 0
      vertex 27 0 0
      vertex 45 0 0
    endloop
  endfacet
  facet normal 0 0 -1
    outer loop
      vertex 62.9061 -39.6395 0
      vertex 15 0 0
      vertex 27 0 0
    endloop
  endfacet
  facet normal 0 0 -1
    outer loop
      vertex 15 0 0
      vertex -3 0 0
      vertex 15 62.5 0
    endloop
  endfacet
  facet normal 0 0 -1
    outer loop
      vertex 62.9545 -39.9141 0
      vertex 15 0 0
      vertex 62.9243 -39.7778 0
    endloop
  endfacet
  facet normal 0 0 -1
    outer loop
      vertex -67.5 -62.5 0
      vertex -3 0 0
      vertex 67.5 -62.5 0
    endloop
  endfacet
  facet normal 0 0 -1
    outer loop
      vertex -15 0 0
      vertex -33 0 0
      vertex -15 62.5 0
    endloop
  endfacet
  facet normal 0 -0 -1
    outer loop
      vertex -62.9965 -40.0472 0
      vertex -3 0 0
      vertex -67.5 -62.5 0
    endloop
  endfacet
  facet normal 0 -0 -1
    outer loop
      vertex -62.9243 -39.7778 0
      vertex -15 0 0
      vertex -62.9545 -39.9141 0
    endloop
  endfacet
  facet normal 0 0 -1
    outer loop
      vertex -62.9243 -39.2222 0
      vertex -33 0 0
      vertex -62.9061 -39.3605 0
    endloop
  endfacet
  facet normal -0 0 -1
    outer loop
      vertex -15 0 0
      vertex -62.9 -39.5 0
      vertex -33 0 0
    endloop
  endfacet
  facet normal 0 0 -1
    outer loop
      vertex -62.9061 -39.3605 0
      vertex -33 0 0
      vertex -62.9 -39.5 0
    endloop
  endfacet
  facet normal 0 -0 -1
    outer loop
      vertex -62.9 -39.5 0
      vertex -15 0 0
      vertex -62.9061 -39.6395 0
    endloop
  endfacet
  facet normal 0 -0 -1
    outer loop
      vertex -62.9061 -39.6395 0
      vertex -15 0 0
      vertex -62.9243 -39.7778 0
    endloop
  endfacet
  facet normal -0 0 -1
    outer loop
      vertex -3 0 0
      vertex -62.9545 -39.9141 0
      vertex -15 0 0
    endloop
  endfacet
  facet normal 0 -0 -1
    outer loop
      vertex -62.9545 -39.9141 0
      vertex -3 0 0
      vertex -62.9965 -40.0472 0
    endloop
  endfacet
  facet normal 0 0 -1
    outer loop
      vertex -62.9965 -40.0472 0
      vertex -67.5 -62.5 0
      vertex -63.0499 -40.1762 0
    endloop
  endfacet
  facet normal 0 0 -1
    outer loop
      vertex -63.0499 -40.1762 0
      vertex -67.5 -62.5 0
      vertex -63.1144 -40.3 0
    endloop
  endfacet
  facet normal 0 0 -1
    outer loop
      vertex -63.1144 -40.3 0
      vertex -67.5 -62.5 0
      vertex -63.1894 -40.4177 0
    endloop
  endfacet
  facet normal 0 0 -1
    outer loop
      vertex -63.1894 -40.4177 0
      vertex -67.5 -62.5 0
      vertex -63.2743 -40.5285 0
    endloop
  endfacet
  facet normal 0 0 -1
    outer loop
      vertex -63.2743 -40.5285 0
      vertex -67.5 -62.5 0
      vertex -63.3686 -40.6314 0
    endloop
  endfacet
  facet normal 0 0 -1
    outer loop
      vertex -63.3686 -40.6314 0
      vertex -67.5 -62.5 0
      vertex -63.4715 -40.7257 0
    endloop
  endfacet
  facet normal 0 0 -1
    outer loop
      vertex -63.4715 -40.7257 0
      vertex -67.5 -62.5 0
      vertex -63.5823 -40.8106 0
    endloop
  endfacet
  facet normal 0 0 -1
    outer loop
      vertex -63.5823 -40.8106 0
      vertex -67.5 -62.5 0
      vertex -63.7 -40.8856 0
    endloop
  endfacet
  facet normal 0 0 -1
    outer loop
      vertex -63.7 -40.8856 0
      vertex -67.5 -62.5 0
      vertex -63.8238 -40.9501 0
    endloop
  endfacet
  facet normal 0 0 -1
    outer loop
      vertex -63.8238 -40.9501 0
      vertex -67.5 -62.5 0
      vertex -63.9528 -41.0035 0
    endloop
  endfacet
  facet normal 0 0 -1
    outer loop
      vertex -63.9528 -41.0035 0
      vertex -67.5 -62.5 0
      vertex -64.0859 -41.0455 0
    endloop
  endfacet
  facet normal 0 0 -1
    outer loop
      vertex -64.0859 -41.0455 0
      vertex -67.5 -62.5 0
      vertex -64.2222 -41.0757 0
    endloop
  endfacet
  facet normal 0 0 -1
    outer loop
      vertex -64.2222 -41.0757 0
      vertex -67.5 -62.5 0
      vertex -64.3605 -41.0939 0
    endloop
  endfacet
  facet normal 0 0 -1
    outer loop
      vertex -64.3605 -41.0939 0
      vertex -67.5 -62.5 0
      vertex -64.5 -41.1 0
    endloop
  endfacet
  facet normal -0 0 -1
    outer loop
      vertex -64.5 -41.1 0
      vertex -67.5 -62.5 0
      vertex -64.6395 -41.0939 0
    endloop
  endfacet
  facet normal 0 0 -1
    outer loop
      vertex -82.8209 -55.3558 0
      vertex -65.6314 -40.6314 0
      vertex -81.6421 -56.6421 0
    endloop
  endfacet
  facet normal 0 0 -1
    outer loop
      vertex -81.6421 -56.6421 0
      vertex -65.6314 -40.6314 0
      vertex -80.3558 -57.8209 0
    endloop
  endfacet
  facet normal -0 0 -1
    outer loop
      vertex -65.5285 -40.7257 0
      vertex -80.3558 -57.8209 0
      vertex -65.6314 -40.6314 0
    endloop
  endfacet
  facet normal 0 0 -1
    outer loop
      vertex -80.3558 -57.8209 0
      vertex -65.5285 -40.7257 0
      vertex -78.9715 -58.883 0
    endloop
  endfacet
  facet normal -0 0 -1
    outer loop
      vertex -65.4177 -40.8106 0
      vertex -78.9715 -58.883 0
      vertex -65.5285 -40.7257 0
    endloop
  endfacet
  facet normal 0 0 -1
    outer loop
      vertex -78.9715 -58.883 0
      vertex -65.4177 -40.8106 0
      vertex -77.5 -59.8205 0
    endloop
  endfacet
  facet normal 0 0 -1
    outer loop
      vertex -77.5 -59.8205 0
      vertex -65.4177 -40.8106 0
      vertex -75.9524 -60.6262 0
    endloop
  endfacet
  facet normal -0 0 -1
    outer loop
      vertex -65.3 -40.8856 0
      vertex -75.9524 -60.6262 0
      vertex -65.4177 -40.8106 0
    endloop
  endfacet
  facet normal 0 0 -1
    outer loop
      vertex -75.9524 -60.6262 0
      vertex -65.3 -40.8856 0
      vertex -74.3404 -61.2939 0
    endloop
  endfacet
  facet normal -0 0 -1
    outer loop
      vertex -65.1762 -40.9501 0
      vertex -74.3404 -61.2939 0
      vertex -65.3 -40.8856 0
    endloop
  endfacet
  facet normal 0 0 -1
    outer loop
      vertex -74.3404 -61.2939 0
      vertex -65.1762 -40.9501 0
      vertex -72.6764 -61.8185 0
    endloop
  endfacet
  facet normal 0 0 -1
    outer loop
      vertex -72.6764 -61.8185 0
      vertex -65.1762 -40.9501 0
      vertex -70.973 -62.1962 0
    endloop
  endfacet
  facet normal -0 0 -1
    outer loop
      vertex -65.0472 -41.0035 0
      vertex -70.973 -62.1962 0
      vertex -65.1762 -40.9501 0
    endloop
  endfacet
  facet normal 0 0 -1
    outer loop
      vertex -70.973 -62.1962 0
      vertex -65.0472 -41.0035 0
      vertex -69.2431 -62.4239 0
    endloop
  endfacet
  facet normal -0 0 -1
    outer loop
      vertex -64.9141 -41.0455 0
      vertex -69.2431 -62.4239 0
      vertex -65.0472 -41.0035 0
    endloop
  endfacet
  facet normal 0 0 -1
    outer loop
      vertex -69.2431 -62.4239 0
      vertex -64.9141 -41.0455 0
      vertex -67.5 -62.5 0
    endloop
  endfacet
  facet normal -0 0 -1
    outer loop
      vertex -64.7778 -41.0757 0
      vertex -67.5 -62.5 0
      vertex -64.9141 -41.0455 0
    endloop
  endfacet
  facet normal -0 0 -1
    outer loop
      vertex -64.6395 -41.0939 0
      vertex -67.5 -62.5 0
      vertex -64.7778 -41.0757 0
    endloop
  endfacet
  facet normal -0 0 -1
    outer loop
      vertex 82.8209 55.3558 0
      vertex 65.6314 40.6314 0
      vertex 81.6421 56.6421 0
    endloop
  endfacet
  facet normal -0 0 -1
    outer loop
      vertex 81.6421 56.6421 0
      vertex 65.6314 40.6314 0
      vertex 80.3558 57.8209 0
    endloop
  endfacet
  facet normal 0 0 -1
    outer loop
      vertex 65.5285 40.7257 0
      vertex 80.3558 57.8209 0
      vertex 65.6314 40.6314 0
    endloop
  endfacet
  facet normal -0 0 -1
    outer loop
      vertex 80.3558 57.8209 0
      vertex 65.5285 40.7257 0
      vertex 78.9715 58.883 0
    endloop
  endfacet
  facet normal 0 0 -1
    outer loop
      vertex 65.4177 40.8106 0
      vertex 78.9715 58.883 0
      vertex 65.5285 40.7257 0
    endloop
  endfacet
  facet normal -0 0 -1
    outer loop
      vertex 78.9715 58.883 0
      vertex 65.4177 40.8106 0
      vertex 77.5 59.8205 0
    endloop
  endfacet
  facet normal -0 0 -1
    outer loop
      vertex 77.5 59.8205 0
      vertex 65.4177 40.8106 0
      vertex 75.9524 60.6262 0
    endloop
  endfacet
  facet normal 0 0 -1
    outer loop
      vertex 65.3 40.8856 0
      vertex 75.9524 60.6262 0
      vertex 65.4177 40.8106 0
    endloop
  endfacet
  facet normal -0 0 -1
    outer loop
      vertex 75.9524 60.6262 0
      vertex 65.3 40.8856 0
      vertex 74.3404 61.2939 0
    endloop
  endfacet
  facet normal 0 0 -1
    outer loop
      vertex 65.1762 40.9501 0
      vertex 74.3404 61.2939 0
      vertex 65.3 40.8856 0
    endloop
  endfacet
  facet normal -0 0 -1
    outer loop
      vertex 74.3404 61.2939 0
      vertex 65.1762 40.9501 0
      vertex 72.6764 61.8185 0
    endloop
  endfacet
  facet normal -0 0 -1
    outer loop
      vertex 72.6764 61.8185 0
      vertex 65.1762 40.9501 0
      vertex 70.973 62.1962 0
    endloop
  endfacet
  facet normal 0 0 -1
    outer loop
      vertex 65.0472 41.0035 0
      vertex 70.973 62.1962 0
      vertex 65.1762 40.9501 0
    endloop
  endfacet
  facet normal -0 0 -1
    outer loop
      vertex 70.973 62.1962 0
      vertex 65.0472 41.0035 0
      vertex 69.2431 62.4239 0
    endloop
  endfacet
  facet normal 0 0 -1
    outer loop
      vertex 64.9141 41.0455 0
      vertex 69.2431 62.4239 0
      vertex 65.0472 41.0035 0
    endloop
  endfacet
  facet normal -0 0 -1
    outer loop
      vertex 69.2431 62.4239 0
      vertex 64.9141 41.0455 0
      vertex 67.5 62.5 0
    endloop
  endfacet
  facet normal 0 0 -1
    outer loop
      vertex 64.7778 41.0757 0
      vertex 67.5 62.5 0
      vertex 64.9141 41.0455 0
    endloop
  endfacet
  facet normal 0 0 -1
    outer loop
      vertex 64.6395 41.0939 0
      vertex 67.5 62.5 0
      vertex 64.7778 41.0757 0
    endloop
  endfacet
  facet normal 0 0 -1
    outer loop
      vertex 64.5 41.1 0
      vertex 67.5 62.5 0
      vertex 64.6395 41.0939 0
    endloop
  endfacet
  facet normal 0 0 -1
    outer loop
      vertex 64.3605 41.0939 0
      vertex 67.5 62.5 0
      vertex 64.5 41.1 0
    endloop
  endfacet
  facet normal 0 0 -1
    outer loop
      vertex 64.2222 41.0757 0
      vertex 67.5 62.5 0
      vertex 64.3605 41.0939 0
    endloop
  endfacet
  facet normal 0 0 -1
    outer loop
      vertex 57 62.5 0
      vertex 64.2222 41.0757 0
      vertex 64.0859 41.0455 0
    endloop
  endfacet
  facet normal 0 0 -1
    outer loop
      vertex 57 62.5 0
      vertex 64.0859 41.0455 0
      vertex 63.9528 41.0035 0
    endloop
  endfacet
  facet normal 0 0 -1
    outer loop
      vertex 57 62.5 0
      vertex 63.9528 41.0035 0
      vertex 63.8238 40.9501 0
    endloop
  endfacet
  facet normal 0 0 -1
    outer loop
      vertex 57 62.5 0
      vertex 63.8238 40.9501 0
      vertex 63.7 40.8856 0
    endloop
  endfacet
  facet normal 0 0 -1
    outer loop
      vertex 57 62.5 0
      vertex 63.7 40.8856 0
      vertex 63.5823 40.8106 0
    endloop
  endfacet
  facet normal 0 0 -1
    outer loop
      vertex 57 62.5 0
      vertex 63.5823 40.8106 0
      vertex 63.4715 40.7257 0
    endloop
  endfacet
  facet normal 0 0 -1
    outer loop
      vertex 57 62.5 0
      vertex 63.4715 40.7257 0
      vertex 63.3686 40.6314 0
    endloop
  endfacet
  facet normal 0 0 -1
    outer loop
      vertex 57 62.5 0
      vertex 63.3686 40.6314 0
      vertex 63.2743 40.5285 0
    endloop
  endfacet
  facet normal 0 0 -1
    outer loop
      vertex 57 62.5 0
      vertex 63.2743 40.5285 0
      vertex 63.1894 40.4177 0
    endloop
  endfacet
  facet normal 0 0 -1
    outer loop
      vertex 57 62.5 0
      vertex 63.1894 40.4177 0
      vertex 63.1144 40.3 0
    endloop
  endfacet
  facet normal 0 0 -1
    outer loop
      vertex 57 62.5 0
      vertex 63.1144 40.3 0
      vertex 63.0499 40.1762 0
    endloop
  endfacet
  facet normal 0 0 -1
    outer loop
      vertex 57 62.5 0
      vertex 63.0499 40.1762 0
      vertex 62.9965 40.0472 0
    endloop
  endfacet
  facet normal 0 0 -1
    outer loop
      vertex 57 62.5 0
      vertex 62.9965 40.0472 0
      vertex 62.9545 39.9141 0
    endloop
  endfacet
  facet normal 0 0 -1
    outer loop
      vertex 57 62.5 0
      vertex 62.9545 39.9141 0
      vertex 62.9243 39.7778 0
    endloop
  endfacet
  facet normal 0 0 -1
    outer loop
      vertex 62.9061 39.3605 0
      vertex 57 62.5 0
      vertex 62.9 39.5 0
    endloop
  endfacet
  facet normal 0 0 -1
    outer loop
      vertex 62.9 39.5 0
      vertex 57 62.5 0
      vertex 62.9061 39.6395 0
    endloop
  endfacet
  facet normal 0 0 -1
    outer loop
      vertex 64.2222 41.0757 0
      vertex 57 62.5 0
      vertex 67.5 62.5 0
    endloop
  endfacet
  facet normal 0 0 -1
    outer loop
      vertex 62.9061 39.6395 0
      vertex 57 62.5 0
      vertex 62.9243 39.7778 0
    endloop
  endfacet
  facet normal -0 0 -1
    outer loop
      vertex 45 62.5 0
      vertex 27 0 0
      vertex 27 62.5 0
    endloop
  endfacet
  facet normal -0 0 -1
    outer loop
      vertex 15 62.5 0
      vertex -3 0 0
      vertex -3 62.5 0
    endloop
  endfacet
  facet normal -0 0 -1
    outer loop
      vertex -15 62.5 0
      vertex -33 0 0
      vertex -33 62.5 0
    endloop
  endfacet
  facet normal 0 0 -1
    outer loop
      vertex -45 0 0
      vertex -62.9 39.5 0
      vertex -45 62.5 0
    endloop
  endfacet
  facet normal 0 0 -1
    outer loop
      vertex -62.9061 39.6395 0
      vertex -45 62.5 0
      vertex -62.9 39.5 0
    endloop
  endfacet
  facet normal 0 0 -1
    outer loop
      vertex -62.9243 39.7778 0
      vertex -45 62.5 0
      vertex -62.9061 39.6395 0
    endloop
  endfacet
  facet normal 0 0 -1
    outer loop
      vertex -62.9545 39.9141 0
      vertex -45 62.5 0
      vertex -62.9243 39.7778 0
    endloop
  endfacet
  facet normal 0 0 -1
    outer loop
      vertex -62.9965 40.0472 0
      vertex -45 62.5 0
      vertex -62.9545 39.9141 0
    endloop
  endfacet
  facet normal 0 0 -1
    outer loop
      vertex -63.0499 40.1762 0
      vertex -45 62.5 0
      vertex -62.9965 40.0472 0
    endloop
  endfacet
  facet normal 0 0 -1
    outer loop
      vertex -63.1144 40.3 0
      vertex -45 62.5 0
      vertex -63.0499 40.1762 0
    endloop
  endfacet
  facet normal 0 0 -1
    outer loop
      vertex -63.1894 40.4177 0
      vertex -45 62.5 0
      vertex -63.1144 40.3 0
    endloop
  endfacet
  facet normal 0 0 -1
    outer loop
      vertex -63.2743 40.5285 0
      vertex -45 62.5 0
      vertex -63.1894 40.4177 0
    endloop
  endfacet
  facet normal 0 0 -1
    outer loop
      vertex -63.3686 40.6314 0
      vertex -45 62.5 0
      vertex -63.2743 40.5285 0
    endloop
  endfacet
  facet normal 0 0 -1
    outer loop
      vertex -63.4715 40.7257 0
      vertex -45 62.5 0
      vertex -63.3686 40.6314 0
    endloop
  endfacet
  facet normal 0 0 -1
    outer loop
      vertex -63.5823 40.8106 0
      vertex -45 62.5 0
      vertex -63.4715 40.7257 0
    endloop
  endfacet
  facet normal 0 0 -1
    outer loop
      vertex -63.7 40.8856 0
      vertex -45 62.5 0
      vertex -63.5823 40.8106 0
    endloop
  endfacet
  facet normal 0 0 -1
    outer loop
      vertex -67.5 62.5 0
      vertex -63.7 40.8856 0
      vertex -63.8238 40.9501 0
    endloop
  endfacet
  facet normal 0 0 -1
    outer loop
      vertex -67.5 62.5 0
      vertex -63.8238 40.9501 0
      vertex -63.9528 41.0035 0
    endloop
  endfacet
  facet normal 0 0 -1
    outer loop
      vertex -67.5 62.5 0
      vertex -63.9528 41.0035 0
      vertex -64.0859 41.0455 0
    endloop
  endfacet
  facet normal 0 0 -1
    outer loop
      vertex -67.5 62.5 0
      vertex -64.0859 41.0455 0
      vertex -64.2222 41.0757 0
    endloop
  endfacet
  facet normal 0 0 -1
    outer loop
      vertex -67.5 62.5 0
      vertex -64.2222 41.0757 0
      vertex -64.3605 41.0939 0
    endloop
  endfacet
  facet normal 0 0 -1
    outer loop
      vertex -67.5 62.5 0
      vertex -64.3605 41.0939 0
      vertex -64.5 41.1 0
    endloop
  endfacet
  facet normal 0 0 -1
    outer loop
      vertex -67.5 62.5 0
      vertex -64.5 41.1 0
      vertex -64.6395 41.0939 0
    endloop
  endfacet
  facet normal 0 0 -1
    outer loop
      vertex -67.5 62.5 0
      vertex -64.6395 41.0939 0
      vertex -64.7778 41.0757 0
    endloop
  endfacet
  facet normal 0 0 -1
    outer loop
      vertex -67.5 62.5 0
      vertex -64.7778 41.0757 0
      vertex -64.9141 41.0455 0
    endloop
  endfacet
  facet normal 0 0 -1
    outer loop
      vertex -69.2431 62.4239 0
      vertex -64.9141 41.0455 0
      vertex -65.0472 41.0035 0
    endloop
  endfacet
  facet normal 0 0 -1
    outer loop
      vertex -70.973 62.1962 0
      vertex -65.0472 41.0035 0
      vertex -65.1762 40.9501 0
    endloop
  endfacet
  facet normal 0 0 -1
    outer loop
      vertex -74.3404 61.2939 0
      vertex -65.1762 40.9501 0
      vertex -65.3 40.8856 0
    endloop
  endfacet
  facet normal 0 0 -1
    outer loop
      vertex -75.9524 60.6262 0
      vertex -65.3 40.8856 0
      vertex -65.4177 40.8106 0
    endloop
  endfacet
  facet normal 0 0 -1
    outer loop
      vertex -78.9715 58.883 0
      vertex -65.4177 40.8106 0
      vertex -65.5285 40.7257 0
    endloop
  endfacet
  facet normal 0 0 -1
    outer loop
      vertex -80.3558 57.8209 0
      vertex -65.5285 40.7257 0
      vertex -65.6314 40.6314 0
    endloop
  endfacet
  facet normal 0 0 -1
    outer loop
      vertex -63.7 40.8856 0
      vertex -67.5 62.5 0
      vertex -45 62.5 0
    endloop
  endfacet
  facet normal 0 0 -1
    outer loop
      vertex -82.8209 55.3558 0
      vertex -65.6314 40.6314 0
      vertex -65.7257 40.5285 0
    endloop
  endfacet
  facet normal 0 0 -1
    outer loop
      vertex -83.883 53.9715 0
      vertex -65.7257 40.5285 0
      vertex -65.8106 40.4177 0
    endloop
  endfacet
  facet normal 0 0 -1
    outer loop
      vertex -85.6262 50.9524 0
      vertex -65.8106 40.4177 0
      vertex -65.8856 40.3 0
    endloop
  endfacet
  facet normal 0 0 -1
    outer loop
      vertex -86.2939 49.3404 0
      vertex -65.8856 40.3 0
      vertex -65.9501 40.1762 0
    endloop
  endfacet
  facet normal 0 0 -1
    outer loop
      vertex -86.8185 47.6764 0
      vertex -65.9501 40.1762 0
      vertex -66.0035 40.0472 0
    endloop
  endfacet
  facet normal 0 0 -1
    outer loop
      vertex -87.4239 44.2431 0
      vertex -66.0035 40.0472 0
      vertex -66.0455 39.9141 0
    endloop
  endfacet
  facet normal 0 0 -1
    outer loop
      vertex -87.5 42.5 0
      vertex -66.0455 39.9141 0
      vertex -66.0757 39.7778 0
    endloop
  endfacet
  facet normal 0 0 -1
    outer loop
      vertex -87.5 42.5 0
      vertex -66.0757 39.7778 0
      vertex -66.0939 39.6395 0
    endloop
  endfacet
  facet normal 0 0 -1
    outer loop
      vertex -87.5 42.5 0
      vertex -66.0939 39.6395 0
      vertex -66.1 39.5 0
    endloop
  endfacet
  facet normal 0 0 -1
    outer loop
      vertex -66.0757 39.2222 0
      vertex -87.5 42.5 0
      vertex -66.0939 39.3605 0
    endloop
  endfacet
  facet normal -0 0 -1
    outer loop
      vertex -65.6314 -40.6314 0
      vertex -82.8209 -55.3558 0
      vertex -65.7257 -40.5285 0
    endloop
  endfacet
  facet normal 0 0 -1
    outer loop
      vertex -66.0939 39.3605 0
      vertex -87.5 42.5 0
      vertex -66.1 39.5 0
    endloop
  endfacet
  facet normal 0 0 -1
    outer loop
      vertex -83.883 -53.9715 0
      vertex -65.7257 -40.5285 0
      vertex -82.8209 -55.3558 0
    endloop
  endfacet
  facet normal 0 0 -1
    outer loop
      vertex -66.0455 39.9141 0
      vertex -87.5 42.5 0
      vertex -87.4239 44.2431 0
    endloop
  endfacet
  facet normal -0 0 -1
    outer loop
      vertex -65.7257 -40.5285 0
      vertex -83.883 -53.9715 0
      vertex -65.8106 -40.4177 0
    endloop
  endfacet
  facet normal 0 0 -1
    outer loop
      vertex -64.9141 41.0455 0
      vertex -69.2431 62.4239 0
      vertex -67.5 62.5 0
    endloop
  endfacet
  facet normal 0 0 -1
    outer loop
      vertex -84.8205 -52.5 0
      vertex -65.8106 -40.4177 0
      vertex -83.883 -53.9715 0
    endloop
  endfacet
  facet normal 0 0 -1
    outer loop
      vertex -65.0472 41.0035 0
      vertex -70.973 62.1962 0
      vertex -69.2431 62.4239 0
    endloop
  endfacet
  facet normal 0 0 -1
    outer loop
      vertex -85.6262 -50.9524 0
      vertex -65.8106 -40.4177 0
      vertex -84.8205 -52.5 0
    endloop
  endfacet
  facet normal 0 0 -1
    outer loop
      vertex -65.1762 40.9501 0
      vertex -72.6764 61.8185 0
      vertex -70.973 62.1962 0
    endloop
  endfacet
  facet normal -0 0 -1
    outer loop
      vertex -65.8106 -40.4177 0
      vertex -85.6262 -50.9524 0
      vertex -65.8856 -40.3 0
    endloop
  endfacet
  facet normal 0 0 -1
    outer loop
      vertex -65.1762 40.9501 0
      vertex -74.3404 61.2939 0
      vertex -72.6764 61.8185 0
    endloop
  endfacet
  facet normal 0 0 -1
    outer loop
      vertex -86.2939 -49.3404 0
      vertex -65.8856 -40.3 0
      vertex -85.6262 -50.9524 0
    endloop
  endfacet
  facet normal 0 0 -1
    outer loop
      vertex -65.3 40.8856 0
      vertex -75.9524 60.6262 0
      vertex -74.3404 61.2939 0
    endloop
  endfacet
  facet normal -0 0 -1
    outer loop
      vertex -65.8856 -40.3 0
      vertex -86.2939 -49.3404 0
      vertex -65.9501 -40.1762 0
    endloop
  endfacet
  facet normal 0 0 -1
    outer loop
      vertex -65.4177 40.8106 0
      vertex -77.5 59.8205 0
      vertex -75.9524 60.6262 0
    endloop
  endfacet
  facet normal 0 0 -1
    outer loop
      vertex -86.8185 -47.6764 0
      vertex -65.9501 -40.1762 0
      vertex -86.2939 -49.3404 0
    endloop
  endfacet
  facet normal 0 0 -1
    outer loop
      vertex -65.4177 40.8106 0
      vertex -78.9715 58.883 0
      vertex -77.5 59.8205 0
    endloop
  endfacet
  facet normal -0 0 -1
    outer loop
      vertex -65.9501 -40.1762 0
      vertex -86.8185 -47.6764 0
      vertex -66.0035 -40.0472 0
    endloop
  endfacet
  facet normal 0 0 -1
    outer loop
      vertex -65.5285 40.7257 0
      vertex -80.3558 57.8209 0
      vertex -78.9715 58.883 0
    endloop
  endfacet
  facet normal 0 0 -1
    outer loop
      vertex -87.1962 -45.973 0
      vertex -66.0035 -40.0472 0
      vertex -86.8185 -47.6764 0
    endloop
  endfacet
  facet normal 0 0 -1
    outer loop
      vertex -65.6314 40.6314 0
      vertex -81.6421 56.6421 0
      vertex -80.3558 57.8209 0
    endloop
  endfacet
  facet normal 0 0 -1
    outer loop
      vertex -87.4239 -44.2431 0
      vertex -66.0035 -40.0472 0
      vertex -87.1962 -45.973 0
    endloop
  endfacet
  facet normal 0 0 -1
    outer loop
      vertex -65.6314 40.6314 0
      vertex -82.8209 55.3558 0
      vertex -81.6421 56.6421 0
    endloop
  endfacet
  facet normal -0 0 -1
    outer loop
      vertex -66.0035 -40.0472 0
      vertex -87.4239 -44.2431 0
      vertex -66.0455 -39.9141 0
    endloop
  endfacet
  facet normal 0 0 -1
    outer loop
      vertex -65.7257 40.5285 0
      vertex -83.883 53.9715 0
      vertex -82.8209 55.3558 0
    endloop
  endfacet
  facet normal 0 0 -1
    outer loop
      vertex -87.5 -42.5 0
      vertex -66.0455 -39.9141 0
      vertex -87.4239 -44.2431 0
    endloop
  endfacet
  facet normal 0 0 -1
    outer loop
      vertex -65.8106 40.4177 0
      vertex -84.8205 52.5 0
      vertex -83.883 53.9715 0
    endloop
  endfacet
  facet normal -0 0 -1
    outer loop
      vertex -66.0455 -39.9141 0
      vertex -87.5 -42.5 0
      vertex -66.0757 -39.7778 0
    endloop
  endfacet
  facet normal 0 0 -1
    outer loop
      vertex -65.8106 40.4177 0
      vertex -85.6262 50.9524 0
      vertex -84.8205 52.5 0
    endloop
  endfacet
  facet normal -0 0 -1
    outer loop
      vertex -66.0757 -39.7778 0
      vertex -87.5 -42.5 0
      vertex -66.0939 -39.6395 0
    endloop
  endfacet
  facet normal 0 0 -1
    outer loop
      vertex -65.8856 40.3 0
      vertex -86.2939 49.3404 0
      vertex -85.6262 50.9524 0
    endloop
  endfacet
  facet normal -0 0 -1
    outer loop
      vertex -66.0939 -39.6395 0
      vertex -87.5 -42.5 0
      vertex -66.1 -39.5 0
    endloop
  endfacet
  facet normal 0 0 -1
    outer loop
      vertex -65.9501 40.1762 0
      vertex -86.8185 47.6764 0
      vertex -86.2939 49.3404 0
    endloop
  endfacet
  facet normal 0 0 -1
    outer loop
      vertex -66.0035 40.0472 0
      vertex -87.1962 45.973 0
      vertex -86.8185 47.6764 0
    endloop
  endfacet
  facet normal 0 0 -1
    outer loop
      vertex -66.0035 40.0472 0
      vertex -87.4239 44.2431 0
      vertex -87.1962 45.973 0
    endloop
  endfacet
  facet normal -0.953726 -0.300676 0
    outer loop
      vertex -86.2939 -49.3404 0
      vertex -86.8185 -47.6764 18
      vertex -86.8185 -47.6764 0
    endloop
  endfacet
  facet normal -0.953726 -0.300676 0
    outer loop
      vertex -86.8185 -47.6764 18
      vertex -86.2939 -49.3404 0
      vertex -86.2939 -49.3404 18
    endloop
  endfacet
  facet normal -0.608721 -0.793384 0
    outer loop
      vertex -80.3558 -57.8209 0
      vertex -78.9715 -58.883 18
      vertex -80.3558 -57.8209 18
    endloop
  endfacet
  facet normal -0.608721 -0.793384 -0
    outer loop
      vertex -78.9715 -58.883 18
      vertex -80.3558 -57.8209 0
      vertex -78.9715 -58.883 0
    endloop
  endfacet
  facet normal -0.53732 -0.843378 0
    outer loop
      vertex -78.9715 -58.883 0
      vertex -77.5 -59.8205 18
      vertex -78.9715 -58.883 18
    endloop
  endfacet
  facet normal -0.53732 -0.843378 -0
    outer loop
      vertex -77.5 -59.8205 18
      vertex -78.9715 -58.883 0
      vertex -77.5 -59.8205 0
    endloop
  endfacet
  facet normal -0.46178 -0.886994 0
    outer loop
      vertex -77.5 -59.8205 0
      vertex -75.9524 -60.6262 18
      vertex -77.5 -59.8205 18
    endloop
  endfacet
  facet normal -0.46178 -0.886994 -0
    outer loop
      vertex -75.9524 -60.6262 18
      vertex -77.5 -59.8205 0
      vertex -75.9524 -60.6262 0
    endloop
  endfacet
  facet normal -0.1305 -0.991448 0
    outer loop
      vertex -70.973 -62.1962 0
      vertex -69.2431 -62.4239 18
      vertex -70.973 -62.1962 18
    endloop
  endfacet
  facet normal -0.1305 -0.991448 -0
    outer loop
      vertex -69.2431 -62.4239 18
      vertex -70.973 -62.1962 0
      vertex -69.2431 -62.4239 0
    endloop
  endfacet
  facet normal -0.300676 -0.953726 0
    outer loop
      vertex -74.3404 -61.2939 0
      vertex -72.6764 -61.8185 18
      vertex -74.3404 -61.2939 18
    endloop
  endfacet
  facet normal -0.300676 -0.953726 -0
    outer loop
      vertex -72.6764 -61.8185 18
      vertex -74.3404 -61.2939 0
      vertex -72.6764 -61.8185 0
    endloop
  endfacet
  facet normal 0.53732 0.843378 -0
    outer loop
      vertex 78.9715 58.883 0
      vertex 77.5 59.8205 18
      vertex 78.9715 58.883 18
    endloop
  endfacet
  facet normal 0.53732 0.843378 0
    outer loop
      vertex 77.5 59.8205 18
      vertex 78.9715 58.883 0
      vertex 77.5 59.8205 0
    endloop
  endfacet
  facet normal 0.46178 0.886994 -0
    outer loop
      vertex 77.5 59.8205 0
      vertex 75.9524 60.6262 18
      vertex 77.5 59.8205 18
    endloop
  endfacet
  facet normal 0.46178 0.886994 0
    outer loop
      vertex 75.9524 60.6262 18
      vertex 77.5 59.8205 0
      vertex 75.9524 60.6262 0
    endloop
  endfacet
  facet normal 0.0436163 0.999048 -0
    outer loop
      vertex 69.2431 62.4239 0
      vertex 67.5 62.5 18
      vertex 69.2431 62.4239 18
    endloop
  endfacet
  facet normal 0.0436163 0.999048 0
    outer loop
      vertex 67.5 62.5 18
      vertex 69.2431 62.4239 0
      vertex 67.5 62.5 0
    endloop
  endfacet
  facet normal 0.1305 0.991448 -0
    outer loop
      vertex 70.973 62.1962 0
      vertex 69.2431 62.4239 18
      vertex 70.973 62.1962 18
    endloop
  endfacet
  facet normal 0.1305 0.991448 0
    outer loop
      vertex 69.2431 62.4239 18
      vertex 70.973 62.1962 0
      vertex 69.2431 62.4239 0
    endloop
  endfacet
  facet normal 0.300676 0.953726 -0
    outer loop
      vertex 74.3404 61.2939 0
      vertex 72.6764 61.8185 18
      vertex 74.3404 61.2939 18
    endloop
  endfacet
  facet normal 0.300676 0.953726 0
    outer loop
      vertex 72.6764 61.8185 18
      vertex 74.3404 61.2939 0
      vertex 72.6764 61.8185 0
    endloop
  endfacet
  facet normal -0.0436163 0.999048 0
    outer loop
      vertex -67.5 62.5 0
      vertex -69.2431 62.4239 18
      vertex -67.5 62.5 18
    endloop
  endfacet
  facet normal -0.0436163 0.999048 0
    outer loop
      vertex -69.2431 62.4239 18
      vertex -67.5 62.5 0
      vertex -69.2431 62.4239 0
    endloop
  endfacet
  facet normal 0.886994 -0.46178 0
    outer loop
      vertex 84.8205 -52.5 18
      vertex 85.6262 -50.9524 0
      vertex 85.6262 -50.9524 18
    endloop
  endfacet
  facet normal 0.886994 -0.46178 0
    outer loop
      vertex 85.6262 -50.9524 0
      vertex 84.8205 -52.5 18
      vertex 84.8205 -52.5 0
    endloop
  endfacet
  facet normal 0.46178 -0.886994 0
    outer loop
      vertex 75.9524 -60.6262 0
      vertex 77.5 -59.8205 18
      vertex 75.9524 -60.6262 18
    endloop
  endfacet
  facet normal 0.46178 -0.886994 0
    outer loop
      vertex 77.5 -59.8205 18
      vertex 75.9524 -60.6262 0
      vertex 77.5 -59.8205 0
    endloop
  endfacet
  facet normal 0.737242 -0.675629 0
    outer loop
      vertex 81.6421 -56.6421 18
      vertex 82.8209 -55.3558 0
      vertex 82.8209 -55.3558 18
    endloop
  endfacet
  facet normal 0.737242 -0.675629 0
    outer loop
      vertex 82.8209 -55.3558 0
      vertex 81.6421 -56.6421 18
      vertex 81.6421 -56.6421 0
    endloop
  endfacet
  facet normal 0.300676 -0.953726 0
    outer loop
      vertex 72.6764 -61.8185 0
      vertex 74.3404 -61.2939 18
      vertex 72.6764 -61.8185 18
    endloop
  endfacet
  facet normal 0.300676 -0.953726 0
    outer loop
      vertex 74.3404 -61.2939 18
      vertex 72.6764 -61.8185 0
      vertex 74.3404 -61.2939 0
    endloop
  endfacet
  facet normal 1 -0 0
    outer loop
      vertex 87.5 -42.5 18
      vertex 87.5 42.5 0
      vertex 87.5 42.5 18
    endloop
  endfacet
  facet normal 1 0 0
    outer loop
      vertex 87.5 42.5 0
      vertex 87.5 -42.5 18
      vertex 87.5 -42.5 0
    endloop
  endfacet
  facet normal 0.923882 0.382677 0
    outer loop
      vertex 86.2939 49.3404 18
      vertex 85.6262 50.9524 0
      vertex 85.6262 50.9524 18
    endloop
  endfacet
  facet normal 0.923882 0.382677 0
    outer loop
      vertex 85.6262 50.9524 0
      vertex 86.2939 49.3404 18
      vertex 86.2939 49.3404 0
    endloop
  endfacet
  facet normal 0.737242 0.675629 0
    outer loop
      vertex 82.8209 55.3558 18
      vertex 81.6421 56.6421 0
      vertex 81.6421 56.6421 18
    endloop
  endfacet
  facet normal 0.737242 0.675629 0
    outer loop
      vertex 81.6421 56.6421 0
      vertex 82.8209 55.3558 18
      vertex 82.8209 55.3558 0
    endloop
  endfacet
  facet normal -0.737242 0.675629 0
    outer loop
      vertex -82.8209 55.3558 0
      vertex -81.6421 56.6421 18
      vertex -81.6421 56.6421 0
    endloop
  endfacet
  facet normal -0.737242 0.675629 0
    outer loop
      vertex -81.6421 56.6421 18
      vertex -82.8209 55.3558 0
      vertex -82.8209 55.3558 18
    endloop
  endfacet
  facet normal -0.216475 0.976288 0
    outer loop
      vertex -70.973 62.1962 0
      vertex -72.6764 61.8185 18
      vertex -70.973 62.1962 18
    endloop
  endfacet
  facet normal -0.216475 0.976288 0
    outer loop
      vertex -72.6764 61.8185 18
      vertex -70.973 62.1962 0
      vertex -72.6764 61.8185 0
    endloop
  endfacet
  facet normal -0.991448 0.1305 0
    outer loop
      vertex -87.4239 44.2431 0
      vertex -87.1962 45.973 18
      vertex -87.1962 45.973 0
    endloop
  endfacet
  facet normal -0.991448 0.1305 0
    outer loop
      vertex -87.1962 45.973 18
      vertex -87.4239 44.2431 0
      vertex -87.4239 44.2431 18
    endloop
  endfacet
  facet normal -0.999048 -0.0436163 0
    outer loop
      vertex -87.4239 -44.2431 0
      vertex -87.5 -42.5 18
      vertex -87.5 -42.5 0
    endloop
  endfacet
  facet normal -0.999048 -0.0436163 0
    outer loop
      vertex -87.5 -42.5 18
      vertex -87.4239 -44.2431 0
      vertex -87.4239 -44.2431 18
    endloop
  endfacet
  facet normal -0.991448 -0.1305 0
    outer loop
      vertex -87.1962 -45.973 0
      vertex -87.4239 -44.2431 18
      vertex -87.4239 -44.2431 0
    endloop
  endfacet
  facet normal -0.991448 -0.1305 0
    outer loop
      vertex -87.4239 -44.2431 18
      vertex -87.1962 -45.973 0
      vertex -87.1962 -45.973 18
    endloop
  endfacet
  facet normal -0.737242 -0.675629 0
    outer loop
      vertex -81.6421 -56.6421 0
      vertex -82.8209 -55.3558 18
      vertex -82.8209 -55.3558 0
    endloop
  endfacet
  facet normal -0.737242 -0.675629 0
    outer loop
      vertex -82.8209 -55.3558 18
      vertex -81.6421 -56.6421 0
      vertex -81.6421 -56.6421 18
    endloop
  endfacet
  facet normal -0.886994 -0.46178 0
    outer loop
      vertex -84.8205 -52.5 0
      vertex -85.6262 -50.9524 18
      vertex -85.6262 -50.9524 0
    endloop
  endfacet
  facet normal -0.886994 -0.46178 0
    outer loop
      vertex -85.6262 -50.9524 18
      vertex -84.8205 -52.5 0
      vertex -84.8205 -52.5 18
    endloop
  endfacet
  facet normal -0.843378 -0.53732 0
    outer loop
      vertex -83.883 -53.9715 0
      vertex -84.8205 -52.5 18
      vertex -84.8205 -52.5 0
    endloop
  endfacet
  facet normal -0.843378 -0.53732 0
    outer loop
      vertex -84.8205 -52.5 18
      vertex -83.883 -53.9715 0
      vertex -83.883 -53.9715 18
    endloop
  endfacet
  facet normal -0.382677 -0.923882 0
    outer loop
      vertex -75.9524 -60.6262 0
      vertex -74.3404 -61.2939 18
      vertex -75.9524 -60.6262 18
    endloop
  endfacet
  facet normal -0.382677 -0.923882 -0
    outer loop
      vertex -74.3404 -61.2939 18
      vertex -75.9524 -60.6262 0
      vertex -74.3404 -61.2939 0
    endloop
  endfacet
  facet normal -0.0436163 -0.999048 0
    outer loop
      vertex -69.2431 -62.4239 0
      vertex -67.5 -62.5 18
      vertex -69.2431 -62.4239 18
    endloop
  endfacet
  facet normal -0.0436163 -0.999048 -0
    outer loop
      vertex -67.5 -62.5 18
      vertex -69.2431 -62.4239 0
      vertex -67.5 -62.5 0
    endloop
  endfacet
  facet normal -0.216475 -0.976288 0
    outer loop
      vertex -72.6764 -61.8185 0
      vertex -70.973 -62.1962 18
      vertex -72.6764 -61.8185 18
    endloop
  endfacet
  facet normal -0.216475 -0.976288 -0
    outer loop
      vertex -70.973 -62.1962 18
      vertex -72.6764 -61.8185 0
      vertex -70.973 -62.1962 0
    endloop
  endfacet
  facet normal 0.793384 -0.608721 0
    outer loop
      vertex 82.8209 -55.3558 18
      vertex 83.883 -53.9715 0
      vertex 83.883 -53.9715 18
    endloop
  endfacet
  facet normal 0.793384 -0.608721 0
    outer loop
      vertex 83.883 -53.9715 0
      vertex 82.8209 -55.3558 18
      vertex 82.8209 -55.3558 0
    endloop
  endfacet
  facet normal 0.843378 -0.53732 0
    outer loop
      vertex 83.883 -53.9715 18
      vertex 84.8205 -52.5 0
      vertex 84.8205 -52.5 18
    endloop
  endfacet
  facet normal 0.843378 -0.53732 0
    outer loop
      vertex 84.8205 -52.5 0
      vertex 83.883 -53.9715 18
      vertex 83.883 -53.9715 0
    endloop
  endfacet
  facet normal 0.991448 -0.1305 0
    outer loop
      vertex 87.1962 -45.973 18
      vertex 87.4239 -44.2431 0
      vertex 87.4239 -44.2431 18
    endloop
  endfacet
  facet normal 0.991448 -0.1305 0
    outer loop
      vertex 87.4239 -44.2431 0
      vertex 87.1962 -45.973 18
      vertex 87.1962 -45.973 0
    endloop
  endfacet
  facet normal 0.953726 -0.300676 0
    outer loop
      vertex 86.2939 -49.3404 18
      vertex 86.8185 -47.6764 0
      vertex 86.8185 -47.6764 18
    endloop
  endfacet
  facet normal 0.953726 -0.300676 0
    outer loop
      vertex 86.8185 -47.6764 0
      vertex 86.2939 -49.3404 18
      vertex 86.2939 -49.3404 0
    endloop
  endfacet
  facet normal 0.976288 -0.216475 0
    outer loop
      vertex 86.8185 -47.6764 18
      vertex 87.1962 -45.973 0
      vertex 87.1962 -45.973 18
    endloop
  endfacet
  facet normal 0.976288 -0.216475 0
    outer loop
      vertex 87.1962 -45.973 0
      vertex 86.8185 -47.6764 18
      vertex 86.8185 -47.6764 0
    endloop
  endfacet
  facet normal 0.608721 -0.793384 0
    outer loop
      vertex 78.9715 -58.883 0
      vertex 80.3558 -57.8209 18
      vertex 78.9715 -58.883 18
    endloop
  endfacet
  facet normal 0.608721 -0.793384 0
    outer loop
      vertex 80.3558 -57.8209 18
      vertex 78.9715 -58.883 0
      vertex 80.3558 -57.8209 0
    endloop
  endfacet
  facet normal 0.53732 -0.843378 0
    outer loop
      vertex 77.5 -59.8205 0
      vertex 78.9715 -58.883 18
      vertex 77.5 -59.8205 18
    endloop
  endfacet
  facet normal 0.53732 -0.843378 0
    outer loop
      vertex 78.9715 -58.883 18
      vertex 77.5 -59.8205 0
      vertex 78.9715 -58.883 0
    endloop
  endfacet
  facet normal 0.675629 -0.737242 0
    outer loop
      vertex 80.3558 -57.8209 0
      vertex 81.6421 -56.6421 18
      vertex 80.3558 -57.8209 18
    endloop
  endfacet
  facet normal 0.675629 -0.737242 0
    outer loop
      vertex 81.6421 -56.6421 18
      vertex 80.3558 -57.8209 0
      vertex 81.6421 -56.6421 0
    endloop
  endfacet
  facet normal 0.382677 -0.923882 0
    outer loop
      vertex 74.3404 -61.2939 0
      vertex 75.9524 -60.6262 18
      vertex 74.3404 -61.2939 18
    endloop
  endfacet
  facet normal 0.382677 -0.923882 0
    outer loop
      vertex 75.9524 -60.6262 18
      vertex 74.3404 -61.2939 0
      vertex 75.9524 -60.6262 0
    endloop
  endfacet
  facet normal 0.991448 0.1305 0
    outer loop
      vertex 87.4239 44.2431 18
      vertex 87.1962 45.973 0
      vertex 87.1962 45.973 18
    endloop
  endfacet
  facet normal 0.991448 0.1305 0
    outer loop
      vertex 87.1962 45.973 0
      vertex 87.4239 44.2431 18
      vertex 87.4239 44.2431 0
    endloop
  endfacet
  facet normal 0.953726 0.300676 0
    outer loop
      vertex 86.8185 47.6764 18
      vertex 86.2939 49.3404 0
      vertex 86.2939 49.3404 18
    endloop
  endfacet
  facet normal 0.953726 0.300676 0
    outer loop
      vertex 86.2939 49.3404 0
      vertex 86.8185 47.6764 18
      vertex 86.8185 47.6764 0
    endloop
  endfacet
  facet normal 0.976288 0.216475 0
    outer loop
      vertex 87.1962 45.973 18
      vertex 86.8185 47.6764 0
      vertex 86.8185 47.6764 18
    endloop
  endfacet
  facet normal 0.976288 0.216475 0
    outer loop
      vertex 86.8185 47.6764 0
      vertex 87.1962 45.973 18
      vertex 87.1962 45.973 0
    endloop
  endfacet
  facet normal 0.886994 0.46178 0
    outer loop
      vertex 85.6262 50.9524 18
      vertex 84.8205 52.5 0
      vertex 84.8205 52.5 18
    endloop
  endfacet
  facet normal 0.886994 0.46178 0
    outer loop
      vertex 84.8205 52.5 0
      vertex 85.6262 50.9524 18
      vertex 85.6262 50.9524 0
    endloop
  endfacet
  facet normal 0.675629 0.737242 -0
    outer loop
      vertex 81.6421 56.6421 0
      vertex 80.3558 57.8209 18
      vertex 81.6421 56.6421 18
    endloop
  endfacet
  facet normal 0.675629 0.737242 0
    outer loop
      vertex 80.3558 57.8209 18
      vertex 81.6421 56.6421 0
      vertex 80.3558 57.8209 0
    endloop
  endfacet
  facet normal -0.675629 0.737242 0
    outer loop
      vertex -80.3558 57.8209 0
      vertex -81.6421 56.6421 18
      vertex -80.3558 57.8209 18
    endloop
  endfacet
  facet normal -0.675629 0.737242 0
    outer loop
      vertex -81.6421 56.6421 18
      vertex -80.3558 57.8209 0
      vertex -81.6421 56.6421 0
    endloop
  endfacet
  facet normal -0.46178 0.886994 0
    outer loop
      vertex -75.9524 60.6262 0
      vertex -77.5 59.8205 18
      vertex -75.9524 60.6262 18
    endloop
  endfacet
  facet normal -0.46178 0.886994 0
    outer loop
      vertex -77.5 59.8205 18
      vertex -75.9524 60.6262 0
      vertex -77.5 59.8205 0
    endloop
  endfacet
  facet normal -0.923882 0.382677 0
    outer loop
      vertex -86.2939 49.3404 0
      vertex -85.6262 50.9524 18
      vertex -85.6262 50.9524 0
    endloop
  endfacet
  facet normal -0.923882 0.382677 0
    outer loop
      vertex -85.6262 50.9524 18
      vertex -86.2939 49.3404 0
      vertex -86.2939 49.3404 18
    endloop
  endfacet
  facet normal -0.886994 0.46178 0
    outer loop
      vertex -85.6262 50.9524 0
      vertex -84.8205 52.5 18
      vertex -84.8205 52.5 0
    endloop
  endfacet
  facet normal -0.886994 0.46178 0
    outer loop
      vertex -84.8205 52.5 18
      vertex -85.6262 50.9524 0
      vertex -85.6262 50.9524 18
    endloop
  endfacet
  facet normal -0.976288 0.216475 0
    outer loop
      vertex -87.1962 45.973 0
      vertex -86.8185 47.6764 18
      vertex -86.8185 47.6764 0
    endloop
  endfacet
  facet normal -0.976288 0.216475 0
    outer loop
      vertex -86.8185 47.6764 18
      vertex -87.1962 45.973 0
      vertex -87.1962 45.973 18
    endloop
  endfacet
  facet normal -0.953726 0.300676 0
    outer loop
      vertex -86.8185 47.6764 0
      vertex -86.2939 49.3404 18
      vertex -86.2939 49.3404 0
    endloop
  endfacet
  facet normal -0.953726 0.300676 0
    outer loop
      vertex -86.2939 49.3404 18
      vertex -86.8185 47.6764 0
      vertex -86.8185 47.6764 18
    endloop
  endfacet
  facet normal -0.793384 -0.608721 0
    outer loop
      vertex -82.8209 -55.3558 0
      vertex -83.883 -53.9715 18
      vertex -83.883 -53.9715 0
    endloop
  endfacet
  facet normal -0.793384 -0.608721 0
    outer loop
      vertex -83.883 -53.9715 18
      vertex -82.8209 -55.3558 0
      vertex -82.8209 -55.3558 18
    endloop
  endfacet
  facet normal -0.675629 -0.737242 0
    outer loop
      vertex -81.6421 -56.6421 0
      vertex -80.3558 -57.8209 18
      vertex -81.6421 -56.6421 18
    endloop
  endfacet
  facet normal -0.675629 -0.737242 -0
    outer loop
      vertex -80.3558 -57.8209 18
      vertex -81.6421 -56.6421 0
      vertex -80.3558 -57.8209 0
    endloop
  endfacet
  facet normal -0.976288 -0.216475 0
    outer loop
      vertex -86.8185 -47.6764 0
      vertex -87.1962 -45.973 18
      vertex -87.1962 -45.973 0
    endloop
  endfacet
  facet normal -0.976288 -0.216475 0
    outer loop
      vertex -87.1962 -45.973 18
      vertex -86.8185 -47.6764 0
      vertex -86.8185 -47.6764 18
    endloop
  endfacet
  facet normal -0.923882 -0.382677 0
    outer loop
      vertex -85.6262 -50.9524 0
      vertex -86.2939 -49.3404 18
      vertex -86.2939 -49.3404 0
    endloop
  endfacet
  facet normal -0.923882 -0.382677 0
    outer loop
      vertex -86.2939 -49.3404 18
      vertex -85.6262 -50.9524 0
      vertex -85.6262 -50.9524 18
    endloop
  endfacet
  facet normal 0.923882 -0.382677 0
    outer loop
      vertex 85.6262 -50.9524 18
      vertex 86.2939 -49.3404 0
      vertex 86.2939 -49.3404 18
    endloop
  endfacet
  facet normal 0.923882 -0.382677 0
    outer loop
      vertex 86.2939 -49.3404 0
      vertex 85.6262 -50.9524 18
      vertex 85.6262 -50.9524 0
    endloop
  endfacet
  facet normal 0.843378 0.53732 0
    outer loop
      vertex 84.8205 52.5 18
      vertex 83.883 53.9715 0
      vertex 83.883 53.9715 18
    endloop
  endfacet
  facet normal 0.843378 0.53732 0
    outer loop
      vertex 83.883 53.9715 0
      vertex 84.8205 52.5 18
      vertex 84.8205 52.5 0
    endloop
  endfacet
  facet normal 0.793384 0.608721 0
    outer loop
      vertex 83.883 53.9715 18
      vertex 82.8209 55.3558 0
      vertex 82.8209 55.3558 18
    endloop
  endfacet
  facet normal 0.793384 0.608721 0
    outer loop
      vertex 82.8209 55.3558 0
      vertex 83.883 53.9715 18
      vertex 83.883 53.9715 0
    endloop
  endfacet
  facet normal -0.53732 0.843378 0
    outer loop
      vertex -77.5 59.8205 0
      vertex -78.9715 58.883 18
      vertex -77.5 59.8205 18
    endloop
  endfacet
  facet normal -0.53732 0.843378 0
    outer loop
      vertex -78.9715 58.883 18
      vertex -77.5 59.8205 0
      vertex -78.9715 58.883 0
    endloop
  endfacet
  facet normal -0.382677 0.923882 0
    outer loop
      vertex -74.3404 61.2939 0
      vertex -75.9524 60.6262 18
      vertex -74.3404 61.2939 18
    endloop
  endfacet
  facet normal -0.382677 0.923882 0
    outer loop
      vertex -75.9524 60.6262 18
      vertex -74.3404 61.2939 0
      vertex -75.9524 60.6262 0
    endloop
  endfacet
  facet normal -0.793384 0.608721 0
    outer loop
      vertex -83.883 53.9715 0
      vertex -82.8209 55.3558 18
      vertex -82.8209 55.3558 0
    endloop
  endfacet
  facet normal -0.793384 0.608721 0
    outer loop
      vertex -82.8209 55.3558 18
      vertex -83.883 53.9715 0
      vertex -83.883 53.9715 18
    endloop
  endfacet
  facet normal -0.843378 0.53732 0
    outer loop
      vertex -84.8205 52.5 0
      vertex -83.883 53.9715 18
      vertex -83.883 53.9715 0
    endloop
  endfacet
  facet normal -0.843378 0.53732 0
    outer loop
      vertex -83.883 53.9715 18
      vertex -84.8205 52.5 0
      vertex -84.8205 52.5 18
    endloop
  endfacet
  facet normal -0.999045 -0.0436859 0
    outer loop
      vertex -62.9 -39.5 0
      vertex -62.9061 -39.3605 18
      vertex -62.9061 -39.3605 0
    endloop
  endfacet
  facet normal -0.999045 -0.0436859 0
    outer loop
      vertex -62.9061 -39.3605 18
      vertex -62.9 -39.5 0
      vertex -62.9 -39.5 18
    endloop
  endfacet
  facet normal 0.999045 -0.0436859 0
    outer loop
      vertex -66.1 -39.5 18
      vertex -66.0939 -39.3605 0
      vertex -66.0939 -39.3605 18
    endloop
  endfacet
  facet normal 0.999045 -0.0436859 0
    outer loop
      vertex -66.0939 -39.3605 0
      vertex -66.1 -39.5 18
      vertex -66.1 -39.5 0
    endloop
  endfacet
  facet normal 0.0436859 -0.999045 0
    outer loop
      vertex -64.6395 -37.9061 0
      vertex -64.5 -37.9 18
      vertex -64.6395 -37.9061 18
    endloop
  endfacet
  facet normal 0.0436859 -0.999045 0
    outer loop
      vertex -64.5 -37.9 18
      vertex -64.6395 -37.9061 0
      vertex -64.5 -37.9 0
    endloop
  endfacet
  facet normal -0.675627 -0.737243 0
    outer loop
      vertex -63.4715 -38.2743 0
      vertex -63.3686 -38.3686 18
      vertex -63.4715 -38.2743 18
    endloop
  endfacet
  facet normal -0.675627 -0.737243 -0
    outer loop
      vertex -63.3686 -38.3686 18
      vertex -63.4715 -38.2743 0
      vertex -63.3686 -38.3686 0
    endloop
  endfacet
  facet normal 0.675627 -0.737243 0
    outer loop
      vertex -65.6314 -38.3686 0
      vertex -65.5285 -38.2743 18
      vertex -65.6314 -38.3686 18
    endloop
  endfacet
  facet normal 0.675627 -0.737243 0
    outer loop
      vertex -65.5285 -38.2743 18
      vertex -65.6314 -38.3686 0
      vertex -65.5285 -38.2743 0
    endloop
  endfacet
  facet normal 0.382478 -0.923964 0
    outer loop
      vertex -65.1762 -38.0499 0
      vertex -65.0472 -37.9965 18
      vertex -65.1762 -38.0499 18
    endloop
  endfacet
  facet normal 0.382478 -0.923964 0
    outer loop
      vertex -65.0472 -37.9965 18
      vertex -65.1762 -38.0499 0
      vertex -65.0472 -37.9965 0
    endloop
  endfacet
  facet normal -0.923964 -0.382478 0
    outer loop
      vertex -62.9965 -38.9528 0
      vertex -63.0499 -38.8238 18
      vertex -63.0499 -38.8238 0
    endloop
  endfacet
  facet normal -0.923964 -0.382478 0
    outer loop
      vertex -63.0499 -38.8238 18
      vertex -62.9965 -38.9528 0
      vertex -62.9965 -38.9528 18
    endloop
  endfacet
  facet normal -0.300926 -0.953648 0
    outer loop
      vertex -64.0859 -37.9545 0
      vertex -63.9528 -37.9965 18
      vertex -64.0859 -37.9545 18
    endloop
  endfacet
  facet normal -0.300926 -0.953648 -0
    outer loop
      vertex -63.9528 -37.9965 18
      vertex -64.0859 -37.9545 0
      vertex -63.9528 -37.9965 0
    endloop
  endfacet
  facet normal -0.462052 -0.886853 0
    outer loop
      vertex -63.8238 -38.0499 0
      vertex -63.7 -38.1144 18
      vertex -63.8238 -38.0499 18
    endloop
  endfacet
  facet normal -0.462052 -0.886853 -0
    outer loop
      vertex -63.7 -38.1144 18
      vertex -63.8238 -38.0499 0
      vertex -63.7 -38.1144 0
    endloop
  endfacet
  facet normal 0.886853 -0.462052 0
    outer loop
      vertex -65.9501 -38.8238 18
      vertex -65.8856 -38.7 0
      vertex -65.8856 -38.7 18
    endloop
  endfacet
  facet normal 0.886853 -0.462052 0
    outer loop
      vertex -65.8856 -38.7 0
      vertex -65.9501 -38.8238 18
      vertex -65.9501 -38.8238 0
    endloop
  endfacet
  facet normal 0.216324 -0.976322 0
    outer loop
      vertex -64.9141 -37.9545 0
      vertex -64.7778 -37.9243 18
      vertex -64.9141 -37.9545 18
    endloop
  endfacet
  facet normal 0.216324 -0.976322 0
    outer loop
      vertex -64.7778 -37.9243 18
      vertex -64.9141 -37.9545 0
      vertex -64.7778 -37.9243 0
    endloop
  endfacet
  facet normal -0.976322 0.216324 0
    outer loop
      vertex -62.9545 -39.9141 0
      vertex -62.9243 -39.7778 18
      vertex -62.9243 -39.7778 0
    endloop
  endfacet
  facet normal -0.976322 0.216324 0
    outer loop
      vertex -62.9243 -39.7778 18
      vertex -62.9545 -39.9141 0
      vertex -62.9545 -39.9141 18
    endloop
  endfacet
  facet normal 0.130473 0.991452 -0
    outer loop
      vertex -64.6395 -41.0939 0
      vertex -64.7778 -41.0757 18
      vertex -64.6395 -41.0939 18
    endloop
  endfacet
  facet normal 0.130473 0.991452 0
    outer loop
      vertex -64.7778 -41.0757 18
      vertex -64.6395 -41.0939 0
      vertex -64.7778 -41.0757 0
    endloop
  endfacet
  facet normal -0.130473 0.991452 0
    outer loop
      vertex -64.2222 -41.0757 0
      vertex -64.3605 -41.0939 18
      vertex -64.2222 -41.0757 18
    endloop
  endfacet
  facet normal -0.130473 0.991452 0
    outer loop
      vertex -64.3605 -41.0939 18
      vertex -64.2222 -41.0757 0
      vertex -64.3605 -41.0939 0
    endloop
  endfacet
  facet normal -0.976322 -0.216324 0
    outer loop
      vertex -62.9243 -39.2222 0
      vertex -62.9545 -39.0859 18
      vertex -62.9545 -39.0859 0
    endloop
  endfacet
  facet normal -0.976322 -0.216324 0
    outer loop
      vertex -62.9545 -39.0859 18
      vertex -62.9243 -39.2222 0
      vertex -62.9243 -39.2222 18
    endloop
  endfacet
  facet normal -0.991452 -0.130473 0
    outer loop
      vertex -62.9061 -39.3605 0
      vertex -62.9243 -39.2222 18
      vertex -62.9243 -39.2222 0
    endloop
  endfacet
  facet normal -0.991452 -0.130473 0
    outer loop
      vertex -62.9243 -39.2222 18
      vertex -62.9061 -39.3605 0
      vertex -62.9061 -39.3605 18
    endloop
  endfacet
  facet normal -0.953648 -0.300926 0
    outer loop
      vertex -62.9545 -39.0859 0
      vertex -62.9965 -38.9528 18
      vertex -62.9965 -38.9528 0
    endloop
  endfacet
  facet normal -0.953648 -0.300926 0
    outer loop
      vertex -62.9965 -38.9528 18
      vertex -62.9545 -39.0859 0
      vertex -62.9545 -39.0859 18
    endloop
  endfacet
  facet normal -0.843337 -0.537385 0
    outer loop
      vertex -63.1144 -38.7 0
      vertex -63.1894 -38.5823 18
      vertex -63.1894 -38.5823 0
    endloop
  endfacet
  facet normal -0.843337 -0.537385 0
    outer loop
      vertex -63.1894 -38.5823 18
      vertex -63.1144 -38.7 0
      vertex -63.1144 -38.7 18
    endloop
  endfacet
  facet normal -0.886853 -0.462052 0
    outer loop
      vertex -63.0499 -38.8238 0
      vertex -63.1144 -38.7 18
      vertex -63.1144 -38.7 0
    endloop
  endfacet
  facet normal -0.886853 -0.462052 0
    outer loop
      vertex -63.1144 -38.7 18
      vertex -63.0499 -38.8238 0
      vertex -63.0499 -38.8238 18
    endloop
  endfacet
  facet normal -0.130473 -0.991452 0
    outer loop
      vertex -64.3605 -37.9061 0
      vertex -64.2222 -37.9243 18
      vertex -64.3605 -37.9061 18
    endloop
  endfacet
  facet normal -0.130473 -0.991452 -0
    outer loop
      vertex -64.2222 -37.9243 18
      vertex -64.3605 -37.9061 0
      vertex -64.2222 -37.9243 0
    endloop
  endfacet
  facet normal -0.216324 -0.976322 0
    outer loop
      vertex -64.2222 -37.9243 0
      vertex -64.0859 -37.9545 18
      vertex -64.2222 -37.9243 18
    endloop
  endfacet
  facet normal -0.216324 -0.976322 -0
    outer loop
      vertex -64.0859 -37.9545 18
      vertex -64.2222 -37.9243 0
      vertex -64.0859 -37.9545 0
    endloop
  endfacet
  facet normal -0.0436859 -0.999045 0
    outer loop
      vertex -64.5 -37.9 0
      vertex -64.3605 -37.9061 18
      vertex -64.5 -37.9 18
    endloop
  endfacet
  facet normal -0.0436859 -0.999045 -0
    outer loop
      vertex -64.3605 -37.9061 18
      vertex -64.5 -37.9 0
      vertex -64.3605 -37.9061 0
    endloop
  endfacet
  facet normal -0.382478 -0.923964 0
    outer loop
      vertex -63.9528 -37.9965 0
      vertex -63.8238 -38.0499 18
      vertex -63.9528 -37.9965 18
    endloop
  endfacet
  facet normal -0.382478 -0.923964 -0
    outer loop
      vertex -63.8238 -38.0499 18
      vertex -63.9528 -37.9965 0
      vertex -63.8238 -38.0499 0
    endloop
  endfacet
  facet normal -0.608221 -0.793768 0
    outer loop
      vertex -63.5823 -38.1894 0
      vertex -63.4715 -38.2743 18
      vertex -63.5823 -38.1894 18
    endloop
  endfacet
  facet normal -0.608221 -0.793768 -0
    outer loop
      vertex -63.4715 -38.2743 18
      vertex -63.5823 -38.1894 0
      vertex -63.4715 -38.2743 0
    endloop
  endfacet
  facet normal 0.976322 -0.216324 0
    outer loop
      vertex -66.0757 -39.2222 18
      vertex -66.0455 -39.0859 0
      vertex -66.0455 -39.0859 18
    endloop
  endfacet
  facet normal 0.976322 -0.216324 0
    outer loop
      vertex -66.0455 -39.0859 0
      vertex -66.0757 -39.2222 18
      vertex -66.0757 -39.2222 0
    endloop
  endfacet
  facet normal 0.793768 -0.608221 0
    outer loop
      vertex -65.8106 -38.5823 18
      vertex -65.7257 -38.4715 0
      vertex -65.7257 -38.4715 18
    endloop
  endfacet
  facet normal 0.793768 -0.608221 0
    outer loop
      vertex -65.7257 -38.4715 0
      vertex -65.8106 -38.5823 18
      vertex -65.8106 -38.5823 0
    endloop
  endfacet
  facet normal 0.737243 -0.675627 0
    outer loop
      vertex -65.7257 -38.4715 18
      vertex -65.6314 -38.3686 0
      vertex -65.6314 -38.3686 18
    endloop
  endfacet
  facet normal 0.737243 -0.675627 0
    outer loop
      vertex -65.6314 -38.3686 0
      vertex -65.7257 -38.4715 18
      vertex -65.7257 -38.4715 0
    endloop
  endfacet
  facet normal 0.843337 -0.537385 0
    outer loop
      vertex -65.8856 -38.7 18
      vertex -65.8106 -38.5823 0
      vertex -65.8106 -38.5823 18
    endloop
  endfacet
  facet normal 0.843337 -0.537385 0
    outer loop
      vertex -65.8106 -38.5823 0
      vertex -65.8856 -38.7 18
      vertex -65.8856 -38.7 0
    endloop
  endfacet
  facet normal 0.991452 -0.130473 0
    outer loop
      vertex -66.0939 -39.3605 18
      vertex -66.0757 -39.2222 0
      vertex -66.0757 -39.2222 18
    endloop
  endfacet
  facet normal 0.991452 -0.130473 0
    outer loop
      vertex -66.0757 -39.2222 0
      vertex -66.0939 -39.3605 18
      vertex -66.0939 -39.3605 0
    endloop
  endfacet
  facet normal 0.537385 -0.843337 0
    outer loop
      vertex -65.4177 -38.1894 0
      vertex -65.3 -38.1144 18
      vertex -65.4177 -38.1894 18
    endloop
  endfacet
  facet normal 0.537385 -0.843337 0
    outer loop
      vertex -65.3 -38.1144 18
      vertex -65.4177 -38.1894 0
      vertex -65.3 -38.1144 0
    endloop
  endfacet
  facet normal 0.462052 -0.886853 0
    outer loop
      vertex -65.3 -38.1144 0
      vertex -65.1762 -38.0499 18
      vertex -65.3 -38.1144 18
    endloop
  endfacet
  facet normal 0.462052 -0.886853 0
    outer loop
      vertex -65.1762 -38.0499 18
      vertex -65.3 -38.1144 0
      vertex -65.1762 -38.0499 0
    endloop
  endfacet
  facet normal 0.608221 -0.793768 0
    outer loop
      vertex -65.5285 -38.2743 0
      vertex -65.4177 -38.1894 18
      vertex -65.5285 -38.2743 18
    endloop
  endfacet
  facet normal 0.608221 -0.793768 0
    outer loop
      vertex -65.4177 -38.1894 18
      vertex -65.5285 -38.2743 0
      vertex -65.4177 -38.1894 0
    endloop
  endfacet
  facet normal 0.300926 -0.953648 0
    outer loop
      vertex -65.0472 -37.9965 0
      vertex -64.9141 -37.9545 18
      vertex -65.0472 -37.9965 18
    endloop
  endfacet
  facet normal 0.300926 -0.953648 0
    outer loop
      vertex -64.9141 -37.9545 18
      vertex -65.0472 -37.9965 0
      vertex -64.9141 -37.9545 0
    endloop
  endfacet
  facet normal 0.130473 -0.991452 0
    outer loop
      vertex -64.7778 -37.9243 0
      vertex -64.6395 -37.9061 18
      vertex -64.7778 -37.9243 18
    endloop
  endfacet
  facet normal 0.130473 -0.991452 0
    outer loop
      vertex -64.6395 -37.9061 18
      vertex -64.7778 -37.9243 0
      vertex -64.6395 -37.9061 0
    endloop
  endfacet
  facet normal -0.843337 0.537385 0
    outer loop
      vertex -63.1894 -40.4177 0
      vertex -63.1144 -40.3 18
      vertex -63.1144 -40.3 0
    endloop
  endfacet
  facet normal -0.843337 0.537385 0
    outer loop
      vertex -63.1144 -40.3 18
      vertex -63.1894 -40.4177 0
      vertex -63.1894 -40.4177 18
    endloop
  endfacet
  facet normal 0.886853 0.462052 0
    outer loop
      vertex -65.8856 -40.3 18
      vertex -65.9501 -40.1762 0
      vertex -65.9501 -40.1762 18
    endloop
  endfacet
  facet normal 0.886853 0.462052 0
    outer loop
      vertex -65.9501 -40.1762 0
      vertex -65.8856 -40.3 18
      vertex -65.8856 -40.3 0
    endloop
  endfacet
  facet normal -0.382478 0.923964 0
    outer loop
      vertex -63.8238 -40.9501 0
      vertex -63.9528 -41.0035 18
      vertex -63.8238 -40.9501 18
    endloop
  endfacet
  facet normal -0.382478 0.923964 0
    outer loop
      vertex -63.9528 -41.0035 18
      vertex -63.8238 -40.9501 0
      vertex -63.9528 -41.0035 0
    endloop
  endfacet
  facet normal -0.793768 -0.608221 0
    outer loop
      vertex -63.1894 -38.5823 0
      vertex -63.2743 -38.4715 18
      vertex -63.2743 -38.4715 0
    endloop
  endfacet
  facet normal -0.793768 -0.608221 0
    outer loop
      vertex -63.2743 -38.4715 18
      vertex -63.1894 -38.5823 0
      vertex -63.1894 -38.5823 18
    endloop
  endfacet
  facet normal -0.737243 -0.675627 0
    outer loop
      vertex -63.2743 -38.4715 0
      vertex -63.3686 -38.3686 18
      vertex -63.3686 -38.3686 0
    endloop
  endfacet
  facet normal -0.737243 -0.675627 0
    outer loop
      vertex -63.3686 -38.3686 18
      vertex -63.2743 -38.4715 0
      vertex -63.2743 -38.4715 18
    endloop
  endfacet
  facet normal -0.537385 -0.843337 0
    outer loop
      vertex -63.7 -38.1144 0
      vertex -63.5823 -38.1894 18
      vertex -63.7 -38.1144 18
    endloop
  endfacet
  facet normal -0.537385 -0.843337 -0
    outer loop
      vertex -63.5823 -38.1894 18
      vertex -63.7 -38.1144 0
      vertex -63.5823 -38.1894 0
    endloop
  endfacet
  facet normal 0.953648 -0.300926 0
    outer loop
      vertex -66.0455 -39.0859 18
      vertex -66.0035 -38.9528 0
      vertex -66.0035 -38.9528 18
    endloop
  endfacet
  facet normal 0.953648 -0.300926 0
    outer loop
      vertex -66.0035 -38.9528 0
      vertex -66.0455 -39.0859 18
      vertex -66.0455 -39.0859 0
    endloop
  endfacet
  facet normal 0.923964 -0.382478 0
    outer loop
      vertex -66.0035 -38.9528 18
      vertex -65.9501 -38.8238 0
      vertex -65.9501 -38.8238 18
    endloop
  endfacet
  facet normal 0.923964 -0.382478 0
    outer loop
      vertex -65.9501 -38.8238 0
      vertex -66.0035 -38.9528 18
      vertex -66.0035 -38.9528 0
    endloop
  endfacet
  facet normal -0.923964 0.382478 0
    outer loop
      vertex -63.0499 -40.1762 0
      vertex -62.9965 -40.0472 18
      vertex -62.9965 -40.0472 0
    endloop
  endfacet
  facet normal -0.923964 0.382478 0
    outer loop
      vertex -62.9965 -40.0472 18
      vertex -63.0499 -40.1762 0
      vertex -63.0499 -40.1762 18
    endloop
  endfacet
  facet normal -0.991452 0.130473 0
    outer loop
      vertex -62.9243 -39.7778 0
      vertex -62.9061 -39.6395 18
      vertex -62.9061 -39.6395 0
    endloop
  endfacet
  facet normal -0.991452 0.130473 0
    outer loop
      vertex -62.9061 -39.6395 18
      vertex -62.9243 -39.7778 0
      vertex -62.9243 -39.7778 18
    endloop
  endfacet
  facet normal -0.999045 0.0436859 0
    outer loop
      vertex -62.9061 -39.6395 0
      vertex -62.9 -39.5 18
      vertex -62.9 -39.5 0
    endloop
  endfacet
  facet normal -0.999045 0.0436859 0
    outer loop
      vertex -62.9 -39.5 18
      vertex -62.9061 -39.6395 0
      vertex -62.9061 -39.6395 18
    endloop
  endfacet
  facet normal 0.0436859 0.999045 -0
    outer loop
      vertex -64.5 -41.1 0
      vertex -64.6395 -41.0939 18
      vertex -64.5 -41.1 18
    endloop
  endfacet
  facet normal 0.0436859 0.999045 0
    outer loop
      vertex -64.6395 -41.0939 18
      vertex -64.5 -41.1 0
      vertex -64.6395 -41.0939 0
    endloop
  endfacet
  facet normal 0.976322 0.216324 0
    outer loop
      vertex -66.0455 -39.9141 18
      vertex -66.0757 -39.7778 0
      vertex -66.0757 -39.7778 18
    endloop
  endfacet
  facet normal 0.976322 0.216324 0
    outer loop
      vertex -66.0757 -39.7778 0
      vertex -66.0455 -39.9141 18
      vertex -66.0455 -39.9141 0
    endloop
  endfacet
  facet normal 0.999045 0.0436859 0
    outer loop
      vertex -66.0939 -39.6395 18
      vertex -66.1 -39.5 0
      vertex -66.1 -39.5 18
    endloop
  endfacet
  facet normal 0.999045 0.0436859 0
    outer loop
      vertex -66.1 -39.5 0
      vertex -66.0939 -39.6395 18
      vertex -66.0939 -39.6395 0
    endloop
  endfacet
  facet normal 0.991452 0.130473 0
    outer loop
      vertex -66.0757 -39.7778 18
      vertex -66.0939 -39.6395 0
      vertex -66.0939 -39.6395 18
    endloop
  endfacet
  facet normal 0.991452 0.130473 0
    outer loop
      vertex -66.0939 -39.6395 0
      vertex -66.0757 -39.7778 18
      vertex -66.0757 -39.7778 0
    endloop
  endfacet
  facet normal -0.300926 0.953648 0
    outer loop
      vertex -63.9528 -41.0035 0
      vertex -64.0859 -41.0455 18
      vertex -63.9528 -41.0035 18
    endloop
  endfacet
  facet normal -0.300926 0.953648 0
    outer loop
      vertex -64.0859 -41.0455 18
      vertex -63.9528 -41.0035 0
      vertex -64.0859 -41.0455 0
    endloop
  endfacet
  facet normal -0.216324 0.976322 0
    outer loop
      vertex -64.0859 -41.0455 0
      vertex -64.2222 -41.0757 18
      vertex -64.0859 -41.0455 18
    endloop
  endfacet
  facet normal -0.216324 0.976322 0
    outer loop
      vertex -64.2222 -41.0757 18
      vertex -64.0859 -41.0455 0
      vertex -64.2222 -41.0757 0
    endloop
  endfacet
  facet normal -0.793768 0.608221 0
    outer loop
      vertex -63.2743 -40.5285 0
      vertex -63.1894 -40.4177 18
      vertex -63.1894 -40.4177 0
    endloop
  endfacet
  facet normal -0.793768 0.608221 0
    outer loop
      vertex -63.1894 -40.4177 18
      vertex -63.2743 -40.5285 0
      vertex -63.2743 -40.5285 18
    endloop
  endfacet
  facet normal -0.462052 0.886853 0
    outer loop
      vertex -63.7 -40.8856 0
      vertex -63.8238 -40.9501 18
      vertex -63.7 -40.8856 18
    endloop
  endfacet
  facet normal -0.462052 0.886853 0
    outer loop
      vertex -63.8238 -40.9501 18
      vertex -63.7 -40.8856 0
      vertex -63.8238 -40.9501 0
    endloop
  endfacet
  facet normal -0.953648 0.300926 0
    outer loop
      vertex -62.9965 -40.0472 0
      vertex -62.9545 -39.9141 18
      vertex -62.9545 -39.9141 0
    endloop
  endfacet
  facet normal -0.953648 0.300926 0
    outer loop
      vertex -62.9545 -39.9141 18
      vertex -62.9965 -40.0472 0
      vertex -62.9965 -40.0472 18
    endloop
  endfacet
  facet normal 0.843337 0.537385 0
    outer loop
      vertex -65.8106 -40.4177 18
      vertex -65.8856 -40.3 0
      vertex -65.8856 -40.3 18
    endloop
  endfacet
  facet normal 0.843337 0.537385 0
    outer loop
      vertex -65.8856 -40.3 0
      vertex -65.8106 -40.4177 18
      vertex -65.8106 -40.4177 0
    endloop
  endfacet
  facet normal 0.737243 0.675627 0
    outer loop
      vertex -65.6314 -40.6314 18
      vertex -65.7257 -40.5285 0
      vertex -65.7257 -40.5285 18
    endloop
  endfacet
  facet normal 0.737243 0.675627 0
    outer loop
      vertex -65.7257 -40.5285 0
      vertex -65.6314 -40.6314 18
      vertex -65.6314 -40.6314 0
    endloop
  endfacet
  facet normal 0.793768 0.608221 0
    outer loop
      vertex -65.7257 -40.5285 18
      vertex -65.8106 -40.4177 0
      vertex -65.8106 -40.4177 18
    endloop
  endfacet
  facet normal 0.793768 0.608221 0
    outer loop
      vertex -65.8106 -40.4177 0
      vertex -65.7257 -40.5285 18
      vertex -65.7257 -40.5285 0
    endloop
  endfacet
  facet normal -0.886853 0.462052 0
    outer loop
      vertex -63.1144 -40.3 0
      vertex -63.0499 -40.1762 18
      vertex -63.0499 -40.1762 0
    endloop
  endfacet
  facet normal -0.886853 0.462052 0
    outer loop
      vertex -63.0499 -40.1762 18
      vertex -63.1144 -40.3 0
      vertex -63.1144 -40.3 18
    endloop
  endfacet
  facet normal -0.608221 0.793768 0
    outer loop
      vertex -63.4715 -40.7257 0
      vertex -63.5823 -40.8106 18
      vertex -63.4715 -40.7257 18
    endloop
  endfacet
  facet normal -0.608221 0.793768 0
    outer loop
      vertex -63.5823 -40.8106 18
      vertex -63.4715 -40.7257 0
      vertex -63.5823 -40.8106 0
    endloop
  endfacet
  facet normal -0.737243 0.675627 0
    outer loop
      vertex -63.3686 -40.6314 0
      vertex -63.2743 -40.5285 18
      vertex -63.2743 -40.5285 0
    endloop
  endfacet
  facet normal -0.737243 0.675627 0
    outer loop
      vertex -63.2743 -40.5285 18
      vertex -63.3686 -40.6314 0
      vertex -63.3686 -40.6314 18
    endloop
  endfacet
  facet normal -0.675627 0.737243 0
    outer loop
      vertex -63.3686 -40.6314 0
      vertex -63.4715 -40.7257 18
      vertex -63.3686 -40.6314 18
    endloop
  endfacet
  facet normal -0.675627 0.737243 0
    outer loop
      vertex -63.4715 -40.7257 18
      vertex -63.3686 -40.6314 0
      vertex -63.4715 -40.7257 0
    endloop
  endfacet
  facet normal -0.0436859 0.999045 0
    outer loop
      vertex -64.3605 -41.0939 0
      vertex -64.5 -41.1 18
      vertex -64.3605 -41.0939 18
    endloop
  endfacet
  facet normal -0.0436859 0.999045 0
    outer loop
      vertex -64.5 -41.1 18
      vertex -64.3605 -41.0939 0
      vertex -64.5 -41.1 0
    endloop
  endfacet
  facet normal 0.216324 0.976322 -0
    outer loop
      vertex -64.7778 -41.0757 0
      vertex -64.9141 -41.0455 18
      vertex -64.7778 -41.0757 18
    endloop
  endfacet
  facet normal 0.216324 0.976322 0
    outer loop
      vertex -64.9141 -41.0455 18
      vertex -64.7778 -41.0757 0
      vertex -64.9141 -41.0455 0
    endloop
  endfacet
  facet normal 0.675627 0.737243 -0
    outer loop
      vertex -65.5285 -40.7257 0
      vertex -65.6314 -40.6314 18
      vertex -65.5285 -40.7257 18
    endloop
  endfacet
  facet normal 0.675627 0.737243 0
    outer loop
      vertex -65.6314 -40.6314 18
      vertex -65.5285 -40.7257 0
      vertex -65.6314 -40.6314 0
    endloop
  endfacet
  facet normal 0.537385 0.843337 -0
    outer loop
      vertex -65.3 -40.8856 0
      vertex -65.4177 -40.8106 18
      vertex -65.3 -40.8856 18
    endloop
  endfacet
  facet normal 0.537385 0.843337 0
    outer loop
      vertex -65.4177 -40.8106 18
      vertex -65.3 -40.8856 0
      vertex -65.4177 -40.8106 0
    endloop
  endfacet
  facet normal 0.923964 0.382478 0
    outer loop
      vertex -65.9501 -40.1762 18
      vertex -66.0035 -40.0472 0
      vertex -66.0035 -40.0472 18
    endloop
  endfacet
  facet normal 0.923964 0.382478 0
    outer loop
      vertex -66.0035 -40.0472 0
      vertex -65.9501 -40.1762 18
      vertex -65.9501 -40.1762 0
    endloop
  endfacet
  facet normal 0.953648 0.300926 0
    outer loop
      vertex -66.0035 -40.0472 18
      vertex -66.0455 -39.9141 0
      vertex -66.0455 -39.9141 18
    endloop
  endfacet
  facet normal 0.953648 0.300926 0
    outer loop
      vertex -66.0455 -39.9141 0
      vertex -66.0035 -40.0472 18
      vertex -66.0035 -40.0472 0
    endloop
  endfacet
  facet normal -0.537385 0.843337 0
    outer loop
      vertex -63.5823 -40.8106 0
      vertex -63.7 -40.8856 18
      vertex -63.5823 -40.8106 18
    endloop
  endfacet
  facet normal -0.537385 0.843337 0
    outer loop
      vertex -63.7 -40.8856 18
      vertex -63.5823 -40.8106 0
      vertex -63.7 -40.8856 0
    endloop
  endfacet
  facet normal 0.300926 0.953648 -0
    outer loop
      vertex -64.9141 -41.0455 0
      vertex -65.0472 -41.0035 18
      vertex -64.9141 -41.0455 18
    endloop
  endfacet
  facet normal 0.300926 0.953648 0
    outer loop
      vertex -65.0472 -41.0035 18
      vertex -64.9141 -41.0455 0
      vertex -65.0472 -41.0035 0
    endloop
  endfacet
  facet normal 0.608221 0.793768 -0
    outer loop
      vertex -65.4177 -40.8106 0
      vertex -65.5285 -40.7257 18
      vertex -65.4177 -40.8106 18
    endloop
  endfacet
  facet normal 0.608221 0.793768 0
    outer loop
      vertex -65.5285 -40.7257 18
      vertex -65.4177 -40.8106 0
      vertex -65.5285 -40.7257 0
    endloop
  endfacet
  facet normal 0.462052 0.886853 -0
    outer loop
      vertex -65.1762 -40.9501 0
      vertex -65.3 -40.8856 18
      vertex -65.1762 -40.9501 18
    endloop
  endfacet
  facet normal 0.462052 0.886853 0
    outer loop
      vertex -65.3 -40.8856 18
      vertex -65.1762 -40.9501 0
      vertex -65.3 -40.8856 0
    endloop
  endfacet
  facet normal 0.382478 0.923964 -0
    outer loop
      vertex -65.0472 -41.0035 0
      vertex -65.1762 -40.9501 18
      vertex -65.0472 -41.0035 18
    endloop
  endfacet
  facet normal 0.382478 0.923964 0
    outer loop
      vertex -65.1762 -40.9501 18
      vertex -65.0472 -41.0035 0
      vertex -65.1762 -40.9501 0
    endloop
  endfacet
  facet normal -0.608221 -0.793768 0
    outer loop
      vertex -63.5823 40.8106 0
      vertex -63.4715 40.7257 18
      vertex -63.5823 40.8106 18
    endloop
  endfacet
  facet normal -0.608221 -0.793768 -0
    outer loop
      vertex -63.4715 40.7257 18
      vertex -63.5823 40.8106 0
      vertex -63.4715 40.7257 0
    endloop
  endfacet
  facet normal 0.382478 -0.923964 0
    outer loop
      vertex -65.1762 40.9501 0
      vertex -65.0472 41.0035 18
      vertex -65.1762 40.9501 18
    endloop
  endfacet
  facet normal 0.382478 -0.923964 0
    outer loop
      vertex -65.0472 41.0035 18
      vertex -65.1762 40.9501 0
      vertex -65.0472 41.0035 0
    endloop
  endfacet
  facet normal 0.953648 -0.300926 0
    outer loop
      vertex -66.0455 39.9141 18
      vertex -66.0035 40.0472 0
      vertex -66.0035 40.0472 18
    endloop
  endfacet
  facet normal 0.953648 -0.300926 0
    outer loop
      vertex -66.0035 40.0472 0
      vertex -66.0455 39.9141 18
      vertex -66.0455 39.9141 0
    endloop
  endfacet
  facet normal -0.999045 0.0436859 0
    outer loop
      vertex -62.9061 39.3605 0
      vertex -62.9 39.5 18
      vertex -62.9 39.5 0
    endloop
  endfacet
  facet normal -0.999045 0.0436859 0
    outer loop
      vertex -62.9 39.5 18
      vertex -62.9061 39.3605 0
      vertex -62.9061 39.3605 18
    endloop
  endfacet
  facet normal -0.923964 -0.382478 0
    outer loop
      vertex -62.9965 40.0472 0
      vertex -63.0499 40.1762 18
      vertex -63.0499 40.1762 0
    endloop
  endfacet
  facet normal -0.923964 -0.382478 0
    outer loop
      vertex -63.0499 40.1762 18
      vertex -62.9965 40.0472 0
      vertex -62.9965 40.0472 18
    endloop
  endfacet
  facet normal -0.886853 -0.462052 0
    outer loop
      vertex -63.0499 40.1762 0
      vertex -63.1144 40.3 18
      vertex -63.1144 40.3 0
    endloop
  endfacet
  facet normal -0.886853 -0.462052 0
    outer loop
      vertex -63.1144 40.3 18
      vertex -63.0499 40.1762 0
      vertex -63.0499 40.1762 18
    endloop
  endfacet
  facet normal -0.300926 -0.953648 0
    outer loop
      vertex -64.0859 41.0455 0
      vertex -63.9528 41.0035 18
      vertex -64.0859 41.0455 18
    endloop
  endfacet
  facet normal -0.300926 -0.953648 -0
    outer loop
      vertex -63.9528 41.0035 18
      vertex -64.0859 41.0455 0
      vertex -63.9528 41.0035 0
    endloop
  endfacet
  facet normal 0.793768 -0.608221 0
    outer loop
      vertex -65.8106 40.4177 18
      vertex -65.7257 40.5285 0
      vertex -65.7257 40.5285 18
    endloop
  endfacet
  facet normal 0.793768 -0.608221 0
    outer loop
      vertex -65.7257 40.5285 0
      vertex -65.8106 40.4177 18
      vertex -65.8106 40.4177 0
    endloop
  endfacet
  facet normal 0.216324 -0.976322 0
    outer loop
      vertex -64.9141 41.0455 0
      vertex -64.7778 41.0757 18
      vertex -64.9141 41.0455 18
    endloop
  endfacet
  facet normal 0.216324 -0.976322 0
    outer loop
      vertex -64.7778 41.0757 18
      vertex -64.9141 41.0455 0
      vertex -64.7778 41.0757 0
    endloop
  endfacet
  facet normal 0.0436859 0.999045 -0
    outer loop
      vertex -64.5 37.9 0
      vertex -64.6395 37.9061 18
      vertex -64.5 37.9 18
    endloop
  endfacet
  facet normal 0.0436859 0.999045 0
    outer loop
      vertex -64.6395 37.9061 18
      vertex -64.5 37.9 0
      vertex -64.6395 37.9061 0
    endloop
  endfacet
  facet normal 0.608221 0.793768 -0
    outer loop
      vertex -65.4177 38.1894 0
      vertex -65.5285 38.2743 18
      vertex -65.4177 38.1894 18
    endloop
  endfacet
  facet normal 0.608221 0.793768 0
    outer loop
      vertex -65.5285 38.2743 18
      vertex -65.4177 38.1894 0
      vertex -65.5285 38.2743 0
    endloop
  endfacet
  facet normal 0.793768 0.608221 0
    outer loop
      vertex -65.7257 38.4715 18
      vertex -65.8106 38.5823 0
      vertex -65.8106 38.5823 18
    endloop
  endfacet
  facet normal 0.793768 0.608221 0
    outer loop
      vertex -65.8106 38.5823 0
      vertex -65.7257 38.4715 18
      vertex -65.7257 38.4715 0
    endloop
  endfacet
  facet normal -0.976322 -0.216324 0
    outer loop
      vertex -62.9243 39.7778 0
      vertex -62.9545 39.9141 18
      vertex -62.9545 39.9141 0
    endloop
  endfacet
  facet normal -0.976322 -0.216324 0
    outer loop
      vertex -62.9545 39.9141 18
      vertex -62.9243 39.7778 0
      vertex -62.9243 39.7778 18
    endloop
  endfacet
  facet normal -0.953648 -0.300926 0
    outer loop
      vertex -62.9545 39.9141 0
      vertex -62.9965 40.0472 18
      vertex -62.9965 40.0472 0
    endloop
  endfacet
  facet normal -0.953648 -0.300926 0
    outer loop
      vertex -62.9965 40.0472 18
      vertex -62.9545 39.9141 0
      vertex -62.9545 39.9141 18
    endloop
  endfacet
  facet normal -0.843337 -0.537385 0
    outer loop
      vertex -63.1144 40.3 0
      vertex -63.1894 40.4177 18
      vertex -63.1894 40.4177 0
    endloop
  endfacet
  facet normal -0.843337 -0.537385 0
    outer loop
      vertex -63.1894 40.4177 18
      vertex -63.1144 40.3 0
      vertex -63.1144 40.3 18
    endloop
  endfacet
  facet normal -0.675627 -0.737243 0
    outer loop
      vertex -63.4715 40.7257 0
      vertex -63.3686 40.6314 18
      vertex -63.4715 40.7257 18
    endloop
  endfacet
  facet normal -0.675627 -0.737243 -0
    outer loop
      vertex -63.3686 40.6314 18
      vertex -63.4715 40.7257 0
      vertex -63.3686 40.6314 0
    endloop
  endfacet
  facet normal -0.537385 -0.843337 0
    outer loop
      vertex -63.7 40.8856 0
      vertex -63.5823 40.8106 18
      vertex -63.7 40.8856 18
    endloop
  endfacet
  facet normal -0.537385 -0.843337 -0
    outer loop
      vertex -63.5823 40.8106 18
      vertex -63.7 40.8856 0
      vertex -63.5823 40.8106 0
    endloop
  endfacet
  facet normal 0.0436859 -0.999045 0
    outer loop
      vertex -64.6395 41.0939 0
      vertex -64.5 41.1 18
      vertex -64.6395 41.0939 18
    endloop
  endfacet
  facet normal 0.0436859 -0.999045 0
    outer loop
      vertex -64.5 41.1 18
      vertex -64.6395 41.0939 0
      vertex -64.5 41.1 0
    endloop
  endfacet
  facet normal -0.382478 -0.923964 0
    outer loop
      vertex -63.9528 41.0035 0
      vertex -63.8238 40.9501 18
      vertex -63.9528 41.0035 18
    endloop
  endfacet
  facet normal -0.382478 -0.923964 -0
    outer loop
      vertex -63.8238 40.9501 18
      vertex -63.9528 41.0035 0
      vertex -63.8238 40.9501 0
    endloop
  endfacet
  facet normal -0.216324 -0.976322 0
    outer loop
      vertex -64.2222 41.0757 0
      vertex -64.0859 41.0455 18
      vertex -64.2222 41.0757 18
    endloop
  endfacet
  facet normal -0.216324 -0.976322 -0
    outer loop
      vertex -64.0859 41.0455 18
      vertex -64.2222 41.0757 0
      vertex -64.0859 41.0455 0
    endloop
  endfacet
  facet normal -0.130473 -0.991452 0
    outer loop
      vertex -64.3605 41.0939 0
      vertex -64.2222 41.0757 18
      vertex -64.3605 41.0939 18
    endloop
  endfacet
  facet normal -0.130473 -0.991452 -0
    outer loop
      vertex -64.2222 41.0757 18
      vertex -64.3605 41.0939 0
      vertex -64.2222 41.0757 0
    endloop
  endfacet
  facet normal 0.999045 0.0436859 0
    outer loop
      vertex -66.0939 39.3605 18
      vertex -66.1 39.5 0
      vertex -66.1 39.5 18
    endloop
  endfacet
  facet normal 0.999045 0.0436859 0
    outer loop
      vertex -66.1 39.5 0
      vertex -66.0939 39.3605 18
      vertex -66.0939 39.3605 0
    endloop
  endfacet
  facet normal 0.976322 -0.216324 0
    outer loop
      vertex -66.0757 39.7778 18
      vertex -66.0455 39.9141 0
      vertex -66.0455 39.9141 18
    endloop
  endfacet
  facet normal 0.976322 -0.216324 0
    outer loop
      vertex -66.0455 39.9141 0
      vertex -66.0757 39.7778 18
      vertex -66.0757 39.7778 0
    endloop
  endfacet
  facet normal 0.991452 -0.130473 0
    outer loop
      vertex -66.0939 39.6395 18
      vertex -66.0757 39.7778 0
      vertex -66.0757 39.7778 18
    endloop
  endfacet
  facet normal 0.991452 -0.130473 0
    outer loop
      vertex -66.0757 39.7778 0
      vertex -66.0939 39.6395 18
      vertex -66.0939 39.6395 0
    endloop
  endfacet
  facet normal 0.923964 -0.382478 0
    outer loop
      vertex -66.0035 40.0472 18
      vertex -65.9501 40.1762 0
      vertex -65.9501 40.1762 18
    endloop
  endfacet
  facet normal 0.923964 -0.382478 0
    outer loop
      vertex -65.9501 40.1762 0
      vertex -66.0035 40.0472 18
      vertex -66.0035 40.0472 0
    endloop
  endfacet
  facet normal 0.886853 -0.462052 0
    outer loop
      vertex -65.9501 40.1762 18
      vertex -65.8856 40.3 0
      vertex -65.8856 40.3 18
    endloop
  endfacet
  facet normal 0.886853 -0.462052 0
    outer loop
      vertex -65.8856 40.3 0
      vertex -65.9501 40.1762 18
      vertex -65.9501 40.1762 0
    endloop
  endfacet
  facet normal 0.300926 -0.953648 0
    outer loop
      vertex -65.0472 41.0035 0
      vertex -64.9141 41.0455 18
      vertex -65.0472 41.0035 18
    endloop
  endfacet
  facet normal 0.300926 -0.953648 0
    outer loop
      vertex -64.9141 41.0455 18
      vertex -65.0472 41.0035 0
      vertex -64.9141 41.0455 0
    endloop
  endfacet
  facet normal 0.130473 -0.991452 0
    outer loop
      vertex -64.7778 41.0757 0
      vertex -64.6395 41.0939 18
      vertex -64.7778 41.0757 18
    endloop
  endfacet
  facet normal 0.130473 -0.991452 0
    outer loop
      vertex -64.6395 41.0939 18
      vertex -64.7778 41.0757 0
      vertex -64.6395 41.0939 0
    endloop
  endfacet
  facet normal 0.537385 -0.843337 0
    outer loop
      vertex -65.4177 40.8106 0
      vertex -65.3 40.8856 18
      vertex -65.4177 40.8106 18
    endloop
  endfacet
  facet normal 0.537385 -0.843337 0
    outer loop
      vertex -65.3 40.8856 18
      vertex -65.4177 40.8106 0
      vertex -65.3 40.8856 0
    endloop
  endfacet
  facet normal 0.462052 -0.886853 0
    outer loop
      vertex -65.3 40.8856 0
      vertex -65.1762 40.9501 18
      vertex -65.3 40.8856 18
    endloop
  endfacet
  facet normal 0.462052 -0.886853 0
    outer loop
      vertex -65.1762 40.9501 18
      vertex -65.3 40.8856 0
      vertex -65.1762 40.9501 0
    endloop
  endfacet
  facet normal 0.737243 -0.675627 0
    outer loop
      vertex -65.7257 40.5285 18
      vertex -65.6314 40.6314 0
      vertex -65.6314 40.6314 18
    endloop
  endfacet
  facet normal 0.737243 -0.675627 0
    outer loop
      vertex -65.6314 40.6314 0
      vertex -65.7257 40.5285 18
      vertex -65.7257 40.5285 0
    endloop
  endfacet
  facet normal -0.999045 -0.0436859 0
    outer loop
      vertex -62.9 39.5 0
      vertex -62.9061 39.6395 18
      vertex -62.9061 39.6395 0
    endloop
  endfacet
  facet normal -0.999045 -0.0436859 0
    outer loop
      vertex -62.9061 39.6395 18
      vertex -62.9 39.5 0
      vertex -62.9 39.5 18
    endloop
  endfacet
  facet normal -0.130473 0.991452 0
    outer loop
      vertex -64.2222 37.9243 0
      vertex -64.3605 37.9061 18
      vertex -64.2222 37.9243 18
    endloop
  endfacet
  facet normal -0.130473 0.991452 0
    outer loop
      vertex -64.3605 37.9061 18
      vertex -64.2222 37.9243 0
      vertex -64.3605 37.9061 0
    endloop
  endfacet
  facet normal -0.976322 0.216324 0
    outer loop
      vertex -62.9545 39.0859 0
      vertex -62.9243 39.2222 18
      vertex -62.9243 39.2222 0
    endloop
  endfacet
  facet normal -0.976322 0.216324 0
    outer loop
      vertex -62.9243 39.2222 18
      vertex -62.9545 39.0859 0
      vertex -62.9545 39.0859 18
    endloop
  endfacet
  facet normal -0.886853 0.462052 0
    outer loop
      vertex -63.1144 38.7 0
      vertex -63.0499 38.8238 18
      vertex -63.0499 38.8238 0
    endloop
  endfacet
  facet normal -0.886853 0.462052 0
    outer loop
      vertex -63.0499 38.8238 18
      vertex -63.1144 38.7 0
      vertex -63.1144 38.7 18
    endloop
  endfacet
  facet normal -0.923964 0.382478 0
    outer loop
      vertex -63.0499 38.8238 0
      vertex -62.9965 38.9528 18
      vertex -62.9965 38.9528 0
    endloop
  endfacet
  facet normal -0.923964 0.382478 0
    outer loop
      vertex -62.9965 38.9528 18
      vertex -63.0499 38.8238 0
      vertex -63.0499 38.8238 18
    endloop
  endfacet
  facet normal -0.216324 0.976322 0
    outer loop
      vertex -64.0859 37.9545 0
      vertex -64.2222 37.9243 18
      vertex -64.0859 37.9545 18
    endloop
  endfacet
  facet normal -0.216324 0.976322 0
    outer loop
      vertex -64.2222 37.9243 18
      vertex -64.0859 37.9545 0
      vertex -64.2222 37.9243 0
    endloop
  endfacet
  facet normal -0.300926 0.953648 0
    outer loop
      vertex -63.9528 37.9965 0
      vertex -64.0859 37.9545 18
      vertex -63.9528 37.9965 18
    endloop
  endfacet
  facet normal -0.300926 0.953648 0
    outer loop
      vertex -64.0859 37.9545 18
      vertex -63.9528 37.9965 0
      vertex -64.0859 37.9545 0
    endloop
  endfacet
  facet normal -0.462052 0.886853 0
    outer loop
      vertex -63.7 38.1144 0
      vertex -63.8238 38.0499 18
      vertex -63.7 38.1144 18
    endloop
  endfacet
  facet normal -0.462052 0.886853 0
    outer loop
      vertex -63.8238 38.0499 18
      vertex -63.7 38.1144 0
      vertex -63.8238 38.0499 0
    endloop
  endfacet
  facet normal -0.0436859 0.999045 0
    outer loop
      vertex -64.3605 37.9061 0
      vertex -64.5 37.9 18
      vertex -64.3605 37.9061 18
    endloop
  endfacet
  facet normal -0.0436859 0.999045 0
    outer loop
      vertex -64.5 37.9 18
      vertex -64.3605 37.9061 0
      vertex -64.5 37.9 0
    endloop
  endfacet
  facet normal 0.216324 0.976322 -0
    outer loop
      vertex -64.7778 37.9243 0
      vertex -64.9141 37.9545 18
      vertex -64.7778 37.9243 18
    endloop
  endfacet
  facet normal 0.216324 0.976322 0
    outer loop
      vertex -64.9141 37.9545 18
      vertex -64.7778 37.9243 0
      vertex -64.9141 37.9545 0
    endloop
  endfacet
  facet normal 0.382478 0.923964 -0
    outer loop
      vertex -65.0472 37.9965 0
      vertex -65.1762 38.0499 18
      vertex -65.0472 37.9965 18
    endloop
  endfacet
  facet normal 0.382478 0.923964 0
    outer loop
      vertex -65.1762 38.0499 18
      vertex -65.0472 37.9965 0
      vertex -65.1762 38.0499 0
    endloop
  endfacet
  facet normal 0.462052 0.886853 -0
    outer loop
      vertex -65.1762 38.0499 0
      vertex -65.3 38.1144 18
      vertex -65.1762 38.0499 18
    endloop
  endfacet
  facet normal 0.462052 0.886853 0
    outer loop
      vertex -65.3 38.1144 18
      vertex -65.1762 38.0499 0
      vertex -65.3 38.1144 0
    endloop
  endfacet
  facet normal 0.953648 0.300926 0
    outer loop
      vertex -66.0035 38.9528 18
      vertex -66.0455 39.0859 0
      vertex -66.0455 39.0859 18
    endloop
  endfacet
  facet normal 0.953648 0.300926 0
    outer loop
      vertex -66.0455 39.0859 0
      vertex -66.0035 38.9528 18
      vertex -66.0035 38.9528 0
    endloop
  endfacet
  facet normal 0.991452 0.130473 0
    outer loop
      vertex -66.0757 39.2222 18
      vertex -66.0939 39.3605 0
      vertex -66.0939 39.3605 18
    endloop
  endfacet
  facet normal 0.991452 0.130473 0
    outer loop
      vertex -66.0939 39.3605 0
      vertex -66.0757 39.2222 18
      vertex -66.0757 39.2222 0
    endloop
  endfacet
  facet normal 0.886853 0.462052 0
    outer loop
      vertex -65.8856 38.7 18
      vertex -65.9501 38.8238 0
      vertex -65.9501 38.8238 18
    endloop
  endfacet
  facet normal 0.886853 0.462052 0
    outer loop
      vertex -65.9501 38.8238 0
      vertex -65.8856 38.7 18
      vertex -65.8856 38.7 0
    endloop
  endfacet
  facet normal -0.991452 -0.130473 0
    outer loop
      vertex -62.9061 39.6395 0
      vertex -62.9243 39.7778 18
      vertex -62.9243 39.7778 0
    endloop
  endfacet
  facet normal -0.991452 -0.130473 0
    outer loop
      vertex -62.9243 39.7778 18
      vertex -62.9061 39.6395 0
      vertex -62.9061 39.6395 18
    endloop
  endfacet
  facet normal -0.793768 -0.608221 0
    outer loop
      vertex -63.1894 40.4177 0
      vertex -63.2743 40.5285 18
      vertex -63.2743 40.5285 0
    endloop
  endfacet
  facet normal -0.793768 -0.608221 0
    outer loop
      vertex -63.2743 40.5285 18
      vertex -63.1894 40.4177 0
      vertex -63.1894 40.4177 18
    endloop
  endfacet
  facet normal -0.737243 -0.675627 0
    outer loop
      vertex -63.2743 40.5285 0
      vertex -63.3686 40.6314 18
      vertex -63.3686 40.6314 0
    endloop
  endfacet
  facet normal -0.737243 -0.675627 0
    outer loop
      vertex -63.3686 40.6314 18
      vertex -63.2743 40.5285 0
      vertex -63.2743 40.5285 18
    endloop
  endfacet
  facet normal -0.462052 -0.886853 0
    outer loop
      vertex -63.8238 40.9501 0
      vertex -63.7 40.8856 18
      vertex -63.8238 40.9501 18
    endloop
  endfacet
  facet normal -0.462052 -0.886853 -0
    outer loop
      vertex -63.7 40.8856 18
      vertex -63.8238 40.9501 0
      vertex -63.7 40.8856 0
    endloop
  endfacet
  facet normal -0.0436859 -0.999045 0
    outer loop
      vertex -64.5 41.1 0
      vertex -64.3605 41.0939 18
      vertex -64.5 41.1 18
    endloop
  endfacet
  facet normal -0.0436859 -0.999045 -0
    outer loop
      vertex -64.3605 41.0939 18
      vertex -64.5 41.1 0
      vertex -64.3605 41.0939 0
    endloop
  endfacet
  facet normal 0.999045 -0.0436859 0
    outer loop
      vertex -66.1 39.5 18
      vertex -66.0939 39.6395 0
      vertex -66.0939 39.6395 18
    endloop
  endfacet
  facet normal 0.999045 -0.0436859 0
    outer loop
      vertex -66.0939 39.6395 0
      vertex -66.1 39.5 18
      vertex -66.1 39.5 0
    endloop
  endfacet
  facet normal 0.608221 -0.793768 0
    outer loop
      vertex -65.5285 40.7257 0
      vertex -65.4177 40.8106 18
      vertex -65.5285 40.7257 18
    endloop
  endfacet
  facet normal 0.608221 -0.793768 0
    outer loop
      vertex -65.4177 40.8106 18
      vertex -65.5285 40.7257 0
      vertex -65.4177 40.8106 0
    endloop
  endfacet
  facet normal 0.675627 -0.737243 0
    outer loop
      vertex -65.6314 40.6314 0
      vertex -65.5285 40.7257 18
      vertex -65.6314 40.6314 18
    endloop
  endfacet
  facet normal 0.675627 -0.737243 0
    outer loop
      vertex -65.5285 40.7257 18
      vertex -65.6314 40.6314 0
      vertex -65.5285 40.7257 0
    endloop
  endfacet
  facet normal -0.991452 0.130473 0
    outer loop
      vertex -62.9243 39.2222 0
      vertex -62.9061 39.3605 18
      vertex -62.9061 39.3605 0
    endloop
  endfacet
  facet normal -0.991452 0.130473 0
    outer loop
      vertex -62.9061 39.3605 18
      vertex -62.9243 39.2222 0
      vertex -62.9243 39.2222 18
    endloop
  endfacet
  facet normal -0.793768 0.608221 0
    outer loop
      vertex -63.2743 38.4715 0
      vertex -63.1894 38.5823 18
      vertex -63.1894 38.5823 0
    endloop
  endfacet
  facet normal -0.793768 0.608221 0
    outer loop
      vertex -63.1894 38.5823 18
      vertex -63.2743 38.4715 0
      vertex -63.2743 38.4715 18
    endloop
  endfacet
  facet normal -0.843337 0.537385 0
    outer loop
      vertex -63.1894 38.5823 0
      vertex -63.1144 38.7 18
      vertex -63.1144 38.7 0
    endloop
  endfacet
  facet normal -0.843337 0.537385 0
    outer loop
      vertex -63.1144 38.7 18
      vertex -63.1894 38.5823 0
      vertex -63.1894 38.5823 18
    endloop
  endfacet
  facet normal -0.382478 0.923964 0
    outer loop
      vertex -63.8238 38.0499 0
      vertex -63.9528 37.9965 18
      vertex -63.8238 38.0499 18
    endloop
  endfacet
  facet normal -0.382478 0.923964 0
    outer loop
      vertex -63.9528 37.9965 18
      vertex -63.8238 38.0499 0
      vertex -63.9528 37.9965 0
    endloop
  endfacet
  facet normal -0.737243 0.675627 0
    outer loop
      vertex -63.3686 38.3686 0
      vertex -63.2743 38.4715 18
      vertex -63.2743 38.4715 0
    endloop
  endfacet
  facet normal -0.737243 0.675627 0
    outer loop
      vertex -63.2743 38.4715 18
      vertex -63.3686 38.3686 0
      vertex -63.3686 38.3686 18
    endloop
  endfacet
  facet normal -0.608221 0.793768 0
    outer loop
      vertex -63.4715 38.2743 0
      vertex -63.5823 38.1894 18
      vertex -63.4715 38.2743 18
    endloop
  endfacet
  facet normal -0.608221 0.793768 0
    outer loop
      vertex -63.5823 38.1894 18
      vertex -63.4715 38.2743 0
      vertex -63.5823 38.1894 0
    endloop
  endfacet
  facet normal -0.675627 0.737243 0
    outer loop
      vertex -63.3686 38.3686 0
      vertex -63.4715 38.2743 18
      vertex -63.3686 38.3686 18
    endloop
  endfacet
  facet normal -0.675627 0.737243 0
    outer loop
      vertex -63.4715 38.2743 18
      vertex -63.3686 38.3686 0
      vertex -63.4715 38.2743 0
    endloop
  endfacet
  facet normal -0.537385 0.843337 0
    outer loop
      vertex -63.5823 38.1894 0
      vertex -63.7 38.1144 18
      vertex -63.5823 38.1894 18
    endloop
  endfacet
  facet normal -0.537385 0.843337 0
    outer loop
      vertex -63.7 38.1144 18
      vertex -63.5823 38.1894 0
      vertex -63.7 38.1144 0
    endloop
  endfacet
  facet normal 0.130473 0.991452 -0
    outer loop
      vertex -64.6395 37.9061 0
      vertex -64.7778 37.9243 18
      vertex -64.6395 37.9061 18
    endloop
  endfacet
  facet normal 0.130473 0.991452 0
    outer loop
      vertex -64.7778 37.9243 18
      vertex -64.6395 37.9061 0
      vertex -64.7778 37.9243 0
    endloop
  endfacet
  facet normal 0.300926 0.953648 -0
    outer loop
      vertex -64.9141 37.9545 0
      vertex -65.0472 37.9965 18
      vertex -64.9141 37.9545 18
    endloop
  endfacet
  facet normal 0.300926 0.953648 0
    outer loop
      vertex -65.0472 37.9965 18
      vertex -64.9141 37.9545 0
      vertex -65.0472 37.9965 0
    endloop
  endfacet
  facet normal 0.537385 0.843337 -0
    outer loop
      vertex -65.3 38.1144 0
      vertex -65.4177 38.1894 18
      vertex -65.3 38.1144 18
    endloop
  endfacet
  facet normal 0.537385 0.843337 0
    outer loop
      vertex -65.4177 38.1894 18
      vertex -65.3 38.1144 0
      vertex -65.4177 38.1894 0
    endloop
  endfacet
  facet normal 0.923964 0.382478 0
    outer loop
      vertex -65.9501 38.8238 18
      vertex -66.0035 38.9528 0
      vertex -66.0035 38.9528 18
    endloop
  endfacet
  facet normal 0.923964 0.382478 0
    outer loop
      vertex -66.0035 38.9528 0
      vertex -65.9501 38.8238 18
      vertex -65.9501 38.8238 0
    endloop
  endfacet
  facet normal 0.976322 0.216324 0
    outer loop
      vertex -66.0455 39.0859 18
      vertex -66.0757 39.2222 0
      vertex -66.0757 39.2222 18
    endloop
  endfacet
  facet normal 0.976322 0.216324 0
    outer loop
      vertex -66.0757 39.2222 0
      vertex -66.0455 39.0859 18
      vertex -66.0455 39.0859 0
    endloop
  endfacet
  facet normal 0.843337 0.537385 0
    outer loop
      vertex -65.8106 38.5823 18
      vertex -65.8856 38.7 0
      vertex -65.8856 38.7 18
    endloop
  endfacet
  facet normal 0.843337 0.537385 0
    outer loop
      vertex -65.8856 38.7 0
      vertex -65.8106 38.5823 18
      vertex -65.8106 38.5823 0
    endloop
  endfacet
  facet normal 0.675627 0.737243 -0
    outer loop
      vertex -65.5285 38.2743 0
      vertex -65.6314 38.3686 18
      vertex -65.5285 38.2743 18
    endloop
  endfacet
  facet normal 0.675627 0.737243 0
    outer loop
      vertex -65.6314 38.3686 18
      vertex -65.5285 38.2743 0
      vertex -65.6314 38.3686 0
    endloop
  endfacet
  facet normal 0.843337 -0.537385 0
    outer loop
      vertex -65.8856 40.3 18
      vertex -65.8106 40.4177 0
      vertex -65.8106 40.4177 18
    endloop
  endfacet
  facet normal 0.843337 -0.537385 0
    outer loop
      vertex -65.8106 40.4177 0
      vertex -65.8856 40.3 18
      vertex -65.8856 40.3 0
    endloop
  endfacet
  facet normal -0.953648 0.300926 0
    outer loop
      vertex -62.9965 38.9528 0
      vertex -62.9545 39.0859 18
      vertex -62.9545 39.0859 0
    endloop
  endfacet
  facet normal -0.953648 0.300926 0
    outer loop
      vertex -62.9545 39.0859 18
      vertex -62.9965 38.9528 0
      vertex -62.9965 38.9528 18
    endloop
  endfacet
  facet normal 0.737243 0.675627 0
    outer loop
      vertex -65.6314 38.3686 18
      vertex -65.7257 38.4715 0
      vertex -65.7257 38.4715 18
    endloop
  endfacet
  facet normal 0.737243 0.675627 0
    outer loop
      vertex -65.7257 38.4715 0
      vertex -65.6314 38.3686 18
      vertex -65.6314 38.3686 0
    endloop
  endfacet
  facet normal -0.886853 -0.462052 0
    outer loop
      vertex 65.9501 -38.8238 0
      vertex 65.8856 -38.7 18
      vertex 65.8856 -38.7 0
    endloop
  endfacet
  facet normal -0.886853 -0.462052 0
    outer loop
      vertex 65.8856 -38.7 18
      vertex 65.9501 -38.8238 0
      vertex 65.9501 -38.8238 18
    endloop
  endfacet
  facet normal -0.300926 -0.953648 0
    outer loop
      vertex 64.9141 -37.9545 0
      vertex 65.0472 -37.9965 18
      vertex 64.9141 -37.9545 18
    endloop
  endfacet
  facet normal -0.300926 -0.953648 -0
    outer loop
      vertex 65.0472 -37.9965 18
      vertex 64.9141 -37.9545 0
      vertex 65.0472 -37.9965 0
    endloop
  endfacet
  facet normal 0.382478 -0.923964 0
    outer loop
      vertex 63.8238 -38.0499 0
      vertex 63.9528 -37.9965 18
      vertex 63.8238 -38.0499 18
    endloop
  endfacet
  facet normal 0.382478 -0.923964 0
    outer loop
      vertex 63.9528 -37.9965 18
      vertex 63.8238 -38.0499 0
      vertex 63.9528 -37.9965 0
    endloop
  endfacet
  facet normal 0.886853 -0.462052 0
    outer loop
      vertex 63.0499 -38.8238 18
      vertex 63.1144 -38.7 0
      vertex 63.1144 -38.7 18
    endloop
  endfacet
  facet normal 0.886853 -0.462052 0
    outer loop
      vertex 63.1144 -38.7 0
      vertex 63.0499 -38.8238 18
      vertex 63.0499 -38.8238 0
    endloop
  endfacet
  facet normal -0.999045 0.0436859 0
    outer loop
      vertex 66.0939 -39.6395 0
      vertex 66.1 -39.5 18
      vertex 66.1 -39.5 0
    endloop
  endfacet
  facet normal -0.999045 0.0436859 0
    outer loop
      vertex 66.1 -39.5 18
      vertex 66.0939 -39.6395 0
      vertex 66.0939 -39.6395 18
    endloop
  endfacet
  facet normal -0.0436859 -0.999045 0
    outer loop
      vertex 64.5 -37.9 0
      vertex 64.6395 -37.9061 18
      vertex 64.5 -37.9 18
    endloop
  endfacet
  facet normal -0.0436859 -0.999045 -0
    outer loop
      vertex 64.6395 -37.9061 18
      vertex 64.5 -37.9 0
      vertex 64.6395 -37.9061 0
    endloop
  endfacet
  facet normal -0.462052 -0.886853 0
    outer loop
      vertex 65.1762 -38.0499 0
      vertex 65.3 -38.1144 18
      vertex 65.1762 -38.0499 18
    endloop
  endfacet
  facet normal -0.462052 -0.886853 -0
    outer loop
      vertex 65.3 -38.1144 18
      vertex 65.1762 -38.0499 0
      vertex 65.3 -38.1144 0
    endloop
  endfacet
  facet normal 0.991452 -0.130473 0
    outer loop
      vertex 62.9061 -39.3605 18
      vertex 62.9243 -39.2222 0
      vertex 62.9243 -39.2222 18
    endloop
  endfacet
  facet normal 0.991452 -0.130473 0
    outer loop
      vertex 62.9243 -39.2222 0
      vertex 62.9061 -39.3605 18
      vertex 62.9061 -39.3605 0
    endloop
  endfacet
  facet normal 0.737243 -0.675627 0
    outer loop
      vertex 63.2743 -38.4715 18
      vertex 63.3686 -38.3686 0
      vertex 63.3686 -38.3686 18
    endloop
  endfacet
  facet normal 0.737243 -0.675627 0
    outer loop
      vertex 63.3686 -38.3686 0
      vertex 63.2743 -38.4715 18
      vertex 63.2743 -38.4715 0
    endloop
  endfacet
  facet normal 0.216324 -0.976322 0
    outer loop
      vertex 64.0859 -37.9545 0
      vertex 64.2222 -37.9243 18
      vertex 64.0859 -37.9545 18
    endloop
  endfacet
  facet normal 0.216324 -0.976322 0
    outer loop
      vertex 64.2222 -37.9243 18
      vertex 64.0859 -37.9545 0
      vertex 64.2222 -37.9243 0
    endloop
  endfacet
  facet normal -0.462052 0.886853 0
    outer loop
      vertex 65.3 -40.8856 0
      vertex 65.1762 -40.9501 18
      vertex 65.3 -40.8856 18
    endloop
  endfacet
  facet normal -0.462052 0.886853 0
    outer loop
      vertex 65.1762 -40.9501 18
      vertex 65.3 -40.8856 0
      vertex 65.1762 -40.9501 0
    endloop
  endfacet
  facet normal 0.675627 0.737243 -0
    outer loop
      vertex 63.4715 -40.7257 0
      vertex 63.3686 -40.6314 18
      vertex 63.4715 -40.7257 18
    endloop
  endfacet
  facet normal 0.675627 0.737243 0
    outer loop
      vertex 63.3686 -40.6314 18
      vertex 63.4715 -40.7257 0
      vertex 63.3686 -40.6314 0
    endloop
  endfacet
  facet normal 0.886853 0.462052 0
    outer loop
      vertex 63.1144 -40.3 18
      vertex 63.0499 -40.1762 0
      vertex 63.0499 -40.1762 18
    endloop
  endfacet
  facet normal 0.886853 0.462052 0
    outer loop
      vertex 63.0499 -40.1762 0
      vertex 63.1144 -40.3 18
      vertex 63.1144 -40.3 0
    endloop
  endfacet
  facet normal -0.991452 -0.130473 0
    outer loop
      vertex 66.0939 -39.3605 0
      vertex 66.0757 -39.2222 18
      vertex 66.0757 -39.2222 0
    endloop
  endfacet
  facet normal -0.991452 -0.130473 0
    outer loop
      vertex 66.0757 -39.2222 18
      vertex 66.0939 -39.3605 0
      vertex 66.0939 -39.3605 18
    endloop
  endfacet
  facet normal -0.843337 -0.537385 0
    outer loop
      vertex 65.8856 -38.7 0
      vertex 65.8106 -38.5823 18
      vertex 65.8106 -38.5823 0
    endloop
  endfacet
  facet normal -0.843337 -0.537385 0
    outer loop
      vertex 65.8106 -38.5823 18
      vertex 65.8856 -38.7 0
      vertex 65.8856 -38.7 18
    endloop
  endfacet
  facet normal -0.675627 -0.737243 0
    outer loop
      vertex 65.5285 -38.2743 0
      vertex 65.6314 -38.3686 18
      vertex 65.5285 -38.2743 18
    endloop
  endfacet
  facet normal -0.675627 -0.737243 -0
    outer loop
      vertex 65.6314 -38.3686 18
      vertex 65.5285 -38.2743 0
      vertex 65.6314 -38.3686 0
    endloop
  endfacet
  facet normal 0.0436859 -0.999045 0
    outer loop
      vertex 64.3605 -37.9061 0
      vertex 64.5 -37.9 18
      vertex 64.3605 -37.9061 18
    endloop
  endfacet
  facet normal 0.0436859 -0.999045 0
    outer loop
      vertex 64.5 -37.9 18
      vertex 64.3605 -37.9061 0
      vertex 64.5 -37.9 0
    endloop
  endfacet
  facet normal -0.216324 -0.976322 0
    outer loop
      vertex 64.7778 -37.9243 0
      vertex 64.9141 -37.9545 18
      vertex 64.7778 -37.9243 18
    endloop
  endfacet
  facet normal -0.216324 -0.976322 -0
    outer loop
      vertex 64.9141 -37.9545 18
      vertex 64.7778 -37.9243 0
      vertex 64.9141 -37.9545 0
    endloop
  endfacet
  facet normal -0.130473 -0.991452 0
    outer loop
      vertex 64.6395 -37.9061 0
      vertex 64.7778 -37.9243 18
      vertex 64.6395 -37.9061 18
    endloop
  endfacet
  facet normal -0.130473 -0.991452 -0
    outer loop
      vertex 64.7778 -37.9243 18
      vertex 64.6395 -37.9061 0
      vertex 64.7778 -37.9243 0
    endloop
  endfacet
  facet normal -0.382478 -0.923964 0
    outer loop
      vertex 65.0472 -37.9965 0
      vertex 65.1762 -38.0499 18
      vertex 65.0472 -37.9965 18
    endloop
  endfacet
  facet normal -0.382478 -0.923964 -0
    outer loop
      vertex 65.1762 -38.0499 18
      vertex 65.0472 -37.9965 0
      vertex 65.1762 -38.0499 0
    endloop
  endfacet
  facet normal -0.608221 -0.793768 0
    outer loop
      vertex 65.4177 -38.1894 0
      vertex 65.5285 -38.2743 18
      vertex 65.4177 -38.1894 18
    endloop
  endfacet
  facet normal -0.608221 -0.793768 -0
    outer loop
      vertex 65.5285 -38.2743 18
      vertex 65.4177 -38.1894 0
      vertex 65.5285 -38.2743 0
    endloop
  endfacet
  facet normal 0.999045 -0.0436859 0
    outer loop
      vertex 62.9 -39.5 18
      vertex 62.9061 -39.3605 0
      vertex 62.9061 -39.3605 18
    endloop
  endfacet
  facet normal 0.999045 -0.0436859 0
    outer loop
      vertex 62.9061 -39.3605 0
      vertex 62.9 -39.5 18
      vertex 62.9 -39.5 0
    endloop
  endfacet
  facet normal 0.976322 -0.216324 0
    outer loop
      vertex 62.9243 -39.2222 18
      vertex 62.9545 -39.0859 0
      vertex 62.9545 -39.0859 18
    endloop
  endfacet
  facet normal 0.976322 -0.216324 0
    outer loop
      vertex 62.9545 -39.0859 0
      vertex 62.9243 -39.2222 18
      vertex 62.9243 -39.2222 0
    endloop
  endfacet
  facet normal 0.843337 -0.537385 0
    outer loop
      vertex 63.1144 -38.7 18
      vertex 63.1894 -38.5823 0
      vertex 63.1894 -38.5823 18
    endloop
  endfacet
  facet normal 0.843337 -0.537385 0
    outer loop
      vertex 63.1894 -38.5823 0
      vertex 63.1144 -38.7 18
      vertex 63.1144 -38.7 0
    endloop
  endfacet
  facet normal 0.793768 -0.608221 0
    outer loop
      vertex 63.1894 -38.5823 18
      vertex 63.2743 -38.4715 0
      vertex 63.2743 -38.4715 18
    endloop
  endfacet
  facet normal 0.793768 -0.608221 0
    outer loop
      vertex 63.2743 -38.4715 0
      vertex 63.1894 -38.5823 18
      vertex 63.1894 -38.5823 0
    endloop
  endfacet
  facet normal 0.300926 -0.953648 0
    outer loop
      vertex 63.9528 -37.9965 0
      vertex 64.0859 -37.9545 18
      vertex 63.9528 -37.9965 18
    endloop
  endfacet
  facet normal 0.300926 -0.953648 0
    outer loop
      vertex 64.0859 -37.9545 18
      vertex 63.9528 -37.9965 0
      vertex 64.0859 -37.9545 0
    endloop
  endfacet
  facet normal 0.130473 -0.991452 0
    outer loop
      vertex 64.2222 -37.9243 0
      vertex 64.3605 -37.9061 18
      vertex 64.2222 -37.9243 18
    endloop
  endfacet
  facet normal 0.130473 -0.991452 0
    outer loop
      vertex 64.3605 -37.9061 18
      vertex 64.2222 -37.9243 0
      vertex 64.3605 -37.9061 0
    endloop
  endfacet
  facet normal 0.537385 -0.843337 0
    outer loop
      vertex 63.5823 -38.1894 0
      vertex 63.7 -38.1144 18
      vertex 63.5823 -38.1894 18
    endloop
  endfacet
  facet normal 0.537385 -0.843337 0
    outer loop
      vertex 63.7 -38.1144 18
      vertex 63.5823 -38.1894 0
      vertex 63.7 -38.1144 0
    endloop
  endfacet
  facet normal 0.608221 -0.793768 0
    outer loop
      vertex 63.4715 -38.2743 0
      vertex 63.5823 -38.1894 18
      vertex 63.4715 -38.2743 18
    endloop
  endfacet
  facet normal 0.608221 -0.793768 0
    outer loop
      vertex 63.5823 -38.1894 18
      vertex 63.4715 -38.2743 0
      vertex 63.5823 -38.1894 0
    endloop
  endfacet
  facet normal 0.462052 -0.886853 0
    outer loop
      vertex 63.7 -38.1144 0
      vertex 63.8238 -38.0499 18
      vertex 63.7 -38.1144 18
    endloop
  endfacet
  facet normal 0.462052 -0.886853 0
    outer loop
      vertex 63.8238 -38.0499 18
      vertex 63.7 -38.1144 0
      vertex 63.8238 -38.0499 0
    endloop
  endfacet
  facet normal 0.675627 -0.737243 0
    outer loop
      vertex 63.3686 -38.3686 0
      vertex 63.4715 -38.2743 18
      vertex 63.3686 -38.3686 18
    endloop
  endfacet
  facet normal 0.675627 -0.737243 0
    outer loop
      vertex 63.4715 -38.2743 18
      vertex 63.3686 -38.3686 0
      vertex 63.4715 -38.2743 0
    endloop
  endfacet
  facet normal -0.999045 -0.0436859 0
    outer loop
      vertex 66.1 -39.5 0
      vertex 66.0939 -39.3605 18
      vertex 66.0939 -39.3605 0
    endloop
  endfacet
  facet normal -0.999045 -0.0436859 0
    outer loop
      vertex 66.0939 -39.3605 18
      vertex 66.1 -39.5 0
      vertex 66.1 -39.5 18
    endloop
  endfacet
  facet normal -0.976322 0.216324 0
    outer loop
      vertex 66.0455 -39.9141 0
      vertex 66.0757 -39.7778 18
      vertex 66.0757 -39.7778 0
    endloop
  endfacet
  facet normal -0.976322 0.216324 0
    outer loop
      vertex 66.0757 -39.7778 18
      vertex 66.0455 -39.9141 0
      vertex 66.0455 -39.9141 18
    endloop
  endfacet
  facet normal -0.793768 0.608221 0
    outer loop
      vertex 65.7257 -40.5285 0
      vertex 65.8106 -40.4177 18
      vertex 65.8106 -40.4177 0
    endloop
  endfacet
  facet normal -0.793768 0.608221 0
    outer loop
      vertex 65.8106 -40.4177 18
      vertex 65.7257 -40.5285 0
      vertex 65.7257 -40.5285 18
    endloop
  endfacet
  facet normal -0.0436859 0.999045 0
    outer loop
      vertex 64.6395 -41.0939 0
      vertex 64.5 -41.1 18
      vertex 64.6395 -41.0939 18
    endloop
  endfacet
  facet normal -0.0436859 0.999045 0
    outer loop
      vertex 64.5 -41.1 18
      vertex 64.6395 -41.0939 0
      vertex 64.5 -41.1 0
    endloop
  endfacet
  facet normal 0.976322 0.216324 0
    outer loop
      vertex 62.9545 -39.9141 18
      vertex 62.9243 -39.7778 0
      vertex 62.9243 -39.7778 18
    endloop
  endfacet
  facet normal 0.976322 0.216324 0
    outer loop
      vertex 62.9243 -39.7778 0
      vertex 62.9545 -39.9141 18
      vertex 62.9545 -39.9141 0
    endloop
  endfacet
  facet normal 0.793768 0.608221 0
    outer loop
      vertex 63.2743 -40.5285 18
      vertex 63.1894 -40.4177 0
      vertex 63.1894 -40.4177 18
    endloop
  endfacet
  facet normal 0.793768 0.608221 0
    outer loop
      vertex 63.1894 -40.4177 0
      vertex 63.2743 -40.5285 18
      vertex 63.2743 -40.5285 0
    endloop
  endfacet
  facet normal -0.130473 0.991452 0
    outer loop
      vertex 64.7778 -41.0757 0
      vertex 64.6395 -41.0939 18
      vertex 64.7778 -41.0757 18
    endloop
  endfacet
  facet normal -0.130473 0.991452 0
    outer loop
      vertex 64.6395 -41.0939 18
      vertex 64.7778 -41.0757 0
      vertex 64.6395 -41.0939 0
    endloop
  endfacet
  facet normal -0.923964 -0.382478 0
    outer loop
      vertex 66.0035 -38.9528 0
      vertex 65.9501 -38.8238 18
      vertex 65.9501 -38.8238 0
    endloop
  endfacet
  facet normal -0.923964 -0.382478 0
    outer loop
      vertex 65.9501 -38.8238 18
      vertex 66.0035 -38.9528 0
      vertex 66.0035 -38.9528 18
    endloop
  endfacet
  facet normal -0.953648 -0.300926 0
    outer loop
      vertex 66.0455 -39.0859 0
      vertex 66.0035 -38.9528 18
      vertex 66.0035 -38.9528 0
    endloop
  endfacet
  facet normal -0.953648 -0.300926 0
    outer loop
      vertex 66.0035 -38.9528 18
      vertex 66.0455 -39.0859 0
      vertex 66.0455 -39.0859 18
    endloop
  endfacet
  facet normal -0.793768 -0.608221 0
    outer loop
      vertex 65.8106 -38.5823 0
      vertex 65.7257 -38.4715 18
      vertex 65.7257 -38.4715 0
    endloop
  endfacet
  facet normal -0.793768 -0.608221 0
    outer loop
      vertex 65.7257 -38.4715 18
      vertex 65.8106 -38.5823 0
      vertex 65.8106 -38.5823 18
    endloop
  endfacet
  facet normal -0.737243 -0.675627 0
    outer loop
      vertex 65.7257 -38.4715 0
      vertex 65.6314 -38.3686 18
      vertex 65.6314 -38.3686 0
    endloop
  endfacet
  facet normal -0.737243 -0.675627 0
    outer loop
      vertex 65.6314 -38.3686 18
      vertex 65.7257 -38.4715 0
      vertex 65.7257 -38.4715 18
    endloop
  endfacet
  facet normal -0.537385 -0.843337 0
    outer loop
      vertex 65.3 -38.1144 0
      vertex 65.4177 -38.1894 18
      vertex 65.3 -38.1144 18
    endloop
  endfacet
  facet normal -0.537385 -0.843337 -0
    outer loop
      vertex 65.4177 -38.1894 18
      vertex 65.3 -38.1144 0
      vertex 65.4177 -38.1894 0
    endloop
  endfacet
  facet normal 0.953648 -0.300926 0
    outer loop
      vertex 62.9545 -39.0859 18
      vertex 62.9965 -38.9528 0
      vertex 62.9965 -38.9528 18
    endloop
  endfacet
  facet normal 0.953648 -0.300926 0
    outer loop
      vertex 62.9965 -38.9528 0
      vertex 62.9545 -39.0859 18
      vertex 62.9545 -39.0859 0
    endloop
  endfacet
  facet normal 0.923964 -0.382478 0
    outer loop
      vertex 62.9965 -38.9528 18
      vertex 63.0499 -38.8238 0
      vertex 63.0499 -38.8238 18
    endloop
  endfacet
  facet normal 0.923964 -0.382478 0
    outer loop
      vertex 63.0499 -38.8238 0
      vertex 62.9965 -38.9528 18
      vertex 62.9965 -38.9528 0
    endloop
  endfacet
  facet normal -0.991452 0.130473 0
    outer loop
      vertex 66.0757 -39.7778 0
      vertex 66.0939 -39.6395 18
      vertex 66.0939 -39.6395 0
    endloop
  endfacet
  facet normal -0.991452 0.130473 0
    outer loop
      vertex 66.0939 -39.6395 18
      vertex 66.0757 -39.7778 0
      vertex 66.0757 -39.7778 18
    endloop
  endfacet
  facet normal -0.737243 0.675627 0
    outer loop
      vertex 65.6314 -40.6314 0
      vertex 65.7257 -40.5285 18
      vertex 65.7257 -40.5285 0
    endloop
  endfacet
  facet normal -0.737243 0.675627 0
    outer loop
      vertex 65.7257 -40.5285 18
      vertex 65.6314 -40.6314 0
      vertex 65.6314 -40.6314 18
    endloop
  endfacet
  facet normal -0.923964 0.382478 0
    outer loop
      vertex 65.9501 -40.1762 0
      vertex 66.0035 -40.0472 18
      vertex 66.0035 -40.0472 0
    endloop
  endfacet
  facet normal -0.923964 0.382478 0
    outer loop
      vertex 66.0035 -40.0472 18
      vertex 65.9501 -40.1762 0
      vertex 65.9501 -40.1762 18
    endloop
  endfacet
  facet normal 0.999045 0.0436859 0
    outer loop
      vertex 62.9061 -39.6395 18
      vertex 62.9 -39.5 0
      vertex 62.9 -39.5 18
    endloop
  endfacet
  facet normal 0.999045 0.0436859 0
    outer loop
      vertex 62.9 -39.5 0
      vertex 62.9061 -39.6395 18
      vertex 62.9061 -39.6395 0
    endloop
  endfacet
  facet normal 0.737243 0.675627 0
    outer loop
      vertex 63.3686 -40.6314 18
      vertex 63.2743 -40.5285 0
      vertex 63.2743 -40.5285 18
    endloop
  endfacet
  facet normal 0.737243 0.675627 0
    outer loop
      vertex 63.2743 -40.5285 0
      vertex 63.3686 -40.6314 18
      vertex 63.3686 -40.6314 0
    endloop
  endfacet
  facet normal -0.300926 0.953648 0
    outer loop
      vertex 65.0472 -41.0035 0
      vertex 64.9141 -41.0455 18
      vertex 65.0472 -41.0035 18
    endloop
  endfacet
  facet normal -0.300926 0.953648 0
    outer loop
      vertex 64.9141 -41.0455 18
      vertex 65.0472 -41.0035 0
      vertex 64.9141 -41.0455 0
    endloop
  endfacet
  facet normal -0.216324 0.976322 0
    outer loop
      vertex 64.9141 -41.0455 0
      vertex 64.7778 -41.0757 18
      vertex 64.9141 -41.0455 18
    endloop
  endfacet
  facet normal -0.216324 0.976322 0
    outer loop
      vertex 64.7778 -41.0757 18
      vertex 64.9141 -41.0455 0
      vertex 64.7778 -41.0757 0
    endloop
  endfacet
  facet normal -0.382478 0.923964 0
    outer loop
      vertex 65.1762 -40.9501 0
      vertex 65.0472 -41.0035 18
      vertex 65.1762 -40.9501 18
    endloop
  endfacet
  facet normal -0.382478 0.923964 0
    outer loop
      vertex 65.0472 -41.0035 18
      vertex 65.1762 -40.9501 0
      vertex 65.0472 -41.0035 0
    endloop
  endfacet
  facet normal -0.976322 -0.216324 0
    outer loop
      vertex 66.0757 -39.2222 0
      vertex 66.0455 -39.0859 18
      vertex 66.0455 -39.0859 0
    endloop
  endfacet
  facet normal -0.976322 -0.216324 0
    outer loop
      vertex 66.0455 -39.0859 18
      vertex 66.0757 -39.2222 0
      vertex 66.0757 -39.2222 18
    endloop
  endfacet
  facet normal -0.608221 0.793768 0
    outer loop
      vertex 65.5285 -40.7257 0
      vertex 65.4177 -40.8106 18
      vertex 65.5285 -40.7257 18
    endloop
  endfacet
  facet normal -0.608221 0.793768 0
    outer loop
      vertex 65.4177 -40.8106 18
      vertex 65.5285 -40.7257 0
      vertex 65.4177 -40.8106 0
    endloop
  endfacet
  facet normal -0.953648 0.300926 0
    outer loop
      vertex 66.0035 -40.0472 0
      vertex 66.0455 -39.9141 18
      vertex 66.0455 -39.9141 0
    endloop
  endfacet
  facet normal -0.953648 0.300926 0
    outer loop
      vertex 66.0455 -39.9141 18
      vertex 66.0035 -40.0472 0
      vertex 66.0035 -40.0472 18
    endloop
  endfacet
  facet normal 0.300926 0.953648 -0
    outer loop
      vertex 64.0859 -41.0455 0
      vertex 63.9528 -41.0035 18
      vertex 64.0859 -41.0455 18
    endloop
  endfacet
  facet normal 0.300926 0.953648 0
    outer loop
      vertex 63.9528 -41.0035 18
      vertex 64.0859 -41.0455 0
      vertex 63.9528 -41.0035 0
    endloop
  endfacet
  facet normal 0.130473 0.991452 -0
    outer loop
      vertex 64.3605 -41.0939 0
      vertex 64.2222 -41.0757 18
      vertex 64.3605 -41.0939 18
    endloop
  endfacet
  facet normal 0.130473 0.991452 0
    outer loop
      vertex 64.2222 -41.0757 18
      vertex 64.3605 -41.0939 0
      vertex 64.2222 -41.0757 0
    endloop
  endfacet
  facet normal 0.953648 0.300926 0
    outer loop
      vertex 62.9965 -40.0472 18
      vertex 62.9545 -39.9141 0
      vertex 62.9545 -39.9141 18
    endloop
  endfacet
  facet normal 0.953648 0.300926 0
    outer loop
      vertex 62.9545 -39.9141 0
      vertex 62.9965 -40.0472 18
      vertex 62.9965 -40.0472 0
    endloop
  endfacet
  facet normal 0.991452 0.130473 0
    outer loop
      vertex 62.9243 -39.7778 18
      vertex 62.9061 -39.6395 0
      vertex 62.9061 -39.6395 18
    endloop
  endfacet
  facet normal 0.991452 0.130473 0
    outer loop
      vertex 62.9061 -39.6395 0
      vertex 62.9243 -39.7778 18
      vertex 62.9243 -39.7778 0
    endloop
  endfacet
  facet normal 0.843337 0.537385 0
    outer loop
      vertex 63.1894 -40.4177 18
      vertex 63.1144 -40.3 0
      vertex 63.1144 -40.3 18
    endloop
  endfacet
  facet normal 0.843337 0.537385 0
    outer loop
      vertex 63.1144 -40.3 0
      vertex 63.1894 -40.4177 18
      vertex 63.1894 -40.4177 0
    endloop
  endfacet
  facet normal -0.537385 0.843337 0
    outer loop
      vertex 65.4177 -40.8106 0
      vertex 65.3 -40.8856 18
      vertex 65.4177 -40.8106 18
    endloop
  endfacet
  facet normal -0.537385 0.843337 0
    outer loop
      vertex 65.3 -40.8856 18
      vertex 65.4177 -40.8106 0
      vertex 65.3 -40.8856 0
    endloop
  endfacet
  facet normal -0.886853 0.462052 0
    outer loop
      vertex 65.8856 -40.3 0
      vertex 65.9501 -40.1762 18
      vertex 65.9501 -40.1762 0
    endloop
  endfacet
  facet normal -0.886853 0.462052 0
    outer loop
      vertex 65.9501 -40.1762 18
      vertex 65.8856 -40.3 0
      vertex 65.8856 -40.3 18
    endloop
  endfacet
  facet normal -0.843337 0.537385 0
    outer loop
      vertex 65.8106 -40.4177 0
      vertex 65.8856 -40.3 18
      vertex 65.8856 -40.3 0
    endloop
  endfacet
  facet normal -0.843337 0.537385 0
    outer loop
      vertex 65.8856 -40.3 18
      vertex 65.8106 -40.4177 0
      vertex 65.8106 -40.4177 18
    endloop
  endfacet
  facet normal 0.0436859 0.999045 -0
    outer loop
      vertex 64.5 -41.1 0
      vertex 64.3605 -41.0939 18
      vertex 64.5 -41.1 18
    endloop
  endfacet
  facet normal 0.0436859 0.999045 0
    outer loop
      vertex 64.3605 -41.0939 18
      vertex 64.5 -41.1 0
      vertex 64.3605 -41.0939 0
    endloop
  endfacet
  facet normal 0.608221 0.793768 -0
    outer loop
      vertex 63.5823 -40.8106 0
      vertex 63.4715 -40.7257 18
      vertex 63.5823 -40.8106 18
    endloop
  endfacet
  facet normal 0.608221 0.793768 0
    outer loop
      vertex 63.4715 -40.7257 18
      vertex 63.5823 -40.8106 0
      vertex 63.4715 -40.7257 0
    endloop
  endfacet
  facet normal 0.382478 0.923964 -0
    outer loop
      vertex 63.9528 -41.0035 0
      vertex 63.8238 -40.9501 18
      vertex 63.9528 -41.0035 18
    endloop
  endfacet
  facet normal 0.382478 0.923964 0
    outer loop
      vertex 63.8238 -40.9501 18
      vertex 63.9528 -41.0035 0
      vertex 63.8238 -40.9501 0
    endloop
  endfacet
  facet normal 0.537385 0.843337 -0
    outer loop
      vertex 63.7 -40.8856 0
      vertex 63.5823 -40.8106 18
      vertex 63.7 -40.8856 18
    endloop
  endfacet
  facet normal 0.537385 0.843337 0
    outer loop
      vertex 63.5823 -40.8106 18
      vertex 63.7 -40.8856 0
      vertex 63.5823 -40.8106 0
    endloop
  endfacet
  facet normal 0.216324 0.976322 -0
    outer loop
      vertex 64.2222 -41.0757 0
      vertex 64.0859 -41.0455 18
      vertex 64.2222 -41.0757 18
    endloop
  endfacet
  facet normal 0.216324 0.976322 0
    outer loop
      vertex 64.0859 -41.0455 18
      vertex 64.2222 -41.0757 0
      vertex 64.0859 -41.0455 0
    endloop
  endfacet
  facet normal 0.923964 0.382478 0
    outer loop
      vertex 63.0499 -40.1762 18
      vertex 62.9965 -40.0472 0
      vertex 62.9965 -40.0472 18
    endloop
  endfacet
  facet normal 0.923964 0.382478 0
    outer loop
      vertex 62.9965 -40.0472 0
      vertex 63.0499 -40.1762 18
      vertex 63.0499 -40.1762 0
    endloop
  endfacet
  facet normal -0.675627 0.737243 0
    outer loop
      vertex 65.6314 -40.6314 0
      vertex 65.5285 -40.7257 18
      vertex 65.6314 -40.6314 18
    endloop
  endfacet
  facet normal -0.675627 0.737243 0
    outer loop
      vertex 65.5285 -40.7257 18
      vertex 65.6314 -40.6314 0
      vertex 65.5285 -40.7257 0
    endloop
  endfacet
  facet normal 0.462052 0.886853 -0
    outer loop
      vertex 63.8238 -40.9501 0
      vertex 63.7 -40.8856 18
      vertex 63.8238 -40.9501 18
    endloop
  endfacet
  facet normal 0.462052 0.886853 0
    outer loop
      vertex 63.7 -40.8856 18
      vertex 63.8238 -40.9501 0
      vertex 63.7 -40.8856 0
    endloop
  endfacet
  facet normal -0.608221 -0.793768 0
    outer loop
      vertex 65.4177 40.8106 0
      vertex 65.5285 40.7257 18
      vertex 65.4177 40.8106 18
    endloop
  endfacet
  facet normal -0.608221 -0.793768 -0
    outer loop
      vertex 65.5285 40.7257 18
      vertex 65.4177 40.8106 0
      vertex 65.5285 40.7257 0
    endloop
  endfacet
  facet normal 0.382478 -0.923964 0
    outer loop
      vertex 63.8238 40.9501 0
      vertex 63.9528 41.0035 18
      vertex 63.8238 40.9501 18
    endloop
  endfacet
  facet normal 0.382478 -0.923964 0
    outer loop
      vertex 63.9528 41.0035 18
      vertex 63.8238 40.9501 0
      vertex 63.9528 41.0035 0
    endloop
  endfacet
  facet normal 0.953648 -0.300926 0
    outer loop
      vertex 62.9545 39.9141 18
      vertex 62.9965 40.0472 0
      vertex 62.9965 40.0472 18
    endloop
  endfacet
  facet normal 0.953648 -0.300926 0
    outer loop
      vertex 62.9965 40.0472 0
      vertex 62.9545 39.9141 18
      vertex 62.9545 39.9141 0
    endloop
  endfacet
  facet normal -0.999045 0.0436859 0
    outer loop
      vertex 66.0939 39.3605 0
      vertex 66.1 39.5 18
      vertex 66.1 39.5 0
    endloop
  endfacet
  facet normal -0.999045 0.0436859 0
    outer loop
      vertex 66.1 39.5 18
      vertex 66.0939 39.3605 0
      vertex 66.0939 39.3605 18
    endloop
  endfacet
  facet normal 0.300926 0.953648 -0
    outer loop
      vertex 64.0859 37.9545 0
      vertex 63.9528 37.9965 18
      vertex 64.0859 37.9545 18
    endloop
  endfacet
  facet normal 0.300926 0.953648 0
    outer loop
      vertex 63.9528 37.9965 18
      vertex 64.0859 37.9545 0
      vertex 63.9528 37.9965 0
    endloop
  endfacet
  facet normal -0.923964 -0.382478 0
    outer loop
      vertex 66.0035 40.0472 0
      vertex 65.9501 40.1762 18
      vertex 65.9501 40.1762 0
    endloop
  endfacet
  facet normal -0.923964 -0.382478 0
    outer loop
      vertex 65.9501 40.1762 18
      vertex 66.0035 40.0472 0
      vertex 66.0035 40.0472 18
    endloop
  endfacet
  facet normal -0.886853 -0.462052 0
    outer loop
      vertex 65.9501 40.1762 0
      vertex 65.8856 40.3 18
      vertex 65.8856 40.3 0
    endloop
  endfacet
  facet normal -0.886853 -0.462052 0
    outer loop
      vertex 65.8856 40.3 18
      vertex 65.9501 40.1762 0
      vertex 65.9501 40.1762 18
    endloop
  endfacet
  facet normal -0.300926 -0.953648 0
    outer loop
      vertex 64.9141 41.0455 0
      vertex 65.0472 41.0035 18
      vertex 64.9141 41.0455 18
    endloop
  endfacet
  facet normal -0.300926 -0.953648 -0
    outer loop
      vertex 65.0472 41.0035 18
      vertex 64.9141 41.0455 0
      vertex 65.0472 41.0035 0
    endloop
  endfacet
  facet normal -0.0436859 -0.999045 0
    outer loop
      vertex 64.5 41.1 0
      vertex 64.6395 41.0939 18
      vertex 64.5 41.1 18
    endloop
  endfacet
  facet normal -0.0436859 -0.999045 -0
    outer loop
      vertex 64.6395 41.0939 18
      vertex 64.5 41.1 0
      vertex 64.6395 41.0939 0
    endloop
  endfacet
  facet normal 0.999045 -0.0436859 0
    outer loop
      vertex 62.9 39.5 18
      vertex 62.9061 39.6395 0
      vertex 62.9061 39.6395 18
    endloop
  endfacet
  facet normal 0.999045 -0.0436859 0
    outer loop
      vertex 62.9061 39.6395 0
      vertex 62.9 39.5 18
      vertex 62.9 39.5 0
    endloop
  endfacet
  facet normal 0.793768 -0.608221 0
    outer loop
      vertex 63.1894 40.4177 18
      vertex 63.2743 40.5285 0
      vertex 63.2743 40.5285 18
    endloop
  endfacet
  facet normal 0.793768 -0.608221 0
    outer loop
      vertex 63.2743 40.5285 0
      vertex 63.1894 40.4177 18
      vertex 63.1894 40.4177 0
    endloop
  endfacet
  facet normal 0.216324 -0.976322 0
    outer loop
      vertex 64.0859 41.0455 0
      vertex 64.2222 41.0757 18
      vertex 64.0859 41.0455 18
    endloop
  endfacet
  facet normal 0.216324 -0.976322 0
    outer loop
      vertex 64.2222 41.0757 18
      vertex 64.0859 41.0455 0
      vertex 64.2222 41.0757 0
    endloop
  endfacet
  facet normal -0.953648 0.300926 0
    outer loop
      vertex 66.0035 38.9528 0
      vertex 66.0455 39.0859 18
      vertex 66.0455 39.0859 0
    endloop
  endfacet
  facet normal -0.953648 0.300926 0
    outer loop
      vertex 66.0455 39.0859 18
      vertex 66.0035 38.9528 0
      vertex 66.0035 38.9528 18
    endloop
  endfacet
  facet normal 0.0436859 0.999045 -0
    outer loop
      vertex 64.5 37.9 0
      vertex 64.3605 37.9061 18
      vertex 64.5 37.9 18
    endloop
  endfacet
  facet normal 0.0436859 0.999045 0
    outer loop
      vertex 64.3605 37.9061 18
      vertex 64.5 37.9 0
      vertex 64.3605 37.9061 0
    endloop
  endfacet
  facet normal 0.608221 0.793768 -0
    outer loop
      vertex 63.5823 38.1894 0
      vertex 63.4715 38.2743 18
      vertex 63.5823 38.1894 18
    endloop
  endfacet
  facet normal 0.608221 0.793768 0
    outer loop
      vertex 63.4715 38.2743 18
      vertex 63.5823 38.1894 0
      vertex 63.4715 38.2743 0
    endloop
  endfacet
  facet normal 0.976322 0.216324 0
    outer loop
      vertex 62.9545 39.0859 18
      vertex 62.9243 39.2222 0
      vertex 62.9243 39.2222 18
    endloop
  endfacet
  facet normal 0.976322 0.216324 0
    outer loop
      vertex 62.9243 39.2222 0
      vertex 62.9545 39.0859 18
      vertex 62.9545 39.0859 0
    endloop
  endfacet
  facet normal -0.991452 -0.130473 0
    outer loop
      vertex 66.0939 39.6395 0
      vertex 66.0757 39.7778 18
      vertex 66.0757 39.7778 0
    endloop
  endfacet
  facet normal -0.991452 -0.130473 0
    outer loop
      vertex 66.0757 39.7778 18
      vertex 66.0939 39.6395 0
      vertex 66.0939 39.6395 18
    endloop
  endfacet
  facet normal -0.976322 -0.216324 0
    outer loop
      vertex 66.0757 39.7778 0
      vertex 66.0455 39.9141 18
      vertex 66.0455 39.9141 0
    endloop
  endfacet
  facet normal -0.976322 -0.216324 0
    outer loop
      vertex 66.0455 39.9141 18
      vertex 66.0757 39.7778 0
      vertex 66.0757 39.7778 18
    endloop
  endfacet
  facet normal -0.953648 -0.300926 0
    outer loop
      vertex 66.0455 39.9141 0
      vertex 66.0035 40.0472 18
      vertex 66.0035 40.0472 0
    endloop
  endfacet
  facet normal -0.953648 -0.300926 0
    outer loop
      vertex 66.0035 40.0472 18
      vertex 66.0455 39.9141 0
      vertex 66.0455 39.9141 18
    endloop
  endfacet
  facet normal -0.843337 -0.537385 0
    outer loop
      vertex 65.8856 40.3 0
      vertex 65.8106 40.4177 18
      vertex 65.8106 40.4177 0
    endloop
  endfacet
  facet normal -0.843337 -0.537385 0
    outer loop
      vertex 65.8106 40.4177 18
      vertex 65.8856 40.3 0
      vertex 65.8856 40.3 18
    endloop
  endfacet
  facet normal -0.675627 -0.737243 0
    outer loop
      vertex 65.5285 40.7257 0
      vertex 65.6314 40.6314 18
      vertex 65.5285 40.7257 18
    endloop
  endfacet
  facet normal -0.675627 -0.737243 -0
    outer loop
      vertex 65.6314 40.6314 18
      vertex 65.5285 40.7257 0
      vertex 65.6314 40.6314 0
    endloop
  endfacet
  facet normal -0.462052 -0.886853 0
    outer loop
      vertex 65.1762 40.9501 0
      vertex 65.3 40.8856 18
      vertex 65.1762 40.9501 18
    endloop
  endfacet
  facet normal -0.462052 -0.886853 -0
    outer loop
      vertex 65.3 40.8856 18
      vertex 65.1762 40.9501 0
      vertex 65.3 40.8856 0
    endloop
  endfacet
  facet normal 0.0436859 -0.999045 0
    outer loop
      vertex 64.3605 41.0939 0
      vertex 64.5 41.1 18
      vertex 64.3605 41.0939 18
    endloop
  endfacet
  facet normal 0.0436859 -0.999045 0
    outer loop
      vertex 64.5 41.1 18
      vertex 64.3605 41.0939 0
      vertex 64.5 41.1 0
    endloop
  endfacet
  facet normal -0.382478 -0.923964 0
    outer loop
      vertex 65.0472 41.0035 0
      vertex 65.1762 40.9501 18
      vertex 65.0472 41.0035 18
    endloop
  endfacet
  facet normal -0.382478 -0.923964 -0
    outer loop
      vertex 65.1762 40.9501 18
      vertex 65.0472 41.0035 0
      vertex 65.1762 40.9501 0
    endloop
  endfacet
  facet normal -0.216324 -0.976322 0
    outer loop
      vertex 64.7778 41.0757 0
      vertex 64.9141 41.0455 18
      vertex 64.7778 41.0757 18
    endloop
  endfacet
  facet normal -0.216324 -0.976322 -0
    outer loop
      vertex 64.9141 41.0455 18
      vertex 64.7778 41.0757 0
      vertex 64.9141 41.0455 0
    endloop
  endfacet
  facet normal -0.130473 -0.991452 0
    outer loop
      vertex 64.6395 41.0939 0
      vertex 64.7778 41.0757 18
      vertex 64.6395 41.0939 18
    endloop
  endfacet
  facet normal -0.130473 -0.991452 -0
    outer loop
      vertex 64.7778 41.0757 18
      vertex 64.6395 41.0939 0
      vertex 64.7778 41.0757 0
    endloop
  endfacet
  facet normal 0.999045 0.0436859 0
    outer loop
      vertex 62.9061 39.3605 18
      vertex 62.9 39.5 0
      vertex 62.9 39.5 18
    endloop
  endfacet
  facet normal 0.999045 0.0436859 0
    outer loop
      vertex 62.9 39.5 0
      vertex 62.9061 39.3605 18
      vertex 62.9061 39.3605 0
    endloop
  endfacet
  facet normal 0.976322 -0.216324 0
    outer loop
      vertex 62.9243 39.7778 18
      vertex 62.9545 39.9141 0
      vertex 62.9545 39.9141 18
    endloop
  endfacet
  facet normal 0.976322 -0.216324 0
    outer loop
      vertex 62.9545 39.9141 0
      vertex 62.9243 39.7778 18
      vertex 62.9243 39.7778 0
    endloop
  endfacet
  facet normal 0.991452 -0.130473 0
    outer loop
      vertex 62.9061 39.6395 18
      vertex 62.9243 39.7778 0
      vertex 62.9243 39.7778 18
    endloop
  endfacet
  facet normal 0.991452 -0.130473 0
    outer loop
      vertex 62.9243 39.7778 0
      vertex 62.9061 39.6395 18
      vertex 62.9061 39.6395 0
    endloop
  endfacet
  facet normal 0.923964 -0.382478 0
    outer loop
      vertex 62.9965 40.0472 18
      vertex 63.0499 40.1762 0
      vertex 63.0499 40.1762 18
    endloop
  endfacet
  facet normal 0.923964 -0.382478 0
    outer loop
      vertex 63.0499 40.1762 0
      vertex 62.9965 40.0472 18
      vertex 62.9965 40.0472 0
    endloop
  endfacet
  facet normal 0.886853 -0.462052 0
    outer loop
      vertex 63.0499 40.1762 18
      vertex 63.1144 40.3 0
      vertex 63.1144 40.3 18
    endloop
  endfacet
  facet normal 0.886853 -0.462052 0
    outer loop
      vertex 63.1144 40.3 0
      vertex 63.0499 40.1762 18
      vertex 63.0499 40.1762 0
    endloop
  endfacet
  facet normal 0.300926 -0.953648 0
    outer loop
      vertex 63.9528 41.0035 0
      vertex 64.0859 41.0455 18
      vertex 63.9528 41.0035 18
    endloop
  endfacet
  facet normal 0.300926 -0.953648 0
    outer loop
      vertex 64.0859 41.0455 18
      vertex 63.9528 41.0035 0
      vertex 64.0859 41.0455 0
    endloop
  endfacet
  facet normal 0.130473 -0.991452 0
    outer loop
      vertex 64.2222 41.0757 0
      vertex 64.3605 41.0939 18
      vertex 64.2222 41.0757 18
    endloop
  endfacet
  facet normal 0.130473 -0.991452 0
    outer loop
      vertex 64.3605 41.0939 18
      vertex 64.2222 41.0757 0
      vertex 64.3605 41.0939 0
    endloop
  endfacet
  facet normal 0.537385 -0.843337 0
    outer loop
      vertex 63.5823 40.8106 0
      vertex 63.7 40.8856 18
      vertex 63.5823 40.8106 18
    endloop
  endfacet
  facet normal 0.537385 -0.843337 0
    outer loop
      vertex 63.7 40.8856 18
      vertex 63.5823 40.8106 0
      vertex 63.7 40.8856 0
    endloop
  endfacet
  facet normal 0.462052 -0.886853 0
    outer loop
      vertex 63.7 40.8856 0
      vertex 63.8238 40.9501 18
      vertex 63.7 40.8856 18
    endloop
  endfacet
  facet normal 0.462052 -0.886853 0
    outer loop
      vertex 63.8238 40.9501 18
      vertex 63.7 40.8856 0
      vertex 63.8238 40.9501 0
    endloop
  endfacet
  facet normal 0.737243 -0.675627 0
    outer loop
      vertex 63.2743 40.5285 18
      vertex 63.3686 40.6314 0
      vertex 63.3686 40.6314 18
    endloop
  endfacet
  facet normal 0.737243 -0.675627 0
    outer loop
      vertex 63.3686 40.6314 0
      vertex 63.2743 40.5285 18
      vertex 63.2743 40.5285 0
    endloop
  endfacet
  facet normal -0.999045 -0.0436859 0
    outer loop
      vertex 66.1 39.5 0
      vertex 66.0939 39.6395 18
      vertex 66.0939 39.6395 0
    endloop
  endfacet
  facet normal -0.999045 -0.0436859 0
    outer loop
      vertex 66.0939 39.6395 18
      vertex 66.1 39.5 0
      vertex 66.1 39.5 18
    endloop
  endfacet
  facet normal -0.130473 0.991452 0
    outer loop
      vertex 64.7778 37.9243 0
      vertex 64.6395 37.9061 18
      vertex 64.7778 37.9243 18
    endloop
  endfacet
  facet normal -0.130473 0.991452 0
    outer loop
      vertex 64.6395 37.9061 18
      vertex 64.7778 37.9243 0
      vertex 64.6395 37.9061 0
    endloop
  endfacet
  facet normal -0.976322 0.216324 0
    outer loop
      vertex 66.0455 39.0859 0
      vertex 66.0757 39.2222 18
      vertex 66.0757 39.2222 0
    endloop
  endfacet
  facet normal -0.976322 0.216324 0
    outer loop
      vertex 66.0757 39.2222 18
      vertex 66.0455 39.0859 0
      vertex 66.0455 39.0859 18
    endloop
  endfacet
  facet normal -0.793768 0.608221 0
    outer loop
      vertex 65.7257 38.4715 0
      vertex 65.8106 38.5823 18
      vertex 65.8106 38.5823 0
    endloop
  endfacet
  facet normal -0.793768 0.608221 0
    outer loop
      vertex 65.8106 38.5823 18
      vertex 65.7257 38.4715 0
      vertex 65.7257 38.4715 18
    endloop
  endfacet
  facet normal -0.216324 0.976322 0
    outer loop
      vertex 64.9141 37.9545 0
      vertex 64.7778 37.9243 18
      vertex 64.9141 37.9545 18
    endloop
  endfacet
  facet normal -0.216324 0.976322 0
    outer loop
      vertex 64.7778 37.9243 18
      vertex 64.9141 37.9545 0
      vertex 64.7778 37.9243 0
    endloop
  endfacet
  facet normal -0.300926 0.953648 0
    outer loop
      vertex 65.0472 37.9965 0
      vertex 64.9141 37.9545 18
      vertex 65.0472 37.9965 18
    endloop
  endfacet
  facet normal -0.300926 0.953648 0
    outer loop
      vertex 64.9141 37.9545 18
      vertex 65.0472 37.9965 0
      vertex 64.9141 37.9545 0
    endloop
  endfacet
  facet normal -0.462052 0.886853 0
    outer loop
      vertex 65.3 38.1144 0
      vertex 65.1762 38.0499 18
      vertex 65.3 38.1144 18
    endloop
  endfacet
  facet normal -0.462052 0.886853 0
    outer loop
      vertex 65.1762 38.0499 18
      vertex 65.3 38.1144 0
      vertex 65.1762 38.0499 0
    endloop
  endfacet
  facet normal -0.0436859 0.999045 0
    outer loop
      vertex 64.6395 37.9061 0
      vertex 64.5 37.9 18
      vertex 64.6395 37.9061 18
    endloop
  endfacet
  facet normal -0.0436859 0.999045 0
    outer loop
      vertex 64.5 37.9 18
      vertex 64.6395 37.9061 0
      vertex 64.5 37.9 0
    endloop
  endfacet
  facet normal 0.216324 0.976322 -0
    outer loop
      vertex 64.2222 37.9243 0
      vertex 64.0859 37.9545 18
      vertex 64.2222 37.9243 18
    endloop
  endfacet
  facet normal 0.216324 0.976322 0
    outer loop
      vertex 64.0859 37.9545 18
      vertex 64.2222 37.9243 0
      vertex 64.0859 37.9545 0
    endloop
  endfacet
  facet normal 0.382478 0.923964 -0
    outer loop
      vertex 63.9528 37.9965 0
      vertex 63.8238 38.0499 18
      vertex 63.9528 37.9965 18
    endloop
  endfacet
  facet normal 0.382478 0.923964 0
    outer loop
      vertex 63.8238 38.0499 18
      vertex 63.9528 37.9965 0
      vertex 63.8238 38.0499 0
    endloop
  endfacet
  facet normal 0.462052 0.886853 -0
    outer loop
      vertex 63.8238 38.0499 0
      vertex 63.7 38.1144 18
      vertex 63.8238 38.0499 18
    endloop
  endfacet
  facet normal 0.462052 0.886853 0
    outer loop
      vertex 63.7 38.1144 18
      vertex 63.8238 38.0499 0
      vertex 63.7 38.1144 0
    endloop
  endfacet
  facet normal 0.953648 0.300926 0
    outer loop
      vertex 62.9965 38.9528 18
      vertex 62.9545 39.0859 0
      vertex 62.9545 39.0859 18
    endloop
  endfacet
  facet normal 0.953648 0.300926 0
    outer loop
      vertex 62.9545 39.0859 0
      vertex 62.9965 38.9528 18
      vertex 62.9965 38.9528 0
    endloop
  endfacet
  facet normal 0.991452 0.130473 0
    outer loop
      vertex 62.9243 39.2222 18
      vertex 62.9061 39.3605 0
      vertex 62.9061 39.3605 18
    endloop
  endfacet
  facet normal 0.991452 0.130473 0
    outer loop
      vertex 62.9061 39.3605 0
      vertex 62.9243 39.2222 18
      vertex 62.9243 39.2222 0
    endloop
  endfacet
  facet normal 0.886853 0.462052 0
    outer loop
      vertex 63.1144 38.7 18
      vertex 63.0499 38.8238 0
      vertex 63.0499 38.8238 18
    endloop
  endfacet
  facet normal 0.886853 0.462052 0
    outer loop
      vertex 63.0499 38.8238 0
      vertex 63.1144 38.7 18
      vertex 63.1144 38.7 0
    endloop
  endfacet
  facet normal -0.737243 -0.675627 0
    outer loop
      vertex 65.7257 40.5285 0
      vertex 65.6314 40.6314 18
      vertex 65.6314 40.6314 0
    endloop
  endfacet
  facet normal -0.737243 -0.675627 0
    outer loop
      vertex 65.6314 40.6314 18
      vertex 65.7257 40.5285 0
      vertex 65.7257 40.5285 18
    endloop
  endfacet
  facet normal -0.793768 -0.608221 0
    outer loop
      vertex 65.8106 40.4177 0
      vertex 65.7257 40.5285 18
      vertex 65.7257 40.5285 0
    endloop
  endfacet
  facet normal -0.793768 -0.608221 0
    outer loop
      vertex 65.7257 40.5285 18
      vertex 65.8106 40.4177 0
      vertex 65.8106 40.4177 18
    endloop
  endfacet
  facet normal -0.537385 -0.843337 0
    outer loop
      vertex 65.3 40.8856 0
      vertex 65.4177 40.8106 18
      vertex 65.3 40.8856 18
    endloop
  endfacet
  facet normal -0.537385 -0.843337 -0
    outer loop
      vertex 65.4177 40.8106 18
      vertex 65.3 40.8856 0
      vertex 65.4177 40.8106 0
    endloop
  endfacet
  facet normal 0.843337 -0.537385 0
    outer loop
      vertex 63.1144 40.3 18
      vertex 63.1894 40.4177 0
      vertex 63.1894 40.4177 18
    endloop
  endfacet
  facet normal 0.843337 -0.537385 0
    outer loop
      vertex 63.1894 40.4177 0
      vertex 63.1144 40.3 18
      vertex 63.1144 40.3 0
    endloop
  endfacet
  facet normal 0.675627 -0.737243 0
    outer loop
      vertex 63.3686 40.6314 0
      vertex 63.4715 40.7257 18
      vertex 63.3686 40.6314 18
    endloop
  endfacet
  facet normal 0.675627 -0.737243 0
    outer loop
      vertex 63.4715 40.7257 18
      vertex 63.3686 40.6314 0
      vertex 63.4715 40.7257 0
    endloop
  endfacet
  facet normal 0.608221 -0.793768 0
    outer loop
      vertex 63.4715 40.7257 0
      vertex 63.5823 40.8106 18
      vertex 63.4715 40.7257 18
    endloop
  endfacet
  facet normal 0.608221 -0.793768 0
    outer loop
      vertex 63.5823 40.8106 18
      vertex 63.4715 40.7257 0
      vertex 63.5823 40.8106 0
    endloop
  endfacet
  facet normal -0.991452 0.130473 0
    outer loop
      vertex 66.0757 39.2222 0
      vertex 66.0939 39.3605 18
      vertex 66.0939 39.3605 0
    endloop
  endfacet
  facet normal -0.991452 0.130473 0
    outer loop
      vertex 66.0939 39.3605 18
      vertex 66.0757 39.2222 0
      vertex 66.0757 39.2222 18
    endloop
  endfacet
  facet normal -0.843337 0.537385 0
    outer loop
      vertex 65.8106 38.5823 0
      vertex 65.8856 38.7 18
      vertex 65.8856 38.7 0
    endloop
  endfacet
  facet normal -0.843337 0.537385 0
    outer loop
      vertex 65.8856 38.7 18
      vertex 65.8106 38.5823 0
      vertex 65.8106 38.5823 18
    endloop
  endfacet
  facet normal -0.382478 0.923964 0
    outer loop
      vertex 65.1762 38.0499 0
      vertex 65.0472 37.9965 18
      vertex 65.1762 38.0499 18
    endloop
  endfacet
  facet normal -0.382478 0.923964 0
    outer loop
      vertex 65.0472 37.9965 18
      vertex 65.1762 38.0499 0
      vertex 65.0472 37.9965 0
    endloop
  endfacet
  facet normal -0.608221 0.793768 0
    outer loop
      vertex 65.5285 38.2743 0
      vertex 65.4177 38.1894 18
      vertex 65.5285 38.2743 18
    endloop
  endfacet
  facet normal -0.608221 0.793768 0
    outer loop
      vertex 65.4177 38.1894 18
      vertex 65.5285 38.2743 0
      vertex 65.4177 38.1894 0
    endloop
  endfacet
  facet normal -0.737243 0.675627 0
    outer loop
      vertex 65.6314 38.3686 0
      vertex 65.7257 38.4715 18
      vertex 65.7257 38.4715 0
    endloop
  endfacet
  facet normal -0.737243 0.675627 0
    outer loop
      vertex 65.7257 38.4715 18
      vertex 65.6314 38.3686 0
      vertex 65.6314 38.3686 18
    endloop
  endfacet
  facet normal -0.537385 0.843337 0
    outer loop
      vertex 65.4177 38.1894 0
      vertex 65.3 38.1144 18
      vertex 65.4177 38.1894 18
    endloop
  endfacet
  facet normal -0.537385 0.843337 0
    outer loop
      vertex 65.3 38.1144 18
      vertex 65.4177 38.1894 0
      vertex 65.3 38.1144 0
    endloop
  endfacet
  facet normal 0.130473 0.991452 -0
    outer loop
      vertex 64.3605 37.9061 0
      vertex 64.2222 37.9243 18
      vertex 64.3605 37.9061 18
    endloop
  endfacet
  facet normal 0.130473 0.991452 0
    outer loop
      vertex 64.2222 37.9243 18
      vertex 64.3605 37.9061 0
      vertex 64.2222 37.9243 0
    endloop
  endfacet
  facet normal 0.537385 0.843337 -0
    outer loop
      vertex 63.7 38.1144 0
      vertex 63.5823 38.1894 18
      vertex 63.7 38.1144 18
    endloop
  endfacet
  facet normal 0.537385 0.843337 0
    outer loop
      vertex 63.5823 38.1894 18
      vertex 63.7 38.1144 0
      vertex 63.5823 38.1894 0
    endloop
  endfacet
  facet normal 0.923964 0.382478 0
    outer loop
      vertex 63.0499 38.8238 18
      vertex 62.9965 38.9528 0
      vertex 62.9965 38.9528 18
    endloop
  endfacet
  facet normal 0.923964 0.382478 0
    outer loop
      vertex 62.9965 38.9528 0
      vertex 63.0499 38.8238 18
      vertex 63.0499 38.8238 0
    endloop
  endfacet
  facet normal 0.843337 0.537385 0
    outer loop
      vertex 63.1894 38.5823 18
      vertex 63.1144 38.7 0
      vertex 63.1144 38.7 18
    endloop
  endfacet
  facet normal 0.843337 0.537385 0
    outer loop
      vertex 63.1144 38.7 0
      vertex 63.1894 38.5823 18
      vertex 63.1894 38.5823 0
    endloop
  endfacet
  facet normal 0.675627 0.737243 -0
    outer loop
      vertex 63.4715 38.2743 0
      vertex 63.3686 38.3686 18
      vertex 63.4715 38.2743 18
    endloop
  endfacet
  facet normal 0.675627 0.737243 0
    outer loop
      vertex 63.3686 38.3686 18
      vertex 63.4715 38.2743 0
      vertex 63.3686 38.3686 0
    endloop
  endfacet
  facet normal 0.793768 0.608221 0
    outer loop
      vertex 63.2743 38.4715 18
      vertex 63.1894 38.5823 0
      vertex 63.1894 38.5823 18
    endloop
  endfacet
  facet normal 0.793768 0.608221 0
    outer loop
      vertex 63.1894 38.5823 0
      vertex 63.2743 38.4715 18
      vertex 63.2743 38.4715 0
    endloop
  endfacet
  facet normal -0.923964 0.382478 0
    outer loop
      vertex 65.9501 38.8238 0
      vertex 66.0035 38.9528 18
      vertex 66.0035 38.9528 0
    endloop
  endfacet
  facet normal -0.923964 0.382478 0
    outer loop
      vertex 66.0035 38.9528 18
      vertex 65.9501 38.8238 0
      vertex 65.9501 38.8238 18
    endloop
  endfacet
  facet normal -0.675627 0.737243 0
    outer loop
      vertex 65.6314 38.3686 0
      vertex 65.5285 38.2743 18
      vertex 65.6314 38.3686 18
    endloop
  endfacet
  facet normal -0.675627 0.737243 0
    outer loop
      vertex 65.5285 38.2743 18
      vertex 65.6314 38.3686 0
      vertex 65.5285 38.2743 0
    endloop
  endfacet
  facet normal 0.737243 0.675627 0
    outer loop
      vertex 63.3686 38.3686 18
      vertex 63.2743 38.4715 0
      vertex 63.2743 38.4715 18
    endloop
  endfacet
  facet normal 0.737243 0.675627 0
    outer loop
      vertex 63.2743 38.4715 0
      vertex 63.3686 38.3686 18
      vertex 63.3686 38.3686 0
    endloop
  endfacet
  facet normal -0.886853 0.462052 0
    outer loop
      vertex 65.8856 38.7 0
      vertex 65.9501 38.8238 18
      vertex 65.9501 38.8238 0
    endloop
  endfacet
  facet normal -0.886853 0.462052 0
    outer loop
      vertex 65.9501 38.8238 18
      vertex 65.8856 38.7 0
      vertex 65.8856 38.7 18
    endloop
  endfacet
  facet normal 1 -0 0
    outer loop
      vertex -45 0 18
      vertex -45 62.5 0
      vertex -45 62.5 18
    endloop
  endfacet
  facet normal 1 0 0
    outer loop
      vertex -45 62.5 0
      vertex -45 0 18
      vertex -45 0 0
    endloop
  endfacet
  facet normal -1 0 0
    outer loop
      vertex -33 0 0
      vertex -33 62.5 18
      vertex -33 62.5 0
    endloop
  endfacet
  facet normal -1 -0 0
    outer loop
      vertex -33 62.5 18
      vertex -33 0 0
      vertex -33 0 18
    endloop
  endfacet
  facet normal 0 1 -0
    outer loop
      vertex -33 0 0
      vertex -45 0 18
      vertex -33 0 18
    endloop
  endfacet
  facet normal 0 1 0
    outer loop
      vertex -45 0 18
      vertex -33 0 0
      vertex -45 0 0
    endloop
  endfacet
  facet normal 1 0 0
    outer loop
      vertex -15 62.5 18
      vertex -15 59.5 15
      vertex -15 62.5 15
    endloop
  endfacet
  facet normal 1 0 0
    outer loop
      vertex -15 59.5 15
      vertex -15 0 18
      vertex -15 59.5 5
    endloop
  endfacet
  facet normal 1 -0 0
    outer loop
      vertex -15 0 18
      vertex -15 59.5 15
      vertex -15 62.5 18
    endloop
  endfacet
  facet normal 1 -0 0
    outer loop
      vertex -15 59.5 5
      vertex -15 62.5 0
      vertex -15 62.5 5
    endloop
  endfacet
  facet normal 1 0 0
    outer loop
      vertex -15 0 0
      vertex -15 59.5 5
      vertex -15 0 18
    endloop
  endfacet
  facet normal 1 0 0
    outer loop
      vertex -15 59.5 5
      vertex -15 0 0
      vertex -15 62.5 0
    endloop
  endfacet
  facet normal -1 0 0
    outer loop
      vertex -3 62.5 0
      vertex -3 59.5 5
      vertex -3 62.5 5
    endloop
  endfacet
  facet normal -1 0 0
    outer loop
      vertex -3 0 18
      vertex -3 59.5 5
      vertex -3 0 0
    endloop
  endfacet
  facet normal -1 0 0
    outer loop
      vertex -3 0 0
      vertex -3 59.5 5
      vertex -3 62.5 0
    endloop
  endfacet
  facet normal -1 0 0
    outer loop
      vertex -3 59.5 15
      vertex -3 62.5 18
      vertex -3 62.5 15
    endloop
  endfacet
  facet normal -1 0 0
    outer loop
      vertex -3 59.5 5
      vertex -3 0 18
      vertex -3 59.5 15
    endloop
  endfacet
  facet normal -1 0 0
    outer loop
      vertex -3 59.5 15
      vertex -3 0 18
      vertex -3 62.5 18
    endloop
  endfacet
  facet normal 0 1 -0
    outer loop
      vertex -3 0 0
      vertex -15 0 18
      vertex -3 0 18
    endloop
  endfacet
  facet normal 0 1 0
    outer loop
      vertex -15 0 18
      vertex -3 0 0
      vertex -15 0 0
    endloop
  endfacet
  facet normal 1 0 0
    outer loop
      vertex 15 62.5 18
      vertex 15 59.5 15
      vertex 15 62.5 15
    endloop
  endfacet
  facet normal 1 0 0
    outer loop
      vertex 15 59.5 15
      vertex 15 0 18
      vertex 15 59.5 5
    endloop
  endfacet
  facet normal 1 -0 0
    outer loop
      vertex 15 0 18
      vertex 15 59.5 15
      vertex 15 62.5 18
    endloop
  endfacet
  facet normal 1 -0 0
    outer loop
      vertex 15 59.5 5
      vertex 15 62.5 0
      vertex 15 62.5 5
    endloop
  endfacet
  facet normal 1 0 0
    outer loop
      vertex 15 0 0
      vertex 15 59.5 5
      vertex 15 0 18
    endloop
  endfacet
  facet normal 1 0 0
    outer loop
      vertex 15 59.5 5
      vertex 15 0 0
      vertex 15 62.5 0
    endloop
  endfacet
  facet normal -1 0 0
    outer loop
      vertex 27 0 0
      vertex 27 62.5 18
      vertex 27 62.5 0
    endloop
  endfacet
  facet normal -1 -0 0
    outer loop
      vertex 27 62.5 18
      vertex 27 0 0
      vertex 27 0 18
    endloop
  endfacet
  facet normal 0 1 -0
    outer loop
      vertex 27 0 0
      vertex 15 0 18
      vertex 27 0 18
    endloop
  endfacet
  facet normal 0 1 0
    outer loop
      vertex 15 0 18
      vertex 27 0 0
      vertex 15 0 0
    endloop
  endfacet
  facet normal 1 -0 0
    outer loop
      vertex 45 0 18
      vertex 45 62.5 0
      vertex 45 62.5 18
    endloop
  endfacet
  facet normal 1 0 0
    outer loop
      vertex 45 62.5 0
      vertex 45 0 18
      vertex 45 0 0
    endloop
  endfacet
  facet normal 0 0 -1
    outer loop
      vertex 53.4 36 20
      vertex 56 36 20
      vertex 55.9848 35.6514 20
    endloop
  endfacet
  facet normal 0 0 -1
    outer loop
      vertex 53.3947 35.878 20
      vertex 55.9848 35.6514 20
      vertex 55.9392 35.3054 20
    endloop
  endfacet
  facet normal 0 0 -1
    outer loop
      vertex 56 36 20
      vertex 53.4 36 20
      vertex 55.9848 36.3486 20
    endloop
  endfacet
  facet normal 0 0 -1
    outer loop
      vertex 53.3787 35.7569 20
      vertex 55.9392 35.3054 20
      vertex 55.8637 34.9647 20
    endloop
  endfacet
  facet normal 0 0 -1
    outer loop
      vertex 53.3947 36.122 20
      vertex 55.9848 36.3486 20
      vertex 53.4 36 20
    endloop
  endfacet
  facet normal 0 0 -1
    outer loop
      vertex 53.3523 35.6377 20
      vertex 55.8637 34.9647 20
      vertex 55.7588 34.6319 20
    endloop
  endfacet
  facet normal -0 0 -1
    outer loop
      vertex 55.9848 36.3486 20
      vertex 53.3947 36.122 20
      vertex 55.9392 36.6946 20
    endloop
  endfacet
  facet normal 0 0 -1
    outer loop
      vertex 53.3156 35.5212 20
      vertex 55.7588 34.6319 20
      vertex 55.6252 34.3095 20
    endloop
  endfacet
  facet normal 0 0 -1
    outer loop
      vertex 53.3787 36.2431 20
      vertex 55.9392 36.6946 20
      vertex 53.3947 36.122 20
    endloop
  endfacet
  facet normal 0 0 -1
    outer loop
      vertex 53.2688 35.4083 20
      vertex 55.6252 34.3095 20
      vertex 55.4641 34 20
    endloop
  endfacet
  facet normal -0 0 -1
    outer loop
      vertex 55.9392 36.6946 20
      vertex 53.3787 36.2431 20
      vertex 55.8637 37.0353 20
    endloop
  endfacet
  facet normal 0 0 -1
    outer loop
      vertex 53.2124 35.3 20
      vertex 55.4641 34 20
      vertex 55.2766 33.7057 20
    endloop
  endfacet
  facet normal 0 0 -1
    outer loop
      vertex 53.3523 36.3623 20
      vertex 55.8637 37.0353 20
      vertex 53.3787 36.2431 20
    endloop
  endfacet
  facet normal 0 0 -1
    outer loop
      vertex 53.1468 35.197 20
      vertex 55.2766 33.7057 20
      vertex 55.0642 33.4288 20
    endloop
  endfacet
  facet normal -0 0 -1
    outer loop
      vertex 55.8637 37.0353 20
      vertex 53.3523 36.3623 20
      vertex 55.7588 37.3681 20
    endloop
  endfacet
  facet normal 0 0 -1
    outer loop
      vertex 53.0725 35.1001 20
      vertex 55.0642 33.4288 20
      vertex 54.8284 33.1716 20
    endloop
  endfacet
  facet normal 0 0 -1
    outer loop
      vertex 53.3156 36.4788 20
      vertex 55.7588 37.3681 20
      vertex 53.3523 36.3623 20
    endloop
  endfacet
  facet normal 0 0 -1
    outer loop
      vertex 52.9899 35.01 20
      vertex 54.8284 33.1716 20
      vertex 54.5712 32.9358 20
    endloop
  endfacet
  facet normal -0 0 -1
    outer loop
      vertex 55.7588 37.3681 20
      vertex 53.3156 36.4788 20
      vertex 55.6252 37.6905 20
    endloop
  endfacet
  facet normal 0 0 -1
    outer loop
      vertex 52.8999 34.9275 20
      vertex 54.5712 32.9358 20
      vertex 54.2943 32.7234 20
    endloop
  endfacet
  facet normal 0 0 -1
    outer loop
      vertex 53.2688 36.5917 20
      vertex 55.6252 37.6905 20
      vertex 53.3156 36.4788 20
    endloop
  endfacet
  facet normal 0 0 -1
    outer loop
      vertex 52.803 34.8532 20
      vertex 54.2943 32.7234 20
      vertex 54 32.5359 20
    endloop
  endfacet
  facet normal -0 0 -1
    outer loop
      vertex 55.6252 37.6905 20
      vertex 53.2688 36.5917 20
      vertex 55.4641 38 20
    endloop
  endfacet
  facet normal 0 0 -1
    outer loop
      vertex 52.7 34.7876 20
      vertex 54 32.5359 20
      vertex 53.6905 32.3748 20
    endloop
  endfacet
  facet normal 0 0 -1
    outer loop
      vertex 53.2124 36.7 20
      vertex 55.4641 38 20
      vertex 53.2688 36.5917 20
    endloop
  endfacet
  facet normal -0 0 -1
    outer loop
      vertex 55.4641 38 20
      vertex 53.2124 36.7 20
      vertex 55.2766 38.2943 20
    endloop
  endfacet
  facet normal 0 0 -1
    outer loop
      vertex 55.9848 35.6514 20
      vertex 53.3947 35.878 20
      vertex 53.4 36 20
    endloop
  endfacet
  facet normal 0 0 -1
    outer loop
      vertex 55.9392 35.3054 20
      vertex 53.3787 35.7569 20
      vertex 53.3947 35.878 20
    endloop
  endfacet
  facet normal 0 0 -1
    outer loop
      vertex 52.5917 34.7312 20
      vertex 53.6905 32.3748 20
      vertex 53.3681 32.2412 20
    endloop
  endfacet
  facet normal 0 0 -1
    outer loop
      vertex 55.8637 34.9647 20
      vertex 53.3523 35.6377 20
      vertex 53.3787 35.7569 20
    endloop
  endfacet
  facet normal 0 0 -1
    outer loop
      vertex 55.7588 34.6319 20
      vertex 53.3156 35.5212 20
      vertex 53.3523 35.6377 20
    endloop
  endfacet
  facet normal 0 0 -1
    outer loop
      vertex 55.6252 34.3095 20
      vertex 53.2688 35.4083 20
      vertex 53.3156 35.5212 20
    endloop
  endfacet
  facet normal 0 0 -1
    outer loop
      vertex 55.4641 34 20
      vertex 53.2124 35.3 20
      vertex 53.2688 35.4083 20
    endloop
  endfacet
  facet normal 0 0 -1
    outer loop
      vertex 55.2766 33.7057 20
      vertex 53.1468 35.197 20
      vertex 53.2124 35.3 20
    endloop
  endfacet
  facet normal 0 0 -1
    outer loop
      vertex 55.0642 33.4288 20
      vertex 53.0725 35.1001 20
      vertex 53.1468 35.197 20
    endloop
  endfacet
  facet normal 0 0 -1
    outer loop
      vertex 52.4788 34.6844 20
      vertex 53.3681 32.2412 20
      vertex 53.0353 32.1363 20
    endloop
  endfacet
  facet normal 0 0 -1
    outer loop
      vertex 54.8284 33.1716 20
      vertex 52.9899 35.01 20
      vertex 53.0725 35.1001 20
    endloop
  endfacet
  facet normal 0 0 -1
    outer loop
      vertex 54.5712 32.9358 20
      vertex 52.8999 34.9275 20
      vertex 52.9899 35.01 20
    endloop
  endfacet
  facet normal 0 0 -1
    outer loop
      vertex 54.2943 32.7234 20
      vertex 52.803 34.8532 20
      vertex 52.8999 34.9275 20
    endloop
  endfacet
  facet normal 0 0 -1
    outer loop
      vertex 54 32.5359 20
      vertex 52.7 34.7876 20
      vertex 52.803 34.8532 20
    endloop
  endfacet
  facet normal 0 0 -1
    outer loop
      vertex 52.3623 34.6477 20
      vertex 53.0353 32.1363 20
      vertex 52.6946 32.0608 20
    endloop
  endfacet
  facet normal 0 0 -1
    outer loop
      vertex 53.6905 32.3748 20
      vertex 52.5917 34.7312 20
      vertex 52.7 34.7876 20
    endloop
  endfacet
  facet normal 0 0 -1
    outer loop
      vertex 53.3681 32.2412 20
      vertex 52.4788 34.6844 20
      vertex 52.5917 34.7312 20
    endloop
  endfacet
  facet normal 0 0 -1
    outer loop
      vertex 53.0353 32.1363 20
      vertex 52.3623 34.6477 20
      vertex 52.4788 34.6844 20
    endloop
  endfacet
  facet normal 0 0 -1
    outer loop
      vertex 52.2431 34.6213 20
      vertex 52.6946 32.0608 20
      vertex 52.3486 32.0152 20
    endloop
  endfacet
  facet normal 0 0 -1
    outer loop
      vertex 52.6946 32.0608 20
      vertex 52.2431 34.6213 20
      vertex 52.3623 34.6477 20
    endloop
  endfacet
  facet normal 0 0 -1
    outer loop
      vertex 52.3486 32.0152 20
      vertex 52.122 34.6053 20
      vertex 52.2431 34.6213 20
    endloop
  endfacet
  facet normal 0 0 -1
    outer loop
      vertex 52 32 20
      vertex 52.122 34.6053 20
      vertex 52.3486 32.0152 20
    endloop
  endfacet
  facet normal 0 0 -1
    outer loop
      vertex 52 32 20
      vertex 52 34.6 20
      vertex 52.122 34.6053 20
    endloop
  endfacet
  facet normal 0 0 -1
    outer loop
      vertex 52 32 20
      vertex 51.878 34.6053 20
      vertex 52 34.6 20
    endloop
  endfacet
  facet normal 0 0 -1
    outer loop
      vertex 51.6514 32.0152 20
      vertex 51.878 34.6053 20
      vertex 52 32 20
    endloop
  endfacet
  facet normal -0 0 -1
    outer loop
      vertex 51.878 34.6053 20
      vertex 51.6514 32.0152 20
      vertex 51.7569 34.6213 20
    endloop
  endfacet
  facet normal 0 0 -1
    outer loop
      vertex 51.3054 32.0608 20
      vertex 51.7569 34.6213 20
      vertex 51.6514 32.0152 20
    endloop
  endfacet
  facet normal -0 0 -1
    outer loop
      vertex 51.7569 34.6213 20
      vertex 51.3054 32.0608 20
      vertex 51.6377 34.6477 20
    endloop
  endfacet
  facet normal 0 0 -1
    outer loop
      vertex 50.9647 32.1363 20
      vertex 51.6377 34.6477 20
      vertex 51.3054 32.0608 20
    endloop
  endfacet
  facet normal -0 0 -1
    outer loop
      vertex 51.6377 34.6477 20
      vertex 50.9647 32.1363 20
      vertex 51.5212 34.6844 20
    endloop
  endfacet
  facet normal 0 0 -1
    outer loop
      vertex 50.6319 32.2412 20
      vertex 51.5212 34.6844 20
      vertex 50.9647 32.1363 20
    endloop
  endfacet
  facet normal -0 0 -1
    outer loop
      vertex 51.5212 34.6844 20
      vertex 50.6319 32.2412 20
      vertex 51.4083 34.7312 20
    endloop
  endfacet
  facet normal 0 0 -1
    outer loop
      vertex 50.3095 32.3748 20
      vertex 51.4083 34.7312 20
      vertex 50.6319 32.2412 20
    endloop
  endfacet
  facet normal -0 0 -1
    outer loop
      vertex 51.4083 34.7312 20
      vertex 50.3095 32.3748 20
      vertex 51.3 34.7876 20
    endloop
  endfacet
  facet normal 0 0 -1
    outer loop
      vertex 50 32.5359 20
      vertex 51.3 34.7876 20
      vertex 50.3095 32.3748 20
    endloop
  endfacet
  facet normal -0 0 -1
    outer loop
      vertex 51.3 34.7876 20
      vertex 50 32.5359 20
      vertex 51.197 34.8532 20
    endloop
  endfacet
  facet normal 0 0 -1
    outer loop
      vertex 49.7057 32.7234 20
      vertex 51.197 34.8532 20
      vertex 50 32.5359 20
    endloop
  endfacet
  facet normal -0 0 -1
    outer loop
      vertex 51.197 34.8532 20
      vertex 49.7057 32.7234 20
      vertex 51.1001 34.9275 20
    endloop
  endfacet
  facet normal 0 0 -1
    outer loop
      vertex 49.4288 32.9358 20
      vertex 51.1001 34.9275 20
      vertex 49.7057 32.7234 20
    endloop
  endfacet
  facet normal -0 0 -1
    outer loop
      vertex 51.1001 34.9275 20
      vertex 49.4288 32.9358 20
      vertex 51.01 35.01 20
    endloop
  endfacet
  facet normal 0 0 -1
    outer loop
      vertex 49.1716 33.1716 20
      vertex 51.01 35.01 20
      vertex 49.4288 32.9358 20
    endloop
  endfacet
  facet normal -0 0 -1
    outer loop
      vertex 51.01 35.01 20
      vertex 49.1716 33.1716 20
      vertex 50.9275 35.1001 20
    endloop
  endfacet
  facet normal 0 0 -1
    outer loop
      vertex 48.9358 33.4288 20
      vertex 50.9275 35.1001 20
      vertex 49.1716 33.1716 20
    endloop
  endfacet
  facet normal -0 0 -1
    outer loop
      vertex 50.9275 35.1001 20
      vertex 48.9358 33.4288 20
      vertex 50.8532 35.197 20
    endloop
  endfacet
  facet normal 0 0 -1
    outer loop
      vertex 48.7234 33.7057 20
      vertex 50.8532 35.197 20
      vertex 48.9358 33.4288 20
    endloop
  endfacet
  facet normal -0 0 -1
    outer loop
      vertex 50.8532 35.197 20
      vertex 48.7234 33.7057 20
      vertex 50.7876 35.3 20
    endloop
  endfacet
  facet normal 0 0 -1
    outer loop
      vertex 53.1468 36.803 20
      vertex 55.2766 38.2943 20
      vertex 53.2124 36.7 20
    endloop
  endfacet
  facet normal -0 0 -1
    outer loop
      vertex 55.2766 38.2943 20
      vertex 53.1468 36.803 20
      vertex 55.0642 38.5712 20
    endloop
  endfacet
  facet normal 0 0 -1
    outer loop
      vertex 53.0725 36.8999 20
      vertex 55.0642 38.5712 20
      vertex 53.1468 36.803 20
    endloop
  endfacet
  facet normal -0 0 -1
    outer loop
      vertex 55.0642 38.5712 20
      vertex 53.0725 36.8999 20
      vertex 54.8284 38.8284 20
    endloop
  endfacet
  facet normal 0 0 -1
    outer loop
      vertex 52.9899 36.9899 20
      vertex 54.8284 38.8284 20
      vertex 53.0725 36.8999 20
    endloop
  endfacet
  facet normal -0 0 -1
    outer loop
      vertex 54.8284 38.8284 20
      vertex 52.9899 36.9899 20
      vertex 54.5712 39.0642 20
    endloop
  endfacet
  facet normal 0 0 -1
    outer loop
      vertex 52.8999 37.0725 20
      vertex 54.5712 39.0642 20
      vertex 52.9899 36.9899 20
    endloop
  endfacet
  facet normal -0 0 -1
    outer loop
      vertex 54.5712 39.0642 20
      vertex 52.8999 37.0725 20
      vertex 54.2943 39.2766 20
    endloop
  endfacet
  facet normal 0 0 -1
    outer loop
      vertex 52.803 37.1468 20
      vertex 54.2943 39.2766 20
      vertex 52.8999 37.0725 20
    endloop
  endfacet
  facet normal -0 0 -1
    outer loop
      vertex 54.2943 39.2766 20
      vertex 52.803 37.1468 20
      vertex 54 39.4641 20
    endloop
  endfacet
  facet normal 0 0 -1
    outer loop
      vertex 52.7 37.2124 20
      vertex 54 39.4641 20
      vertex 52.803 37.1468 20
    endloop
  endfacet
  facet normal -0 0 -1
    outer loop
      vertex 54 39.4641 20
      vertex 52.7 37.2124 20
      vertex 53.6905 39.6252 20
    endloop
  endfacet
  facet normal 0 0 -1
    outer loop
      vertex 52.5917 37.2688 20
      vertex 53.6905 39.6252 20
      vertex 52.7 37.2124 20
    endloop
  endfacet
  facet normal -0 0 -1
    outer loop
      vertex 53.6905 39.6252 20
      vertex 52.5917 37.2688 20
      vertex 53.3681 39.7588 20
    endloop
  endfacet
  facet normal 0 0 -1
    outer loop
      vertex 52.4788 37.3156 20
      vertex 53.3681 39.7588 20
      vertex 52.5917 37.2688 20
    endloop
  endfacet
  facet normal -0 0 -1
    outer loop
      vertex 53.3681 39.7588 20
      vertex 52.4788 37.3156 20
      vertex 53.0353 39.8637 20
    endloop
  endfacet
  facet normal 0 0 -1
    outer loop
      vertex 52.3623 37.3523 20
      vertex 53.0353 39.8637 20
      vertex 52.4788 37.3156 20
    endloop
  endfacet
  facet normal -0 0 -1
    outer loop
      vertex 53.0353 39.8637 20
      vertex 52.3623 37.3523 20
      vertex 52.6946 39.9392 20
    endloop
  endfacet
  facet normal 0 0 -1
    outer loop
      vertex 52.2431 37.3787 20
      vertex 52.6946 39.9392 20
      vertex 52.3623 37.3523 20
    endloop
  endfacet
  facet normal -0 0 -1
    outer loop
      vertex 52.6946 39.9392 20
      vertex 52.2431 37.3787 20
      vertex 52.3486 39.9848 20
    endloop
  endfacet
  facet normal 0 0 -1
    outer loop
      vertex 52.122 37.3947 20
      vertex 52.3486 39.9848 20
      vertex 52.2431 37.3787 20
    endloop
  endfacet
  facet normal 0 0 -1
    outer loop
      vertex 52 37.4 20
      vertex 52.3486 39.9848 20
      vertex 52.122 37.3947 20
    endloop
  endfacet
  facet normal 0 0 -1
    outer loop
      vertex 52 37.4 20
      vertex 52 40 20
      vertex 52.3486 39.9848 20
    endloop
  endfacet
  facet normal 0 0 -1
    outer loop
      vertex 51.878 37.3947 20
      vertex 52 40 20
      vertex 52 37.4 20
    endloop
  endfacet
  facet normal 0 0 -1
    outer loop
      vertex 51.6514 39.9848 20
      vertex 51.878 37.3947 20
      vertex 51.7569 37.3787 20
    endloop
  endfacet
  facet normal 0 0 -1
    outer loop
      vertex 51.878 37.3947 20
      vertex 51.6514 39.9848 20
      vertex 52 40 20
    endloop
  endfacet
  facet normal 0 0 -1
    outer loop
      vertex 51.3054 39.9392 20
      vertex 51.7569 37.3787 20
      vertex 51.6377 37.3523 20
    endloop
  endfacet
  facet normal 0 0 -1
    outer loop
      vertex 50.9647 39.8637 20
      vertex 51.6377 37.3523 20
      vertex 51.5212 37.3156 20
    endloop
  endfacet
  facet normal 0 0 -1
    outer loop
      vertex 50.6319 39.7588 20
      vertex 51.5212 37.3156 20
      vertex 51.4083 37.2688 20
    endloop
  endfacet
  facet normal 0 0 -1
    outer loop
      vertex 51.7569 37.3787 20
      vertex 51.3054 39.9392 20
      vertex 51.6514 39.9848 20
    endloop
  endfacet
  facet normal 0 0 -1
    outer loop
      vertex 50.3095 39.6252 20
      vertex 51.4083 37.2688 20
      vertex 51.3 37.2124 20
    endloop
  endfacet
  facet normal 0 0 -1
    outer loop
      vertex 50 39.4641 20
      vertex 51.3 37.2124 20
      vertex 51.197 37.1468 20
    endloop
  endfacet
  facet normal 0 0 -1
    outer loop
      vertex 49.7057 39.2766 20
      vertex 51.197 37.1468 20
      vertex 51.1001 37.0725 20
    endloop
  endfacet
  facet normal 0 0 -1
    outer loop
      vertex 49.4288 39.0642 20
      vertex 51.1001 37.0725 20
      vertex 51.01 36.9899 20
    endloop
  endfacet
  facet normal 0 0 -1
    outer loop
      vertex 51.6377 37.3523 20
      vertex 50.9647 39.8637 20
      vertex 51.3054 39.9392 20
    endloop
  endfacet
  facet normal 0 0 -1
    outer loop
      vertex 49.1716 38.8284 20
      vertex 51.01 36.9899 20
      vertex 50.9275 36.8999 20
    endloop
  endfacet
  facet normal 0 0 -1
    outer loop
      vertex 48.9358 38.5712 20
      vertex 50.9275 36.8999 20
      vertex 50.8532 36.803 20
    endloop
  endfacet
  facet normal 0 0 -1
    outer loop
      vertex 48.7234 38.2943 20
      vertex 50.8532 36.803 20
      vertex 50.7876 36.7 20
    endloop
  endfacet
  facet normal 0 0 -1
    outer loop
      vertex 48.5359 38 20
      vertex 50.7876 36.7 20
      vertex 50.7312 36.5917 20
    endloop
  endfacet
  facet normal 0 0 -1
    outer loop
      vertex 48.3748 37.6905 20
      vertex 50.7312 36.5917 20
      vertex 50.6844 36.4788 20
    endloop
  endfacet
  facet normal 0 0 -1
    outer loop
      vertex 48.2412 37.3681 20
      vertex 50.6844 36.4788 20
      vertex 50.6477 36.3623 20
    endloop
  endfacet
  facet normal 0 0 -1
    outer loop
      vertex 51.5212 37.3156 20
      vertex 50.6319 39.7588 20
      vertex 50.9647 39.8637 20
    endloop
  endfacet
  facet normal 0 0 -1
    outer loop
      vertex 48.1363 37.0353 20
      vertex 50.6477 36.3623 20
      vertex 50.6213 36.2431 20
    endloop
  endfacet
  facet normal 0 0 -1
    outer loop
      vertex 48.0608 36.6946 20
      vertex 50.6213 36.2431 20
      vertex 50.6053 36.122 20
    endloop
  endfacet
  facet normal 0 0 -1
    outer loop
      vertex 48.0152 36.3486 20
      vertex 50.6053 36.122 20
      vertex 50.6 36 20
    endloop
  endfacet
  facet normal 0 0 -1
    outer loop
      vertex 48.5359 34 20
      vertex 50.7876 35.3 20
      vertex 48.7234 33.7057 20
    endloop
  endfacet
  facet normal 0 0 -1
    outer loop
      vertex 51.4083 37.2688 20
      vertex 50.3095 39.6252 20
      vertex 50.6319 39.7588 20
    endloop
  endfacet
  facet normal -0 0 -1
    outer loop
      vertex 50.7876 35.3 20
      vertex 48.5359 34 20
      vertex 50.7312 35.4083 20
    endloop
  endfacet
  facet normal 0 0 -1
    outer loop
      vertex 51.3 37.2124 20
      vertex 50 39.4641 20
      vertex 50.3095 39.6252 20
    endloop
  endfacet
  facet normal 0 0 -1
    outer loop
      vertex 48.3748 34.3095 20
      vertex 50.7312 35.4083 20
      vertex 48.5359 34 20
    endloop
  endfacet
  facet normal 0 0 -1
    outer loop
      vertex 51.197 37.1468 20
      vertex 49.7057 39.2766 20
      vertex 50 39.4641 20
    endloop
  endfacet
  facet normal -0 0 -1
    outer loop
      vertex 50.7312 35.4083 20
      vertex 48.3748 34.3095 20
      vertex 50.6844 35.5212 20
    endloop
  endfacet
  facet normal 0 0 -1
    outer loop
      vertex 51.1001 37.0725 20
      vertex 49.4288 39.0642 20
      vertex 49.7057 39.2766 20
    endloop
  endfacet
  facet normal 0 0 -1
    outer loop
      vertex 48.2412 34.6319 20
      vertex 50.6844 35.5212 20
      vertex 48.3748 34.3095 20
    endloop
  endfacet
  facet normal 0 0 -1
    outer loop
      vertex 51.01 36.9899 20
      vertex 49.1716 38.8284 20
      vertex 49.4288 39.0642 20
    endloop
  endfacet
  facet normal -0 0 -1
    outer loop
      vertex 50.6844 35.5212 20
      vertex 48.2412 34.6319 20
      vertex 50.6477 35.6377 20
    endloop
  endfacet
  facet normal 0 0 -1
    outer loop
      vertex 50.9275 36.8999 20
      vertex 48.9358 38.5712 20
      vertex 49.1716 38.8284 20
    endloop
  endfacet
  facet normal 0 0 -1
    outer loop
      vertex 48.1363 34.9647 20
      vertex 50.6477 35.6377 20
      vertex 48.2412 34.6319 20
    endloop
  endfacet
  facet normal 0 0 -1
    outer loop
      vertex 50.8532 36.803 20
      vertex 48.7234 38.2943 20
      vertex 48.9358 38.5712 20
    endloop
  endfacet
  facet normal -0 0 -1
    outer loop
      vertex 50.6477 35.6377 20
      vertex 48.1363 34.9647 20
      vertex 50.6213 35.7569 20
    endloop
  endfacet
  facet normal 0 0 -1
    outer loop
      vertex 50.7876 36.7 20
      vertex 48.5359 38 20
      vertex 48.7234 38.2943 20
    endloop
  endfacet
  facet normal 0 0 -1
    outer loop
      vertex 48.0608 35.3054 20
      vertex 50.6213 35.7569 20
      vertex 48.1363 34.9647 20
    endloop
  endfacet
  facet normal 0 0 -1
    outer loop
      vertex 50.7312 36.5917 20
      vertex 48.3748 37.6905 20
      vertex 48.5359 38 20
    endloop
  endfacet
  facet normal -0 0 -1
    outer loop
      vertex 50.6213 35.7569 20
      vertex 48.0608 35.3054 20
      vertex 50.6053 35.878 20
    endloop
  endfacet
  facet normal 0 0 -1
    outer loop
      vertex 50.6844 36.4788 20
      vertex 48.2412 37.3681 20
      vertex 48.3748 37.6905 20
    endloop
  endfacet
  facet normal 0 0 -1
    outer loop
      vertex 48.0152 35.6514 20
      vertex 50.6053 35.878 20
      vertex 48.0608 35.3054 20
    endloop
  endfacet
  facet normal 0 0 -1
    outer loop
      vertex 50.6477 36.3623 20
      vertex 48.1363 37.0353 20
      vertex 48.2412 37.3681 20
    endloop
  endfacet
  facet normal -0 0 -1
    outer loop
      vertex 50.6053 35.878 20
      vertex 48.0152 35.6514 20
      vertex 50.6 36 20
    endloop
  endfacet
  facet normal 0 0 -1
    outer loop
      vertex 50.6213 36.2431 20
      vertex 48.0608 36.6946 20
      vertex 48.1363 37.0353 20
    endloop
  endfacet
  facet normal 0 0 -1
    outer loop
      vertex 48 36 20
      vertex 50.6 36 20
      vertex 48.0152 35.6514 20
    endloop
  endfacet
  facet normal 0 0 -1
    outer loop
      vertex 50.6053 36.122 20
      vertex 48.0152 36.3486 20
      vertex 48.0608 36.6946 20
    endloop
  endfacet
  facet normal 0 0 -1
    outer loop
      vertex 50.6 36 20
      vertex 48 36 20
      vertex 48.0152 36.3486 20
    endloop
  endfacet
  facet normal -1 0 0
    outer loop
      vertex 57 0 0
      vertex 57 62.5 18
      vertex 57 62.5 0
    endloop
  endfacet
  facet normal -1 -0 0
    outer loop
      vertex 57 62.5 18
      vertex 57 0 0
      vertex 57 0 18
    endloop
  endfacet
  facet normal 0 1 -0
    outer loop
      vertex 57 0 0
      vertex 45 0 18
      vertex 57 0 18
    endloop
  endfacet
  facet normal 0 1 0
    outer loop
      vertex 45 0 18
      vertex 57 0 0
      vertex 45 0 0
    endloop
  endfacet
  facet normal 1 -0 0
    outer loop
      vertex -18 59.5 15
      vertex -18 62.5 5
      vertex -18 62.5 15
    endloop
  endfacet
  facet normal 1 0 0
    outer loop
      vertex -18 62.5 5
      vertex -18 59.5 15
      vertex -18 59.5 5
    endloop
  endfacet
  facet normal 0 0 -1
    outer loop
      vertex -18 59.5 15
      vertex -15 62.5 15
      vertex -15 59.5 15
    endloop
  endfacet
  facet normal -0 0 -1
    outer loop
      vertex -15 62.5 15
      vertex -18 59.5 15
      vertex -18 62.5 15
    endloop
  endfacet
  facet normal 0 0 -1
    outer loop
      vertex -3 59.5 15
      vertex 15 62.5 15
      vertex 15 59.5 15
    endloop
  endfacet
  facet normal -0 0 -1
    outer loop
      vertex 15 62.5 15
      vertex -3 59.5 15
      vertex -3 62.5 15
    endloop
  endfacet
  facet normal -0 0 1
    outer loop
      vertex -18 62.5 5
      vertex -15 59.5 5
      vertex -15 62.5 5
    endloop
  endfacet
  facet normal 0 0 1
    outer loop
      vertex -15 59.5 5
      vertex -18 62.5 5
      vertex -18 59.5 5
    endloop
  endfacet
  facet normal -0 0 1
    outer loop
      vertex -3 62.5 5
      vertex 15 59.5 5
      vertex 15 62.5 5
    endloop
  endfacet
  facet normal 0 0 1
    outer loop
      vertex 15 59.5 5
      vertex -3 62.5 5
      vertex -3 59.5 5
    endloop
  endfacet
  facet normal 0 1 -0
    outer loop
      vertex -15 59.5 5
      vertex -18 59.5 15
      vertex -15 59.5 15
    endloop
  endfacet
  facet normal 0 1 0
    outer loop
      vertex -18 59.5 15
      vertex -15 59.5 5
      vertex -18 59.5 5
    endloop
  endfacet
  facet normal 0 1 -0
    outer loop
      vertex 15 59.5 5
      vertex -3 59.5 15
      vertex 15 59.5 15
    endloop
  endfacet
  facet normal 0 1 0
    outer loop
      vertex -3 59.5 15
      vertex 15 59.5 5
      vertex -3 59.5 5
    endloop
  endfacet
endsolid OpenSCAD_Model
